player,turn,p1_draws,p2_draws,hand,stop_prob,draw_prob,visits,forced
1,0,0,0,1-1-1-1,1.0,0.0,2,STOP
1,0,0,0,1-1-1-10,0.9174757281553398,0.0825242718446602,206,
1,0,0,0,1-1-1-2,1.0,0.0,68,STOP
1,0,0,0,1-1-1-3,1.0,0.0,56,STOP
1,0,0,0,1-1-1-4,0.5,0.5,56,
1,0,0,0,1-1-1-5,0.5,0.5,56,
1,0,0,0,1-1-1-6,0.5546875,0.4453125,64,
1,0,0,0,1-1-1-7,0.056451612903225805,0.9435483870967742,62,
1,0,0,0,1-1-1-8,0.5,0.5,74,
1,0,0,0,1-1-1-9,0.06481481481481481,0.9351851851851852,54,
1,0,0,0,1-1-10-10,0.00018712574850299402,0.999812874251497,2672,
1,0,0,0,1-1-2-10,0.0834580328919887,0.9165419671080113,1388,
1,0,0,0,1-1-2-2,0.5,0.5,118,
1,0,0,0,1-1-2-3,0.90625,0.09375,336,
1,0,0,0,1-1-2-4,0.5,0.5,320,
1,0,0,0,1-1-2-5,0.9424157303370787,0.05758426966292135,356,
1,0,0,0,1-1-2-6,0.6843575418994413,0.31564245810055863,358,
1,0,0,0,1-1-2-7,0.007183908045977011,0.992816091954023,348,
1,0,0,0,1-1-2-8,0.5789622808733885,0.4210377191266114,352,
1,0,0,0,1-1-2-9,0.2365771812080534,0.7634228187919467,298,
1,0,0,0,1-1-3-10,0.015940373459359888,0.9840596265406402,1464,
1,0,0,0,1-1-3-3,0.5,0.5,158,
1,0,0,0,1-1-3-4,0.9505347593582888,0.04946524064171123,374,
1,0,0,0,1-1-3-5,0.16377431460750907,0.836225685392491,374,
1,0,0,0,1-1-3-6,0.3709809601999495,0.6290190398000505,418,
1,0,0,0,1-1-3-7,0.42927265422631156,0.5707273457736884,336,
1,0,0,0,1-1-3-8,0.9860248447204969,0.013975155279503106,322,
1,0,0,0,1-1-3-9,0.1539833470394737,0.8460166529605263,380,
1,0,0,0,1-1-4-10,0.06277443856937076,0.9372255614306292,1398,
1,0,0,0,1-1-4-4,0.9423076923076923,0.057692307692307696,130,
1,0,0,0,1-1-4-5,0.9728571428571429,0.027142857142857142,350,
1,0,0,0,1-1-4-6,0.36622449970165,0.63377550029835,310,
1,0,0,0,1-1-4-7,0.31338574204494074,0.6866142579550593,404,
1,0,0,0,1-1-4-8,0.2947247573956627,0.7052752426043374,374,
1,0,0,0,1-1-4-9,0.8430687568668924,0.15693124313310755,340,
1,0,0,0,1-1-5-10,0.21044993558135325,0.7895500644186468,1370,
1,0,0,0,1-1-5-5,0.7850877192982456,0.2149122807017544,114,
1,0,0,0,1-1-5-6,0.20899217409748447,0.7910078259025155,376,
1,0,0,0,1-1-5-7,0.5607218102622704,0.43927818973772953,364,
1,0,0,0,1-1-5-8,0.8478932141390593,0.15210678586094076,324,
1,0,0,0,1-1-5-9,0.018173009696059526,0.9818269903039405,330,
1,0,0,0,1-1-6-10,0.005942334616218242,0.9940576653837817,1478,
1,0,0,0,1-1-6-6,0.49038259339497237,0.5096174066050277,126,
1,0,0,0,1-1-6-7,0.5819279913331226,0.4180720086668776,312,
1,0,0,0,1-1-6-8,0.37538102400669243,0.6246189759933075,334,
1,0,0,0,1-1-6-9,0.006067961165048544,0.9939320388349514,412,
1,0,0,0,1-1-7-10,0.0010901162790697674,0.9989098837209303,1376,
1,0,0,0,1-1-7-7,0.4001429792699299,0.5998570207300701,128,
1,0,0,0,1-1-7-8,0.1388351270899107,0.8611648729100893,400,
1,0,0,0,1-1-7-9,0.07950951014212719,0.9204904898578727,350,
1,0,0,0,1-1-8-10,0.01014735571099755,0.9898526442890024,1494,
1,0,0,0,1-1-8-8,0.2529095362959485,0.7470904637040514,134,
1,0,0,0,1-1-8-9,0.019560766607513685,0.9804392333924864,364,
1,0,0,0,1-1-9-10,0.00035612535612535614,0.9996438746438746,1404,
1,0,0,0,1-1-9-9,0.00390625,0.99609375,128,
1,0,0,0,1-10-10-10,0.0,1.0,8470,DRAW
1,0,0,0,1-2-10-10,0.0006699935310969413,0.9993300064689031,7214,
1,0,0,0,1-2-2-10,0.05085789480647169,0.9491421051935284,1422,
1,0,0,0,1-2-2-2,0.5,0.5,46,
1,0,0,0,1-2-2-3,0.36556420799919725,0.6344357920008028,336,
1,0,0,0,1-2-2-4,0.5,0.5,346,
1,0,0,0,1-2-2-5,0.9236526946107785,0.07634730538922156,334,
1,0,0,0,1-2-2-6,0.43941117021334825,0.5605888297866518,366,
1,0,0,0,1-2-2-7,0.7665459376584992,0.23345406234150065,344,
1,0,0,0,1-2-2-8,0.03219212803423158,0.9678078719657685,382,
1,0,0,0,1-2-2-9,0.05872252747252747,0.9412774725274725,364,
1,0,0,0,1-2-3-10,0.00243215565796211,0.9975678443420379,3906,
1,0,0,0,1-2-3-3,0.06627906976744186,0.9337209302325581,430,
1,0,0,0,1-2-3-4,0.9904279279279279,0.009572072072072071,888,
1,0,0,0,1-2-3-5,0.9942827442827443,0.005717255717255718,962,
1,0,0,0,1-2-3-6,0.9906387665198237,0.009361233480176211,908,
1,0,0,0,1-2-3-7,0.8259093143253593,0.17409068567464062,940,
1,0,0,0,1-2-3-8,0.7287984288248005,0.27120157117519955,838,
1,0,0,0,1-2-3-9,0.18387261081732406,0.8161273891826759,928,
1,0,0,0,1-2-4-10,0.0012711323396555304,0.9987288676603445,3886,
1,0,0,0,1-2-4-4,0.6666666666666666,0.3333333333333333,318,
1,0,0,0,1-2-4-5,0.9523060796645703,0.04769392033542977,954,
1,0,0,0,1-2-4-6,0.9962121212121212,0.003787878787878788,924,
1,0,0,0,1-2-4-7,0.4525781231858199,0.54742187681418,866,
1,0,0,0,1-2-4-8,0.5036655376821025,0.4963344623178974,912,
1,0,0,0,1-2-4-9,0.035331905781584565,0.9646680942184154,934,
1,0,0,0,1-2-5-10,0.0025020938565425517,0.9974979061434575,3734,
1,0,0,0,1-2-5-5,0.8988969393280065,0.10110306067199339,314,
1,0,0,0,1-2-5-6,0.9984375,0.0015625,960,
1,0,0,0,1-2-5-7,0.9952127659574468,0.0047872340425531915,940,
1,0,0,0,1-2-5-8,0.7047147525035478,0.2952852474964522,1000,
1,0,0,0,1-2-5-9,0.09935011301210037,0.9006498869878997,918,
1,0,0,0,1-2-6-10,0.00040496760259179265,0.9995950323974082,3704,
1,0,0,0,1-2-6-6,0.9519319963342615,0.04806800366573852,308,
1,0,0,0,1-2-6-7,0.7663143950293803,0.2336856049706198,1014,
1,0,0,0,1-2-6-8,0.0005330490405117271,0.9994669509594882,938,
1,0,0,0,1-2-6-9,0.14703891100991104,0.8529610889900889,984,
1,0,0,0,1-2-7-10,0.00012879958784131891,0.9998712004121587,3882,
1,0,0,0,1-2-7-7,0.47649492139706406,0.5235050786029359,356,
1,0,0,0,1-2-7-8,0.033871504997420046,0.96612849500258,940,
1,0,0,0,1-2-7-9,0.0005330490405117271,0.9994669509594882,938,
1,0,0,0,1-2-8-10,0.00013638843426077467,0.9998636115657392,3666,
1,0,0,0,1-2-8-8,0.044600075215731394,0.9553999247842685,358,
1,0,0,0,1-2-8-9,0.0026595744680851063,0.9973404255319149,940,
1,0,0,0,1-2-9-10,0.0025764556935307273,0.9974235443064693,3860,
1,0,0,0,1-2-9-9,0.006443298969072165,0.9935567010309279,388,
1,0,0,0,1-3-10-10,7.14694110920526e-05,0.999928530588908,6996,
1,0,0,0,1-3-3-10,0.0003419972640218878,0.9996580027359782,1462,
1,0,0,0,1-3-3-3,0.5,0.5,58,
1,0,0,0,1-3-3-4,0.45694742146392764,0.5430525785360723,348,
1,0,0,0,1-3-3-5,0.9193037974683544,0.08069620253164557,316,
1,0,0,0,1-3-3-6,0.7590610395416886,0.2409389604583114,390,
1,0,0,0,1-3-3-7,0.444566209038987,0.555433790961013,332,
1,0,0,0,1-3-3-8,0.9692038643692104,0.030796135630789735,352,
1,0,0,0,1-3-3-9,0.05816831683168317,0.9418316831683168,404,
1,0,0,0,1-3-4-10,0.000390015600624025,0.999609984399376,3846,
1,0,0,0,1-3-4-4,0.735207100591716,0.26479289940828404,338,
1,0,0,0,1-3-4-5,0.6630228912859288,0.3369771087140712,944,
1,0,0,0,1-3-4-6,0.9808488612836439,0.019151138716356108,966,
1,0,0,0,1-3-4-7,0.9436267781441232,0.05637322185587681,938,
1,0,0,0,1-3-4-8,0.09906333065097998,0.90093666934902,958,
1,0,0,0,1-3-4-9,0.0028473804100227792,0.9971526195899773,878,
1,0,0,0,1-3-5-10,0.00013248542660307367,0.999867514573397,3774,
1,0,0,0,1-3-5-5,0.6769180362186246,0.3230819637813754,332,
1,0,0,0,1-3-5-6,0.9784793814432989,0.02152061855670103,970,
1,0,0,0,1-3-5-7,0.8128314804249843,0.18716851957501565,932,
1,0,0,0,1-3-5-8,0.9239710174632784,0.07602898253672166,1010,
1,0,0,0,1-3-5-9,0.6882567202593961,0.31174327974060384,876,
1,0,0,0,1-3-6-10,0.0019300051466803908,0.9980699948533196,3886,
1,0,0,0,1-3-6-6,0.9909326424870466,0.009067357512953367,386,
1,0,0,0,1-3-6-7,0.7084267986070237,0.2915732013929763,944,
1,0,0,0,1-3-6-8,0.16278043008244442,0.8372195699175556,922,
1,0,0,0,1-3-6-9,0.05964381916403642,0.9403561808359636,1016,
1,0,0,0,1-3-7-10,0.00013469827586206896,0.9998653017241379,3712,
1,0,0,0,1-3-7-7,0.6170904998002124,0.3829095001997876,360,
1,0,0,0,1-3-7-8,0.008762886597938144,0.9912371134020619,970,
1,0,0,0,1-3-7-9,0.03779611155114409,0.962203888448856,960,
1,0,0,0,1-3-8-10,0.00013054830287206266,0.9998694516971279,3830,
1,0,0,0,1-3-8-8,0.05394135022315637,0.9460586497768436,314,
1,0,0,0,1-3-8-9,0.004415011037527594,0.9955849889624724,906,
1,0,0,0,1-3-9-10,0.00013653741125068268,0.9998634625887494,3662,
1,0,0,0,1-3-9-9,0.0015317105481039905,0.998468289451896,366,
1,0,0,0,1-4-10-10,0.0018268817296287492,0.9981731182703713,7102,
1,0,0,0,1-4-4-10,0.007305194805194799,0.9926948051948052,1496,
1,0,0,0,1-4-4-4,0.9910714285714286,0.008928571428571428,56,
1,0,0,0,1-4-4-5,0.9954819277108434,0.004518072289156626,332,
1,0,0,0,1-4-4-6,0.9910714285714286,0.008928571428571428,392,
1,0,0,0,1-4-4-7,0.9959893048128342,0.004010695187165776,374,
1,0,0,0,1-4-4-8,0.3280746283290258,0.6719253716709742,344,
1,0,0,0,1-4-4-9,0.419651860744174,0.5803481392558258,304,
1,0,0,0,1-4-5-10,0.0038204614650537844,0.9961795385349462,3744,
1,0,0,0,1-4-5-5,0.8951149425287356,0.10488505747126436,348,
1,0,0,0,1-4-5-6,0.9427700589428137,0.05722994105718634,956,
1,0,0,0,1-4-5-7,0.9507734638924449,0.049226536107555154,972,
1,0,0,0,1-4-5-8,0.9936172349072742,0.006382765092725823,976,
1,0,0,0,1-4-5-9,0.3528479341478539,0.6471520658521461,904,
1,0,0,0,1-4-6-10,0.0009704084665942224,0.9990295915334058,3652,
1,0,0,0,1-4-6-6,0.9986263736263736,0.0013736263736263737,364,
1,0,0,0,1-4-6-7,0.7975309124067983,0.2024690875932017,974,
1,0,0,0,1-4-6-8,0.9105223379573562,0.08947766204264385,964,
1,0,0,0,1-4-6-9,0.10551011790900905,0.894489882090991,948,
1,0,0,0,1-4-7-10,0.00013054830287206266,0.9998694516971279,3830,
1,0,0,0,1-4-7-7,0.5075981854793654,0.4924018145206346,370,
1,0,0,0,1-4-7-8,0.025026572799809615,0.9749734272001903,892,
1,0,0,0,1-4-7-9,0.042302547228308215,0.9576974527716918,956,
1,0,0,0,1-4-8-10,0.00013241525423728814,0.9998675847457628,3776,
1,0,0,0,1-4-8-8,0.001282051282051282,0.9987179487179487,390,
1,0,0,0,1-4-8-9,0.047337959717525066,0.9526620402824749,1010,
1,0,0,0,1-4-9-10,0.01561664482948803,0.984383355170512,3728,
1,0,0,0,1-4-9-9,0.004120879120879121,0.9958791208791209,364,
1,0,0,0,1-5-10-10,0.0,1.0,7012,DRAW
1,0,0,0,1-5-5-10,0.049117242695714596,0.9508827573042854,1434,
1,0,0,0,1-5-5-5,0.7265625,0.2734375,64,
1,0,0,0,1-5-5-6,0.9844913656329086,0.015508634367091304,390,
1,0,0,0,1-5-5-7,0.5553018235510537,0.4446981764489462,382,
1,0,0,0,1-5-5-8,0.624701550509544,0.3752984494904561,344,
1,0,0,0,1-5-5-9,0.0014970059880239522,0.9985029940119761,334,
1,0,0,0,1-5-6-10,0.00012939958592132506,0.9998706004140787,3864,
1,0,0,0,1-5-6-6,0.9184546751631885,0.0815453248368115,394,
1,0,0,0,1-5-6-7,0.811760585566101,0.18823941443389894,948,
1,0,0,0,1-5-6-8,0.9874649583386018,0.012535041661398216,922,
1,0,0,0,1-5-6-9,0.42388487411900083,0.5761151258809992,932,
1,0,0,0,1-5-7-10,0.0023408239700374533,0.9976591760299626,3738,
1,0,0,0,1-5-7-7,0.6113600391728271,0.38863996082717284,336,
1,0,0,0,1-5-7-8,0.06796924283377347,0.9320307571662265,852,
1,0,0,0,1-5-7-9,0.07700722821521575,0.9229927717847843,918,
1,0,0,0,1-5-8-10,0.0019197008732131044,0.9980802991267869,3814,
1,0,0,0,1-5-8-8,0.3846289605539721,0.6153710394460279,358,
1,0,0,0,1-5-8-9,0.002860411899313501,0.9971395881006865,874,
1,0,0,0,1-5-9-10,0.00013966480446927373,0.9998603351955307,3580,
1,0,0,0,1-5-9-9,0.004310344827586207,0.9956896551724138,348,
1,0,0,0,1-6-10-10,0.0,1.0,7300,DRAW
1,0,0,0,1-6-6-10,0.023040190090643998,0.976959809909356,1444,
1,0,0,0,1-6-6-6,0.3299288330821975,0.6700711669178026,56,
1,0,0,0,1-6-6-7,0.9245265428844612,0.07547345711553871,370,
1,0,0,0,1-6-6-8,0.001445086705202312,0.9985549132947977,346,
1,0,0,0,1-6-6-9,0.041866023018185115,0.9581339769818148,328,
1,0,0,0,1-6-7-10,0.00785300269324786,0.992146997306752,3702,
1,0,0,0,1-6-7-7,0.9159868641983812,0.08401313580161893,384,
1,0,0,0,1-6-7-8,0.0025201612903225806,0.9974798387096774,992,
1,0,0,0,1-6-7-9,0.018029291342591493,0.9819707086574085,918,
1,0,0,0,1-6-8-10,0.0017241379310344823,0.9982758620689656,3934,
1,0,0,0,1-6-8-8,0.22331097573302025,0.7766890242669797,354,
1,0,0,0,1-6-8-9,0.005957053838659254,0.9940429461613407,916,
1,0,0,0,1-6-9-10,0.0,1.0,3734,DRAW
1,0,0,0,1-6-9-9,0.001366120218579235,0.9986338797814208,366,
1,0,0,0,1-7-10-10,0.0,1.0,7218,DRAW
1,0,0,0,1-7-7-10,0.0010623229461756375,0.9989376770538244,1412,
1,0,0,0,1-7-7-7,0.2907927715234499,0.7092072284765502,70,
1,0,0,0,1-7-7-8,0.09305561948145717,0.9069443805185429,374,
1,0,0,0,1-7-7-9,0.007682557171655131,0.9923174428283449,354,
1,0,0,0,1-7-8-10,0.0,1.0,3664,DRAW
1,0,0,0,1-7-8-8,0.0014970059880239522,0.9985029940119761,334,
1,0,0,0,1-7-8-9,0.0036610878661087866,0.9963389121338913,956,
1,0,0,0,1-7-9-10,0.0,1.0,3624,DRAW
1,0,0,0,1-7-9-9,0.0,1.0,402,DRAW
1,0,0,0,1-8-10-10,0.0,1.0,7144,DRAW
1,0,0,0,1-8-8-10,0.0,1.0,1520,DRAW
1,0,0,0,1-8-8-8,0.5084675870114062,0.49153241298859385,60,
1,0,0,0,1-8-8-9,0.0,1.0,408,DRAW
1,0,0,0,1-8-9-10,0.0,1.0,3932,DRAW
1,0,0,0,1-8-9-9,0.0,1.0,304,DRAW
1,0,0,0,1-9-10-10,0.0,1.0,7180,DRAW
1,0,0,0,1-9-9-10,0.0,1.0,1392,DRAW
1,0,0,0,1-9-9-9,0.0,1.0,40,DRAW
1,0,0,0,10-10-10-10,0.0,1.0,6750,DRAW
1,0,0,0,2-10-10-10,0.0,1.0,8332,DRAW
1,0,0,0,2-2-10-10,0.00019069412662090009,0.9998093058733791,2622,
1,0,0,0,2-2-2-10,0.23279901047757318,0.7672009895224269,274,
1,0,0,0,2-2-2-2,0.5,0.5,2,
1,0,0,0,2-2-2-3,0.5,0.5,52,
1,0,0,0,2-2-2-4,0.5,0.5,60,
1,0,0,0,2-2-2-5,0.5462962962962963,0.4537037037037037,54,
1,0,0,0,2-2-2-6,0.8583333333333333,0.14166666666666666,60,
1,0,0,0,2-2-2-7,0.7433673469387755,0.2566326530612245,70,
1,0,0,0,2-2-2-8,0.5,0.5,44,
1,0,0,0,2-2-2-9,0.35,0.65,70,
1,0,0,0,2-2-3-10,0.0033136966126656848,0.9966863033873343,1358,
1,0,0,0,2-2-3-3,0.4551282051282051,0.5448717948717948,156,
1,0,0,0,2-2-3-4,0.9960732984293194,0.003926701570680628,382,
1,0,0,0,2-2-3-5,0.9663978494623656,0.033602150537634407,372,
1,0,0,0,2-2-3-6,0.9440389068612256,0.05596109313877433,396,
1,0,0,0,2-2-3-7,0.9898843930635838,0.010115606936416185,346,
1,0,0,0,2-2-3-8,0.8524978986175616,0.1475021013824383,334,
1,0,0,0,2-2-3-9,0.5450951423715821,0.45490485762841804,364,
1,0,0,0,2-2-4-10,0.01135350959080963,0.9886464904091904,1444,
1,0,0,0,2-2-4-4,0.4386792452830189,0.5613207547169812,106,
1,0,0,0,2-2-4-5,0.3389929045970563,0.6610070954029438,370,
1,0,0,0,2-2-4-6,0.3951250657731958,0.6048749342268042,394,
1,0,0,0,2-2-4-7,0.9345581798928413,0.06544182010715877,314,
1,0,0,0,2-2-4-8,0.5997879187992992,0.40021208120070095,354,
1,0,0,0,2-2-4-9,0.3203311146281414,0.6796688853718587,338,
1,0,0,0,2-2-5-10,0.05742556636469918,0.9425744336353008,1340,
1,0,0,0,2-2-5-5,0.04710144927536232,0.9528985507246377,138,
1,0,0,0,2-2-5-6,0.9684065934065934,0.03159340659340659,364,
1,0,0,0,2-2-5-7,0.8989911258100497,0.10100887418995026,294,
1,0,0,0,2-2-5-8,0.9958791208791209,0.004120879120879121,364,
1,0,0,0,2-2-5-9,0.01947336372350701,0.980526636276493,388,
1,0,0,0,2-2-6-10,0.07477070399305505,0.9252292960069449,1372,
1,0,0,0,2-2-6-6,0.6550297127764941,0.34497028722350587,130,
1,0,0,0,2-2-6-7,0.5853617739475258,0.4146382260524742,354,
1,0,0,0,2-2-6-8,0.9002719871439103,0.09972801285608966,324,
1,0,0,0,2-2-6-9,0.10404339179803038,0.8959566082019695,350,
1,0,0,0,2-2-7-10,0.000362844702467344,0.9996371552975326,1378,
1,0,0,0,2-2-7-7,0.5777567419648569,0.4222432580351431,172,
1,0,0,0,2-2-7-8,0.6460460545613749,0.3539539454386252,340,
1,0,0,0,2-2-7-9,0.0014970059880239522,0.9985029940119761,334,
1,0,0,0,2-2-8-10,0.0010948905109489052,0.9989051094890511,1370,
1,0,0,0,2-2-8-8,0.02595176601055254,0.9740482339894474,152,
1,0,0,0,2-2-8-9,0.009146341463414634,0.9908536585365854,328,
1,0,0,0,2-2-9-10,0.0003687315634218289,0.9996312684365781,1356,
1,0,0,0,2-2-9-9,0.003787878787878788,0.9962121212121212,132,
1,0,0,0,2-3-10-10,0.0019163434030606663,0.9980836565969393,6892,
1,0,0,0,2-3-3-10,0.03636065776347826,0.9636393422365217,1472,
1,0,0,0,2-3-3-3,0.7232142857142857,0.2767857142857143,56,
1,0,0,0,2-3-3-4,0.5761876538429525,0.4238123461570476,408,
1,0,0,0,2-3-3-5,0.09738372093023256,0.9026162790697675,344,
1,0,0,0,2-3-3-6,0.7540961178970915,0.2459038821029086,342,
1,0,0,0,2-3-3-7,0.9851351351351352,0.014864864864864866,370,
1,0,0,0,2-3-3-8,0.02294998897831389,0.9770500110216861,364,
1,0,0,0,2-3-3-9,0.07075471698113207,0.9292452830188679,318,
1,0,0,0,2-3-4-10,0.0015274034141958672,0.9984725965858042,3710,
1,0,0,0,2-3-4-4,0.8096861196644802,0.19031388033551977,372,
1,0,0,0,2-3-4-5,0.9301915141269672,0.06980848587303283,948,
1,0,0,0,2-3-4-6,0.9950873362445415,0.0049126637554585155,916,
1,0,0,0,2-3-4-7,0.9975247524752475,0.0024752475247524753,1010,
1,0,0,0,2-3-4-8,0.4166851481322691,0.583314851867731,944,
1,0,0,0,2-3-4-9,0.36134665293652823,0.6386533470634718,896,
1,0,0,0,2-3-5-10,0.006422317176037218,0.9935776828239627,3776,
1,0,0,0,2-3-5-5,0.9960106382978723,0.003989361702127659,376,
1,0,0,0,2-3-5-6,0.7805826788613777,0.21941732113862233,920,
1,0,0,0,2-3-5-7,0.8089268361899986,0.19107316381000145,930,
1,0,0,0,2-3-5-8,0.8624397465310835,0.13756025346891645,914,
1,0,0,0,2-3-5-9,0.0012332628611698379,0.9987667371388302,946,
1,0,0,0,2-3-6-10,0.016246766799451695,0.9837532332005483,3726,
1,0,0,0,2-3-6-6,0.9984848484848485,0.0015151515151515152,330,
1,0,0,0,2-3-6-7,0.9640434473719386,0.03595655262806138,1018,
1,0,0,0,2-3-6-8,0.012092918833406456,0.9879070811665936,1008,
1,0,0,0,2-3-6-9,0.3949212093367829,0.6050787906632172,966,
1,0,0,0,2-3-7-10,0.00012768130745658836,0.9998723186925434,3916,
1,0,0,0,2-3-7-7,0.9360452579414934,0.06395474205850654,304,
1,0,0,0,2-3-7-8,0.012349952079218417,0.9876500479207816,1018,
1,0,0,0,2-3-7-9,0.14164638598654786,0.8583536140134521,918,
1,0,0,0,2-3-8-10,0.005369216240301382,0.9946307837596987,3760,
1,0,0,0,2-3-8-8,0.6379108263569303,0.36208917364306964,368,
1,0,0,0,2-3-8-9,0.09663746004169887,0.9033625399583012,986,
1,0,0,0,2-3-9-10,0.00013007284079084288,0.9998699271592092,3844,
1,0,0,0,2-3-9-9,0.15400528458706605,0.8459947154129339,392,
1,0,0,0,2-4-10-10,0.0,1.0,7004,DRAW
1,0,0,0,2-4-4-10,0.018077700530838584,0.9819222994691614,1378,
1,0,0,0,2-4-4-4,0.3,0.7,60,
1,0,0,0,2-4-4-5,0.8679950836952927,0.13200491630470743,334,
1,0,0,0,2-4-4-6,0.98224043715847,0.017759562841530054,366,
1,0,0,0,2-4-4-7,0.4371994037809528,0.5628005962190472,360,
1,0,0,0,2-4-4-8,0.9251535890164121,0.07484641098358792,384,
1,0,0,0,2-4-4-9,0.08290641343740361,0.9170935865625963,332,
1,0,0,0,2-4-5-10,0.017497390943861265,0.9825026090561387,3890,
1,0,0,0,2-4-5-5,0.9722222222222222,0.027777777777777787,366,
1,0,0,0,2-4-5-6,0.9850332594235033,0.014966740576496674,902,
1,0,0,0,2-4-5-7,0.9371287769226051,0.06287122307739491,918,
1,0,0,0,2-4-5-8,0.9385625871013046,0.061437412898695365,976,
1,0,0,0,2-4-5-9,0.985685401757142,0.014314598242857976,1020,
1,0,0,0,2-4-6-10,0.00012626262626262626,0.9998737373737374,3960,
1,0,0,0,2-4-6-6,0.945867625006382,0.054132374993618046,386,
1,0,0,0,2-4-6-7,0.9753299446974573,0.024670055302542723,956,
1,0,0,0,2-4-6-8,0.21332981115242058,0.7866701888475793,986,
1,0,0,0,2-4-6-9,0.8881550253875673,0.11184497461243266,922,
1,0,0,0,2-4-7-10,0.005954816353637663,0.9940451836463623,3892,
1,0,0,0,2-4-7-7,0.9015244399801898,0.09847556001981012,330,
1,0,0,0,2-4-7-8,0.7270892019230536,0.2729107980769464,924,
1,0,0,0,2-4-7-9,0.0016483516483516484,0.9983516483516484,910,
1,0,0,0,2-4-8-10,0.00012748597654258032,0.9998725140234574,3922,
1,0,0,0,2-4-8-8,0.17729961566284616,0.8227003843371539,396,
1,0,0,0,2-4-8-9,0.0015822784810126582,0.9984177215189873,948,
1,0,0,0,2-4-9-10,0.001032247545024152,0.9989677524549758,3744,
1,0,0,0,2-4-9-9,0.0014124293785310734,0.998587570621469,354,
1,0,0,0,2-5-10-10,0.0,1.0,7088,DRAW
1,0,0,0,2-5-5-10,0.004922546150499998,0.9950774538495,1382,
1,0,0,0,2-5-5-5,0.946969696969697,0.05303030303030303,66,
1,0,0,0,2-5-5-6,0.9920382165605095,0.007961783439490446,314,
1,0,0,0,2-5-5-7,0.43726088786172757,0.5627391121382724,366,
1,0,0,0,2-5-5-8,0.1726442940280548,0.8273557059719452,346,
1,0,0,0,2-5-5-9,0.015714285714285715,0.9842857142857143,350,
1,0,0,0,2-5-6-10,0.002509244585314316,0.9974907554146857,3786,
1,0,0,0,2-5-6-6,0.7889230415860836,0.21107695841391644,400,
1,0,0,0,2-5-6-7,0.9269725275856747,0.07302747241432528,988,
1,0,0,0,2-5-6-8,0.6616039912484929,0.3383960087515071,936,
1,0,0,0,2-5-6-9,0.005499799538471584,0.9945002004615284,966,
1,0,0,0,2-5-7-10,0.003170087145591544,0.9968299128544085,3908,
1,0,0,0,2-5-7-7,0.8962634429272498,0.10373655707275016,386,
1,0,0,0,2-5-7-8,0.10631146569604744,0.8936885343039526,904,
1,0,0,0,2-5-7-9,0.000502008032128514,0.9994979919678715,996,
1,0,0,0,2-5-8-10,0.009481857136381954,0.9905181428636181,3774,
1,0,0,0,2-5-8-8,0.08422877592232286,0.9157712240776771,344,
1,0,0,0,2-5-8-9,0.01485655737704918,0.9851434426229508,976,
1,0,0,0,2-5-9-10,0.0,1.0,3722,DRAW
1,0,0,0,2-5-9-9,0.060139573070607556,0.9398604269293924,348,
1,0,0,0,2-6-10-10,0.0,1.0,7072,DRAW
1,0,0,0,2-6-6-10,0.023738234654939187,0.9762617653450608,1372,
1,0,0,0,2-6-6-6,0.4045937748462612,0.5954062251537386,66,
1,0,0,0,2-6-6-7,0.9088275639365218,0.09117243606347822,350,
1,0,0,0,2-6-6-8,0.911922724043284,0.08807727595671588,332,
1,0,0,0,2-6-6-9,0.027716829702757323,0.9722831702972426,360,
1,0,0,0,2-6-7-10,0.00013220518244315177,0.9998677948175568,3782,
1,0,0,0,2-6-7-7,0.7465669180074653,0.2534330819925347,380,
1,0,0,0,2-6-7-8,0.006560817073076383,0.9934391829269237,934,
1,0,0,0,2-6-7-9,0.05251596415156817,0.9474840358484318,922,
1,0,0,0,2-6-8-10,0.0,1.0,3756,DRAW
1,0,0,0,2-6-8-8,0.04417775024680017,0.9558222497531998,338,
1,0,0,0,2-6-8-9,0.04446409463764624,0.9555359053623538,958,
1,0,0,0,2-6-9-10,0.0,1.0,3826,DRAW
1,0,0,0,2-6-9-9,0.0,1.0,348,DRAW
1,0,0,0,2-7-10-10,0.0,1.0,7300,DRAW
1,0,0,0,2-7-7-10,0.0,1.0,1418,DRAW
1,0,0,0,2-7-7-7,0.9895833333333334,0.010416666666666666,48,
1,0,0,0,2-7-7-8,0.050947223845485265,0.9490527761545148,354,
1,0,0,0,2-7-7-9,0.007102272727272727,0.9928977272727273,352,
1,0,0,0,2-7-8-10,0.0,1.0,3798,DRAW
1,0,0,0,2-7-8-8,0.020683055882983165,0.9793169441170169,354,
1,0,0,0,2-7-8-9,0.0,1.0,1010,DRAW
1,0,0,0,2-7-9-10,0.0,1.0,3586,DRAW
1,0,0,0,2-7-9-9,0.0,1.0,344,DRAW
1,0,0,0,2-8-10-10,0.0,1.0,7096,DRAW
1,0,0,0,2-8-8-10,0.0,1.0,1470,DRAW
1,0,0,0,2-8-8-8,0.0,1.0,44,DRAW
1,0,0,0,2-8-8-9,0.0,1.0,358,DRAW
1,0,0,0,2-8-9-10,0.0,1.0,3814,DRAW
1,0,0,0,2-8-9-9,0.0,1.0,406,DRAW
1,0,0,0,2-9-10-10,0.0,1.0,7122,DRAW
1,0,0,0,2-9-9-10,0.0,1.0,1426,DRAW
1,0,0,0,2-9-9-9,0.0,1.0,48,DRAW
1,0,0,0,3-10-10-10,0.0,1.0,8222,DRAW
1,0,0,0,3-3-10-10,0.0,1.0,2730,DRAW
1,0,0,0,3-3-3-10,0.057780075148402096,0.9422199248515979,198,
1,0,0,0,3-3-3-4,0.5451097513597513,0.45489024864024885,66,
1,0,0,0,3-3-3-5,0.09753787878787878,0.9024621212121212,66,
1,0,0,0,3-3-3-6,0.9051724137931034,0.09482758620689655,58,
1,0,0,0,3-3-3-7,0.1953125,0.8046875,64,
1,0,0,0,3-3-3-8,0.8194444444444444,0.18055555555555555,36,
1,0,0,0,3-3-3-9,0.04032258064516129,0.9596774193548387,62,
1,0,0,0,3-3-4-10,0.004341931509533795,0.9956580684904662,1432,
1,0,0,0,3-3-4-4,0.9607142857142857,0.039285714285714285,140,
1,0,0,0,3-3-4-5,0.989404761904762,0.010595238095238095,350,
1,0,0,0,3-3-4-6,0.9636292875334926,0.03637071246650734,344,
1,0,0,0,3-3-4-7,0.9985795454545454,0.0014204545454545455,352,
1,0,0,0,3-3-4-8,0.6211796600825574,0.3788203399174425,360,
1,0,0,0,3-3-4-9,0.04265564469000277,0.9573443553099972,374,
1,0,0,0,3-3-5-10,0.02079626181350438,0.9792037381864955,1436,
1,0,0,0,3-3-5-5,0.9880952380952381,0.011904761904761904,126,
1,0,0,0,3-3-5-6,0.9356042449775894,0.06439575502241059,438,
1,0,0,0,3-3-5-7,0.9959239130434783,0.004076086956521739,368,
1,0,0,0,3-3-5-8,0.9907008323161078,0.00929916768389219,364,
1,0,0,0,3-3-5-9,0.3758510069966605,0.6241489930033396,348,
1,0,0,0,3-3-6-10,0.0011045655375552283,0.9988954344624448,1358,
1,0,0,0,3-3-6-6,0.9309768310453866,0.06902316895461338,130,
1,0,0,0,3-3-6-7,0.9469800404102464,0.053019959589753626,324,
1,0,0,0,3-3-6-8,0.020512493082886326,0.9794875069171136,418,
1,0,0,0,3-3-6-9,0.5184088484720407,0.48159115152795934,288,
1,0,0,0,3-3-7-10,0.0101290684159782,0.9898709315840217,1380,
1,0,0,0,3-3-7-7,0.7583395111659517,0.24166048883404825,130,
1,0,0,0,3-3-7-8,0.10509228403411011,0.8949077159658899,368,
1,0,0,0,3-3-7-9,0.3896032169763392,0.6103967830236608,374,
1,0,0,0,3-3-8-10,0.0003526093088857546,0.9996473906911142,1418,
1,0,0,0,3-3-8-8,0.3199080661239694,0.6800919338760305,144,
1,0,0,0,3-3-8-9,0.11933937419903984,0.8806606258009603,344,
1,0,0,0,3-3-9-10,0.0003586800573888092,0.9996413199426112,1394,
1,0,0,0,3-3-9-9,0.017857142857142856,0.9821428571428571,140,
1,0,0,0,3-4-10-10,0.0,1.0,7020,DRAW
1,0,0,0,3-4-4-10,0.016415021696143388,0.9835849783038566,1448,
1,0,0,0,3-4-4-4,0.9214285714285714,0.07857142857142857,70,
1,0,0,0,3-4-4-5,0.9246871994470025,0.07531280055299744,378,
1,0,0,0,3-4-4-6,0.641688186864451,0.358311813135549,344,
1,0,0,0,3-4-4-7,0.9986842105263158,0.0013157894736842105,380,
1,0,0,0,3-4-4-8,0.9955357142857143,0.004464285714285714,336,
1,0,0,0,3-4-4-9,0.6005588650389718,0.39944113496102807,360,
1,0,0,0,3-4-5-10,0.005036939945565919,0.994963060054434,3826,
1,0,0,0,3-4-5-5,0.9905405405405405,0.00945945945945946,370,
1,0,0,0,3-4-5-6,0.9215552297681806,0.07844477023181935,982,
1,0,0,0,3-4-5-7,0.9485019754846687,0.051498024515331337,950,
1,0,0,0,3-4-5-8,0.5427113668988593,0.4572886331011406,898,
1,0,0,0,3-4-5-9,0.007050866681296133,0.9929491333187038,1014,
1,0,0,0,3-4-6-10,0.06353650202776087,0.9364634979722392,3800,
1,0,0,0,3-4-6-6,0.9963592233009708,0.0036407766990291263,412,
1,0,0,0,3-4-6-7,0.8665400496813211,0.1334599503186789,900,
1,0,0,0,3-4-6-8,0.9744477016700437,0.025552298329956362,954,
1,0,0,0,3-4-6-9,0.9925742574257426,0.007425742574257425,1010,
1,0,0,0,3-4-7-10,0.0005288207297726071,0.9994711792702274,3782,
1,0,0,0,3-4-7-7,0.7121171086411048,0.2878828913588952,388,
1,0,0,0,3-4-7-8,0.9984472049689441,0.0015527950310559005,966,
1,0,0,0,3-4-7-9,0.02739054486608327,0.9726094551339167,914,
1,0,0,0,3-4-8-10,0.00013706140350877192,0.9998629385964912,3648,
1,0,0,0,3-4-8-8,0.0013966480446927375,0.9986033519553073,358,
1,0,0,0,3-4-8-9,0.0005399568034557236,0.9994600431965442,926,
1,0,0,0,3-4-9-10,0.0,1.0,3750,DRAW
1,0,0,0,3-4-9-9,0.049144301390993,0.950855698609007,368,
1,0,0,0,3-5-10-10,0.0,1.0,7054,DRAW
1,0,0,0,3-5-5-10,0.00612232119133052,0.9938776788086695,1410,
1,0,0,0,3-5-5-5,0.9758064516129032,0.024193548387096774,62,
1,0,0,0,3-5-5-6,0.9907407407407407,0.009259259259259259,378,
1,0,0,0,3-5-5-7,0.8983290826758719,0.10167091732412806,370,
1,0,0,0,3-5-5-8,0.6715974962545254,0.32840250374547475,372,
1,0,0,0,3-5-5-9,0.5780745749218351,0.42192542507816494,312,
1,0,0,0,3-5-6-10,0.018429861354506333,0.9815701386454937,3742,
1,0,0,0,3-5-6-6,0.8073804139322653,0.19261958606773466,366,
1,0,0,0,3-5-6-7,0.9994646680942184,0.0005353319057815846,934,
1,0,0,0,3-5-6-8,0.042940531098038394,0.9570594689019616,930,
1,0,0,0,3-5-6-9,0.044590721662863736,0.9554092783371363,984,
1,0,0,0,3-5-7-10,0.0013738569206106345,0.9986261430793894,3756,
1,0,0,0,3-5-7-7,0.829024613370549,0.17097538662945097,320,
1,0,0,0,3-5-7-8,0.12133619124424841,0.8786638087557516,976,
1,0,0,0,3-5-7-9,0.000496031746031746,0.9995039682539683,1008,
1,0,0,0,3-5-8-10,0.0,1.0,4006,DRAW
1,0,0,0,3-5-8-8,0.8123275015497019,0.18767249845029807,348,
1,0,0,0,3-5-8-9,0.0015592515592515593,0.9984407484407485,962,
1,0,0,0,3-5-9-10,0.0,1.0,3812,DRAW
1,0,0,0,3-5-9-9,0.0,1.0,336,DRAW
1,0,0,0,3-6-10-10,0.0,1.0,7034,DRAW
1,0,0,0,3-6-6-10,0.00036075036075036075,0.9996392496392497,1386,
1,0,0,0,3-6-6-6,0.9375,0.0625,56,
1,0,0,0,3-6-6-7,0.9951923076923077,0.004807692307692308,312,
1,0,0,0,3-6-6-8,0.12962764798462878,0.8703723520153711,326,
1,0,0,0,3-6-6-9,0.15710904172162635,0.8428909582783737,324,
1,0,0,0,3-6-7-10,0.0,1.0,3818,DRAW
1,0,0,0,3-6-7-7,0.5610498179737261,0.438950182026274,384,
1,0,0,0,3-6-7-8,0.2674296875904805,0.7325703124095194,924,
1,0,0,0,3-6-7-9,0.0012814992137273435,0.9987185007862727,922,
1,0,0,0,3-6-8-10,0.0,1.0,3622,DRAW
1,0,0,0,3-6-8-8,0.8433993975719666,0.15660060242803334,342,
1,0,0,0,3-6-8-9,0.0,1.0,1026,DRAW
1,0,0,0,3-6-9-10,0.0,1.0,3830,DRAW
1,0,0,0,3-6-9-9,0.0,1.0,292,DRAW
1,0,0,0,3-7-10-10,0.0,1.0,7014,DRAW
1,0,0,0,3-7-7-10,0.0,1.0,1450,DRAW
1,0,0,0,3-7-7-7,0.5076846503582034,0.49231534964179646,68,
1,0,0,0,3-7-7-8,0.08371988700828786,0.9162801129917122,356,
1,0,0,0,3-7-7-9,0.0,1.0,310,DRAW
1,0,0,0,3-7-8-10,0.0,1.0,3756,DRAW
1,0,0,0,3-7-8-8,0.0,1.0,340,DRAW
1,0,0,0,3-7-8-9,0.0,1.0,942,DRAW
1,0,0,0,3-7-9-10,0.0,1.0,3758,DRAW
1,0,0,0,3-7-9-9,0.0,1.0,290,DRAW
1,0,0,0,3-8-10-10,0.0,1.0,7254,DRAW
1,0,0,0,3-8-8-10,0.0,1.0,1470,DRAW
1,0,0,0,3-8-8-8,0.0,1.0,66,DRAW
1,0,0,0,3-8-8-9,0.0,1.0,352,DRAW
1,0,0,0,3-8-9-10,0.0,1.0,3586,DRAW
1,0,0,0,3-8-9-9,0.0,1.0,348,DRAW
1,0,0,0,3-9-10-10,0.0,1.0,7114,DRAW
1,0,0,0,3-9-9-10,0.0,1.0,1408,DRAW
1,0,0,0,3-9-9-9,0.0,1.0,56,DRAW
1,0,0,0,4-10-10-10,0.0,1.0,8298,DRAW
1,0,0,0,4-4-10-10,0.0,1.0,2726,DRAW
1,0,0,0,4-4-4-10,0.16228765125405642,0.8377123487459435,198,
1,0,0,0,4-4-4-4,0.08333333333333333,0.9166666666666666,6,
1,0,0,0,4-4-4-5,0.7692307692307693,0.23076923076923078,78,
1,0,0,0,4-4-4-6,0.5251322751322753,0.47486772486772466,54,
1,0,0,0,4-4-4-7,0.9134615384615384,0.08653846153846154,52,
1,0,0,0,4-4-4-8,0.04807692307692308,0.9519230769230769,52,
1,0,0,0,4-4-4-9,0.26785714285714285,0.7321428571428571,56,
1,0,0,0,4-4-5-10,0.0036238936182586582,0.9963761063817413,1472,
1,0,0,0,4-4-5-5,0.9855769230769231,0.014423076923076924,104,
1,0,0,0,4-4-5-6,0.9334348155625873,0.06656518443741269,362,
1,0,0,0,4-4-5-7,0.47557358908568165,0.5244264109143183,360,
1,0,0,0,4-4-5-8,0.3615853707229415,0.6384146292770584,400,
1,0,0,0,4-4-5-9,0.19759955412692992,0.8024004458730701,334,
1,0,0,0,4-4-6-10,0.06221526647467863,0.9377847335253214,1422,
1,0,0,0,4-4-6-6,0.6536605427093235,0.3463394572906765,100,
1,0,0,0,4-4-6-7,0.6554604860541294,0.3445395139458705,344,
1,0,0,0,4-4-6-8,0.579680750854828,0.42031924914517194,398,
1,0,0,0,4-4-6-9,0.9442931271300568,0.05570687286994314,338,
1,0,0,0,4-4-7-10,0.005602254718949677,0.9943977452810503,1388,
1,0,0,0,4-4-7-7,0.869121191663667,0.130878808336333,132,
1,0,0,0,4-4-7-8,0.059186753730781375,0.9408132462692186,346,
1,0,0,0,4-4-7-9,0.19063636594076294,0.8093636340592371,396,
1,0,0,0,4-4-8-10,0.0,1.0,1414,DRAW
1,0,0,0,4-4-8-8,0.7141058119909102,0.28589418800908983,118,
1,0,0,0,4-4-8-9,0.07847477704766727,0.9215252229523327,356,
1,0,0,0,4-4-9-10,0.0,1.0,1460,DRAW
1,0,0,0,4-4-9-9,0.0,1.0,112,DRAW
1,0,0,0,4-5-10-10,0.0,1.0,7188,DRAW
1,0,0,0,4-5-5-10,0.00035112359550561797,0.9996488764044944,1424,
1,0,0,0,4-5-5-5,0.3076259751853995,0.6923740248146005,58,
1,0,0,0,4-5-5-6,0.5836616294513893,0.41633837054861056,344,
1,0,0,0,4-5-5-7,0.9157754010695187,0.08422459893048129,374,
1,0,0,0,4-5-5-8,0.31632627318103435,0.6836737268189658,324,
1,0,0,0,4-5-5-9,0.25527594794915726,0.7447240520508428,370,
1,0,0,0,4-5-6-10,0.0051696224897056775,0.9948303775102944,3576,
1,0,0,0,4-5-6-6,0.9340355349298406,0.0659644650701594,366,
1,0,0,0,4-5-6-7,0.9525814822236316,0.04741851777636844,922,
1,0,0,0,4-5-6-8,0.9696620966155474,0.03033790338445269,898,
1,0,0,0,4-5-6-9,0.054698754366938676,0.9453012456330613,876,
1,0,0,0,4-5-7-10,0.0,1.0,3744,DRAW
1,0,0,0,4-5-7-7,0.9400541299031132,0.05994587009688677,356,
1,0,0,0,4-5-7-8,0.0015789473684210526,0.998421052631579,950,
1,0,0,0,4-5-7-9,0.0005230125523012552,0.9994769874476988,956,
1,0,0,0,4-5-8-10,0.0,1.0,3720,DRAW
1,0,0,0,4-5-8-8,0.013157894736842105,0.9868421052631579,342,
1,0,0,0,4-5-8-9,0.0,1.0,978,DRAW
1,0,0,0,4-5-9-10,0.0,1.0,3892,DRAW
1,0,0,0,4-5-9-9,0.0,1.0,374,DRAW
1,0,0,0,4-6-10-10,0.0,1.0,7066,DRAW
1,0,0,0,4-6-6-10,0.0,1.0,1384,DRAW
1,0,0,0,4-6-6-6,0.030029358008519004,0.969970641991481,54,
1,0,0,0,4-6-6-7,0.7859283613195384,0.2140716386804615,332,
1,0,0,0,4-6-6-8,0.05203690281736789,0.947963097182632,356,
1,0,0,0,4-6-6-9,0.0038461538461538464,0.9961538461538462,390,
1,0,0,0,4-6-7-10,0.0,1.0,3888,DRAW
1,0,0,0,4-6-7-7,0.9047417513766803,0.0952582486233197,374,
1,0,0,0,4-6-7-8,0.0005165289256198347,0.9994834710743802,968,
1,0,0,0,4-6-7-9,0.0,1.0,1024,DRAW
1,0,0,0,4-6-8-10,0.0,1.0,3620,DRAW
1,0,0,0,4-6-8-8,0.0,1.0,376,DRAW
1,0,0,0,4-6-8-9,0.0,1.0,880,DRAW
1,0,0,0,4-6-9-10,0.0,1.0,3684,DRAW
1,0,0,0,4-6-9-9,0.0,1.0,336,DRAW
1,0,0,0,4-7-10-10,0.0,1.0,7018,DRAW
1,0,0,0,4-7-7-10,0.0,1.0,1380,DRAW
1,0,0,0,4-7-7-7,0.5733524033000447,0.4266475966999555,66,
1,0,0,0,4-7-7-8,0.0,1.0,348,DRAW
1,0,0,0,4-7-7-9,0.0,1.0,334,DRAW
1,0,0,0,4-7-8-10,0.0,1.0,3692,DRAW
1,0,0,0,4-7-8-8,0.0,1.0,330,DRAW
1,0,0,0,4-7-8-9,0.0,1.0,946,DRAW
1,0,0,0,4-7-9-10,0.0,1.0,3738,DRAW
1,0,0,0,4-7-9-9,0.0,1.0,376,DRAW
1,0,0,0,4-8-10-10,0.0,1.0,7002,DRAW
1,0,0,0,4-8-8-10,0.0,1.0,1304,DRAW
1,0,0,0,4-8-8-8,0.0,1.0,54,DRAW
1,0,0,0,4-8-8-9,0.0,1.0,370,DRAW
1,0,0,0,4-8-9-10,0.0,1.0,3814,DRAW
1,0,0,0,4-8-9-9,0.0,1.0,344,DRAW
1,0,0,0,4-9-10-10,0.0,1.0,7176,DRAW
1,0,0,0,4-9-9-10,0.0,1.0,1458,DRAW
1,0,0,0,4-9-9-9,0.0,1.0,58,DRAW
1,0,0,0,5-10-10-10,0.0,1.0,8318,DRAW
1,0,0,0,5-5-10-10,0.0,1.0,2574,DRAW
1,0,0,0,5-5-5-10,0.026785714285714284,0.9732142857142857,224,
1,0,0,0,5-5-5-5,0.5,0.5,2,
1,0,0,0,5-5-5-6,0.9930555555555556,0.006944444444444444,72,
1,0,0,0,5-5-5-7,0.6323855217519948,0.3676144782480052,84,
1,0,0,0,5-5-5-8,0.3655967998316701,0.6344032001683299,66,
1,0,0,0,5-5-5-9,0.009615384615384616,0.9903846153846154,52,
1,0,0,0,5-5-6-10,0.0,1.0,1456,DRAW
1,0,0,0,5-5-6-6,0.9870689655172413,0.01293103448275862,116,
1,0,0,0,5-5-6-7,0.8667608286252354,0.1332391713747646,354,
1,0,0,0,5-5-6-8,0.9450119976371182,0.05498800236288189,376,
1,0,0,0,5-5-6-9,0.9334275707027408,0.06657242929725904,356,
1,0,0,0,5-5-7-10,0.0,1.0,1432,DRAW
1,0,0,0,5-5-7-7,0.7853456962345061,0.21465430376549377,130,
1,0,0,0,5-5-7-8,0.9434744544242576,0.056525545575742416,352,
1,0,0,0,5-5-7-9,0.0,1.0,380,DRAW
1,0,0,0,5-5-8-10,0.0,1.0,1424,DRAW
1,0,0,0,5-5-8-8,0.0,1.0,130,DRAW
1,0,0,0,5-5-8-9,0.0,1.0,322,DRAW
1,0,0,0,5-5-9-10,0.0,1.0,1454,DRAW
1,0,0,0,5-5-9-9,0.0,1.0,120,DRAW
1,0,0,0,5-6-10-10,0.0,1.0,7150,DRAW
1,0,0,0,5-6-6-10,0.0,1.0,1440,DRAW
1,0,0,0,5-6-6-6,0.8573810361646441,0.14261896383535594,46,
1,0,0,0,5-6-6-7,0.9921383647798742,0.007861635220125786,318,
1,0,0,0,5-6-6-8,0.842798565837567,0.157201434162433,368,
1,0,0,0,5-6-6-9,0.0,1.0,358,DRAW
1,0,0,0,5-6-7-10,0.0,1.0,3670,DRAW
1,0,0,0,5-6-7-7,0.9654722451192073,0.03452775488079274,342,
1,0,0,0,5-6-7-8,0.0,1.0,940,DRAW
1,0,0,0,5-6-7-9,0.0,1.0,958,DRAW
1,0,0,0,5-6-8-10,0.0,1.0,3782,DRAW
1,0,0,0,5-6-8-8,0.0,1.0,332,DRAW
1,0,0,0,5-6-8-9,0.0,1.0,936,DRAW
1,0,0,0,5-6-9-10,0.0,1.0,3898,DRAW
1,0,0,0,5-6-9-9,0.0,1.0,368,DRAW
1,0,0,0,5-7-10-10,0.0,1.0,7232,DRAW
1,0,0,0,5-7-7-10,0.0,1.0,1294,DRAW
1,0,0,0,5-7-7-7,0.0,1.0,66,DRAW
1,0,0,0,5-7-7-8,0.0,1.0,360,DRAW
1,0,0,0,5-7-7-9,0.0,1.0,380,DRAW
1,0,0,0,5-7-8-10,0.0,1.0,3910,DRAW
1,0,0,0,5-7-8-8,0.0,1.0,346,DRAW
1,0,0,0,5-7-8-9,0.0,1.0,840,DRAW
1,0,0,0,5-7-9-10,0.0,1.0,3752,DRAW
1,0,0,0,5-7-9-9,0.0,1.0,354,DRAW
1,0,0,0,5-8-10-10,0.0,1.0,6930,DRAW
1,0,0,0,5-8-8-10,0.0,1.0,1402,DRAW
1,0,0,0,5-8-8-8,0.0,1.0,64,DRAW
1,0,0,0,5-8-8-9,0.0,1.0,362,DRAW
1,0,0,0,5-8-9-10,0.0,1.0,3770,DRAW
1,0,0,0,5-8-9-9,0.0,1.0,380,DRAW
1,0,0,0,5-9-10-10,0.0,1.0,7006,DRAW
1,0,0,0,5-9-9-10,0.0,1.0,1328,DRAW
1,0,0,0,5-9-9-9,0.0,1.0,54,DRAW
1,0,0,0,6-10-10-10,0.0,1.0,8298,DRAW
1,0,0,0,6-6-10-10,0.0,1.0,2714,DRAW
1,0,0,0,6-6-6-10,0.0,1.0,270,DRAW
1,0,0,0,6-6-6-6,0.5,0.5,4,
1,0,0,0,6-6-6-7,0.9453125,0.0546875,64,
1,0,0,0,6-6-6-8,0.0,1.0,68,DRAW
1,0,0,0,6-6-6-9,0.0,1.0,66,DRAW
1,0,0,0,6-6-7-10,0.0,1.0,1464,DRAW
1,0,0,0,6-6-7-7,0.0,1.0,128,DRAW
1,0,0,0,6-6-7-8,0.0,1.0,322,DRAW
1,0,0,0,6-6-7-9,0.0,1.0,340,DRAW
1,0,0,0,6-6-8-10,0.0,1.0,1344,DRAW
1,0,0,0,6-6-8-8,0.0,1.0,128,DRAW
1,0,0,0,6-6-8-9,0.0,1.0,354,DRAW
1,0,0,0,6-6-9-10,0.0,1.0,1530,DRAW
1,0,0,0,6-6-9-9,0.0,1.0,134,DRAW
1,0,0,0,6-7-10-10,0.0,1.0,7150,DRAW
1,0,0,0,6-7-7-10,0.0,1.0,1446,DRAW
1,0,0,0,6-7-7-7,0.0,1.0,68,DRAW
1,0,0,0,6-7-7-8,0.0,1.0,384,DRAW
1,0,0,0,6-7-7-9,0.0,1.0,348,DRAW
1,0,0,0,6-7-8-10,0.0,1.0,3808,DRAW
1,0,0,0,6-7-8-8,0.0,1.0,378,DRAW
1,0,0,0,6-7-8-9,0.0,1.0,992,DRAW
1,0,0,0,6-7-9-10,0.0,1.0,3492,DRAW
1,0,0,0,6-7-9-9,0.0,1.0,338,DRAW
1,0,0,0,6-8-10-10,0.0,1.0,7126,DRAW
1,0,0,0,6-8-8-10,0.0,1.0,1472,DRAW
1,0,0,0,6-8-8-8,0.0,1.0,56,DRAW
1,0,0,0,6-8-8-9,0.0,1.0,330,DRAW
1,0,0,0,6-8-9-10,0.0,1.0,3810,DRAW
1,0,0,0,6-8-9-9,0.0,1.0,404,DRAW
1,0,0,0,6-9-10-10,0.0,1.0,6976,DRAW
1,0,0,0,6-9-9-10,0.0,1.0,1402,DRAW
1,0,0,0,6-9-9-9,0.0,1.0,50,DRAW
1,0,0,0,7-10-10-10,0.0,1.0,8282,DRAW
1,0,0,0,7-7-10-10,0.0,1.0,2630,DRAW
1,0,0,0,7-7-7-10,0.0,1.0,210,DRAW
1,0,0,0,7-7-7-7,0.0,1.0,6,DRAW
1,0,0,0,7-7-7-8,0.0,1.0,64,DRAW
1,0,0,0,7-7-7-9,0.0,1.0,70,DRAW
1,0,0,0,7-7-8-10,0.0,1.0,1414,DRAW
1,0,0,0,7-7-8-8,0.0,1.0,138,DRAW
1,0,0,0,7-7-8-9,0.0,1.0,354,DRAW
1,0,0,0,7-7-9-10,0.0,1.0,1352,DRAW
1,0,0,0,7-7-9-9,0.0,1.0,134,DRAW
1,0,0,0,7-8-10-10,0.0,1.0,7234,DRAW
1,0,0,0,7-8-8-10,0.0,1.0,1458,DRAW
1,0,0,0,7-8-8-8,0.0,1.0,60,DRAW
1,0,0,0,7-8-8-9,0.0,1.0,354,DRAW
1,0,0,0,7-8-9-10,0.0,1.0,3814,DRAW
1,0,0,0,7-8-9-9,0.0,1.0,348,DRAW
1,0,0,0,7-9-10-10,0.0,1.0,6944,DRAW
1,0,0,0,7-9-9-10,0.0,1.0,1394,DRAW
1,0,0,0,7-9-9-9,0.0,1.0,60,DRAW
1,0,0,0,8-10-10-10,0.0,1.0,8302,DRAW
1,0,0,0,8-8-10-10,0.0,1.0,2584,DRAW
1,0,0,0,8-8-8-10,0.0,1.0,248,DRAW
1,0,0,0,8-8-8-9,0.0,1.0,66,DRAW
1,0,0,0,8-8-9-10,0.0,1.0,1404,DRAW
1,0,0,0,8-8-9-9,0.0,1.0,130,DRAW
1,0,0,0,8-9-10-10,0.0,1.0,7214,DRAW
1,0,0,0,8-9-9-10,0.0,1.0,1362,DRAW
1,0,0,0,8-9-9-9,0.0,1.0,82,DRAW
1,0,0,0,9-10-10-10,0.0,1.0,8292,DRAW
1,0,0,0,9-9-10-10,0.0,1.0,2700,DRAW
1,0,0,0,9-9-9-10,0.0,1.0,202,DRAW
1,0,0,0,9-9-9-9,0.0,1.0,6,DRAW
1,2,1,1,1-1-1-1,1.0,0.0,6,STOP
1,2,1,1,1-1-1-10,0.027777777777777776,0.9722222222222222,162,
1,2,1,1,1-1-1-2,1.0,0.0,158,STOP
1,2,1,1,1-1-1-3,1.0,0.0,163,STOP
1,2,1,1,1-1-1-4,0.5,0.5,180,
1,2,1,1,1-1-1-5,0.5,0.5,158,
1,2,1,1,1-1-1-6,0.5422535211267606,0.45774647887323944,142,
1,2,1,1,1-1-1-7,0.6961538461538461,0.3038461538461538,130,
1,2,1,1,1-1-1-8,0.8661417322834646,0.13385826771653545,127,
1,2,1,1,1-1-1-9,0.06593406593406594,0.9340659340659341,91,
1,2,1,1,1-1-10-10,0.001184834123222749,0.9988151658767772,1266,
1,2,1,1,1-1-2-10,0.014705882352941176,0.9852941176470589,1088,
1,2,1,1,1-1-2-2,0.5,0.5,461,
1,2,1,1,1-1-2-3,0.9422718808193669,0.05772811918063315,1074,
1,2,1,1,1-1-2-4,0.6032780496945301,0.39672195030546986,1094,
1,2,1,1,1-1-2-5,0.1626938267132101,0.8373061732867899,898,
1,2,1,1,1-1-2-6,0.9707712825507152,0.029228717449284795,909,
1,2,1,1,1-1-2-7,0.054906542056074766,0.9450934579439252,856,
1,2,1,1,1-1-2-8,0.03956343792633018,0.9604365620736699,733,
1,2,1,1,1-1-2-9,0.021297977648974124,0.9787020223510258,595,
1,2,1,1,1-1-3-10,0.01959890610756609,0.9804010938924339,1097,
1,2,1,1,1-1-3-3,0.5855323020928151,0.41446769790718485,471,
1,2,1,1,1-1-3-4,0.72995430649833,0.27004569350166996,1059,
1,2,1,1,1-1-3-5,0.3558329536978592,0.6441670463021406,1027,
1,2,1,1,1-1-3-6,0.9515189128076273,0.04848108719237271,971,
1,2,1,1,1-1-3-7,0.4165780113968827,0.5834219886031173,808,
1,2,1,1,1-1-3-8,0.11817471129478976,0.8818252887052102,687,
1,2,1,1,1-1-3-9,0.015040650406504066,0.984959349593496,615,
1,2,1,1,1-1-4-10,0.015698795354858953,0.984301204645141,988,
1,2,1,1,1-1-4-4,0.7949203720956798,0.20507962790432027,413,
1,2,1,1,1-1-4-5,0.8426364203667753,0.15736357963322464,888,
1,2,1,1,1-1-4-6,0.9398150269412922,0.06018497305870786,906,
1,2,1,1,1-1-4-7,0.71742001816566,0.28257998183434,879,
1,2,1,1,1-1-4-8,0.13202914907308907,0.8679708509269108,704,
1,2,1,1,1-1-4-9,0.02849961682212368,0.9715003831778763,614,
1,2,1,1,1-1-5-10,0.002474231932772241,0.9975257680672278,1001,
1,2,1,1,1-1-5-5,0.5109986986950779,0.48900130130492225,339,
1,2,1,1,1-1-5-6,0.5811877717474011,0.4188122282525988,897,
1,2,1,1,1-1-5-7,0.1358635511906782,0.8641364488093218,773,
1,2,1,1,1-1-5-8,0.21573071764141524,0.7842692823585847,686,
1,2,1,1,1-1-5-9,0.004087780272178724,0.9959122197278212,596,
1,2,1,1,1-1-6-10,0.000441306266548985,0.999558693733451,1133,
1,2,1,1,1-1-6-6,0.9332903949408793,0.06670960505912067,346,
1,2,1,1,1-1-6-7,0.08796921448235072,0.9120307855176494,853,
1,2,1,1,1-1-6-8,0.03187613843351548,0.9681238615664844,732,
1,2,1,1,1-1-6-9,0.033806606445219205,0.9661933935547808,629,
1,2,1,1,1-1-7-10,0.005542452830188679,0.9944575471698113,1060,
1,2,1,1,1-1-7-7,0.008445945945945946,0.9915540540540541,296,
1,2,1,1,1-1-7-8,0.018070965570124244,0.9819290344298758,791,
1,2,1,1,1-1-7-9,0.012912472424758558,0.9870875275752414,616,
1,2,1,1,1-1-8-10,0.0017035775127768314,0.9982964224872232,1174,
1,2,1,1,1-1-8-8,0.19220441870442548,0.8077955812955744,299,
1,2,1,1,1-1-8-9,0.03309998641354676,0.9669000135864532,663,
1,2,1,1,1-1-9-10,0.00045372050816696913,0.9995462794918331,1102,
1,2,1,1,1-1-9-9,0.0024752475247524753,0.9975247524752475,202,
1,2,1,1,1-10-10-10,0.0,1.0,2685,DRAW
1,2,1,1,1-2-10-10,0.0004520795660036166,0.9995479204339964,3318,
1,2,1,1,1-2-2-10,0.011390744274809161,0.9886092557251909,1048,
1,2,1,1,1-2-2-2,0.5,0.5,205,
1,2,1,1,1-2-2-3,0.6240688189977097,0.3759311810022903,1190,
1,2,1,1,1-2-2-4,0.9579482439926063,0.04205175600739371,1082,
1,2,1,1,1-2-2-5,0.9838350055741361,0.016164994425863992,897,
1,2,1,1,1-2-2-6,0.9675340477356905,0.03246595226430951,979,
1,2,1,1,1-2-2-7,0.03396572827417381,0.9660342717258262,817,
1,2,1,1,1-2-2-8,0.03215077037904268,0.9678492296209572,744,
1,2,1,1,1-2-2-9,0.03349282296650718,0.9665071770334929,627,
1,2,1,1,1-2-3-10,0.01398301846690977,0.9860169815330903,2878,
1,2,1,1,1-2-3-3,0.941923076923077,0.058076923076923075,1300,
1,2,1,1,1-2-3-4,0.992832893247831,0.007167106752168993,2651,
1,2,1,1,1-2-3-5,0.5215472351990533,0.4784527648009467,2312,
1,2,1,1,1-2-3-6,0.45731887245548974,0.5426811275445103,2251,
1,2,1,1,1-2-3-7,0.1926933964774422,0.8073066035225578,2210,
1,2,1,1,1-2-3-8,0.04258962649945475,0.9574103735005453,1834,
1,2,1,1,1-2-3-9,0.02347751138802047,0.9765224886119795,1593,
1,2,1,1,1-2-4-10,0.0005206525511975009,0.9994793474488025,2881,
1,2,1,1,1-2-4-4,0.9975798644724104,0.002420135527589545,1033,
1,2,1,1,1-2-4-5,0.9779928674055829,0.022007132594417077,2436,
1,2,1,1,1-2-4-6,0.9565533703846812,0.04344662961531877,2311,
1,2,1,1,1-2-4-7,0.22730750093932195,0.7726924990606782,2239,
1,2,1,1,1-2-4-8,0.049253039863609266,0.9507469601363907,1944,
1,2,1,1,1-2-4-9,0.011705519027694754,0.9882944809723053,1673,
1,2,1,1,1-2-5-10,0.0005186721991701245,0.9994813278008299,2892,
1,2,1,1,1-2-5-5,0.8212482829046842,0.1787517170953158,906,
1,2,1,1,1-2-5-6,0.9460873768030758,0.05391262319692411,2238,
1,2,1,1,1-2-5-7,0.1260439036638291,0.873956096336171,2107,
1,2,1,1,1-2-5-8,0.008923668314113125,0.9910763316858868,1821,
1,2,1,1,1-2-5-9,0.03691561957944191,0.9630843804205581,1600,
1,2,1,1,1-2-6-10,0.0015795015795015794,0.9984204984204984,2849,
1,2,1,1,1-2-6-6,0.9690286392668553,0.030971360733144646,851,
1,2,1,1,1-2-6-7,0.004135892884362586,0.9958641071156374,2309,
1,2,1,1,1-2-6-8,0.0007180469123982767,0.9992819530876017,2089,
1,2,1,1,1-2-6-9,0.002309206541490006,0.99769079345851,1651,
1,2,1,1,1-2-7-10,0.0003419972640218878,0.9996580027359782,2924,
1,2,1,1,1-2-7-7,0.2963934724598603,0.7036065275401397,837,
1,2,1,1,1-2-7-8,0.0046977523384056944,0.9953022476615943,1976,
1,2,1,1,1-2-7-9,0.0045045045045045045,0.9954954954954955,1665,
1,2,1,1,1-2-8-10,0.0005241090146750524,0.999475890985325,2862,
1,2,1,1,1-2-8-8,0.02230441633858043,0.9776955836614196,760,
1,2,1,1,1-2-8-9,0.00030432136335970786,0.9996956786366403,1643,
1,2,1,1,1-2-9-10,0.007137415293315689,0.9928625847066843,2934,
1,2,1,1,1-2-9-9,0.0016051364365971107,0.9983948635634029,623,
1,2,1,1,1-3-10-10,0.001895628902765388,0.9981043710972346,3363,
1,2,1,1,1-3-3-10,0.0032228360957642726,0.9967771639042358,1086,
1,2,1,1,1-3-3-3,0.9898477157360406,0.01015228426395939,197,
1,2,1,1,1-3-3-4,0.9613881574328343,0.03861184256716561,1071,
1,2,1,1,1-3-3-5,0.8938886299831539,0.10611137001684608,892,
1,2,1,1,1-3-3-6,0.9076077881522924,0.09239221184770764,893,
1,2,1,1,1-3-3-7,0.9957055214723927,0.004294478527607362,815,
1,2,1,1,1-3-3-8,0.06807104473132038,0.9319289552686797,671,
1,2,1,1,1-3-3-9,0.0015527950310559005,0.9984472049689441,644,
1,2,1,1,1-3-4-10,0.000526685393258427,0.9994733146067416,2848,
1,2,1,1,1-3-4-4,0.9771622934888241,0.0228377065111759,1029,
1,2,1,1,1-3-4-5,0.9970542026708562,0.002945797329143755,2546,
1,2,1,1,1-3-4-6,0.9987024221453287,0.0012975778546712802,2312,
1,2,1,1,1-3-4-7,0.010738968633705475,0.9892610313662946,2090,
1,2,1,1,1-3-4-8,0.012521146005230948,0.987478853994769,2003,
1,2,1,1,1-3-4-9,0.00031036623215394165,0.999689633767846,1611,
1,2,1,1,1-3-5-10,0.0033216783216783222,0.9966783216783217,2860,
1,2,1,1,1-3-5-5,0.9554907969274548,0.04450920307254528,885,
1,2,1,1,1-3-5-6,0.9988972209969122,0.0011027790030877812,2267,
1,2,1,1,1-3-5-7,0.2573458731598268,0.7426541268401731,2121,
1,2,1,1,1-3-5-8,0.042431476987476395,0.9575685230125235,1808,
1,2,1,1,1-3-5-9,0.02111096376516304,0.9788890362348369,1547,
1,2,1,1,1-3-6-10,0.00016733601070950468,0.9998326639892905,2988,
1,2,1,1,1-3-6-6,0.9855071300314229,0.014492869968577158,881,
1,2,1,1,1-3-6-7,0.976640745659202,0.023359254340797907,2140,
1,2,1,1,1-3-6-8,0.09085961203244873,0.9091403879675513,1950,
1,2,1,1,1-3-6-9,0.000588235294117647,0.9994117647058823,1700,
1,2,1,1,1-3-7-10,0.0015641293013555788,0.9984358706986444,2877,
1,2,1,1,1-3-7-7,0.0006045949214026602,0.9993954050785974,827,
1,2,1,1,1-3-7-8,0.003140096618357488,0.9968599033816425,2070,
1,2,1,1,1-3-7-9,0.0021380574221136223,0.9978619425778864,1637,
1,2,1,1,1-3-8-10,0.0036367957978806907,0.9963632042021192,2847,
1,2,1,1,1-3-8-8,0.015779662225499765,0.9842203377745004,764,
1,2,1,1,1-3-8-9,0.011043126133098394,0.9889568738669016,1648,
1,2,1,1,1-3-9-10,0.0012676566461427019,0.9987323433538573,2761,
1,2,1,1,1-3-9-9,0.003389830508474576,0.9966101694915255,590,
1,2,1,1,1-4-10-10,0.00044776119402985075,0.9995522388059701,3350,
1,2,1,1,1-4-4-10,0.004830786026200873,0.9951692139737991,1145,
1,2,1,1,1-4-4-4,0.8129251700680272,0.1870748299319728,147,
1,2,1,1,1-4-4-5,0.9956989247311828,0.004301075268817204,930,
1,2,1,1,1-4-4-6,0.9470619746931301,0.05293802530686992,845,
1,2,1,1,1-4-4-7,0.9170697659688709,0.08293023403112906,829,
1,2,1,1,1-4-4-8,0.7781933676767042,0.22180663232329578,737,
1,2,1,1,1-4-4-9,0.06560761070762891,0.9343923892923712,559,
1,2,1,1,1-4-5-10,0.0008741258741258741,0.9991258741258742,2860,
1,2,1,1,1-4-5-5,0.5643514216595972,0.4356485783404028,940,
1,2,1,1,1-4-5-6,0.8299386026392804,0.17006139736071965,2179,
1,2,1,1,1-4-5-7,0.8124582427770051,0.18754175722299482,2146,
1,2,1,1,1-4-5-8,0.1893200076046168,0.8106799923953831,1806,
1,2,1,1,1-4-5-9,0.001556662515566625,0.9984433374844334,1606,
1,2,1,1,1-4-6-10,0.00140597539543058,0.9985940246045695,2845,
1,2,1,1,1-4-6-6,0.8780464067442265,0.12195359325577351,875,
1,2,1,1,1-4-6-7,0.9755310155319714,0.024468984468028733,2176,
1,2,1,1,1-4-6-8,0.010722093979047373,0.9892779060209527,1833,
1,2,1,1,1-4-6-9,0.004761865150716044,0.9952381348492839,1700,
1,2,1,1,1-4-7-10,0.001920391061452514,0.9980796089385475,2864,
1,2,1,1,1-4-7-7,0.17421404891410663,0.8257859510858934,853,
1,2,1,1,1-4-7-8,0.0003676680706718445,0.9996323319293281,2052,
1,2,1,1,1-4-7-9,0.0016790223135642983,0.9983209776864357,1703,
1,2,1,1,1-4-8-10,0.0012186629526462396,0.9987813370473537,2872,
1,2,1,1,1-4-8-8,0.015353805073431242,0.9846461949265688,749,
1,2,1,1,1-4-8-9,0.0032300420168067225,0.9967699579831932,1680,
1,2,1,1,1-4-9-10,0.0009535367545076283,0.9990464632454924,2884,
1,2,1,1,1-4-9-9,0.0008976660682226212,0.9991023339317774,557,
1,2,1,1,1-5-10-10,0.0,1.0,3297,DRAW
1,2,1,1,1-5-5-10,0.0009090909090909091,0.9990909090909091,1100,
1,2,1,1,1-5-5-5,0.9892086330935251,0.01079136690647482,139,
1,2,1,1,1-5-5-6,0.19256718146771307,0.807432818532287,823,
1,2,1,1,1-5-5-7,0.9500968433050926,0.04990315669490736,831,
1,2,1,1,1-5-5-8,0.13592749560824677,0.8640725043917533,714,
1,2,1,1,1-5-5-9,0.0030581039755351682,0.9969418960244648,654,
1,2,1,1,1-5-6-10,0.00035714285714285714,0.9996428571428572,2800,
1,2,1,1,1-5-6-6,0.2803911623489518,0.7196088376510482,823,
1,2,1,1,1-5-6-7,0.19251191995464786,0.8074880800453522,2132,
1,2,1,1,1-5-6-8,0.0005402485143165856,0.9994597514856834,1851,
1,2,1,1,1-5-6-9,0.01097244901421576,0.9890275509857842,1558,
1,2,1,1,1-5-7-10,0.0009440439409543426,0.9990559560590456,2913,
1,2,1,1,1-5-7-7,0.002170138888888889,0.9978298611111112,768,
1,2,1,1,1-5-7-8,0.0046703850547678265,0.9953296149452322,1941,
1,2,1,1,1-5-7-9,0.014882750675790897,0.9851172493242091,1679,
1,2,1,1,1-5-8-10,0.001222921034241789,0.9987770789657582,2862,
1,2,1,1,1-5-8-8,0.002890173410404624,0.9971098265895953,692,
1,2,1,1,1-5-8-9,0.0018018018018018018,0.9981981981981982,1665,
1,2,1,1,1-5-9-10,0.00018018018018018018,0.9998198198198198,2775,
1,2,1,1,1-5-9-9,0.00530035335689046,0.9946996466431095,566,
1,2,1,1,1-6-10-10,0.0,1.0,3465,DRAW
1,2,1,1,1-6-6-10,0.021674306624958395,0.9783256933750416,1140,
1,2,1,1,1-6-6-6,0.9651966766930506,0.034803323306949394,152,
1,2,1,1,1-6-6-7,0.11058958150073435,0.8894104184992656,779,
1,2,1,1,1-6-6-8,0.048654652936565124,0.9513453470634349,757,
1,2,1,1,1-6-6-9,0.0008361204013377926,0.9991638795986622,598,
1,2,1,1,1-6-7-10,0.0031990730461873766,0.9968009269538126,2867,
1,2,1,1,1-6-7-7,0.13338788531172852,0.8666121146882715,843,
1,2,1,1,1-6-7-8,0.0017482517482517483,0.9982517482517482,2002,
1,2,1,1,1-6-7-9,0.0012353304508956147,0.9987646695491044,1619,
1,2,1,1,1-6-8-10,0.0012182387747998607,0.9987817612252001,2873,
1,2,1,1,1-6-8-8,0.007554945054945055,0.992445054945055,728,
1,2,1,1,1-6-8-9,0.0009041591320072331,0.9990958408679927,1659,
1,2,1,1,1-6-9-10,0.0,1.0,2840,DRAW
1,2,1,1,1-6-9-9,0.00861043981218289,0.991389560187817,567,
1,2,1,1,1-7-10-10,0.0,1.0,3488,DRAW
1,2,1,1,1-7-7-10,0.0004803073967339097,0.9995196926032661,1041,
1,2,1,1,1-7-7-7,0.07612179487179485,0.9238782051282052,128,
1,2,1,1,1-7-7-8,0.0020242914979757085,0.9979757085020243,741,
1,2,1,1,1-7-7-9,0.003720238095238095,0.9962797619047619,672,
1,2,1,1,1-7-8-10,0.0,1.0,2928,DRAW
1,2,1,1,1-7-8-8,0.000708215297450425,0.9992917847025495,706,
1,2,1,1,1-7-8-9,0.0024676125848241827,0.9975323874151758,1621,
1,2,1,1,1-7-9-10,0.0,1.0,2767,DRAW
1,2,1,1,1-7-9-9,0.0,1.0,670,DRAW
1,2,1,1,1-8-10-10,0.0,1.0,3350,DRAW
1,2,1,1,1-8-8-10,0.0,1.0,1091,DRAW
1,2,1,1,1-8-8-8,0.029548835388530054,0.97045116461147,120,
1,2,1,1,1-8-8-9,0.0,1.0,636,DRAW
1,2,1,1,1-8-9-10,0.0,1.0,2795,DRAW
1,2,1,1,1-8-9-9,0.0,1.0,579,DRAW
1,2,1,1,1-9-10-10,0.0,1.0,3361,DRAW
1,2,1,1,1-9-9-10,0.0,1.0,1070,DRAW
1,2,1,1,1-9-9-9,0.0,1.0,98,DRAW
1,2,1,1,10-10-10-10,0.0,1.0,1680,DRAW
1,2,1,1,2-10-10-10,0.0,1.0,2696,DRAW
1,2,1,1,2-2-10-10,0.0012386457473162675,0.9987613542526838,1211,
1,2,1,1,2-2-2-10,0.13214345979999412,0.8678565402000058,194,
1,2,1,1,2-2-2-2,0.5,0.5,15,
1,2,1,1,2-2-2-3,0.7826295947085564,0.21737040529144352,186,
1,2,1,1,2-2-2-4,0.4421052631578947,0.5578947368421052,190,
1,2,1,1,2-2-2-5,0.3193733593362752,0.6806266406637249,174,
1,2,1,1,2-2-2-6,0.8767785585690226,0.12322144143097741,134,
1,2,1,1,2-2-2-7,0.9691780821917808,0.030821917808219176,146,
1,2,1,1,2-2-2-8,0.8705042334901033,0.1294957665098967,122,
1,2,1,1,2-2-2-9,0.08490566037735849,0.9150943396226415,106,
1,2,1,1,2-2-3-10,0.006731429355789509,0.9932685706442106,1064,
1,2,1,1,2-2-3-3,0.9707317073170731,0.02926829268292683,410,
1,2,1,1,2-2-3-4,0.5791490313811267,0.42085096861887333,1023,
1,2,1,1,2-2-3-5,0.8099891583223927,0.19001084167760732,872,
1,2,1,1,2-2-3-6,0.985773628754699,0.014226371245301057,827,
1,2,1,1,2-2-3-7,0.00777511961722488,0.9922248803827751,836,
1,2,1,1,2-2-3-8,0.11410380254756747,0.8858961974524325,648,
1,2,1,1,2-2-3-9,0.4093974299803968,0.5906025700196031,584,
1,2,1,1,2-2-4-10,0.0014272121788772598,0.9985727878211227,1051,
1,2,1,1,2-2-4-4,0.760535997317542,0.23946400268245804,385,
1,2,1,1,2-2-4-5,0.9255788985042487,0.07442110149575133,961,
1,2,1,1,2-2-4-6,0.9834158588012164,0.016584141198783625,997,
1,2,1,1,2-2-4-7,0.9959946595460614,0.004005340453938585,749,
1,2,1,1,2-2-4-8,0.6637623362645902,0.33623766373540975,715,
1,2,1,1,2-2-4-9,0.002542372881355932,0.997457627118644,590,
1,2,1,1,2-2-5-10,0.004400106476839632,0.9955998935231604,1098,
1,2,1,1,2-2-5-5,0.6177913203050678,0.38220867969493216,385,
1,2,1,1,2-2-5-6,0.9865931265773498,0.013406873422650215,846,
1,2,1,1,2-2-5-7,0.8154856405016419,0.18451435949835807,755,
1,2,1,1,2-2-5-8,0.15963126568013017,0.8403687343198698,662,
1,2,1,1,2-2-5-9,0.012309269833079088,0.9876907301669209,625,
1,2,1,1,2-2-6-10,0.006928533270018402,0.9930714667299816,991,
1,2,1,1,2-2-6-6,0.7406087313478601,0.25939126865213985,293,
1,2,1,1,2-2-6-7,0.03952077887255191,0.9604792211274481,842,
1,2,1,1,2-2-6-8,0.054866992963510414,0.9451330070364896,634,
1,2,1,1,2-2-6-9,0.003236245954692557,0.9967637540453075,618,
1,2,1,1,2-2-7-10,0.003925417075564278,0.9960745829244357,1019,
1,2,1,1,2-2-7-7,0.6076020016898309,0.3923979983101691,303,
1,2,1,1,2-2-7-8,0.008584756235957244,0.9914152437640428,702,
1,2,1,1,2-2-7-9,0.008870967741935484,0.9911290322580645,620,
1,2,1,1,2-2-8-10,0.004721435316336166,0.9952785646836638,1059,
1,2,1,1,2-2-8-8,0.8986235802423211,0.10137641975767882,270,
1,2,1,1,2-2-8-9,0.0008305647840531562,0.9991694352159468,602,
1,2,1,1,2-2-9-10,0.0014097744360902255,0.9985902255639098,1064,
1,2,1,1,2-2-9-9,0.004424778761061947,0.995575221238938,226,
1,2,1,1,2-3-10-10,0.00029967036260113877,0.9997003296373989,3337,
1,2,1,1,2-3-3-10,0.05216417629272104,0.9478358237072789,1056,
1,2,1,1,2-3-3-3,0.97953216374269,0.02046783625730994,171,
1,2,1,1,2-3-3-4,0.6758691670808774,0.32413083291912265,1084,
1,2,1,1,2-3-3-5,0.9995169082125603,0.0004830917874396135,1035,
1,2,1,1,2-3-3-6,0.21107181615230663,0.7889281838476934,930,
1,2,1,1,2-3-3-7,0.8798545930267363,0.12014540697326366,816,
1,2,1,1,2-3-3-8,0.047996618341446924,0.9520033816585531,774,
1,2,1,1,2-3-3-9,0.0045662100456621,0.9954337899543378,657,
1,2,1,1,2-3-4-10,0.0005442670537010159,0.999455732946299,2756,
1,2,1,1,2-3-4-4,0.9347905559371011,0.06520944406289883,962,
1,2,1,1,2-3-4-5,0.9905311052383498,0.009468894761650342,2427,
1,2,1,1,2-3-4-6,0.9671856998975873,0.03281430010241257,2164,
1,2,1,1,2-3-4-7,0.2586044414507833,0.7413955585492167,1969,
1,2,1,1,2-3-4-8,0.0025170041213055465,0.9974829958786944,1918,
1,2,1,1,2-3-4-9,0.0006180469715698393,0.9993819530284301,1618,
1,2,1,1,2-3-5-10,0.0040605737198105936,0.9959394262801894,2844,
1,2,1,1,2-3-5-5,0.47311912566178344,0.5268808743382165,912,
1,2,1,1,2-3-5-6,0.9895681199292725,0.010431880070727529,2332,
1,2,1,1,2-3-5-7,0.19083829972065722,0.8091617002793428,2149,
1,2,1,1,2-3-5-8,0.0009219118945126797,0.9990780881054874,1970,
1,2,1,1,2-3-5-9,0.00030156815440289503,0.9996984318455971,1658,
1,2,1,1,2-3-6-10,0.0017954551237686898,0.9982045448762312,2798,
1,2,1,1,2-3-6-6,0.9713193891617784,0.028680610838221578,800,
1,2,1,1,2-3-6-7,0.5311759066033759,0.46882409339662406,2119,
1,2,1,1,2-3-6-8,0.03007095199544175,0.9699290480045583,2087,
1,2,1,1,2-3-6-9,0.00719522202054958,0.9928047779794504,1624,
1,2,1,1,2-3-7-10,0.001652629211236629,0.9983473707887633,2858,
1,2,1,1,2-3-7-7,0.026386369719667933,0.9736136302803321,796,
1,2,1,1,2-3-7-8,0.010660347255161231,0.9893396527448387,2032,
1,2,1,1,2-3-7-9,0.00447771724893481,0.9955222827510652,1687,
1,2,1,1,2-3-8-10,0.0006884050793399234,0.9993115949206601,2824,
1,2,1,1,2-3-8-8,0.06191482977072949,0.9380851702292705,720,
1,2,1,1,2-3-8-9,0.0002875215641173088,0.9997124784358827,1739,
1,2,1,1,2-3-9-10,0.00017667844522968197,0.9998233215547703,2830,
1,2,1,1,2-3-9-9,0.01952777777777778,0.9804722222222222,600,
1,2,1,1,2-4-10-10,0.0,1.0,3310,DRAW
1,2,1,1,2-4-4-10,0.0042293233082706765,0.9957706766917294,1064,
1,2,1,1,2-4-4-4,0.9883040935672515,0.011695906432748537,171,
1,2,1,1,2-4-4-5,0.8584041540039105,0.1415958459960895,945,
1,2,1,1,2-4-4-6,0.8347788890780128,0.16522111092198727,784,
1,2,1,1,2-4-4-7,0.7901570721910403,0.2098429278089598,884,
1,2,1,1,2-4-4-8,0.5600552042274661,0.439944795772534,688,
1,2,1,1,2-4-4-9,0.1028735739943715,0.8971264260056285,647,
1,2,1,1,2-4-5-10,0.0032159472237368284,0.9967840527762631,3007,
1,2,1,1,2-4-5-5,0.9988700564971752,0.0011299435028248588,885,
1,2,1,1,2-4-5-6,0.9962448066474912,0.003755193352508788,2086,
1,2,1,1,2-4-5-7,0.9039268247003166,0.09607317529968337,2078,
1,2,1,1,2-4-5-8,0.12410406190530236,0.8758959380946976,1849,
1,2,1,1,2-4-5-9,0.0034842704278906064,0.9965157295721093,1540,
1,2,1,1,2-4-6-10,0.001015572105619499,0.9989844278943805,2954,
1,2,1,1,2-4-6-6,0.9335634495565516,0.06643655044344841,837,
1,2,1,1,2-4-6-7,0.54085706904318,0.4591429309568199,2187,
1,2,1,1,2-4-6-8,0.017827043864671214,0.9821729561353288,2009,
1,2,1,1,2-4-6-9,0.032323342805006816,0.9676766571949932,1515,
1,2,1,1,2-4-7-10,0.002974139319149699,0.9970258606808504,2969,
1,2,1,1,2-4-7-7,0.39321971327996696,0.6067802867200331,780,
1,2,1,1,2-4-7-8,0.011229440882813267,0.9887705591171868,1916,
1,2,1,1,2-4-7-9,0.0006349206349206349,0.9993650793650793,1575,
1,2,1,1,2-4-8-10,0.0005417118093174431,0.9994582881906826,2769,
1,2,1,1,2-4-8-8,0.10741977602968776,0.8925802239703122,763,
1,2,1,1,2-4-8-9,0.0008736167734420501,0.999126383226558,1717,
1,2,1,1,2-4-9-10,0.000693000693000693,0.9993069993069993,2886,
1,2,1,1,2-4-9-9,0.0008319467554076539,0.9991680532445923,601,
1,2,1,1,2-5-10-10,0.0,1.0,3284,DRAW
1,2,1,1,2-5-5-10,0.04701195475185281,0.9529880452481473,1062,
1,2,1,1,2-5-5-5,0.8626901766002715,0.13730982339972855,156,
1,2,1,1,2-5-5-6,0.9438938491339285,0.05610615086607159,769,
1,2,1,1,2-5-5-7,0.036561014624018964,0.963438985375981,782,
1,2,1,1,2-5-5-8,0.05835183719342338,0.9416481628065767,737,
1,2,1,1,2-5-5-9,0.0021961932650073207,0.9978038067349927,683,
1,2,1,1,2-5-6-10,0.0005221023320570832,0.9994778976679429,2873,
1,2,1,1,2-5-6-6,0.926421862406819,0.07357813759318105,862,
1,2,1,1,2-5-6-7,0.013288715872899665,0.9867112841271003,2137,
1,2,1,1,2-5-6-8,0.13583826431960752,0.8641617356803925,1989,
1,2,1,1,2-5-6-9,0.0033486346194600133,0.99665136538054,1717,
1,2,1,1,2-5-7-10,0.0008648411615669464,0.9991351588384331,2932,
1,2,1,1,2-5-7-7,0.24649576783458507,0.753504232165415,768,
1,2,1,1,2-5-7-8,0.011323891947850731,0.9886761080521492,2113,
1,2,1,1,2-5-7-9,0.007296009529481834,0.9927039904705182,1679,
1,2,1,1,2-5-8-10,0.00017433751743375174,0.9998256624825662,2868,
1,2,1,1,2-5-8-8,0.09625607271987552,0.9037439272801244,718,
1,2,1,1,2-5-8-9,0.0005980861244019139,0.9994019138755981,1672,
1,2,1,1,2-5-9-10,0.0,1.0,2882,DRAW
1,2,1,1,2-5-9-9,0.02307753982111677,0.9769224601788833,532,
1,2,1,1,2-6-10-10,0.0,1.0,3302,DRAW
1,2,1,1,2-6-6-10,0.009791195136022725,0.9902088048639773,1036,
1,2,1,1,2-6-6-6,0.6074479585852328,0.39255204141476724,134,
1,2,1,1,2-6-6-7,0.21672482596420173,0.7832751740357983,829,
1,2,1,1,2-6-6-8,0.0029455081001472753,0.9970544918998527,679,
1,2,1,1,2-6-6-9,0.01786509190972144,0.9821349080902785,642,
1,2,1,1,2-6-7-10,0.0011225266362252663,0.9988774733637747,2920,
1,2,1,1,2-6-7-7,0.13436433697108213,0.8656356630289178,773,
1,2,1,1,2-6-7-8,0.005455868089233754,0.9945441319107663,2062,
1,2,1,1,2-6-7-9,0.004811443433029908,0.99518855656697,1538,
1,2,1,1,2-6-8-10,0.0,1.0,2828,DRAW
1,2,1,1,2-6-8-8,0.11739299437599518,0.8826070056240048,727,
1,2,1,1,2-6-8-9,0.023239966615195253,0.9767600333848047,1689,
1,2,1,1,2-6-9-10,0.0,1.0,2833,DRAW
1,2,1,1,2-6-9-9,0.0,1.0,620,DRAW
1,2,1,1,2-7-10-10,0.0,1.0,3462,DRAW
1,2,1,1,2-7-7-10,0.0,1.0,1118,DRAW
1,2,1,1,2-7-7-7,0.48289071770958275,0.5171092822904173,111,
1,2,1,1,2-7-7-8,0.0050388175574798445,0.9949611824425201,788,
1,2,1,1,2-7-7-9,0.05839820794589669,0.9416017920541033,599,
1,2,1,1,2-7-8-10,0.0,1.0,2906,DRAW
1,2,1,1,2-7-8-8,0.0035112359550561797,0.9964887640449438,712,
1,2,1,1,2-7-8-9,0.0,1.0,1677,DRAW
1,2,1,1,2-7-9-10,0.0,1.0,2839,DRAW
1,2,1,1,2-7-9-9,0.0,1.0,583,DRAW
1,2,1,1,2-8-10-10,0.0,1.0,3335,DRAW
1,2,1,1,2-8-8-10,0.0,1.0,1068,DRAW
1,2,1,1,2-8-8-8,0.0,1.0,120,DRAW
1,2,1,1,2-8-8-9,0.0,1.0,612,DRAW
1,2,1,1,2-8-9-10,0.0,1.0,2914,DRAW
1,2,1,1,2-8-9-9,0.0,1.0,574,DRAW
1,2,1,1,2-9-10-10,0.0,1.0,3383,DRAW
1,2,1,1,2-9-9-10,0.0,1.0,1055,DRAW
1,2,1,1,2-9-9-9,0.0,1.0,106,DRAW
1,2,1,1,3-10-10-10,0.0,1.0,2666,DRAW
1,2,1,1,3-3-10-10,0.0,1.0,1310,DRAW
1,2,1,1,3-3-3-10,0.02465483234714004,0.9753451676528601,169,
1,2,1,1,3-3-3-3,0.5,0.5,6,
1,2,1,1,3-3-3-4,0.45722137194873413,0.5427786280512659,158,
1,2,1,1,3-3-3-5,0.9904458598726115,0.009554140127388535,157,
1,2,1,1,3-3-3-6,0.7517123287671232,0.2482876712328767,146,
1,2,1,1,3-3-3-7,0.9862068965517241,0.013793103448275862,145,
1,2,1,1,3-3-3-8,0.9035052530448076,0.09649474695519243,106,
1,2,1,1,3-3-3-9,0.9113227910095603,0.08867720899043981,90,
1,2,1,1,3-3-4-10,0.0014044943820224719,0.9985955056179775,1068,
1,2,1,1,3-3-4-4,0.8141809290953546,0.18581907090464547,409,
1,2,1,1,3-3-4-5,0.9740077603681461,0.025992239631853944,893,
1,2,1,1,3-3-4-6,0.8099740551754946,0.19002594482450538,775,
1,2,1,1,3-3-4-7,0.9907532381446784,0.009246761855321623,815,
1,2,1,1,3-3-4-8,0.021566031966359738,0.9784339680336402,741,
1,2,1,1,3-3-4-9,0.027265389421582135,0.9727346105784178,642,
1,2,1,1,3-3-5-10,0.026413769537818054,0.9735862304621818,1096,
1,2,1,1,3-3-5-5,0.5375675338632879,0.46243246613671196,320,
1,2,1,1,3-3-5-6,0.9853643124285273,0.014635687571472761,880,
1,2,1,1,3-3-5-7,0.0026917900403768506,0.9973082099596231,743,
1,2,1,1,3-3-5-8,0.10271492583721875,0.8972850741627811,705,
1,2,1,1,3-3-5-9,0.029322661414889834,0.9706773385851102,603,
1,2,1,1,3-3-6-10,0.0024724853482349734,0.997527514651765,1012,
1,2,1,1,3-3-6-6,0.9967320261437909,0.0032679738562091504,306,
1,2,1,1,3-3-6-7,0.24161415655270732,0.7583858434472928,758,
1,2,1,1,3-3-6-8,0.061327391654571684,0.9386726083454284,726,
1,2,1,1,3-3-6-9,0.018290962033981742,0.9817090379660184,594,
1,2,1,1,3-3-7-10,0.009179607643044256,0.9908203923569556,1096,
1,2,1,1,3-3-7-7,0.00530035335689046,0.9946996466431095,283,
1,2,1,1,3-3-7-8,0.10843971460142318,0.8915602853985768,763,
1,2,1,1,3-3-7-9,0.03417192800204962,0.9658280719979503,586,
1,2,1,1,3-3-8-10,0.0009319664492078285,0.9990680335507922,1073,
1,2,1,1,3-3-8-8,0.1493613441731123,0.8506386558268877,282,
1,2,1,1,3-3-8-9,0.0024875621890547263,0.9975124378109452,603,
1,2,1,1,3-3-9-10,0.0009624639076034649,0.9990375360923965,1039,
1,2,1,1,3-3-9-9,0.0673178676596949,0.9326821323403052,222,
1,2,1,1,3-4-10-10,0.0,1.0,3350,DRAW
1,2,1,1,3-4-4-10,0.01042545158982978,0.9895745484101702,1091,
1,2,1,1,3-4-4-4,0.7706582633053219,0.22934173669467794,136,
1,2,1,1,3-4-4-5,0.9225449065854932,0.0774550934145068,922,
1,2,1,1,3-4-4-6,0.9582689307197223,0.04173106928027759,830,
1,2,1,1,3-4-4-7,0.8112652460032371,0.18873475399676284,722,
1,2,1,1,3-4-4-8,0.05531309196875722,0.9446869080312428,703,
1,2,1,1,3-4-4-9,0.03523152920392882,0.9647684707960711,593,
1,2,1,1,3-4-5-10,0.000346860908775581,0.9996531390912244,2883,
1,2,1,1,3-4-5-5,0.975001343757803,0.02499865624219706,905,
1,2,1,1,3-4-5-6,0.9741403261667606,0.025859673833239366,2152,
1,2,1,1,3-4-5-7,0.8846136768229169,0.11538632317708312,2024,
1,2,1,1,3-4-5-8,0.005569585788177886,0.9944304142118221,1927,
1,2,1,1,3-4-5-9,0.012480284360919884,0.98751971563908,1774,
1,2,1,1,3-4-6-10,0.00017844396859386153,0.9998215560314061,2802,
1,2,1,1,3-4-6-6,0.9916167664670659,0.008383233532934131,835,
1,2,1,1,3-4-6-7,0.9138247227086005,0.08617527729139952,2057,
1,2,1,1,3-4-6-8,0.020698188085798565,0.9793018119142015,1714,
1,2,1,1,3-4-6-9,0.00104675505931612,0.9989532449406838,1433,
1,2,1,1,3-4-7-10,0.0022577283779089963,0.9977422716220911,2879,
1,2,1,1,3-4-7-7,0.10105460872859402,0.8989453912714059,778,
1,2,1,1,3-4-7-8,0.0025524673851389677,0.9974475326148611,1763,
1,2,1,1,3-4-7-9,0.0009129640900791236,0.9990870359099209,1643,
1,2,1,1,3-4-8-10,0.0055875991348233595,0.9944124008651767,2774,
1,2,1,1,3-4-8-8,0.011880308672309974,0.9881196913276901,701,
1,2,1,1,3-4-8-9,0.00030845157310302283,0.999691548426897,1621,
1,2,1,1,3-4-9-10,0.0,1.0,2824,DRAW
1,2,1,1,3-4-9-9,0.0033613445378151263,0.9966386554621849,595,
1,2,1,1,3-5-10-10,0.0,1.0,3262,DRAW
1,2,1,1,3-5-5-10,0.004608294930875576,0.9953917050691244,1085,
1,2,1,1,3-5-5-5,0.5658482569583867,0.4341517430416133,140,
1,2,1,1,3-5-5-6,0.9583032976768391,0.04169670232316093,828,
1,2,1,1,3-5-5-7,0.7281022655371606,0.27189773446283944,863,
1,2,1,1,3-5-5-8,0.06500099429004022,0.9349990057099599,719,
1,2,1,1,3-5-5-9,0.009151414309484194,0.9908485856905158,601,
1,2,1,1,3-5-6-10,0.006045149619255013,0.9939548503807449,2893,
1,2,1,1,3-5-6-6,0.9983240223463687,0.0016759776536312849,895,
1,2,1,1,3-5-6-7,0.9223407256484075,0.07765927435159249,2127,
1,2,1,1,3-5-6-8,0.002486493123772102,0.9975135068762279,2036,
1,2,1,1,3-5-6-9,0.010253027491307375,0.9897469725086926,1734,
1,2,1,1,3-5-7-10,0.00017605633802816902,0.9998239436619718,2840,
1,2,1,1,3-5-7-7,0.008375474083438686,0.9916245259165614,791,
1,2,1,1,3-5-7-8,0.0135344582767845,0.9864655417232154,2046,
1,2,1,1,3-5-7-9,0.0002965599051008304,0.9997034400948992,1686,
1,2,1,1,3-5-8-10,0.0,1.0,2962,DRAW
1,2,1,1,3-5-8-8,0.016946580331849457,0.9830534196681506,706,
1,2,1,1,3-5-8-9,0.003866745984533016,0.9961332540154669,1681,
1,2,1,1,3-5-9-10,0.0,1.0,2910,DRAW
1,2,1,1,3-5-9-9,0.0,1.0,540,DRAW
1,2,1,1,3-6-10-10,0.0,1.0,3377,DRAW
1,2,1,1,3-6-6-10,0.0009363295880149813,0.9990636704119851,1068,
1,2,1,1,3-6-6-6,0.9061570389573343,0.09384296104266567,147,
1,2,1,1,3-6-6-7,0.4305393612651055,0.5694606387348945,781,
1,2,1,1,3-6-6-8,0.031948577924677736,0.9680514220753222,767,
1,2,1,1,3-6-6-9,0.0427206621511462,0.9572793378488538,630,
1,2,1,1,3-6-7-10,0.0,1.0,2885,DRAW
1,2,1,1,3-6-7-7,0.05467209278755785,0.9453279072124422,845,
1,2,1,1,3-6-7-8,0.0007411067193675889,0.9992588932806324,2024,
1,2,1,1,3-6-7-9,0.0006269592476489029,0.9993730407523511,1595,
1,2,1,1,3-6-8-10,0.0,1.0,2873,DRAW
1,2,1,1,3-6-8-8,0.009435039117966044,0.990564960882034,696,
1,2,1,1,3-6-8-9,0.0,1.0,1649,DRAW
1,2,1,1,3-6-9-10,0.0,1.0,2887,DRAW
1,2,1,1,3-6-9-9,0.0,1.0,593,DRAW
1,2,1,1,3-7-10-10,0.0,1.0,3307,DRAW
1,2,1,1,3-7-7-10,0.0,1.0,1138,DRAW
1,2,1,1,3-7-7-7,0.43652204878785955,0.5634779512121405,145,
1,2,1,1,3-7-7-8,0.008238276299112801,0.9917617237008872,789,
1,2,1,1,3-7-7-9,0.0,1.0,613,DRAW
1,2,1,1,3-7-8-10,0.0,1.0,2842,DRAW
1,2,1,1,3-7-8-8,0.0,1.0,751,DRAW
1,2,1,1,3-7-8-9,0.0,1.0,1652,DRAW
1,2,1,1,3-7-9-10,0.0,1.0,2814,DRAW
1,2,1,1,3-7-9-9,0.0,1.0,565,DRAW
1,2,1,1,3-8-10-10,0.0,1.0,3357,DRAW
1,2,1,1,3-8-8-10,0.0,1.0,1068,DRAW
1,2,1,1,3-8-8-8,0.0,1.0,129,DRAW
1,2,1,1,3-8-8-9,0.0,1.0,625,DRAW
1,2,1,1,3-8-9-10,0.0,1.0,2812,DRAW
1,2,1,1,3-8-9-9,0.0,1.0,598,DRAW
1,2,1,1,3-9-10-10,0.0,1.0,3432,DRAW
1,2,1,1,3-9-9-10,0.0,1.0,1046,DRAW
1,2,1,1,3-9-9-9,0.0,1.0,89,DRAW
1,2,1,1,4-10-10-10,0.0,1.0,2680,DRAW
1,2,1,1,4-4-10-10,0.0,1.0,1297,DRAW
1,2,1,1,4-4-4-10,0.3186044141340725,0.6813955858659275,163,
1,2,1,1,4-4-4-4,0.75,0.25,18,
1,2,1,1,4-4-4-5,0.9970238095238095,0.002976190476190476,168,
1,2,1,1,4-4-4-6,0.8656716417910447,0.13432835820895522,134,
1,2,1,1,4-4-4-7,0.9396626795760968,0.06033732042390309,126,
1,2,1,1,4-4-4-8,0.6240378287806131,0.3759621712193869,109,
1,2,1,1,4-4-4-9,0.1378658753714784,0.8621341246285216,107,
1,2,1,1,4-4-5-10,0.03416511194029851,0.9658348880597015,1072,
1,2,1,1,4-4-5-5,0.9902234636871509,0.009776536312849162,358,
1,2,1,1,4-4-5-6,0.9927956620768716,0.007204337923128443,852,
1,2,1,1,4-4-5-7,0.9947368421052631,0.005263157894736842,855,
1,2,1,1,4-4-5-8,0.0012804097311139564,0.998719590268886,781,
1,2,1,1,4-4-5-9,0.027254816112084062,0.972745183887916,571,
1,2,1,1,4-4-6-10,0.03200462358374983,0.9679953764162501,1044,
1,2,1,1,4-4-6-6,0.996875,0.003125,320,
1,2,1,1,4-4-6-7,0.6432346878393077,0.35676531216069224,803,
1,2,1,1,4-4-6-8,0.34129950605011605,0.658700493949884,698,
1,2,1,1,4-4-6-9,0.11766448462157221,0.8823355153784278,612,
1,2,1,1,4-4-7-10,0.010984969022672188,0.9890150309773279,1054,
1,2,1,1,4-4-7-7,0.2291199487127081,0.7708800512872919,292,
1,2,1,1,4-4-7-8,0.05236821656554545,0.9476317834344545,784,
1,2,1,1,4-4-7-9,0.019753607240802194,0.9802463927591979,618,
1,2,1,1,4-4-8-10,0.0,1.0,1092,DRAW
1,2,1,1,4-4-8-8,0.0685312833926742,0.9314687166073259,247,
1,2,1,1,4-4-8-9,0.0008445945945945946,0.9991554054054054,592,
1,2,1,1,4-4-9-10,0.0,1.0,1137,DRAW
1,2,1,1,4-4-9-9,0.0,1.0,222,DRAW
1,2,1,1,4-5-10-10,0.0,1.0,3294,DRAW
1,2,1,1,4-5-5-10,0.1648065585672071,0.835193441432793,1037,
1,2,1,1,4-5-5-5,0.9798850574712644,0.020114942528735632,174,
1,2,1,1,4-5-5-6,0.996998799519808,0.003001200480192077,833,
1,2,1,1,4-5-5-7,0.9787234042553191,0.02127659574468085,799,
1,2,1,1,4-5-5-8,0.5333146626936562,0.46668533730634376,714,
1,2,1,1,4-5-5-9,0.018747010641919578,0.9812529893580805,616,
1,2,1,1,4-5-6-10,0.0001768033946251768,0.9998231966053748,2828,
1,2,1,1,4-5-6-6,0.9519069637599866,0.04809303624001342,806,
1,2,1,1,4-5-6-7,0.8177056202759866,0.18229437972401336,2067,
1,2,1,1,4-5-6-8,0.01124388241464762,0.9887561175853524,1809,
1,2,1,1,4-5-6-9,0.014171276254783644,0.9858287237452164,1623,
1,2,1,1,4-5-7-10,0.0,1.0,2922,DRAW
1,2,1,1,4-5-7-7,0.27628045761372216,0.7237195423862779,756,
1,2,1,1,4-5-7-8,0.0011720581340834506,0.9988279418659165,2133,
1,2,1,1,4-5-7-9,0.01024971735533799,0.989750282644662,1635,
1,2,1,1,4-5-8-10,0.0,1.0,2877,DRAW
1,2,1,1,4-5-8-8,0.002183406113537118,0.9978165938864629,687,
1,2,1,1,4-5-8-9,0.0,1.0,1655,DRAW
1,2,1,1,4-5-9-10,0.0,1.0,2898,DRAW
1,2,1,1,4-5-9-9,0.0,1.0,629,DRAW
1,2,1,1,4-6-10-10,0.0,1.0,3406,DRAW
1,2,1,1,4-6-6-10,0.0,1.0,1051,DRAW
1,2,1,1,4-6-6-6,0.8970959533004481,0.10290404669955193,160,
1,2,1,1,4-6-6-7,0.0025175658411949685,0.997482434158805,795,
1,2,1,1,4-6-6-8,0.02529776230441881,0.9747022376955813,748,
1,2,1,1,4-6-6-9,0.08072671080959111,0.9192732891904088,668,
1,2,1,1,4-6-7-10,0.0,1.0,2850,DRAW
1,2,1,1,4-6-7-7,0.7145680211479941,0.2854319788520059,862,
1,2,1,1,4-6-7-8,0.000502008032128514,0.9994979919678715,1992,
1,2,1,1,4-6-7-9,0.0,1.0,1696,DRAW
1,2,1,1,4-6-8-10,0.0,1.0,2716,DRAW
1,2,1,1,4-6-8-8,0.0,1.0,702,DRAW
1,2,1,1,4-6-8-9,0.0,1.0,1578,DRAW
1,2,1,1,4-6-9-10,0.0,1.0,2762,DRAW
1,2,1,1,4-6-9-9,0.0,1.0,597,DRAW
1,2,1,1,4-7-10-10,0.0,1.0,3360,DRAW
1,2,1,1,4-7-7-10,0.0,1.0,1012,DRAW
1,2,1,1,4-7-7-7,0.0070921985815602835,0.9929078014184397,141,
1,2,1,1,4-7-7-8,0.0,1.0,766,DRAW
1,2,1,1,4-7-7-9,0.0,1.0,609,DRAW
1,2,1,1,4-7-8-10,0.0,1.0,2804,DRAW
1,2,1,1,4-7-8-8,0.0,1.0,728,DRAW
1,2,1,1,4-7-8-9,0.0,1.0,1634,DRAW
1,2,1,1,4-7-9-10,0.0,1.0,2851,DRAW
1,2,1,1,4-7-9-9,0.0,1.0,574,DRAW
1,2,1,1,4-8-10-10,0.0,1.0,3371,DRAW
1,2,1,1,4-8-8-10,0.0,1.0,1087,DRAW
1,2,1,1,4-8-8-8,0.0,1.0,98,DRAW
1,2,1,1,4-8-8-9,0.0,1.0,638,DRAW
1,2,1,1,4-8-9-10,0.0,1.0,2911,DRAW
1,2,1,1,4-8-9-9,0.0,1.0,572,DRAW
1,2,1,1,4-9-10-10,0.0,1.0,3327,DRAW
1,2,1,1,4-9-9-10,0.0,1.0,1145,DRAW
1,2,1,1,4-9-9-9,0.0,1.0,102,DRAW
1,2,1,1,5-10-10-10,0.0,1.0,2714,DRAW
1,2,1,1,5-5-10-10,0.0,1.0,1287,DRAW
1,2,1,1,5-5-5-10,0.0026455026455026454,0.9973544973544973,189,
1,2,1,1,5-5-5-5,0.9479487228544858,0.05205127714551414,10,
1,2,1,1,5-5-5-6,0.9106962445094057,0.0893037554905943,133,
1,2,1,1,5-5-5-7,0.30456523503744676,0.6954347649625533,156,
1,2,1,1,5-5-5-8,0.6633983162096547,0.3366016837903453,127,
1,2,1,1,5-5-5-9,0.30720356719288605,0.6927964328071139,106,
1,2,1,1,5-5-6-10,0.0,1.0,1068,DRAW
1,2,1,1,5-5-6-6,0.7402679955688121,0.25973200443118794,282,
1,2,1,1,5-5-6-7,0.1000746555607096,0.8999253444392904,856,
1,2,1,1,5-5-6-8,0.0014705882352941176,0.9985294117647059,680,
1,2,1,1,5-5-6-9,0.032236191227248114,0.9677638087727519,545,
1,2,1,1,5-5-7-10,0.0,1.0,1052,DRAW
1,2,1,1,5-5-7-7,0.0018248175182481751,0.9981751824817519,274,
1,2,1,1,5-5-7-8,0.05349663244493227,0.9465033675550677,697,
1,2,1,1,5-5-7-9,0.0,1.0,617,DRAW
1,2,1,1,5-5-8-10,0.0,1.0,1063,DRAW
1,2,1,1,5-5-8-8,0.0,1.0,299,DRAW
1,2,1,1,5-5-8-9,0.0,1.0,616,DRAW
1,2,1,1,5-5-9-10,0.0,1.0,1096,DRAW
1,2,1,1,5-5-9-9,0.0,1.0,216,DRAW
1,2,1,1,5-6-10-10,0.0,1.0,3419,DRAW
1,2,1,1,5-6-6-10,0.0,1.0,1101,DRAW
1,2,1,1,5-6-6-6,0.8513135474339124,0.14868645256608762,140,
1,2,1,1,5-6-6-7,0.07524238809832129,0.9247576119016787,826,
1,2,1,1,5-6-6-8,0.0007042253521126761,0.9992957746478873,710,
1,2,1,1,5-6-6-9,0.0,1.0,608,DRAW
1,2,1,1,5-6-7-10,0.0,1.0,2867,DRAW
1,2,1,1,5-6-7-7,0.07139718480170476,0.9286028151982952,749,
1,2,1,1,5-6-7-8,0.0,1.0,2052,DRAW
1,2,1,1,5-6-7-9,0.0,1.0,1686,DRAW
1,2,1,1,5-6-8-10,0.0,1.0,2830,DRAW
1,2,1,1,5-6-8-8,0.0,1.0,691,DRAW
1,2,1,1,5-6-8-9,0.0,1.0,1694,DRAW
1,2,1,1,5-6-9-10,0.0,1.0,2950,DRAW
1,2,1,1,5-6-9-9,0.0,1.0,607,DRAW
1,2,1,1,5-7-10-10,0.0,1.0,3379,DRAW
1,2,1,1,5-7-7-10,0.0,1.0,1040,DRAW
1,2,1,1,5-7-7-7,0.0,1.0,165,DRAW
1,2,1,1,5-7-7-8,0.0,1.0,810,DRAW
1,2,1,1,5-7-7-9,0.0,1.0,566,DRAW
1,2,1,1,5-7-8-10,0.0,1.0,2829,DRAW
1,2,1,1,5-7-8-8,0.0,1.0,716,DRAW
1,2,1,1,5-7-8-9,0.0,1.0,1630,DRAW
1,2,1,1,5-7-9-10,0.0,1.0,2840,DRAW
1,2,1,1,5-7-9-9,0.0,1.0,602,DRAW
1,2,1,1,5-8-10-10,0.0,1.0,3295,DRAW
1,2,1,1,5-8-8-10,0.0,1.0,1030,DRAW
1,2,1,1,5-8-8-8,0.0,1.0,122,DRAW
1,2,1,1,5-8-8-9,0.0,1.0,591,DRAW
1,2,1,1,5-8-9-10,0.0,1.0,2837,DRAW
1,2,1,1,5-8-9-9,0.0,1.0,594,DRAW
1,2,1,1,5-9-10-10,0.0,1.0,3296,DRAW
1,2,1,1,5-9-9-10,0.0,1.0,1060,DRAW
1,2,1,1,5-9-9-9,0.0,1.0,91,DRAW
1,2,1,1,6-10-10-10,0.0,1.0,2735,DRAW
1,2,1,1,6-6-10-10,0.0,1.0,1287,DRAW
1,2,1,1,6-6-6-10,0.0,1.0,182,DRAW
1,2,1,1,6-6-6-6,0.8888888888888888,0.1111111111111111,9,
1,2,1,1,6-6-6-7,0.7332888764346168,0.26671112356538307,150,
1,2,1,1,6-6-6-8,0.0,1.0,146,DRAW
1,2,1,1,6-6-6-9,0.0,1.0,121,DRAW
1,2,1,1,6-6-7-10,0.0,1.0,1095,DRAW
1,2,1,1,6-6-7-7,0.0,1.0,338,DRAW
1,2,1,1,6-6-7-8,0.0,1.0,791,DRAW
1,2,1,1,6-6-7-9,0.0,1.0,558,DRAW
1,2,1,1,6-6-8-10,0.0,1.0,990,DRAW
1,2,1,1,6-6-8-8,0.0,1.0,271,DRAW
1,2,1,1,6-6-8-9,0.0,1.0,633,DRAW
1,2,1,1,6-6-9-10,0.0,1.0,1098,DRAW
1,2,1,1,6-6-9-9,0.0,1.0,233,DRAW
1,2,1,1,6-7-10-10,0.0,1.0,3346,DRAW
1,2,1,1,6-7-7-10,0.0,1.0,1063,DRAW
1,2,1,1,6-7-7-7,0.0,1.0,168,DRAW
1,2,1,1,6-7-7-8,0.0,1.0,751,DRAW
1,2,1,1,6-7-7-9,0.0,1.0,646,DRAW
1,2,1,1,6-7-8-10,0.0,1.0,2966,DRAW
1,2,1,1,6-7-8-8,0.0,1.0,791,DRAW
1,2,1,1,6-7-8-9,0.0,1.0,1793,DRAW
1,2,1,1,6-7-9-10,0.0,1.0,2697,DRAW
1,2,1,1,6-7-9-9,0.0,1.0,548,DRAW
1,2,1,1,6-8-10-10,0.0,1.0,3416,DRAW
1,2,1,1,6-8-8-10,0.0,1.0,1040,DRAW
1,2,1,1,6-8-8-8,0.0,1.0,106,DRAW
1,2,1,1,6-8-8-9,0.0,1.0,616,DRAW
1,2,1,1,6-8-9-10,0.0,1.0,2761,DRAW
1,2,1,1,6-8-9-9,0.0,1.0,614,DRAW
1,2,1,1,6-9-10-10,0.0,1.0,3271,DRAW
1,2,1,1,6-9-9-10,0.0,1.0,1028,DRAW
1,2,1,1,6-9-9-9,0.0,1.0,91,DRAW
1,2,1,1,7-10-10-10,0.0,1.0,2648,DRAW
1,2,1,1,7-7-10-10,0.0,1.0,1263,DRAW
1,2,1,1,7-7-7-10,0.0,1.0,183,DRAW
1,2,1,1,7-7-7-7,0.0,1.0,12,DRAW
1,2,1,1,7-7-7-8,0.0,1.0,137,DRAW
1,2,1,1,7-7-7-9,0.0,1.0,91,DRAW
1,2,1,1,7-7-8-10,0.0,1.0,1064,DRAW
1,2,1,1,7-7-8-8,0.0,1.0,279,DRAW
1,2,1,1,7-7-8-9,0.0,1.0,618,DRAW
1,2,1,1,7-7-9-10,0.0,1.0,1048,DRAW
1,2,1,1,7-7-9-9,0.0,1.0,202,DRAW
1,2,1,1,7-8-10-10,0.0,1.0,3363,DRAW
1,2,1,1,7-8-8-10,0.0,1.0,1074,DRAW
1,2,1,1,7-8-8-8,0.0,1.0,131,DRAW
1,2,1,1,7-8-8-9,0.0,1.0,629,DRAW
1,2,1,1,7-8-9-10,0.0,1.0,2797,DRAW
1,2,1,1,7-8-9-9,0.0,1.0,623,DRAW
1,2,1,1,7-9-10-10,0.0,1.0,3221,DRAW
1,2,1,1,7-9-9-10,0.0,1.0,1050,DRAW
1,2,1,1,7-9-9-9,0.0,1.0,87,DRAW
1,2,1,1,8-10-10-10,0.0,1.0,2634,DRAW
1,2,1,1,8-8-10-10,0.0,1.0,1218,DRAW
1,2,1,1,8-8-8-10,0.0,1.0,197,DRAW
1,2,1,1,8-8-8-8,0.0,1.0,7,DRAW
1,2,1,1,8-8-8-9,0.0,1.0,111,DRAW
1,2,1,1,8-8-9-10,0.0,1.0,1091,DRAW
1,2,1,1,8-8-9-9,0.0,1.0,232,DRAW
1,2,1,1,8-9-10-10,0.0,1.0,3354,DRAW
1,2,1,1,8-9-9-10,0.0,1.0,1059,DRAW
1,2,1,1,8-9-9-9,0.0,1.0,101,DRAW
1,2,1,1,9-10-10-10,0.0,1.0,2684,DRAW
1,2,1,1,9-9-10-10,0.0,1.0,1248,DRAW
1,2,1,1,9-9-9-10,0.0,1.0,166,DRAW
1,2,1,1,9-9-9-9,0.0,1.0,8,DRAW
1,4,2,2,1-1-1-1,1.0,0.0,25,STOP
1,4,2,2,1-1-1-10,0.005813953488372093,0.9941860465116279,86,
1,4,2,2,1-1-1-2,1.0,0.0,329,STOP
1,4,2,2,1-1-1-3,1.0,0.0,299,STOP
1,4,2,2,1-1-1-4,0.5,0.5,344,
1,4,2,2,1-1-1-5,0.8947368421052632,0.10526315789473684,304,
1,4,2,2,1-1-1-6,0.5,0.5,221,
1,4,2,2,1-1-1-7,0.0910152093093657,0.9089847906906343,186,
1,4,2,2,1-1-1-8,0.052,0.948,125,
1,4,2,2,1-1-1-9,0.08333333333333333,0.9166666666666666,96,
1,4,2,2,1-1-10-10,0.003976143141153081,0.9960238568588469,503,
1,4,2,2,1-1-2-10,0.003389830508474576,0.9966101694915255,590,
1,4,2,2,1-1-2-2,0.5,0.5,1077,
1,4,2,2,1-1-2-3,0.05953827460510328,0.9404617253948967,2469,
1,4,2,2,1-1-2-4,0.6437600213575917,0.35623997864240836,2064,
1,4,2,2,1-1-2-5,0.9496950642608494,0.05030493573915052,1777,
1,4,2,2,1-1-2-6,0.20841446447085543,0.7915855355291446,1456,
1,4,2,2,1-1-2-7,0.0172543135783946,0.9827456864216054,1333,
1,4,2,2,1-1-2-8,0.03058863358032671,0.9694113664196733,966,
1,4,2,2,1-1-2-9,0.025513907399065627,0.9744860926009343,635,
1,4,2,2,1-1-3-10,0.0017123287671232876,0.9982876712328768,584,
1,4,2,2,1-1-3-3,0.8385359620299379,0.1614640379700622,913,
1,4,2,2,1-1-3-4,0.4559127951228237,0.5440872048771762,2111,
1,4,2,2,1-1-3-5,0.3954704765826087,0.6045295234173912,1788,
1,4,2,2,1-1-3-6,0.9486692368345236,0.051330763165476405,1424,
1,4,2,2,1-1-3-7,0.17500242062756663,0.8249975793724333,1175,
1,4,2,2,1-1-3-8,0.002244668911335578,0.9977553310886644,891,
1,4,2,2,1-1-3-9,0.005775577557755775,0.9942244224422442,606,
1,4,2,2,1-1-4-10,0.007413509060955519,0.9925864909390445,607,
1,4,2,2,1-1-4-4,0.8919658771310598,0.10803412286894026,731,
1,4,2,2,1-1-4-5,0.8569456027904764,0.14305439720952368,1584,
1,4,2,2,1-1-4-6,0.4996226210076016,0.5003773789923984,1353,
1,4,2,2,1-1-4-7,0.010156840567246072,0.9898431594327539,1100,
1,4,2,2,1-1-4-8,0.035811340998702056,0.9641886590012979,901,
1,4,2,2,1-1-4-9,0.027205882352941187,0.9727941176470588,612,
1,4,2,2,1-1-5-10,0.002654867256637168,0.9973451327433628,565,
1,4,2,2,1-1-5-5,0.9968895800933126,0.003110419906687403,643,
1,4,2,2,1-1-5-6,0.004623513870541612,0.9953764861294584,1514,
1,4,2,2,1-1-5-7,0.02357698502450225,0.9764230149754978,1233,
1,4,2,2,1-1-5-8,0.06880754995583452,0.9311924500441654,890,
1,4,2,2,1-1-5-9,0.004159733777038269,0.9958402662229617,601,
1,4,2,2,1-1-6-10,0.006482982171799027,0.993517017828201,617,
1,4,2,2,1-1-6-6,0.09421807125415281,0.9057819287458473,522,
1,4,2,2,1-1-6-7,0.0064786585365853655,0.9935213414634146,1312,
1,4,2,2,1-1-6-8,0.0005102040816326531,0.9994897959183674,980,
1,4,2,2,1-1-6-9,0.0058823529411764705,0.9941176470588236,595,
1,4,2,2,1-1-7-10,0.00234009360374415,0.9976599063962559,641,
1,4,2,2,1-1-7-7,0.04794998222683242,0.9520500177731676,486,
1,4,2,2,1-1-7-8,0.001540041067761807,0.9984599589322382,974,
1,4,2,2,1-1-7-9,0.008857454776903546,0.9911425452230964,607,
1,4,2,2,1-1-8-10,0.0024390243902439024,0.9975609756097561,615,
1,4,2,2,1-1-8-8,0.07440576466699923,0.9255942353330008,356,
1,4,2,2,1-1-8-9,0.0007331378299120235,0.999266862170088,682,
1,4,2,2,1-1-9-10,0.005681818181818182,0.9943181818181818,616,
1,4,2,2,1-1-9-9,0.007731958762886598,0.9922680412371134,194,
1,4,2,2,1-10-10-10,0.0,1.0,850,DRAW
1,4,2,2,1-2-10-10,0.001855976243504083,0.9981440237564959,1347,
1,4,2,2,1-2-2-10,0.038789939519673036,0.9612100604803269,593,
1,4,2,2,1-2-2-2,0.8247422680412371,0.17525773195876287,485,
1,4,2,2,1-2-2-3,0.641370388345677,0.3586296116543231,2507,
1,4,2,2,1-2-2-4,0.7929899439405281,0.2070100560594719,1959,
1,4,2,2,1-2-2-5,0.8537888268338687,0.1462111731661313,1655,
1,4,2,2,1-2-2-6,0.8909738519215635,0.10902614807843644,1386,
1,4,2,2,1-2-2-7,0.37914418912025616,0.6208558108797438,1243,
1,4,2,2,1-2-2-8,0.014285714285714285,0.9857142857142858,910,
1,4,2,2,1-2-2-9,0.011275567273889422,0.9887244327261107,596,
1,4,2,2,1-2-3-10,0.00029726516052318666,0.9997027348394768,1682,
1,4,2,2,1-2-3-3,0.9808043709786499,0.019195629021350056,2266,
1,4,2,2,1-2-3-4,0.9427866905750117,0.05721330942498829,5178,
1,4,2,2,1-2-3-5,0.954621574524753,0.045378425475247064,4593,
1,4,2,2,1-2-3-6,0.15801005354831418,0.8419899464516858,3969,
1,4,2,2,1-2-3-7,0.0007301401869158878,0.9992698598130841,3424,
1,4,2,2,1-2-3-8,0.003854625550660793,0.9961453744493393,2497,
1,4,2,2,1-2-3-9,0.0015556938394523958,0.9984443061605476,1607,
1,4,2,2,1-2-4-10,0.0015015015015015015,0.9984984984984985,1665,
1,4,2,2,1-2-4-4,0.8540875437789838,0.14591245622101626,1826,
1,4,2,2,1-2-4-5,0.7470081842422512,0.25299181575774876,4256,
1,4,2,2,1-2-4-6,0.9832828525563531,0.016717147443646985,3605,
1,4,2,2,1-2-4-7,0.0088888863269187,0.9911111136730812,3416,
1,4,2,2,1-2-4-8,0.00019692792437967703,0.9998030720756204,2539,
1,4,2,2,1-2-4-9,0.0014236902050113896,0.9985763097949886,1756,
1,4,2,2,1-2-5-10,0.0061745852187028655,0.993825414781297,1768,
1,4,2,2,1-2-5-5,0.7415708313737412,0.25842916862625875,1660,
1,4,2,2,1-2-5-6,0.9872747367090494,0.012725263290950545,3791,
1,4,2,2,1-2-5-7,0.004790261461641651,0.9952097385383584,3291,
1,4,2,2,1-2-5-8,0.00019661816751867872,0.9998033818324813,2543,
1,4,2,2,1-2-5-9,0.004342431761786601,0.9956575682382134,1612,
1,4,2,2,1-2-6-10,0.0021916092673763305,0.9978083907326236,1597,
1,4,2,2,1-2-6-6,0.10912288190232314,0.8908771180976769,1383,
1,4,2,2,1-2-6-7,0.002481324265436934,0.9975186757345631,3534,
1,4,2,2,1-2-6-8,0.01875404624479459,0.9812459537552055,2529,
1,4,2,2,1-2-6-9,0.009580991313234534,0.9904190086867656,1648,
1,4,2,2,1-2-7-10,0.0003022974607013301,0.9996977025392987,1654,
1,4,2,2,1-2-7-7,0.08148495371172187,0.9185150462882781,1150,
1,4,2,2,1-2-7-8,0.002901669274908711,0.9970983307250914,2556,
1,4,2,2,1-2-7-9,0.009026356020848789,0.9909736439791512,1653,
1,4,2,2,1-2-8-10,0.0006349206349206349,0.9993650793650793,1575,
1,4,2,2,1-2-8-8,0.020675219554362977,0.9793247804456371,869,
1,4,2,2,1-2-8-9,0.0020196212235995725,0.9979803787764003,1697,
1,4,2,2,1-2-9-10,0.0008880994671403197,0.9991119005328597,1689,
1,4,2,2,1-2-9-9,0.00403069153069153,0.9959693084693085,572,
1,4,2,2,1-3-10-10,0.000757002271006813,0.9992429977289932,1321,
1,4,2,2,1-3-3-10,0.0023328149300155523,0.9976671850699844,643,
1,4,2,2,1-3-3-3,0.9918300653594772,0.008169934640522876,306,
1,4,2,2,1-3-3-4,0.9733152476302572,0.026684752369742784,1920,
1,4,2,2,1-3-3-5,0.9947335811648079,0.005266418835192069,1614,
1,4,2,2,1-3-3-6,0.534710575529089,0.4652894244709111,1365,
1,4,2,2,1-3-3-7,0.12039977949581292,0.879600220504187,1082,
1,4,2,2,1-3-3-8,0.03461424149976676,0.9653857585002332,928,
1,4,2,2,1-3-3-9,0.004709576138147566,0.9952904238618524,637,
1,4,2,2,1-3-4-10,0.020770131539206343,0.9792298684607936,1615,
1,4,2,2,1-3-4-4,0.9424583620444065,0.057541637955593555,1842,
1,4,2,2,1-3-4-5,0.9949828962371722,0.005017103762827822,4385,
1,4,2,2,1-3-4-6,0.7287638498059222,0.2712361501940777,3567,
1,4,2,2,1-3-4-7,0.001526141913243321,0.9984738580867567,3481,
1,4,2,2,1-3-4-8,0.02247073805044422,0.9775292619495557,2531,
1,4,2,2,1-3-4-9,0.002094554159186116,0.9979054458408139,1671,
1,4,2,2,1-3-5-10,0.0006273525721455458,0.9993726474278545,1594,
1,4,2,2,1-3-5-5,0.9375168580745517,0.06248314192544841,1548,
1,4,2,2,1-3-5-6,0.6970366848986792,0.30296331510132074,3554,
1,4,2,2,1-3-5-7,0.0009101941747572816,0.9990898058252428,3296,
1,4,2,2,1-3-5-8,0.0044507908144248735,0.9955492091855752,2408,
1,4,2,2,1-3-5-9,0.0006293266205160479,0.9993706733794839,1589,
1,4,2,2,1-3-6-10,0.0005701254275940707,0.999429874572406,1754,
1,4,2,2,1-3-6-6,0.14995785646403878,0.8500421435359612,1294,
1,4,2,2,1-3-6-7,0.06280070580079072,0.9371992941992093,2875,
1,4,2,2,1-3-6-8,0.00020161290322580645,0.9997983870967742,2480,
1,4,2,2,1-3-6-9,0.0005813953488372093,0.9994186046511628,1720,
1,4,2,2,1-3-7-10,0.0009219422249539029,0.9990780577750461,1627,
1,4,2,2,1-3-7-7,0.0008326394671107411,0.9991673605328892,1201,
1,4,2,2,1-3-7-8,0.0021284829721362228,0.9978715170278638,2584,
1,4,2,2,1-3-7-9,0.004730928444707274,0.9952690715552928,1691,
1,4,2,2,1-3-8-10,0.0009140767824497258,0.9990859232175503,1641,
1,4,2,2,1-3-8-8,0.0017045454545454545,0.9982954545454545,880,
1,4,2,2,1-3-8-9,0.00030303030303030303,0.9996969696969698,1650,
1,4,2,2,1-3-9-10,0.0009487666034155598,0.9990512333965844,1581,
1,4,2,2,1-3-9-9,0.0027829313543599257,0.9972170686456401,539,
1,4,2,2,1-4-10-10,0.004524886877828055,0.995475113122172,1326,
1,4,2,2,1-4-4-10,0.027508542141650164,0.9724914578583499,642,
1,4,2,2,1-4-4-4,0.9851884036106328,0.014811596389367193,279,
1,4,2,2,1-4-4-5,0.9987121699935608,0.00128783000643915,1553,
1,4,2,2,1-4-4-6,0.7795640020130893,0.2204359979869108,1319,
1,4,2,2,1-4-4-7,0.35325259520275964,0.6467474047972404,1059,
1,4,2,2,1-4-4-8,0.04513913975660756,0.9548608602433925,799,
1,4,2,2,1-4-4-9,0.0016366612111292963,0.9983633387888707,611,
1,4,2,2,1-4-5-10,0.0009236453201970443,0.9990763546798029,1624,
1,4,2,2,1-4-5-5,0.9970106985525488,0.0029893014474512273,1589,
1,4,2,2,1-4-5-6,0.7241593226701271,0.275840677329873,3510,
1,4,2,2,1-4-5-7,0.03150865078384274,0.9684913492161572,2990,
1,4,2,2,1-4-5-8,0.0022264631043256997,0.9977735368956743,2358,
1,4,2,2,1-4-5-9,0.001199040767386091,0.9988009592326139,1668,
1,4,2,2,1-4-6-10,0.001841620626151013,0.998158379373849,1629,
1,4,2,2,1-4-6-6,0.810122670499938,0.189877329500062,1324,
1,4,2,2,1-4-6-7,0.007257122564645565,0.9927428774353544,2813,
1,4,2,2,1-4-6-8,0.001599360255897641,0.9984006397441023,2501,
1,4,2,2,1-4-6-9,0.0018181818181818182,0.9981818181818182,1650,
1,4,2,2,1-4-7-10,0.007687576875768758,0.9923124231242313,1626,
1,4,2,2,1-4-7-7,0.0017006802721088435,0.9982993197278912,1176,
1,4,2,2,1-4-7-8,0.0008116883116883117,0.9991883116883117,2464,
1,4,2,2,1-4-7-9,0.0030358227079538553,0.9969641772920461,1647,
1,4,2,2,1-4-8-10,0.003374233128834356,0.9966257668711657,1630,
1,4,2,2,1-4-8-8,0.005847953216374269,0.9941520467836257,855,
1,4,2,2,1-4-8-9,0.0002958579881656805,0.9997041420118343,1690,
1,4,2,2,1-4-9-10,0.00031665611146295124,0.9996833438885371,1579,
1,4,2,2,1-4-9-9,0.019553072625698324,0.9804469273743017,537,
1,4,2,2,1-5-10-10,0.0,1.0,1261,DRAW
1,4,2,2,1-5-5-10,0.0016233766233766235,0.9983766233766234,616,
1,4,2,2,1-5-5-5,0.9846153846153847,0.015384615384615385,260,
1,4,2,2,1-5-5-6,0.278257497643266,0.7217425023567341,1532,
1,4,2,2,1-5-5-7,0.12170184660732776,0.8782981533926721,1100,
1,4,2,2,1-5-5-8,0.038297475832513195,0.9617025241674868,962,
1,4,2,2,1-5-5-9,0.00703125,0.99296875,640,
1,4,2,2,1-5-6-10,0.0006238303181534623,0.9993761696818465,1603,
1,4,2,2,1-5-6-6,0.26213692866537436,0.7378630713346256,1433,
1,4,2,2,1-5-6-7,0.005437054842472153,0.9945629451575279,3313,
1,4,2,2,1-5-6-8,0.001004016064257028,0.998995983935743,2490,
1,4,2,2,1-5-6-9,0.0006257822277847309,0.9993742177722152,1598,
1,4,2,2,1-5-7-10,0.0020455873758036236,0.9979544126241964,1711,
1,4,2,2,1-5-7-7,0.003503709810387469,0.9964962901896125,1213,
1,4,2,2,1-5-7-8,0.00040032025620496394,0.999599679743795,2498,
1,4,2,2,1-5-7-9,0.0030656039239730227,0.996934396076027,1631,
1,4,2,2,1-5-8-10,0.0009702457956015524,0.9990297542043984,1546,
1,4,2,2,1-5-8-8,0.0005980861244019139,0.9994019138755981,836,
1,4,2,2,1-5-8-9,0.0014934289127837516,0.9985065710872163,1674,
1,4,2,2,1-5-9-10,0.00029976019184652276,0.9997002398081535,1668,
1,4,2,2,1-5-9-9,0.00603448275862069,0.9939655172413793,580,
1,4,2,2,1-6-10-10,0.0,1.0,1365,DRAW
1,4,2,2,1-6-6-10,0.003548895899053628,0.9964511041009464,634,
1,4,2,2,1-6-6-6,0.30501400094572295,0.694985999054277,215,
1,4,2,2,1-6-6-7,0.0007751937984496124,0.9992248062015504,1290,
1,4,2,2,1-6-6-8,0.0010330578512396695,0.9989669421487604,968,
1,4,2,2,1-6-6-9,0.0015723270440251573,0.9984276729559748,636,
1,4,2,2,1-6-7-10,0.002851140456182473,0.9971488595438175,1666,
1,4,2,2,1-6-7-7,0.0016233766233766235,0.9983766233766234,1232,
1,4,2,2,1-6-7-8,0.002096273291925466,0.9979037267080745,2576,
1,4,2,2,1-6-7-9,0.0012487512487512488,0.9987512487512488,1716,
1,4,2,2,1-6-8-10,0.0015664160401002505,0.9984335839598998,1596,
1,4,2,2,1-6-8-8,0.015589244851258581,0.9844107551487414,874,
1,4,2,2,1-6-8-9,0.005344418052256532,0.9946555819477435,1684,
1,4,2,2,1-6-9-10,0.0,1.0,1579,DRAW
1,4,2,2,1-6-9-9,0.0008818342151675485,0.9991181657848325,567,
1,4,2,2,1-7-10-10,0.0,1.0,1323,DRAW
1,4,2,2,1-7-7-10,0.005667038275733929,0.994332961724266,598,
1,4,2,2,1-7-7-7,0.058900523560209424,0.9410994764397905,191,
1,4,2,2,1-7-7-8,0.00404040404040404,0.9959595959595959,990,
1,4,2,2,1-7-7-9,0.0037821482602118004,0.9962178517397882,661,
1,4,2,2,1-7-8-10,0.0,1.0,1639,DRAW
1,4,2,2,1-7-8-8,0.015146539543839078,0.984853460456161,899,
1,4,2,2,1-7-8-9,0.00391566265060241,0.9960843373493976,1660,
1,4,2,2,1-7-9-10,0.0,1.0,1557,DRAW
1,4,2,2,1-7-9-9,0.0,1.0,602,DRAW
1,4,2,2,1-8-10-10,0.0,1.0,1244,DRAW
1,4,2,2,1-8-8-10,0.0,1.0,593,DRAW
1,4,2,2,1-8-8-8,0.007142857142857143,0.9928571428571429,140,
1,4,2,2,1-8-8-9,0.0,1.0,654,DRAW
1,4,2,2,1-8-9-10,0.0,1.0,1608,DRAW
1,4,2,2,1-8-9-9,0.0,1.0,581,DRAW
1,4,2,2,1-9-10-10,0.0,1.0,1289,DRAW
1,4,2,2,1-9-9-10,0.0,1.0,594,DRAW
1,4,2,2,1-9-9-9,0.0,1.0,76,DRAW
1,4,2,2,10-10-10-10,0.0,1.0,382,DRAW
1,4,2,2,2-10-10-10,0.0,1.0,721,DRAW
1,4,2,2,2-2-10-10,0.011111111111111112,0.9888888888888889,495,
1,4,2,2,2-2-2-10,0.019861392832995272,0.9801386071670047,116,
1,4,2,2,2-2-2-2,0.9861111111111112,0.013888888888888888,36,
1,4,2,2,2-2-2-3,0.7477484634133246,0.2522515365866755,382,
1,4,2,2,2-2-2-4,0.9852507374631269,0.014749262536873156,339,
1,4,2,2,2-2-2-5,0.810154778310257,0.18984522168974308,295,
1,4,2,2,2-2-2-6,0.6795054647278445,0.32049453527215555,239,
1,4,2,2,2-2-2-7,0.020971302428256074,0.979028697571744,151,
1,4,2,2,2-2-2-8,0.06601450258381186,0.9339854974161881,122,
1,4,2,2,2-2-2-9,0.051459219908500116,0.9485407800914999,112,
1,4,2,2,2-2-3-10,0.03544973314009185,0.9645502668599082,578,
1,4,2,2,2-2-3-3,0.969047619047619,0.030952380952380953,840,
1,4,2,2,2-2-3-4,0.9240223211911887,0.07597767880881137,2010,
1,4,2,2,2-2-3-5,0.9907738069586921,0.009226193041307925,1651,
1,4,2,2,2-2-3-6,0.8192233649620685,0.18077663503793157,1404,
1,4,2,2,2-2-3-7,0.001203852327447833,0.9987961476725522,1246,
1,4,2,2,2-2-3-8,0.11910098815305646,0.8808990118469434,829,
1,4,2,2,2-2-3-9,0.0017605633802816902,0.9982394366197183,568,
1,4,2,2,2-2-4-10,0.015563270999474235,0.9844367290005258,565,
1,4,2,2,2-2-4-4,0.8251191587828948,0.17488084121710512,686,
1,4,2,2,2-2-4-5,0.9595200361202141,0.04047996387978594,1597,
1,4,2,2,2-2-4-6,0.7839152935642317,0.21608470643576824,1337,
1,4,2,2,2-2-4-7,0.3775335359302542,0.6224664640697458,1032,
1,4,2,2,2-2-4-8,0.06213770149035162,0.9378622985096484,832,
1,4,2,2,2-2-4-9,0.057030809693061374,0.9429691903069387,578,
1,4,2,2,2-2-5-10,0.004201680672268907,0.9957983193277311,595,
1,4,2,2,2-2-5-5,0.9743609874046557,0.025639012595344207,584,
1,4,2,2,2-2-5-6,0.8694063674726065,0.13059363252739356,1408,
1,4,2,2,2-2-5-7,0.15330070939624266,0.8466992906037574,1090,
1,4,2,2,2-2-5-8,0.004049204034040113,0.9959507959659599,903,
1,4,2,2,2-2-5-9,0.015658557063958092,0.984341442936042,645,
1,4,2,2,2-2-6-10,0.0025466893039049238,0.9974533106960951,589,
1,4,2,2,2-2-6-6,0.8874579517981063,0.11254204820189369,504,
1,4,2,2,2-2-6-7,0.0003961965134706815,0.9996038034865293,1262,
1,4,2,2,2-2-6-8,0.05450878556181433,0.9454912144381857,903,
1,4,2,2,2-2-6-9,0.004784688995215311,0.9952153110047847,627,
1,4,2,2,2-2-7-10,0.001658374792703151,0.9983416252072969,603,
1,4,2,2,2-2-7-7,0.04852210249314613,0.9514778975068539,409,
1,4,2,2,2-2-7-8,0.0026483050847457626,0.9973516949152542,944,
1,4,2,2,2-2-7-9,0.001589825119236884,0.9984101748807631,629,
1,4,2,2,2-2-8-10,0.035381265763488386,0.9646187342365117,618,
1,4,2,2,2-2-8-8,0.0775632830506231,0.9224367169493769,243,
1,4,2,2,2-2-8-9,0.002411575562700965,0.997588424437299,622,
1,4,2,2,2-2-9-10,0.0008333333333333334,0.9991666666666666,600,
1,4,2,2,2-2-9-9,0.007425742574257425,0.9925742574257426,202,
1,4,2,2,2-3-10-10,0.001568627450980392,0.9984313725490196,1275,
1,4,2,2,2-3-3-10,0.0031446540880503146,0.9968553459119497,636,
1,4,2,2,2-3-3-3,0.4256795543716479,0.5743204456283522,377,
1,4,2,2,2-3-3-4,0.9984837720544638,0.0015162279455361318,2058,
1,4,2,2,2-3-3-5,0.9927375676856821,0.007262432314317889,1630,
1,4,2,2,2-3-3-6,0.974820751796725,0.025179248203275092,1522,
1,4,2,2,2-3-3-7,0.04786152059642466,0.9521384794035753,1105,
1,4,2,2,2-3-3-8,0.00932315431222218,0.9906768456877778,1003,
1,4,2,2,2-3-3-9,0.0007751937984496124,0.9992248062015504,645,
1,4,2,2,2-3-4-10,0.000625,0.999375,1600,
1,4,2,2,2-3-4-4,0.9753456335479066,0.024654366452093346,1884,
1,4,2,2,2-3-4-5,0.9660424454912675,0.033957554508732495,4377,
1,4,2,2,2-3-4-6,0.9563391126687053,0.043660887331294654,3582,
1,4,2,2,2-3-4-7,0.004379941176181323,0.9956200588238187,3128,
1,4,2,2,2-3-4-8,0.011992778094233625,0.9880072219057664,2534,
1,4,2,2,2-3-4-9,0.0026692444994740397,0.997330755500526,1618,
1,4,2,2,2-3-5-10,0.0005896226415094339,0.9994103773584906,1696,
1,4,2,2,2-3-5-5,0.9973591549295775,0.002640845070422535,1704,
1,4,2,2,2-3-5-6,0.9151878973500193,0.08481210264998078,3595,
1,4,2,2,2-3-5-7,0.005558127818953809,0.9944418721810462,3369,
1,4,2,2,2-3-5-8,0.001439867239359625,0.9985601327606404,2561,
1,4,2,2,2-3-5-9,0.0008939213349225268,0.9991060786650775,1678,
1,4,2,2,2-3-6-10,0.0006215040397762585,0.9993784959602238,1609,
1,4,2,2,2-3-6-6,0.13825097558481925,0.8617490244151808,1318,
1,4,2,2,2-3-6-7,0.0003123048094940662,0.9996876951905059,3202,
1,4,2,2,2-3-6-8,0.0010573618821041503,0.998942638117896,2522,
1,4,2,2,2-3-6-9,0.0013619854721549636,0.9986380145278451,1652,
1,4,2,2,2-3-7-10,0.00030432136335970786,0.9996956786366403,1643,
1,4,2,2,2-3-7-7,0.0012468827930174563,0.9987531172069826,1203,
1,4,2,2,2-3-7-8,0.003694147926247838,0.9963058520737521,2595,
1,4,2,2,2-3-7-9,0.0011933174224343676,0.9988066825775657,1676,
1,4,2,2,2-3-8-10,0.0031565656565656565,0.9968434343434344,1584,
1,4,2,2,2-3-8-8,0.023986185383244207,0.9760138146167557,850,
1,4,2,2,2-3-8-9,0.0015328019619865114,0.9984671980380135,1631,
1,4,2,2,2-3-9-10,0.0029925891260945492,0.9970074108739054,1596,
1,4,2,2,2-3-9-9,0.018441055319102215,0.9815589446808978,617,
1,4,2,2,2-4-10-10,0.0,1.0,1392,DRAW
1,4,2,2,2-4-4-10,0.0008532423208191126,0.9991467576791809,586,
1,4,2,2,2-4-4-4,0.9967105263157895,0.003289473684210526,304,
1,4,2,2,2-4-4-5,0.9873944818918098,0.01260551810819025,1610,
1,4,2,2,2-4-4-6,0.9522059094316122,0.04779409056838776,1340,
1,4,2,2,2-4-4-7,0.4210617428430099,0.5789382571569901,1108,
1,4,2,2,2-4-4-8,0.05472282669828648,0.9452771733017135,883,
1,4,2,2,2-4-4-9,0.0031669350509930224,0.9968330649490069,621,
1,4,2,2,2-4-5-10,0.014927654426773648,0.9850723455732264,1626,
1,4,2,2,2-4-5-5,0.9502595013691811,0.0497404986308188,1509,
1,4,2,2,2-4-5-6,0.994878867083204,0.0051211329167959166,3609,
1,4,2,2,2-4-5-7,0.1661471414261574,0.8338528585738425,2887,
1,4,2,2,2-4-5-8,0.0008213552361396304,0.9991786447638604,2435,
1,4,2,2,2-4-5-9,0.00030321406913280777,0.9996967859308672,1649,
1,4,2,2,2-4-6-10,0.0022109040398194234,0.9977890959601806,1630,
1,4,2,2,2-4-6-6,0.6444824984554699,0.35551750154453005,1379,
1,4,2,2,2-4-6-7,0.00015903307888040714,0.9998409669211196,3144,
1,4,2,2,2-4-6-8,0.0014271663323465805,0.9985728336676534,2466,
1,4,2,2,2-4-6-9,0.0002979737783075089,0.9997020262216925,1678,
1,4,2,2,2-4-7-10,0.002445226917057903,0.997554773082942,1704,
1,4,2,2,2-4-7-7,0.011936515167069757,0.9880634848329302,1160,
1,4,2,2,2-4-7-8,0.00019928258270227183,0.9998007174172977,2509,
1,4,2,2,2-4-7-9,0.0009019843656043296,0.9990980156343957,1663,
1,4,2,2,2-4-8-10,0.0009375,0.9990625,1600,
1,4,2,2,2-4-8-8,0.0011376564277588168,0.9988623435722411,879,
1,4,2,2,2-4-8-9,0.0014819205690574985,0.9985180794309425,1687,
1,4,2,2,2-4-9-10,0.00031665611146295124,0.9996833438885371,1579,
1,4,2,2,2-4-9-9,0.0016891891891891893,0.9983108108108109,592,
1,4,2,2,2-5-10-10,0.0,1.0,1287,DRAW
1,4,2,2,2-5-5-10,0.01122900624308853,0.9887709937569115,571,
1,4,2,2,2-5-5-5,0.99800796812749,0.00199203187250996,251,
1,4,2,2,2-5-5-6,0.7032605292435017,0.2967394707564982,1335,
1,4,2,2,2-5-5-7,0.0007818608287724785,0.9992181391712275,1279,
1,4,2,2,2-5-5-8,0.039923159376695855,0.9600768406233042,953,
1,4,2,2,2-5-5-9,0.015939597427564768,0.9840604025724352,650,
1,4,2,2,2-5-6-10,0.0006184291898577613,0.9993815708101422,1617,
1,4,2,2,2-5-6-6,0.001422475106685633,0.9985775248933144,1406,
1,4,2,2,2-5-6-7,0.004875650093168017,0.9951243499068321,3443,
1,4,2,2,2-5-6-8,0.00039872408293460925,0.9996012759170654,2508,
1,4,2,2,2-5-6-9,0.0023606871216432968,0.9976393128783567,1757,
1,4,2,2,2-5-7-10,0.0006024096385542169,0.9993975903614458,1660,
1,4,2,2,2-5-7-7,0.007341201100519012,0.9926587988994809,1169,
1,4,2,2,2-5-7-8,0.0041385183902072865,0.9958614816097926,2510,
1,4,2,2,2-5-7-9,0.0003013863773357444,0.9996986136226642,1659,
1,4,2,2,2-5-8-10,0.0003132832080200501,0.99968671679198,1596,
1,4,2,2,2-5-8-8,0.0005820721769499418,0.9994179278230501,859,
1,4,2,2,2-5-8-9,0.00974542238611337,0.9902545776138866,1662,
1,4,2,2,2-5-9-10,0.0,1.0,1661,DRAW
1,4,2,2,2-5-9-9,0.0009578544061302681,0.9990421455938697,522,
1,4,2,2,2-6-10-10,0.0,1.0,1276,DRAW
1,4,2,2,2-6-6-10,0.01507723346757613,0.9849227665324238,604,
1,4,2,2,2-6-6-6,0.23167317055418002,0.76832682944582,247,
1,4,2,2,2-6-6-7,0.0020491803278688526,0.9979508196721312,1220,
1,4,2,2,2-6-6-8,0.008369330453563716,0.9916306695464363,926,
1,4,2,2,2-6-6-9,0.0030627871362940277,0.996937212863706,653,
1,4,2,2,2-6-7-10,0.0421902001906089,0.9578097998093911,1702,
1,4,2,2,2-6-7-7,0.0026261216149231683,0.9973738783850769,1191,
1,4,2,2,2-6-7-8,0.0005880047040376323,0.9994119952959624,2551,
1,4,2,2,2-6-7-9,0.000315059861373661,0.9996849401386263,1587,
1,4,2,2,2-6-8-10,0.0,1.0,1624,DRAW
1,4,2,2,2-6-8-8,0.00245398773006135,0.9975460122699387,815,
1,4,2,2,2-6-8-9,0.0005844535359438924,0.9994155464640561,1711,
1,4,2,2,2-6-9-10,0.0,1.0,1633,DRAW
1,4,2,2,2-6-9-9,0.0,1.0,565,DRAW
1,4,2,2,2-7-10-10,0.0,1.0,1301,DRAW
1,4,2,2,2-7-7-10,0.0,1.0,638,DRAW
1,4,2,2,2-7-7-7,0.0029069767441860465,0.997093023255814,172,
1,4,2,2,2-7-7-8,0.01650269768999768,0.9834973023100023,935,
1,4,2,2,2-7-7-9,0.0008431703204047217,0.9991568296795953,593,
1,4,2,2,2-7-8-10,0.0,1.0,1673,DRAW
1,4,2,2,2-7-8-8,0.0035587188612099642,0.99644128113879,843,
1,4,2,2,2-7-8-9,0.0,1.0,1717,DRAW
1,4,2,2,2-7-9-10,0.0,1.0,1644,DRAW
1,4,2,2,2-7-9-9,0.0,1.0,538,DRAW
1,4,2,2,2-8-10-10,0.0,1.0,1292,DRAW
1,4,2,2,2-8-8-10,0.0,1.0,619,DRAW
1,4,2,2,2-8-8-8,0.0,1.0,150,DRAW
1,4,2,2,2-8-8-9,0.0,1.0,657,DRAW
1,4,2,2,2-8-9-10,0.0,1.0,1616,DRAW
1,4,2,2,2-8-9-9,0.0,1.0,574,DRAW
1,4,2,2,2-9-10-10,0.0,1.0,1314,DRAW
1,4,2,2,2-9-9-10,0.0,1.0,587,DRAW
1,4,2,2,2-9-9-9,0.0,1.0,82,DRAW
1,4,2,2,3-10-10-10,0.0,1.0,772,DRAW
1,4,2,2,3-3-10-10,0.0,1.0,492,DRAW
1,4,2,2,3-3-3-10,0.07834305420631324,0.9216569457936867,87,
1,4,2,2,3-3-3-3,0.8125,0.1875,16,
1,4,2,2,3-3-3-4,0.9984567901234568,0.0015432098765432098,324,
1,4,2,2,3-3-3-5,0.9980916030534351,0.0019083969465648854,262,
1,4,2,2,3-3-3-6,0.9930875576036866,0.0069124423963133645,217,
1,4,2,2,3-3-3-7,0.5295008172882119,0.4704991827117882,170,
1,4,2,2,3-3-3-8,0.3692044862440922,0.6307955137559078,124,
1,4,2,2,3-3-3-9,0.18995811548835065,0.8100418845116494,81,
1,4,2,2,3-3-4-10,0.01088764715395733,0.9891123528460427,692,
1,4,2,2,3-3-4-4,0.9024695479388538,0.09753045206114623,739,
1,4,2,2,3-3-4-5,0.9581351393836239,0.04186486061637599,1623,
1,4,2,2,3-3-4-6,0.7625570788747031,0.23744292112529675,1251,
1,4,2,2,3-3-4-7,0.04294813099762459,0.9570518690023755,1094,
1,4,2,2,3-3-4-8,0.010476854679269948,0.98952314532073,919,
1,4,2,2,3-3-4-9,0.0008143322475570033,0.999185667752443,614,
1,4,2,2,3-3-5-10,0.00424865831842576,0.9957513416815742,559,
1,4,2,2,3-3-5-5,0.9847597953910247,0.015240204608975372,602,
1,4,2,2,3-3-5-6,0.791108740062726,0.208891259937274,1342,
1,4,2,2,3-3-5-7,0.4709914686741205,0.5290085313258794,1240,
1,4,2,2,3-3-5-8,0.19651931144853943,0.8034806885514606,900,
1,4,2,2,3-3-5-9,0.08450080218658075,0.9154991978134193,633,
1,4,2,2,3-3-6-10,0.0008741258741258741,0.9991258741258742,572,
1,4,2,2,3-3-6-6,0.578807851327506,0.4211921486724941,521,
1,4,2,2,3-3-6-7,0.008711078212942258,0.9912889217870576,1223,
1,4,2,2,3-3-6-8,0.010978431665785831,0.9890215683342142,942,
1,4,2,2,3-3-6-9,0.0007692307692307692,0.9992307692307693,650,
1,4,2,2,3-3-7-10,0.003355704697986577,0.9966442953020134,596,
1,4,2,2,3-3-7-7,0.05115210893345092,0.9488478910665491,448,
1,4,2,2,3-3-7-8,0.02771059943411069,0.9722894005658893,959,
1,4,2,2,3-3-7-9,0.023786436740737472,0.9762135632592625,605,
1,4,2,2,3-3-8-10,0.0008210180623973727,0.9991789819376026,609,
1,4,2,2,3-3-8-8,0.07419121475600197,0.925808785243998,325,
1,4,2,2,3-3-8-9,0.003246753246753247,0.9967532467532467,616,
1,4,2,2,3-3-9-10,0.0024193548387096775,0.9975806451612903,620,
1,4,2,2,3-3-9-9,0.020086083213773316,0.9799139167862266,205,
1,4,2,2,3-4-10-10,0.0,1.0,1307,DRAW
1,4,2,2,3-4-4-10,0.016785630551663926,0.9832143694483362,615,
1,4,2,2,3-4-4-4,0.9900990099009901,0.009900990099009901,303,
1,4,2,2,3-4-4-5,0.9996782496782497,0.00032175032175032174,1554,
1,4,2,2,3-4-4-6,0.9591987304519204,0.04080126954807962,1258,
1,4,2,2,3-4-4-7,0.15465538056167263,0.8453446194383274,1105,
1,4,2,2,3-4-4-8,0.0005512679162072767,0.9994487320837927,907,
1,4,2,2,3-4-4-9,0.01616743164619832,0.9838325683538016,613,
1,4,2,2,3-4-5-10,0.007561132561132561,0.9924388674388674,1554,
1,4,2,2,3-4-5-5,0.9911516587048612,0.00884834129513888,1479,
1,4,2,2,3-4-5-6,0.975954554160581,0.02404544583941899,3371,
1,4,2,2,3-4-5-7,0.0010224948875255625,0.9989775051124744,2934,
1,4,2,2,3-4-5-8,0.00019638648860958367,0.9998036135113905,2546,
1,4,2,2,3-4-5-9,0.006390005743825387,0.9936099942561746,1741,
1,4,2,2,3-4-6-10,0.0006138735420503376,0.9993861264579497,1629,
1,4,2,2,3-4-6-6,0.7899094659501766,0.2100905340498234,1328,
1,4,2,2,3-4-6-7,0.0016688918558077437,0.9983311081441922,2996,
1,4,2,2,3-4-6-8,0.0031725888324873096,0.9968274111675127,2364,
1,4,2,2,3-4-6-9,0.029602822523153556,0.9703971774768464,1593,
1,4,2,2,3-4-7-10,0.0015432098765432098,0.9984567901234568,1620,
1,4,2,2,3-4-7-7,0.0008223684210526315,0.9991776315789473,1216,
1,4,2,2,3-4-7-8,0.0059616937522320185,0.994038306247768,2442,
1,4,2,2,3-4-7-9,0.0008823529411764706,0.9991176470588236,1700,
1,4,2,2,3-4-8-10,0.0019267822736030828,0.9980732177263969,1557,
1,4,2,2,3-4-8-8,0.002178649237472767,0.9978213507625272,918,
1,4,2,2,3-4-8-9,0.0023823704586063135,0.9976176295413937,1679,
1,4,2,2,3-4-9-10,0.0,1.0,1643,DRAW
1,4,2,2,3-4-9-9,0.01883264097356753,0.9811673590264325,578,
1,4,2,2,3-5-10-10,0.0,1.0,1282,DRAW
1,4,2,2,3-5-5-10,0.013599701670166414,0.9864002983298337,640,
1,4,2,2,3-5-5-5,0.9872881355932204,0.012711864406779662,236,
1,4,2,2,3-5-5-6,0.7955975952163635,0.20440240478363647,1350,
1,4,2,2,3-5-5-7,0.30988716664143034,0.6901128333585697,1200,
1,4,2,2,3-5-5-8,0.004960420709443395,0.9950395792905566,933,
1,4,2,2,3-5-5-9,0.003125,0.996875,640,
1,4,2,2,3-5-6-10,0.0005773672055427252,0.9994226327944573,1732,
1,4,2,2,3-5-6-6,0.014949252517876795,0.9850507474821232,1272,
1,4,2,2,3-5-6-7,0.006646709243651962,0.993353290756348,2986,
1,4,2,2,3-5-6-8,0.058903834591697596,0.9410961654083023,2615,
1,4,2,2,3-5-6-9,0.003956155632984901,0.9960438443670151,1722,
1,4,2,2,3-5-7-10,0.00030084235860409147,0.9996991576413959,1662,
1,4,2,2,3-5-7-7,0.0022485690923957483,0.9977514309076042,1223,
1,4,2,2,3-5-7-8,0.00039416633819471815,0.9996058336618053,2537,
1,4,2,2,3-5-7-9,0.0032934131736526945,0.9967065868263473,1670,
1,4,2,2,3-5-8-10,0.0,1.0,1645,DRAW
1,4,2,2,3-5-8-8,0.0022123893805309734,0.9977876106194691,904,
1,4,2,2,3-5-8-9,0.0008807985907222549,0.9991192014092778,1703,
1,4,2,2,3-5-9-10,0.0,1.0,1652,DRAW
1,4,2,2,3-5-9-9,0.0,1.0,562,DRAW
1,4,2,2,3-6-10-10,0.0,1.0,1315,DRAW
1,4,2,2,3-6-6-10,0.0025466893039049238,0.9974533106960951,589,
1,4,2,2,3-6-6-6,0.04207934437876804,0.957920655621232,201,
1,4,2,2,3-6-6-7,0.023884858394453534,0.9761151416055464,1196,
1,4,2,2,3-6-6-8,0.02364972834771494,0.9763502716522852,894,
1,4,2,2,3-6-6-9,0.026840490797546013,0.973159509202454,652,
1,4,2,2,3-6-7-10,0.0,1.0,1570,DRAW
1,4,2,2,3-6-7-7,0.0008051529790660225,0.999194847020934,1242,
1,4,2,2,3-6-7-8,0.0003943217665615142,0.9996056782334385,2536,
1,4,2,2,3-6-7-9,0.001189767995240928,0.998810232004759,1681,
1,4,2,2,3-6-8-10,0.0,1.0,1603,DRAW
1,4,2,2,3-6-8-8,0.0011876484560570072,0.998812351543943,842,
1,4,2,2,3-6-8-9,0.0,1.0,1735,DRAW
1,4,2,2,3-6-9-10,0.0,1.0,1644,DRAW
1,4,2,2,3-6-9-9,0.0,1.0,574,DRAW
1,4,2,2,3-7-10-10,0.0,1.0,1350,DRAW
1,4,2,2,3-7-7-10,0.0,1.0,606,DRAW
1,4,2,2,3-7-7-7,0.18781299319777003,0.81218700680223,185,
1,4,2,2,3-7-7-8,0.006291473299496592,0.9937085267005034,952,
1,4,2,2,3-7-7-9,0.0,1.0,633,DRAW
1,4,2,2,3-7-8-10,0.0,1.0,1578,DRAW
1,4,2,2,3-7-8-8,0.0,1.0,843,DRAW
1,4,2,2,3-7-8-9,0.0,1.0,1665,DRAW
1,4,2,2,3-7-9-10,0.0,1.0,1540,DRAW
1,4,2,2,3-7-9-9,0.0,1.0,571,DRAW
1,4,2,2,3-8-10-10,0.0,1.0,1304,DRAW
1,4,2,2,3-8-8-10,0.0,1.0,616,DRAW
1,4,2,2,3-8-8-8,0.0,1.0,150,DRAW
1,4,2,2,3-8-8-9,0.0,1.0,599,DRAW
1,4,2,2,3-8-9-10,0.0,1.0,1641,DRAW
1,4,2,2,3-8-9-9,0.0,1.0,583,DRAW
1,4,2,2,3-9-10-10,0.0,1.0,1361,DRAW
1,4,2,2,3-9-9-10,0.0,1.0,576,DRAW
1,4,2,2,3-9-9-9,0.0,1.0,95,DRAW
1,4,2,2,4-10-10-10,0.0,1.0,761,DRAW
1,4,2,2,4-4-10-10,0.0,1.0,501,DRAW
1,4,2,2,4-4-4-10,0.16138864260960606,0.8386113573903939,105,
1,4,2,2,4-4-4-4,0.3539598484381726,0.6460401515618274,20,
1,4,2,2,4-4-4-5,0.9878433940875729,0.012156605912427081,256,
1,4,2,2,4-4-4-6,0.9953051643192489,0.004694835680751174,213,
1,4,2,2,4-4-4-7,0.4500073926606847,0.5499926073393154,160,
1,4,2,2,4-4-4-8,0.573313815110565,0.4266861848894349,140,
1,4,2,2,4-4-4-9,0.12268069689065575,0.8773193031093441,97,
1,4,2,2,4-4-5-10,0.013223140495867765,0.9867768595041322,605,
1,4,2,2,4-4-5-5,0.55254727049737,0.44745272950263015,577,
1,4,2,2,4-4-5-6,0.9604228037186746,0.03957719628132546,1337,
1,4,2,2,4-4-5-7,0.4577228197166605,0.5422771802833395,1107,
1,4,2,2,4-4-5-8,0.0005181347150259067,0.9994818652849741,965,
1,4,2,2,4-4-5-9,0.0008460236886632825,0.9991539763113367,591,
1,4,2,2,4-4-6-10,0.0007692307692307692,0.9992307692307693,650,
1,4,2,2,4-4-6-6,0.4671380691126386,0.5328619308873613,482,
1,4,2,2,4-4-6-7,0.015431196532288999,0.984568803467711,1130,
1,4,2,2,4-4-6-8,0.007428491156717416,0.9925715088432825,843,
1,4,2,2,4-4-6-9,0.014978366495907162,0.9850216335040929,614,
1,4,2,2,4-4-7-10,0.003246753246753247,0.9967532467532467,616,
1,4,2,2,4-4-7-7,0.0025,0.9975,400,
1,4,2,2,4-4-7-8,0.023629431398119464,0.9763705686018805,911,
1,4,2,2,4-4-7-9,0.00873015873015873,0.9912698412698413,630,
1,4,2,2,4-4-8-10,0.0,1.0,586,DRAW
1,4,2,2,4-4-8-8,0.0014925373134328358,0.9985074626865672,335,
1,4,2,2,4-4-8-9,0.0008130081300813008,0.9991869918699187,615,
1,4,2,2,4-4-9-10,0.0,1.0,656,DRAW
1,4,2,2,4-4-9-9,0.0,1.0,225,DRAW
1,4,2,2,4-5-10-10,0.0,1.0,1337,DRAW
1,4,2,2,4-5-5-10,0.017783433701652127,0.9822165662983477,597,
1,4,2,2,4-5-5-5,0.705697432286805,0.29430256771319496,233,
1,4,2,2,4-5-5-6,0.7688649378857313,0.2311350621142686,1283,
1,4,2,2,4-5-5-7,0.04252537618540011,0.9574746238145999,1045,
1,4,2,2,4-5-5-8,0.005780346820809248,0.9942196531791907,865,
1,4,2,2,4-5-5-9,0.0075071419340510875,0.9924928580659489,648,
1,4,2,2,4-5-6-10,0.0003154574132492114,0.9996845425867508,1585,
1,4,2,2,4-5-6-6,0.8200090290095032,0.1799909709904968,1339,
1,4,2,2,4-5-6-7,0.03009578764152262,0.9699042123584773,2971,
1,4,2,2,4-5-6-8,0.0035274244833068363,0.9964725755166932,2516,
1,4,2,2,4-5-6-9,0.0006002400960384153,0.9993997599039616,1666,
1,4,2,2,4-5-7-10,0.0,1.0,1651,DRAW
1,4,2,2,4-5-7-7,0.13161663926039863,0.8683833607396013,1157,
1,4,2,2,4-5-7-8,0.00019992003198720512,0.9998000799680128,2501,
1,4,2,2,4-5-7-9,0.00228978978978979,0.9977102102102102,1665,
1,4,2,2,4-5-8-10,0.0,1.0,1687,DRAW
1,4,2,2,4-5-8-8,0.0016987542468856172,0.9983012457531144,883,
1,4,2,2,4-5-8-9,0.0,1.0,1717,DRAW
1,4,2,2,4-5-9-10,0.0,1.0,1610,DRAW
1,4,2,2,4-5-9-9,0.0,1.0,586,DRAW
1,4,2,2,4-6-10-10,0.0,1.0,1452,DRAW
1,4,2,2,4-6-6-10,0.0,1.0,592,DRAW
1,4,2,2,4-6-6-6,0.0136986301369863,0.9863013698630136,219,
1,4,2,2,4-6-6-7,0.00037965072133637056,0.9996203492786636,1317,
1,4,2,2,4-6-6-8,0.0037837837837837837,0.9962162162162163,925,
1,4,2,2,4-6-6-9,0.01968965394170335,0.9803103460582966,615,
1,4,2,2,4-6-7-10,0.0,1.0,1651,DRAW
1,4,2,2,4-6-7-7,0.005453752181500873,0.9945462478184991,1146,
1,4,2,2,4-6-7-8,0.001388888888888889,0.9986111111111111,2520,
1,4,2,2,4-6-7-9,0.0,1.0,1642,DRAW
1,4,2,2,4-6-8-10,0.0,1.0,1571,DRAW
1,4,2,2,4-6-8-8,0.0,1.0,820,DRAW
1,4,2,2,4-6-8-9,0.0,1.0,1661,DRAW
1,4,2,2,4-6-9-10,0.0,1.0,1587,DRAW
1,4,2,2,4-6-9-9,0.0,1.0,556,DRAW
1,4,2,2,4-7-10-10,0.0,1.0,1275,DRAW
1,4,2,2,4-7-7-10,0.0,1.0,647,DRAW
1,4,2,2,4-7-7-7,0.07976138209350364,0.9202386179064964,207,
1,4,2,2,4-7-7-8,0.0,1.0,931,DRAW
1,4,2,2,4-7-7-9,0.0,1.0,561,DRAW
1,4,2,2,4-7-8-10,0.0,1.0,1675,DRAW
1,4,2,2,4-7-8-8,0.0,1.0,877,DRAW
1,4,2,2,4-7-8-9,0.0,1.0,1674,DRAW
1,4,2,2,4-7-9-10,0.0,1.0,1601,DRAW
1,4,2,2,4-7-9-9,0.0,1.0,574,DRAW
1,4,2,2,4-8-10-10,0.0,1.0,1287,DRAW
1,4,2,2,4-8-8-10,0.0,1.0,580,DRAW
1,4,2,2,4-8-8-8,0.0,1.0,149,DRAW
1,4,2,2,4-8-8-9,0.0,1.0,624,DRAW
1,4,2,2,4-8-9-10,0.0,1.0,1624,DRAW
1,4,2,2,4-8-9-9,0.0,1.0,535,DRAW
1,4,2,2,4-9-10-10,0.0,1.0,1286,DRAW
1,4,2,2,4-9-9-10,0.0,1.0,659,DRAW
1,4,2,2,4-9-9-9,0.0,1.0,78,DRAW
1,4,2,2,5-10-10-10,0.0,1.0,797,DRAW
1,4,2,2,5-5-10-10,0.0,1.0,474,DRAW
1,4,2,2,5-5-5-10,0.16516272556860584,0.8348372744313941,105,
1,4,2,2,5-5-5-5,0.3,0.7,10,
1,4,2,2,5-5-5-6,0.6686750672478108,0.3313249327521892,225,
1,4,2,2,5-5-5-7,0.19419616706566137,0.8058038329343385,216,
1,4,2,2,5-5-5-8,0.032122182740269935,0.9678778172597301,159,
1,4,2,2,5-5-5-9,0.06111111111111111,0.9388888888888889,90,
1,4,2,2,5-5-6-10,0.0,1.0,622,DRAW
1,4,2,2,5-5-6-6,0.18843221140765906,0.8115677885923409,497,
1,4,2,2,5-5-6-7,0.00306044376434583,0.9969395562356542,1307,
1,4,2,2,5-5-6-8,0.002171552660152009,0.997828447339848,921,
1,4,2,2,5-5-6-9,0.0016722408026755853,0.9983277591973244,598,
1,4,2,2,5-5-7-10,0.0,1.0,592,DRAW
1,4,2,2,5-5-7-7,0.006772009029345372,0.9932279909706546,443,
1,4,2,2,5-5-7-8,0.008445945945945946,0.9915540540540541,888,
1,4,2,2,5-5-7-9,0.0,1.0,582,DRAW
1,4,2,2,5-5-8-10,0.0,1.0,599,DRAW
1,4,2,2,5-5-8-8,0.0,1.0,353,DRAW
1,4,2,2,5-5-8-9,0.0,1.0,636,DRAW
1,4,2,2,5-5-9-10,0.0,1.0,614,DRAW
1,4,2,2,5-5-9-9,0.0,1.0,220,DRAW
1,4,2,2,5-6-10-10,0.0,1.0,1303,DRAW
1,4,2,2,5-6-6-10,0.0,1.0,607,DRAW
1,4,2,2,5-6-6-6,0.9579924249054016,0.04200757509459843,223,
1,4,2,2,5-6-6-7,0.003189792663476874,0.9968102073365231,1254,
1,4,2,2,5-6-6-8,0.009110396570203644,0.9908896034297964,933,
1,4,2,2,5-6-6-9,0.0,1.0,637,DRAW
1,4,2,2,5-6-7-10,0.0,1.0,1584,DRAW
1,4,2,2,5-6-7-7,0.00398406374501992,0.9960159362549801,1255,
1,4,2,2,5-6-7-8,0.0,1.0,2581,DRAW
1,4,2,2,5-6-7-9,0.0,1.0,1637,DRAW
1,4,2,2,5-6-8-10,0.0,1.0,1617,DRAW
1,4,2,2,5-6-8-8,0.0,1.0,803,DRAW
1,4,2,2,5-6-8-9,0.0,1.0,1730,DRAW
1,4,2,2,5-6-9-10,0.0,1.0,1682,DRAW
1,4,2,2,5-6-9-9,0.0,1.0,594,DRAW
1,4,2,2,5-7-10-10,0.0,1.0,1337,DRAW
1,4,2,2,5-7-7-10,0.0,1.0,597,DRAW
1,4,2,2,5-7-7-7,0.0,1.0,201,DRAW
1,4,2,2,5-7-7-8,0.0,1.0,954,DRAW
1,4,2,2,5-7-7-9,0.0,1.0,579,DRAW
1,4,2,2,5-7-8-10,0.0,1.0,1582,DRAW
1,4,2,2,5-7-8-8,0.0,1.0,884,DRAW
1,4,2,2,5-7-8-9,0.0,1.0,1660,DRAW
1,4,2,2,5-7-9-10,0.0,1.0,1589,DRAW
1,4,2,2,5-7-9-9,0.0,1.0,561,DRAW
1,4,2,2,5-8-10-10,0.0,1.0,1328,DRAW
1,4,2,2,5-8-8-10,0.0,1.0,605,DRAW
1,4,2,2,5-8-8-8,0.0,1.0,124,DRAW
1,4,2,2,5-8-8-9,0.0,1.0,568,DRAW
1,4,2,2,5-8-9-10,0.0,1.0,1574,DRAW
1,4,2,2,5-8-9-9,0.0,1.0,542,DRAW
1,4,2,2,5-9-10-10,0.0,1.0,1345,DRAW
1,4,2,2,5-9-9-10,0.0,1.0,587,DRAW
1,4,2,2,5-9-9-9,0.0,1.0,110,DRAW
1,4,2,2,6-10-10-10,0.0,1.0,802,DRAW
1,4,2,2,6-6-10-10,0.0,1.0,524,DRAW
1,4,2,2,6-6-6-10,0.0,1.0,102,DRAW
1,4,2,2,6-6-6-6,0.47422126745435017,0.5257787325456499,14,
1,4,2,2,6-6-6-7,0.004878048780487805,0.9951219512195122,205,
1,4,2,2,6-6-6-8,0.0,1.0,172,DRAW
1,4,2,2,6-6-6-9,0.0,1.0,112,DRAW
1,4,2,2,6-6-7-10,0.0,1.0,614,DRAW
1,4,2,2,6-6-7-7,0.0,1.0,473,DRAW
1,4,2,2,6-6-7-8,0.0,1.0,931,DRAW
1,4,2,2,6-6-7-9,0.0,1.0,567,DRAW
1,4,2,2,6-6-8-10,0.0,1.0,608,DRAW
1,4,2,2,6-6-8-8,0.0,1.0,306,DRAW
1,4,2,2,6-6-8-9,0.0,1.0,652,DRAW
1,4,2,2,6-6-9-10,0.0,1.0,588,DRAW
1,4,2,2,6-6-9-9,0.0,1.0,195,DRAW
1,4,2,2,6-7-10-10,0.0,1.0,1303,DRAW
1,4,2,2,6-7-7-10,0.0,1.0,604,DRAW
1,4,2,2,6-7-7-7,0.0,1.0,185,DRAW
1,4,2,2,6-7-7-8,0.0,1.0,973,DRAW
1,4,2,2,6-7-7-9,0.0,1.0,639,DRAW
1,4,2,2,6-7-8-10,0.0,1.0,1618,DRAW
1,4,2,2,6-7-8-8,0.0,1.0,883,DRAW
1,4,2,2,6-7-8-9,0.0,1.0,1726,DRAW
1,4,2,2,6-7-9-10,0.0,1.0,1546,DRAW
1,4,2,2,6-7-9-9,0.0,1.0,538,DRAW
1,4,2,2,6-8-10-10,0.0,1.0,1329,DRAW
1,4,2,2,6-8-8-10,0.0,1.0,595,DRAW
1,4,2,2,6-8-8-8,0.0,1.0,129,DRAW
1,4,2,2,6-8-8-9,0.0,1.0,592,DRAW
1,4,2,2,6-8-9-10,0.0,1.0,1575,DRAW
1,4,2,2,6-8-9-9,0.0,1.0,532,DRAW
1,4,2,2,6-9-10-10,0.0,1.0,1270,DRAW
1,4,2,2,6-9-9-10,0.0,1.0,579,DRAW
1,4,2,2,6-9-9-9,0.0,1.0,102,DRAW
1,4,2,2,7-10-10-10,0.0,1.0,748,DRAW
1,4,2,2,7-7-10-10,0.0,1.0,508,DRAW
1,4,2,2,7-7-7-10,0.0,1.0,93,DRAW
1,4,2,2,7-7-7-7,0.0,1.0,15,DRAW
1,4,2,2,7-7-7-8,0.0,1.0,144,DRAW
1,4,2,2,7-7-7-9,0.0,1.0,91,DRAW
1,4,2,2,7-7-8-10,0.0,1.0,581,DRAW
1,4,2,2,7-7-8-8,0.0,1.0,337,DRAW
1,4,2,2,7-7-8-9,0.0,1.0,587,DRAW
1,4,2,2,7-7-9-10,0.0,1.0,572,DRAW
1,4,2,2,7-7-9-9,0.0,1.0,205,DRAW
1,4,2,2,7-8-10-10,0.0,1.0,1273,DRAW
1,4,2,2,7-8-8-10,0.0,1.0,620,DRAW
1,4,2,2,7-8-8-8,0.0,1.0,155,DRAW
1,4,2,2,7-8-8-9,0.0,1.0,650,DRAW
1,4,2,2,7-8-9-10,0.0,1.0,1614,DRAW
1,4,2,2,7-8-9-9,0.0,1.0,530,DRAW
1,4,2,2,7-9-10-10,0.0,1.0,1301,DRAW
1,4,2,2,7-9-9-10,0.0,1.0,594,DRAW
1,4,2,2,7-9-9-9,0.0,1.0,91,DRAW
1,4,2,2,8-10-10-10,0.0,1.0,737,DRAW
1,4,2,2,8-8-10-10,0.0,1.0,481,DRAW
1,4,2,2,8-8-8-10,0.0,1.0,101,DRAW
1,4,2,2,8-8-8-8,0.0,1.0,8,DRAW
1,4,2,2,8-8-8-9,0.0,1.0,96,DRAW
1,4,2,2,8-8-9-10,0.0,1.0,617,DRAW
1,4,2,2,8-8-9-9,0.0,1.0,191,DRAW
1,4,2,2,8-9-10-10,0.0,1.0,1318,DRAW
1,4,2,2,8-9-9-10,0.0,1.0,613,DRAW
1,4,2,2,8-9-9-9,0.0,1.0,94,DRAW
1,4,2,2,9-10-10-10,0.0,1.0,747,DRAW
1,4,2,2,9-9-10-10,0.0,1.0,482,DRAW
1,4,2,2,9-9-9-10,0.0,1.0,85,DRAW
1,4,2,2,9-9-9-9,0.0,1.0,7,DRAW
1,6,3,3,1-1-1-1,1.0,0.0,26,STOP
1,6,3,3,1-1-1-10,0.010869565217391304,0.9891304347826086,46,
1,6,3,3,1-1-1-2,1.0,0.0,543,STOP
1,6,3,3,1-1-1-3,1.0,0.0,449,STOP
1,6,3,3,1-1-1-4,0.36380597014925375,0.6361940298507462,536,
1,6,3,3,1-1-1-5,0.8677685950413223,0.1322314049586777,363,
1,6,3,3,1-1-1-6,0.8421926910299004,0.15780730897009967,301,
1,6,3,3,1-1-1-7,0.2674075586235342,0.7325924413764658,251,
1,6,3,3,1-1-1-8,0.19932432432432431,0.8006756756756757,148,
1,6,3,3,1-1-1-9,0.18115942028985507,0.8188405797101449,69,
1,6,3,3,1-1-10-10,0.005747126436781609,0.9942528735632183,174,
1,6,3,3,1-1-2-10,0.007194244604316547,0.9928057553956835,278,
1,6,3,3,1-1-2-2,0.5,0.5,2021,
1,6,3,3,1-1-2-3,0.9145253769377787,0.08547462306222128,4709,
1,6,3,3,1-1-2-4,0.7389251763646323,0.26107482363536777,3309,
1,6,3,3,1-1-2-5,0.8942795373547169,0.10572046264528313,2314,
1,6,3,3,1-1-2-6,0.020972765229597207,0.9790272347704029,2029,
1,6,3,3,1-1-2-7,0.07683853990019557,0.9231614600998044,1536,
1,6,3,3,1-1-2-8,0.02622870116617399,0.973771298833826,923,
1,6,3,3,1-1-2-9,0.028236310737899086,0.971763689262101,472,
1,6,3,3,1-1-3-10,0.04794520547945205,0.952054794520548,292,
1,6,3,3,1-1-3-3,0.46024452220122836,0.5397554777987715,1443,
1,6,3,3,1-1-3-4,0.9152297278713645,0.0847702721286355,3299,
1,6,3,3,1-1-3-5,0.9838762901965663,0.01612370980343368,2528,
1,6,3,3,1-1-3-6,0.34351754779214394,0.6564824522078561,1758,
1,6,3,3,1-1-3-7,0.0018867924528301887,0.9981132075471698,1325,
1,6,3,3,1-1-3-8,0.015489138179224477,0.9845108618207756,906,
1,6,3,3,1-1-3-9,0.052222222222222225,0.9477777777777778,450,
1,6,3,3,1-1-4-10,0.01444043321299639,0.9855595667870036,277,
1,6,3,3,1-1-4-4,0.9710749340158958,0.028925065984104076,1140,
1,6,3,3,1-1-4-5,0.37155602806365323,0.6284439719363468,2284,
1,6,3,3,1-1-4-6,0.007933076104310804,0.9920669238956892,1879,
1,6,3,3,1-1-4-7,0.0025,0.9975,1400,
1,6,3,3,1-1-4-8,0.10657675788901906,0.8934232421109809,886,
1,6,3,3,1-1-4-9,0.0010638297872340426,0.9989361702127659,470,
1,6,3,3,1-1-5-10,0.06009361869342872,0.9399063813065713,259,
1,6,3,3,1-1-5-5,0.8646195316763456,0.1353804683236544,855,
1,6,3,3,1-1-5-6,0.04503777372942075,0.9549622262705793,2103,
1,6,3,3,1-1-5-7,0.016327707449349402,0.9836722925506506,1483,
1,6,3,3,1-1-5-8,0.020556227327690448,0.9794437726723095,827,
1,6,3,3,1-1-5-9,0.0030864197530864196,0.9969135802469136,486,
1,6,3,3,1-1-6-10,0.008680555555555556,0.9913194444444444,288,
1,6,3,3,1-1-6-6,0.012,0.988,750,
1,6,3,3,1-1-6-7,0.000967741935483871,0.9990322580645161,1550,
1,6,3,3,1-1-6-8,0.0005382131324004305,0.9994617868675996,929,
1,6,3,3,1-1-6-9,0.03846477889542167,0.9615352211045783,473,
1,6,3,3,1-1-7-10,0.0016778523489932886,0.9983221476510067,298,
1,6,3,3,1-1-7-7,0.007531967069539324,0.9924680329304607,519,
1,6,3,3,1-1-7-8,0.0011273957158962795,0.9988726042841037,887,
1,6,3,3,1-1-7-9,0.014412416851441241,0.9855875831485588,451,
1,6,3,3,1-1-8-10,0.0016722408026755853,0.9983277591973244,299,
1,6,3,3,1-1-8-8,0.0033003300330033004,0.9966996699669967,303,
1,6,3,3,1-1-8-9,0.009122287968441814,0.9908777120315582,507,
1,6,3,3,1-1-9-10,0.0036101083032490976,0.9963898916967509,277,
1,6,3,3,1-1-9-9,0.023622047244094488,0.9763779527559056,127,
1,6,3,3,1-10-10-10,0.0,1.0,208,DRAW
1,6,3,3,1-2-10-10,0.0010615711252653928,0.9989384288747346,471,
1,6,3,3,1-2-2-10,0.01048951048951049,0.9895104895104895,286,
1,6,3,3,1-2-2-2,0.19925742574257427,0.8007425742574258,808,
1,6,3,3,1-2-2-3,0.27521222956251656,0.7247877704374833,4163,
1,6,3,3,1-2-2-4,0.3834534102911455,0.6165465897088546,3122,
1,6,3,3,1-2-2-5,0.9153863044243,0.08461369557570005,2328,
1,6,3,3,1-2-2-6,0.23875507574188837,0.7612449242581116,1773,
1,6,3,3,1-2-2-7,0.028335045181952793,0.9716649548180472,1279,
1,6,3,3,1-2-2-8,0.0012033694344163659,0.9987966305655837,831,
1,6,3,3,1-2-2-9,0.010764294454641526,0.9892357055453586,461,
1,6,3,3,1-2-3-10,0.0031486146095717885,0.9968513853904282,794,
1,6,3,3,1-2-3-3,0.9695539433622141,0.03044605663778584,3785,
1,6,3,3,1-2-3-4,0.9952302697234957,0.0047697302765043175,8095,
1,6,3,3,1-2-3-5,0.8904551525012754,0.10954484749872472,6295,
1,6,3,3,1-2-3-6,0.0009305788200260562,0.999069421179974,5373,
1,6,3,3,1-2-3-7,0.0025712875968280403,0.997428712403172,4024,
1,6,3,3,1-2-3-8,0.004419191919191919,0.9955808080808081,2376,
1,6,3,3,1-2-3-9,0.0007651109410864575,0.9992348890589136,1307,
1,6,3,3,1-2-4-10,0.00697084917617237,0.9930291508238276,789,
1,6,3,3,1-2-4-4,0.9379635075799951,0.06203649242000485,2902,
1,6,3,3,1-2-4-5,0.8871561100014419,0.11284388999855804,6215,
1,6,3,3,1-2-4-6,0.24380190355200104,0.7561980964479988,4665,
1,6,3,3,1-2-4-7,0.001492252984505969,0.998507747015494,3937,
1,6,3,3,1-2-4-8,0.009921928163938037,0.9900780718360619,2424,
1,6,3,3,1-2-4-9,0.0007880220646178094,0.9992119779353822,1269,
1,6,3,3,1-2-5-10,0.0026595744680851063,0.9973404255319149,752,
1,6,3,3,1-2-5-5,0.9816256234795473,0.018374376520452762,2318,
1,6,3,3,1-2-5-6,0.00010555203715431708,0.9998944479628457,4737,
1,6,3,3,1-2-5-7,0.016663271564004205,0.9833367284359958,3967,
1,6,3,3,1-2-5-8,0.006734006734006734,0.9932659932659933,2376,
1,6,3,3,1-2-5-9,0.0003728560775540641,0.9996271439224459,1341,
1,6,3,3,1-2-6-10,0.0027816411682892906,0.9972183588317107,719,
1,6,3,3,1-2-6-6,0.011128364389233954,0.9888716356107661,1932,
1,6,3,3,1-2-6-7,0.001539408866995074,0.9984605911330049,4060,
1,6,3,3,1-2-6-8,0.002369406360511197,0.9976305936394889,2453,
1,6,3,3,1-2-6-9,0.009935117599351177,0.9900648824006488,1233,
1,6,3,3,1-2-7-10,0.0012970168612191958,0.9987029831387808,771,
1,6,3,3,1-2-7-7,0.00831633390233694,0.991683666097663,1277,
1,6,3,3,1-2-7-8,0.0004203446826397646,0.9995796553173603,2379,
1,6,3,3,1-2-7-9,0.0008257638315441783,0.9991742361684558,1211,
1,6,3,3,1-2-8-10,0.0040595399188092015,0.9959404600811907,739,
1,6,3,3,1-2-8-8,0.009131610560800628,0.9908683894391994,755,
1,6,3,3,1-2-8-9,0.0007987220447284345,0.9992012779552716,1252,
1,6,3,3,1-2-9-10,0.002652519893899204,0.9973474801061007,754,
1,6,3,3,1-2-9-9,0.005235602094240838,0.9947643979057592,382,
1,6,3,3,1-3-10-10,0.010775862068965518,0.9892241379310345,464,
1,6,3,3,1-3-3-10,0.011705685618729096,0.9882943143812709,299,
1,6,3,3,1-3-3-3,0.9955277280858676,0.004472271914132379,559,
1,6,3,3,1-3-3-4,0.9991699867197875,0.0008300132802124834,3012,
1,6,3,3,1-3-3-5,0.9473422950000874,0.05265770499991258,2212,
1,6,3,3,1-3-3-6,0.0017380168313208928,0.9982619831686791,1822,
1,6,3,3,1-3-3-7,0.1953976894951885,0.8046023105048116,1321,
1,6,3,3,1-3-3-8,0.01781149267117489,0.982188507328825,905,
1,6,3,3,1-3-3-9,0.016592920353982302,0.9834070796460177,452,
1,6,3,3,1-3-4-10,0.008849557522123894,0.9911504424778761,791,
1,6,3,3,1-3-4-4,0.9849965706447188,0.015003429355281208,2916,
1,6,3,3,1-3-4-5,0.9946208820077413,0.005379117992258682,6219,
1,6,3,3,1-3-4-6,0.960867903906952,0.039132096093048,4729,
1,6,3,3,1-3-4-7,0.0005121638924455825,0.9994878361075544,3905,
1,6,3,3,1-3-4-8,0.0008410428931875525,0.9991589571068125,2378,
1,6,3,3,1-3-4-9,0.013287444007875224,0.9867125559921248,1303,
1,6,3,3,1-3-5-10,0.0033112582781456954,0.9966887417218543,755,
1,6,3,3,1-3-5-5,0.9432704098324485,0.056729590167551414,2175,
1,6,3,3,1-3-5-6,0.09013426643156047,0.9098657335684396,4755,
1,6,3,3,1-3-5-7,0.001346153846153846,0.9986538461538461,3900,
1,6,3,3,1-3-5-8,0.017404354821650588,0.9825956451783494,2300,
1,6,3,3,1-3-5-9,0.006021945164628907,0.993978054835371,1213,
1,6,3,3,1-3-6-10,0.003213367609254499,0.9967866323907455,778,
1,6,3,3,1-3-6-6,0.0008143322475570033,0.999185667752443,1842,
1,6,3,3,1-3-6-7,0.0001372872048325096,0.9998627127951675,3642,
1,6,3,3,1-3-6-8,0.001274426508071368,0.9987255734919286,2354,
1,6,3,3,1-3-6-9,0.007053291536050157,0.9929467084639498,1276,
1,6,3,3,1-3-7-10,0.000663129973474801,0.9993368700265252,754,
1,6,3,3,1-3-7-7,0.0011094674556213018,0.9988905325443787,1352,
1,6,3,3,1-3-7-8,0.00020903010033444816,0.9997909698996655,2392,
1,6,3,3,1-3-7-9,0.0004233700254022015,0.9995766299745978,1181,
1,6,3,3,1-3-8-10,0.0020134228187919465,0.9979865771812081,745,
1,6,3,3,1-3-8-8,0.0018867924528301887,0.9981132075471698,795,
1,6,3,3,1-3-8-9,0.0007680491551459293,0.999231950844854,1302,
1,6,3,3,1-3-9-10,0.0034106412005457027,0.9965893587994543,733,
1,6,3,3,1-3-9-9,0.013262599469496022,0.986737400530504,377,
1,6,3,3,1-4-10-10,0.0072992700729927005,0.9927007299270073,411,
1,6,3,3,1-4-4-10,0.007462686567164179,0.9925373134328358,268,
1,6,3,3,1-4-4-4,0.9217219161169697,0.07827808388303027,428,
1,6,3,3,1-4-4-5,0.968847979955323,0.03115202004467702,2154,
1,6,3,3,1-4-4-6,0.40866544971221963,0.5913345502877804,1675,
1,6,3,3,1-4-4-7,0.04654723243445742,0.9534527675655426,1255,
1,6,3,3,1-4-4-8,0.0018587360594795538,0.9981412639405205,807,
1,6,3,3,1-4-4-9,0.01059322033898305,0.989406779661017,472,
1,6,3,3,1-4-5-10,0.0033921302578018998,0.9966078697421981,737,
1,6,3,3,1-4-5-5,0.9550327305948209,0.04496726940517914,2141,
1,6,3,3,1-4-5-6,0.03364487946665986,0.9663551205333403,4679,
1,6,3,3,1-4-5-7,0.004256895897254341,0.9957431041027456,3688,
1,6,3,3,1-4-5-8,0.008535515054355892,0.9914644849456441,2374,
1,6,3,3,1-4-5-9,0.006604251012145749,0.9933957489878542,1235,
1,6,3,3,1-4-6-10,0.0025188916876574307,0.9974811083123426,794,
1,6,3,3,1-4-6-6,0.0017667844522968198,0.9982332155477032,1698,
1,6,3,3,1-4-6-7,0.0002731494127287626,0.9997268505872713,3661,
1,6,3,3,1-4-6-8,0.00021616947686986597,0.9997838305231301,2313,
1,6,3,3,1-4-6-9,0.001993620414673046,0.998006379585327,1254,
1,6,3,3,1-4-7-10,0.006369426751592357,0.9936305732484076,785,
1,6,3,3,1-4-7-7,0.01983471074380164,0.9801652892561983,1320,
1,6,3,3,1-4-7-8,0.001059322033898305,0.9989406779661016,2360,
1,6,3,3,1-4-7-9,0.002437043054427295,0.9975629569455727,1231,
1,6,3,3,1-4-8-10,0.013013698630136987,0.986986301369863,730,
1,6,3,3,1-4-8-8,0.004481434058898848,0.9955185659411011,781,
1,6,3,3,1-4-8-9,0.001557632398753894,0.9984423676012462,1284,
1,6,3,3,1-4-9-10,0.0013908205841446453,0.9986091794158554,719,
1,6,3,3,1-4-9-9,0.0028653295128939827,0.997134670487106,349,
1,6,3,3,1-5-10-10,0.0,1.0,465,DRAW
1,6,3,3,1-5-5-10,0.01384083044982699,0.986159169550173,289,
1,6,3,3,1-5-5-5,0.9703950069803728,0.029604993019627164,369,
1,6,3,3,1-5-5-6,0.00024888003982080636,0.9997511199601792,2009,
1,6,3,3,1-5-5-7,0.0010901162790697674,0.9989098837209303,1376,
1,6,3,3,1-5-5-8,0.012585812356979404,0.9874141876430206,874,
1,6,3,3,1-5-5-9,0.003054989816700611,0.9969450101832994,491,
1,6,3,3,1-5-6-10,0.0019973368841544607,0.9980026631158455,751,
1,6,3,3,1-5-6-6,0.0051806588735387885,0.9948193411264612,1882,
1,6,3,3,1-5-6-7,0.006230712899323824,0.9937692871006761,3908,
1,6,3,3,1-5-6-8,0.00461708132086335,0.9953829186791366,2330,
1,6,3,3,1-5-6-9,0.004457050243111832,0.9955429497568882,1234,
1,6,3,3,1-5-7-10,0.008176100628930818,0.9918238993710692,795,
1,6,3,3,1-5-7-7,0.00037650602409638556,0.9996234939759037,1328,
1,6,3,3,1-5-7-8,0.00044742729306487697,0.9995525727069351,2235,
1,6,3,3,1-5-7-9,0.00041050903119868636,0.9995894909688013,1218,
1,6,3,3,1-5-8-10,0.00410958904109589,0.9958904109589041,730,
1,6,3,3,1-5-8-8,0.0006203473945409429,0.999379652605459,806,
1,6,3,3,1-5-8-9,0.0004078303425774878,0.9995921696574225,1226,
1,6,3,3,1-5-9-10,0.001358695652173913,0.998641304347826,736,
1,6,3,3,1-5-9-9,0.0012658227848101266,0.9987341772151899,395,
1,6,3,3,1-6-10-10,0.0,1.0,470,DRAW
1,6,3,3,1-6-6-10,0.02195945945945946,0.9780405405405406,296,
1,6,3,3,1-6-6-6,0.06959493597385912,0.930405064026141,284,
1,6,3,3,1-6-6-7,0.00034746351633078526,0.9996525364836693,1439,
1,6,3,3,1-6-6-8,0.046021480490934845,0.9539785195090652,870,
1,6,3,3,1-6-6-9,0.013861386138613862,0.9861386138613861,505,
1,6,3,3,1-6-7-10,0.00940688775510204,0.990593112244898,784,
1,6,3,3,1-6-7-7,0.0007473841554559044,0.9992526158445441,1338,
1,6,3,3,1-6-7-8,0.00020938023450586265,0.9997906197654941,2388,
1,6,3,3,1-6-7-9,0.0003834355828220859,0.9996165644171779,1304,
1,6,3,3,1-6-8-10,0.0049157303370786515,0.9950842696629213,712,
1,6,3,3,1-6-8-8,0.0006561679790026247,0.9993438320209974,762,
1,6,3,3,1-6-8-9,0.0008312551953449709,0.999168744804655,1203,
1,6,3,3,1-6-9-10,0.0,1.0,708,DRAW
1,6,3,3,1-6-9-9,0.00857843137254902,0.991421568627451,408,
1,6,3,3,1-7-10-10,0.0,1.0,448,DRAW
1,6,3,3,1-7-7-10,0.0036231884057971015,0.9963768115942029,276,
1,6,3,3,1-7-7-7,0.014322916666666666,0.9856770833333334,192,
1,6,3,3,1-7-7-8,0.002355712603062426,0.9976442873969376,849,
1,6,3,3,1-7-7-9,0.003036437246963563,0.9969635627530364,494,
1,6,3,3,1-7-8-10,0.0,1.0,752,DRAW
1,6,3,3,1-7-8-8,0.0012578616352201257,0.9987421383647799,795,
1,6,3,3,1-7-8-9,0.0016246953696181965,0.9983753046303818,1231,
1,6,3,3,1-7-9-10,0.0,1.0,682,DRAW
1,6,3,3,1-7-9-9,0.0,1.0,418,DRAW
1,6,3,3,1-8-10-10,0.0,1.0,410,DRAW
1,6,3,3,1-8-8-10,0.0,1.0,279,DRAW
1,6,3,3,1-8-8-8,0.007692307692307693,0.9923076923076923,130,
1,6,3,3,1-8-8-9,0.0,1.0,495,DRAW
1,6,3,3,1-8-9-10,0.0,1.0,734,DRAW
1,6,3,3,1-8-9-9,0.0,1.0,396,DRAW
1,6,3,3,1-9-10-10,0.0,1.0,427,DRAW
1,6,3,3,1-9-9-10,0.0,1.0,292,DRAW
1,6,3,3,1-9-9-9,0.0,1.0,54,DRAW
1,6,3,3,10-10-10-10,0.0,1.0,76,DRAW
1,6,3,3,2-10-10-10,0.0,1.0,204,DRAW
1,6,3,3,2-2-10-10,0.015151515151515152,0.9848484848484849,165,
1,6,3,3,2-2-2-10,0.22468007544118682,0.7753199245588133,62,
1,6,3,3,2-2-2-2,0.9811320754716981,0.018867924528301886,53,
1,6,3,3,2-2-2-3,0.8968927378002803,0.10310726219971977,654,
1,6,3,3,2-2-2-4,0.9532410079815729,0.04675899201842709,490,
1,6,3,3,2-2-2-5,0.988,0.012,375,
1,6,3,3,2-2-2-6,0.4799825661384899,0.5200174338615101,302,
1,6,3,3,2-2-2-7,0.014423076923076924,0.9855769230769231,208,
1,6,3,3,2-2-2-8,0.5473983152032929,0.4526016847967072,129,
1,6,3,3,2-2-2-9,0.07746478873239436,0.9225352112676056,71,
1,6,3,3,2-2-3-10,0.029761766257008597,0.9702382337429913,285,
1,6,3,3,2-2-3-3,0.9375482971833301,0.06245170281666996,1452,
1,6,3,3,2-2-3-4,0.9909947006351918,0.009005299364808265,2996,
1,6,3,3,2-2-3-5,0.9777888910798553,0.02221110892014461,2294,
1,6,3,3,2-2-3-6,0.705712143293408,0.294287856706592,1801,
1,6,3,3,2-2-3-7,0.0024288688410825814,0.9975711311589174,1441,
1,6,3,3,2-2-3-8,0.0036452004860267314,0.9963547995139733,823,
1,6,3,3,2-2-3-9,0.0021645021645021645,0.9978354978354979,462,
1,6,3,3,2-2-4-10,0.003676470588235294,0.9963235294117647,272,
1,6,3,3,2-2-4-4,0.9621390879153603,0.037860912084639695,1047,
1,6,3,3,2-2-4-5,0.9902726936796299,0.009727306320370032,2163,
1,6,3,3,2-2-4-6,0.2152247109842985,0.7847752890157015,1753,
1,6,3,3,2-2-4-7,0.014961462567373443,0.9850385374326266,1199,
1,6,3,3,2-2-4-8,0.004663400471783705,0.9953365995282163,835,
1,6,3,3,2-2-4-9,0.021086293355329987,0.97891370664467,449,
1,6,3,3,2-2-5-10,0.02374644325045673,0.9762535567495433,309,
1,6,3,3,2-2-5-5,0.9238764317087189,0.07612356829128114,782,
1,6,3,3,2-2-5-6,0.02585330785454488,0.9741466921454551,1848,
1,6,3,3,2-2-5-7,0.10406186916829382,0.8959381308317063,1269,
1,6,3,3,2-2-5-8,0.03788506324389552,0.9621149367561045,855,
1,6,3,3,2-2-5-9,0.004901960784313725,0.9950980392156863,510,
1,6,3,3,2-2-6-10,0.0017793594306049821,0.998220640569395,281,
1,6,3,3,2-2-6-6,0.09635143881680867,0.9036485611831914,655,
1,6,3,3,2-2-6-7,0.010039902387547818,0.9899600976124522,1444,
1,6,3,3,2-2-6-8,0.029704134435849554,0.9702958655641505,815,
1,6,3,3,2-2-6-9,0.006198347107438017,0.993801652892562,484,
1,6,3,3,2-2-7-10,0.0017543859649122807,0.9982456140350877,285,
1,6,3,3,2-2-7-7,0.0031120331950207467,0.9968879668049793,482,
1,6,3,3,2-2-7-8,0.031831214379680485,0.9681687856203196,922,
1,6,3,3,2-2-7-9,0.0010964912280701754,0.9989035087719298,456,
1,6,3,3,2-2-8-10,0.001694915254237288,0.9983050847457627,295,
1,6,3,3,2-2-8-8,0.022155480625833855,0.977844519374166,237,
1,6,3,3,2-2-8-9,0.001141552511415525,0.9988584474885844,438,
1,6,3,3,2-2-9-10,0.024427656037740955,0.9755723439622591,298,
1,6,3,3,2-2-9-9,0.009433962264150943,0.9905660377358491,159,
1,6,3,3,2-3-10-10,0.0075,0.9925,400,
1,6,3,3,2-3-3-10,0.008802816901408451,0.9911971830985915,284,
1,6,3,3,2-3-3-3,0.9860248447204969,0.013975155279503106,644,
1,6,3,3,2-3-3-4,0.9742331215988468,0.02576687840115329,2987,
1,6,3,3,2-3-3-5,0.9967322746664644,0.003267725333535567,2206,
1,6,3,3,2-3-3-6,0.4476250557560957,0.5523749442439043,1748,
1,6,3,3,2-3-3-7,0.0011169024571854058,0.9988830975428146,1343,
1,6,3,3,2-3-3-8,0.027773217452221638,0.9722267825477784,925,
1,6,3,3,2-3-3-9,0.0471587461198507,0.9528412538801493,493,
1,6,3,3,2-3-4-10,0.007792207792207792,0.9922077922077922,770,
1,6,3,3,2-3-4-4,0.9994511525795828,0.0005488474204171241,2733,
1,6,3,3,2-3-4-5,0.9443507483177875,0.05564925168221242,5996,
1,6,3,3,2-3-4-6,0.16274837628437858,0.8372516237156213,4639,
1,6,3,3,2-3-4-7,0.0019205729166666666,0.9980794270833333,3840,
1,6,3,3,2-3-4-8,0.002110595187842972,0.997889404812157,2369,
1,6,3,3,2-3-4-9,0.0006239326730280554,0.9993760673269719,1244,
1,6,3,3,2-3-5-10,0.004510309278350515,0.9954896907216495,776,
1,6,3,3,2-3-5-5,0.988494992059772,0.011505007940227963,2177,
1,6,3,3,2-3-5-6,0.0012292798439894135,0.9987707201560106,4786,
1,6,3,3,2-3-5-7,0.0003816793893129771,0.999618320610687,3930,
1,6,3,3,2-3-5-8,0.0018218623481781376,0.9981781376518218,2470,
1,6,3,3,2-3-5-9,0.00429352068696331,0.9957064793130367,1281,
1,6,3,3,2-3-6-10,0.0033025099075297227,0.9966974900924703,757,
1,6,3,3,2-3-6-6,0.01765942005981586,0.9823405799401841,1889,
1,6,3,3,2-3-6-7,0.0011049206760530936,0.9988950793239469,3859,
1,6,3,3,2-3-6-8,0.004020313161235718,0.9959796868387643,2363,
1,6,3,3,2-3-6-9,0.005136572395455643,0.9948634276045443,1182,
1,6,3,3,2-3-7-10,0.03953227890050213,0.960467721099498,718,
1,6,3,3,2-3-7-7,0.004338394793926247,0.9956616052060737,1383,
1,6,3,3,2-3-7-8,0.003052243043725156,0.9969477569562749,2348,
1,6,3,3,2-3-7-9,0.0015408320493066256,0.9984591679506933,1298,
1,6,3,3,2-3-8-10,0.006578947368421052,0.993421052631579,760,
1,6,3,3,2-3-8-8,0.043657101433444215,0.9563428985665557,799,
1,6,3,3,2-3-8-9,0.0019500780031201249,0.9980499219968799,1282,
1,6,3,3,2-3-9-10,0.007275132275132275,0.9927248677248677,756,
1,6,3,3,2-3-9-9,0.0085995085995086,0.9914004914004914,407,
1,6,3,3,2-4-10-10,0.0,1.0,432,DRAW
1,6,3,3,2-4-4-10,0.0031847133757961785,0.9968152866242038,314,
1,6,3,3,2-4-4-4,0.8592843153938698,0.14071568460613013,455,
1,6,3,3,2-4-4-5,0.9768827740731865,0.023117225926813447,2162,
1,6,3,3,2-4-4-6,0.4159223055331172,0.5840776944668828,1642,
1,6,3,3,2-4-4-7,0.04226405388683914,0.9577359461131609,1328,
1,6,3,3,2-4-4-8,0.0023148148148148147,0.9976851851851852,864,
1,6,3,3,2-4-4-9,0.004273504273504274,0.9957264957264957,468,
1,6,3,3,2-4-5-10,0.005194805194805195,0.9948051948051948,770,
1,6,3,3,2-4-5-5,0.8573771987757945,0.14262280122420543,2096,
1,6,3,3,2-4-5-6,0.055073463800907635,0.9449265361990925,4586,
1,6,3,3,2-4-5-7,0.00812123700917494,0.9918787629908251,3540,
1,6,3,3,2-4-5-8,0.000211864406779661,0.9997881355932203,2360,
1,6,3,3,2-4-5-9,0.003739564007421151,0.9962604359925789,1232,
1,6,3,3,2-4-6-10,0.013283911904018912,0.986716088095981,804,
1,6,3,3,2-4-6-6,0.020168171562051973,0.979831828437948,1698,
1,6,3,3,2-4-6-7,0.00026123301985370953,0.9997387669801463,3828,
1,6,3,3,2-4-6-8,0.0017271157167530224,0.998272884283247,2316,
1,6,3,3,2-4-6-9,0.0036086607858861267,0.9963913392141138,1247,
1,6,3,3,2-4-7-10,0.003075030750307503,0.9969249692496925,813,
1,6,3,3,2-4-7-7,0.006283327739866504,0.9937166722601334,1277,
1,6,3,3,2-4-7-8,0.003403072033898305,0.9965969279661017,2360,
1,6,3,3,2-4-7-9,0.00040749796251018743,0.9995925020374898,1227,
1,6,3,3,2-4-8-10,0.0006738544474393531,0.9993261455525606,742,
1,6,3,3,2-4-8-8,0.0006485084306095979,0.9993514915693904,771,
1,6,3,3,2-4-8-9,0.0015360983102918587,0.9984639016897081,1302,
1,6,3,3,2-4-9-10,0.002770083102493075,0.997229916897507,722,
1,6,3,3,2-4-9-9,0.013126491646778043,0.986873508353222,419,
1,6,3,3,2-5-10-10,0.0,1.0,428,DRAW
1,6,3,3,2-5-5-10,0.12837556374646633,0.8716244362535336,264,
1,6,3,3,2-5-5-5,0.9875942909308123,0.012405709069187788,367,
1,6,3,3,2-5-5-6,0.216452523106602,0.7835474768933979,1788,
1,6,3,3,2-5-5-7,0.000664451827242525,0.9993355481727575,1505,
1,6,3,3,2-5-5-8,0.0005656108597285068,0.9994343891402715,884,
1,6,3,3,2-5-5-9,0.004228329809725159,0.9957716701902748,473,
1,6,3,3,2-5-6-10,0.0006729475100942127,0.9993270524899058,743,
1,6,3,3,2-5-6-6,0.0072303305219091766,0.9927696694780909,1958,
1,6,3,3,2-5-6-7,0.00036991368680641185,0.9996300863131936,4055,
1,6,3,3,2-5-6-8,0.004268032437046522,0.9957319675629535,2343,
1,6,3,3,2-5-6-9,0.00040096230954290296,0.9995990376904571,1247,
1,6,3,3,2-5-7-10,0.0037593984962406013,0.9962406015037594,798,
1,6,3,3,2-5-7-7,0.0003695491500369549,0.999630450849963,1353,
1,6,3,3,2-5-7-8,0.0006221484861053505,0.9993778515138947,2411,
1,6,3,3,2-5-7-9,0.00040617384240454913,0.9995938261575954,1231,
1,6,3,3,2-5-8-10,0.0014326647564469914,0.998567335243553,698,
1,6,3,3,2-5-8-8,0.004419191919191919,0.9955808080808081,792,
1,6,3,3,2-5-8-9,0.0024671052631578946,0.9975328947368421,1216,
1,6,3,3,2-5-9-10,0.0,1.0,734,DRAW
1,6,3,3,2-5-9-9,0.0012594458438287153,0.9987405541561712,397,
1,6,3,3,2-6-10-10,0.0,1.0,453,DRAW
1,6,3,3,2-6-6-10,0.025597269624573378,0.9744027303754266,293,
1,6,3,3,2-6-6-6,0.1726529657954148,0.8273470342045853,313,
1,6,3,3,2-6-6-7,0.0010224948875255625,0.9989775051124744,1467,
1,6,3,3,2-6-6-8,0.01890215690829375,0.9810978430917062,821,
1,6,3,3,2-6-6-9,0.015756302521008403,0.9842436974789915,476,
1,6,3,3,2-6-7-10,0.0006657789613848203,0.9993342210386151,751,
1,6,3,3,2-6-7-7,0.0051415888172549945,0.9948584111827449,1323,
1,6,3,3,2-6-7-8,0.0002089427496865859,0.9997910572503134,2393,
1,6,3,3,2-6-7-9,0.0037313432835820895,0.996268656716418,1206,
1,6,3,3,2-6-8-10,0.0,1.0,728,DRAW
1,6,3,3,2-6-8-8,0.0013054830287206266,0.9986945169712794,766,
1,6,3,3,2-6-8-9,0.00040716612377850165,0.9995928338762216,1228,
1,6,3,3,2-6-9-10,0.0,1.0,717,DRAW
1,6,3,3,2-6-9-9,0.0,1.0,373,DRAW
1,6,3,3,2-7-10-10,0.0,1.0,428,DRAW
1,6,3,3,2-7-7-10,0.0,1.0,282,DRAW
1,6,3,3,2-7-7-7,0.010362694300518135,0.9896373056994818,193,
1,6,3,3,2-7-7-8,0.002352941176470588,0.9976470588235294,850,
1,6,3,3,2-7-7-9,0.0021645021645021645,0.9978354978354979,462,
1,6,3,3,2-7-8-10,0.0,1.0,738,DRAW
1,6,3,3,2-7-8-8,0.0026455026455026454,0.9973544973544973,756,
1,6,3,3,2-7-8-9,0.0,1.0,1272,DRAW
1,6,3,3,2-7-9-10,0.0,1.0,754,DRAW
1,6,3,3,2-7-9-9,0.0,1.0,345,DRAW
1,6,3,3,2-8-10-10,0.0,1.0,416,DRAW
1,6,3,3,2-8-8-10,0.0,1.0,242,DRAW
1,6,3,3,2-8-8-8,0.0,1.0,109,DRAW
1,6,3,3,2-8-8-9,0.0,1.0,487,DRAW
1,6,3,3,2-8-9-10,0.0,1.0,741,DRAW
1,6,3,3,2-8-9-9,0.0,1.0,400,DRAW
1,6,3,3,2-9-10-10,0.0,1.0,457,DRAW
1,6,3,3,2-9-9-10,0.0,1.0,263,DRAW
1,6,3,3,2-9-9-9,0.0,1.0,58,DRAW
1,6,3,3,3-10-10-10,0.0,1.0,185,DRAW
1,6,3,3,3-3-10-10,0.0,1.0,169,DRAW
1,6,3,3,3-3-3-10,0.045454545454545456,0.9545454545454546,44,
1,6,3,3,3-3-3-3,0.4418922749072373,0.5581077250927627,36,
1,6,3,3,3-3-3-4,0.9347104650959236,0.06528953490407635,456,
1,6,3,3,3-3-3-5,0.5151550495092216,0.4848449504907784,334,
1,6,3,3,3-3-3-6,0.39694356043469226,0.6030564395653079,266,
1,6,3,3,3-3-3-7,0.05866620848798349,0.9413337915120165,180,
1,6,3,3,3-3-3-8,0.10818415455512231,0.8918158454448778,130,
1,6,3,3,3-3-3-9,0.017857142857142856,0.9821428571428571,56,
1,6,3,3,3-3-4-10,0.015789473684210527,0.9842105263157894,285,
1,6,3,3,3-3-4-4,0.999104744852283,0.0008952551477170994,1117,
1,6,3,3,3-3-4-5,0.9596265076066458,0.04037349239335423,2210,
1,6,3,3,3-3-4-6,0.5123326504324993,0.4876673495675007,1782,
1,6,3,3,3-3-4-7,0.011130768471744712,0.9888692315282552,1450,
1,6,3,3,3-3-4-8,0.006859412433719116,0.9931405875662809,887,
1,6,3,3,3-3-4-9,0.04202543075277234,0.9579745692472277,465,
1,6,3,3,3-3-5-10,0.10248930881731137,0.8975106911826887,255,
1,6,3,3,3-3-5-5,0.9337037095653689,0.06629629043463119,772,
1,6,3,3,3-3-5-6,0.039887653816267646,0.9601123461837323,1782,
1,6,3,3,3-3-5-7,0.3149858541784019,0.685014145821598,1280,
1,6,3,3,3-3-5-8,0.0005903187721369539,0.999409681227863,847,
1,6,3,3,3-3-5-9,0.002136752136752137,0.9978632478632479,468,
1,6,3,3,3-3-6-10,0.08778244594905356,0.9122175540509465,292,
1,6,3,3,3-3-6-6,0.7450610604233714,0.2549389395766287,685,
1,6,3,3,3-3-6-7,0.0003315649867374005,0.9996684350132626,1508,
1,6,3,3,3-3-6-8,0.009838492938573093,0.9901615070614268,849,
1,6,3,3,3-3-6-9,0.015901548672566372,0.9840984513274337,452,
1,6,3,3,3-3-7-10,0.003389830508474576,0.9966101694915255,295,
1,6,3,3,3-3-7-7,0.014399235899199331,0.9856007641008007,473,
1,6,3,3,3-3-7-8,0.008409350057012543,0.9915906499429875,877,
1,6,3,3,3-3-7-9,0.006682389937106919,0.9933176100628931,424,
1,6,3,3,3-3-8-10,0.005263157894736842,0.9947368421052631,285,
1,6,3,3,3-3-8-8,0.008389261744966443,0.9916107382550335,298,
1,6,3,3,3-3-8-9,0.002145922746781116,0.9978540772532188,466,
1,6,3,3,3-3-9-10,0.011254019292604502,0.9887459807073955,311,
1,6,3,3,3-3-9-9,0.0070921985815602835,0.9929078014184397,141,
1,6,3,3,3-4-10-10,0.0,1.0,462,DRAW
1,6,3,3,3-4-4-10,0.003472222222222222,0.9965277777777778,288,
1,6,3,3,3-4-4-4,0.9624719585944453,0.03752804140555462,404,
1,6,3,3,3-4-4-5,0.9842752793008395,0.015724720699160588,2201,
1,6,3,3,3-4-4-6,0.5560777236956237,0.4439222763043763,1728,
1,6,3,3,3-4-4-7,0.14012883682036945,0.8598711631796306,1285,
1,6,3,3,3-4-4-8,0.004464285714285714,0.9955357142857143,896,
1,6,3,3,3-4-4-9,0.004940711462450593,0.9950592885375494,506,
1,6,3,3,3-4-5-10,0.000708215297450425,0.9992917847025495,706,
1,6,3,3,3-4-5-5,0.8782481372239117,0.12175186277608833,2157,
1,6,3,3,3-4-5-6,0.024251035200637313,0.9757489647993626,4522,
1,6,3,3,3-4-5-7,0.0001322401481089659,0.999867759851891,3781,
1,6,3,3,3-4-5-8,0.00020064205457463884,0.9997993579454254,2492,
1,6,3,3,3-4-5-9,0.0074231373864770914,0.992576862613523,1269,
1,6,3,3,3-4-6-10,0.0057251908396946565,0.9942748091603053,786,
1,6,3,3,3-4-6-6,0.497697602044345,0.5023023979556551,1635,
1,6,3,3,3-4-6-7,0.0009444144630329196,0.999055585536967,3706,
1,6,3,3,3-4-6-8,0.000646551724137931,0.999353448275862,2320,
1,6,3,3,3-4-6-9,0.00040290088638195,0.999597099113618,1241,
1,6,3,3,3-4-7-10,0.001288659793814433,0.9987113402061856,776,
1,6,3,3,3-4-7-7,0.0011160714285714285,0.9988839285714286,1344,
1,6,3,3,3-4-7-8,0.00044365572315882877,0.9995563442768411,2254,
1,6,3,3,3-4-7-9,0.000390625,0.999609375,1280,
1,6,3,3,3-4-8-10,0.004492939666238768,0.9955070603337612,779,
1,6,3,3,3-4-8-8,0.005194805194805195,0.9948051948051948,770,
1,6,3,3,3-4-8-9,0.002461033634126333,0.9975389663658737,1219,
1,6,3,3,3-4-9-10,0.0,1.0,737,DRAW
1,6,3,3,3-4-9-9,0.018891687657430732,0.9811083123425692,397,
1,6,3,3,3-5-10-10,0.0,1.0,424,DRAW
1,6,3,3,3-5-5-10,0.00922509225092251,0.9907749077490775,271,
1,6,3,3,3-5-5-5,0.9323505457808641,0.06764945421913585,306,
1,6,3,3,3-5-5-6,0.1623089874350058,0.8376910125649941,1844,
1,6,3,3,3-5-5-7,0.000365764447695684,0.9996342355523044,1367,
1,6,3,3,3-5-5-8,0.003854625550660793,0.9961453744493393,908,
1,6,3,3,3-5-5-9,0.006342494714587738,0.9936575052854123,473,
1,6,3,3,3-5-6-10,0.0006142506142506142,0.9993857493857494,814,
1,6,3,3,3-5-6-6,0.002059244600669377,0.9979407553993306,1879,
1,6,3,3,3-5-6-7,0.01003553430149226,0.9899644656985077,3714,
1,6,3,3,3-5-6-8,0.0037189728125306618,0.9962810271874692,2370,
1,6,3,3,3-5-6-9,0.004310344827586207,0.9956896551724138,1276,
1,6,3,3,3-5-7-10,0.015006821282401092,0.984993178717599,733,
1,6,3,3,3-5-7-7,0.01138185326995925,0.9886181467300408,1340,
1,6,3,3,3-5-7-8,0.00979278535040616,0.9902072146495938,2421,
1,6,3,3,3-5-7-9,0.002021018593371059,0.997978981406629,1237,
1,6,3,3,3-5-8-10,0.0,1.0,761,DRAW
1,6,3,3,3-5-8-8,0.0037546933667083854,0.9962453066332916,799,
1,6,3,3,3-5-8-9,0.006897364583957253,0.9931026354160427,1270,
1,6,3,3,3-5-9-10,0.0,1.0,779,DRAW
1,6,3,3,3-5-9-9,0.0,1.0,406,DRAW
1,6,3,3,3-6-10-10,0.0,1.0,457,DRAW
1,6,3,3,3-6-6-10,0.003663003663003663,0.9963369963369964,273,
1,6,3,3,3-6-6-6,0.012110726643598616,0.9878892733564014,289,
1,6,3,3,3-6-6-7,0.01607037490922295,0.9839296250907771,1377,
1,6,3,3,3-6-6-8,0.0023952095808383233,0.9976047904191617,835,
1,6,3,3,3-6-6-9,0.0077951002227171495,0.9922048997772829,449,
1,6,3,3,3-6-7-10,0.0,1.0,728,DRAW
1,6,3,3,3-6-7-7,0.0019201228878648233,0.9980798771121352,1302,
1,6,3,3,3-6-7-8,0.0007680491551459291,0.999231950844854,2387,
1,6,3,3,3-6-7-9,0.0012335526315789473,0.998766447368421,1216,
1,6,3,3,3-6-8-10,0.0,1.0,743,DRAW
1,6,3,3,3-6-8-8,0.007772020725388601,0.9922279792746114,772,
1,6,3,3,3-6-8-9,0.0,1.0,1262,DRAW
1,6,3,3,3-6-9-10,0.0,1.0,785,DRAW
1,6,3,3,3-6-9-9,0.0,1.0,392,DRAW
1,6,3,3,3-7-10-10,0.0,1.0,432,DRAW
1,6,3,3,3-7-7-10,0.0,1.0,292,DRAW
1,6,3,3,3-7-7-7,0.007731958762886598,0.9922680412371134,194,
1,6,3,3,3-7-7-8,0.02216406883605233,0.9778359311639477,843,
1,6,3,3,3-7-7-9,0.0,1.0,457,DRAW
1,6,3,3,3-7-8-10,0.0,1.0,765,DRAW
1,6,3,3,3-7-8-8,0.0,1.0,774,DRAW
1,6,3,3,3-7-8-9,0.0,1.0,1243,DRAW
1,6,3,3,3-7-9-10,0.0,1.0,720,DRAW
1,6,3,3,3-7-9-9,0.0,1.0,421,DRAW
1,6,3,3,3-8-10-10,0.0,1.0,428,DRAW
1,6,3,3,3-8-8-10,0.0,1.0,270,DRAW
1,6,3,3,3-8-8-8,0.0,1.0,107,DRAW
1,6,3,3,3-8-8-9,0.0,1.0,480,DRAW
1,6,3,3,3-8-9-10,0.0,1.0,742,DRAW
1,6,3,3,3-8-9-9,0.0,1.0,403,DRAW
1,6,3,3,3-9-10-10,0.0,1.0,438,DRAW
1,6,3,3,3-9-9-10,0.0,1.0,273,DRAW
1,6,3,3,3-9-9-9,0.0,1.0,63,DRAW
1,6,3,3,4-10-10-10,0.0,1.0,200,DRAW
1,6,3,3,4-4-10-10,0.0,1.0,171,DRAW
1,6,3,3,4-4-4-10,0.13942307692307693,0.8605769230769231,52,
1,6,3,3,4-4-4-4,0.850671183120446,0.14932881687955393,25,
1,6,3,3,4-4-4-5,0.554064231283843,0.445935768716157,339,
1,6,3,3,4-4-4-6,0.249447355470203,0.750552644529797,270,
1,6,3,3,4-4-4-7,0.2447807878478369,0.755219212152163,216,
1,6,3,3,4-4-4-8,0.44269315707475626,0.5573068429252437,128,
1,6,3,3,4-4-4-9,0.1338410336657459,0.8661589663342542,73,
1,6,3,3,4-4-5-10,0.0036363636363636364,0.9963636363636363,275,
1,6,3,3,4-4-5-5,0.9548178081885221,0.045182191811477784,851,
1,6,3,3,4-4-5-6,0.09038271010402425,0.9096172898959758,1675,
1,6,3,3,4-4-5-7,0.004932893799232976,0.9950671062007671,1306,
1,6,3,3,4-4-5-8,0.00340522133938706,0.996594778660613,881,
1,6,3,3,4-4-5-9,0.022129291968359662,0.9778707080316403,459,
1,6,3,3,4-4-6-10,0.0048543689320388345,0.9951456310679612,309,
1,6,3,3,4-4-6-6,0.4577474488881466,0.5422525511118534,627,
1,6,3,3,4-4-6-7,0.0069164937554890326,0.9930835062445109,1321,
1,6,3,3,4-4-6-8,0.029730452784170414,0.9702695472158296,850,
1,6,3,3,4-4-6-9,0.038461538461538464,0.9615384615384616,468,
1,6,3,3,4-4-7-10,0.06909090909090909,0.9309090909090909,275,
1,6,3,3,4-4-7-7,0.002242152466367713,0.9977578475336323,446,
1,6,3,3,4-4-7-8,0.01737697755284094,0.982623022447159,826,
1,6,3,3,4-4-7-9,0.002061855670103093,0.9979381443298969,485,
1,6,3,3,4-4-8-10,0.0,1.0,267,DRAW
1,6,3,3,4-4-8-8,0.056105610561056105,0.9438943894389439,303,
1,6,3,3,4-4-8-9,0.006711409395973154,0.9932885906040269,447,
1,6,3,3,4-4-9-10,0.0,1.0,270,DRAW
1,6,3,3,4-4-9-9,0.0,1.0,181,DRAW
1,6,3,3,4-5-10-10,0.0,1.0,468,DRAW
1,6,3,3,4-5-5-10,0.035326086956521736,0.9646739130434783,276,
1,6,3,3,4-5-5-5,0.9323250734184766,0.06767492658152331,343,
1,6,3,3,4-5-5-6,0.0011792452830188679,0.9988207547169812,1696,
1,6,3,3,4-5-5-7,0.011849562081401342,0.9881504379185987,1294,
1,6,3,3,4-5-5-8,0.06915861197810579,0.9308413880218942,829,
1,6,3,3,4-5-5-9,0.006741573033707865,0.9932584269662922,445,
1,6,3,3,4-5-6-10,0.05579531442663378,0.9442046855733662,811,
1,6,3,3,4-5-6-6,0.01658322903629537,0.9834167709637046,1598,
1,6,3,3,4-5-6-7,0.0008167710318540703,0.9991832289681459,3673,
1,6,3,3,4-5-6-8,0.0002058460271716756,0.9997941539728283,2429,
1,6,3,3,4-5-6-9,0.0023942537909018356,0.9976057462090981,1253,
1,6,3,3,4-5-7-10,0.0,1.0,795,DRAW
1,6,3,3,4-5-7-7,0.00039872408293460925,0.9996012759170654,1254,
1,6,3,3,4-5-7-8,0.00041893590280687055,0.9995810640971932,2387,
1,6,3,3,4-5-7-9,0.006998444790046656,0.9930015552099534,1286,
1,6,3,3,4-5-8-10,0.0,1.0,756,DRAW
1,6,3,3,4-5-8-8,0.0025220680958385876,0.9974779319041615,793,
1,6,3,3,4-5-8-9,0.0,1.0,1225,DRAW
1,6,3,3,4-5-9-10,0.0,1.0,777,DRAW
1,6,3,3,4-5-9-9,0.0,1.0,445,DRAW
1,6,3,3,4-6-10-10,0.0,1.0,477,DRAW
1,6,3,3,4-6-6-10,0.0,1.0,273,DRAW
1,6,3,3,4-6-6-6,0.008064516129032258,0.9919354838709677,310,
1,6,3,3,4-6-6-7,0.002028397565922921,0.9979716024340771,1479,
1,6,3,3,4-6-6-8,0.03255741225765752,0.9674425877423425,860,
1,6,3,3,4-6-6-9,0.0022371364653243847,0.9977628635346756,447,
1,6,3,3,4-6-7-10,0.0,1.0,785,DRAW
1,6,3,3,4-6-7-7,0.0007849293563579278,0.9992150706436421,1274,
1,6,3,3,4-6-7-8,0.0008507018290089324,0.9991492981709911,2351,
1,6,3,3,4-6-7-9,0.0,1.0,1175,DRAW
1,6,3,3,4-6-8-10,0.0,1.0,719,DRAW
1,6,3,3,4-6-8-8,0.0,1.0,762,DRAW
1,6,3,3,4-6-8-9,0.0,1.0,1198,DRAW
1,6,3,3,4-6-9-10,0.0,1.0,722,DRAW
1,6,3,3,4-6-9-9,0.0,1.0,409,DRAW
1,6,3,3,4-7-10-10,0.0,1.0,412,DRAW
1,6,3,3,4-7-7-10,0.0,1.0,282,DRAW
1,6,3,3,4-7-7-7,0.015909090909090907,0.9840909090909091,220,
1,6,3,3,4-7-7-8,0.0,1.0,840,DRAW
1,6,3,3,4-7-7-9,0.0,1.0,436,DRAW
1,6,3,3,4-7-8-10,0.0,1.0,781,DRAW
1,6,3,3,4-7-8-8,0.0,1.0,785,DRAW
1,6,3,3,4-7-8-9,0.0,1.0,1246,DRAW
1,6,3,3,4-7-9-10,0.0,1.0,725,DRAW
1,6,3,3,4-7-9-9,0.0,1.0,413,DRAW
1,6,3,3,4-8-10-10,0.0,1.0,464,DRAW
1,6,3,3,4-8-8-10,0.0,1.0,258,DRAW
1,6,3,3,4-8-8-8,0.0,1.0,110,DRAW
1,6,3,3,4-8-8-9,0.0,1.0,459,DRAW
1,6,3,3,4-8-9-10,0.0,1.0,751,DRAW
1,6,3,3,4-8-9-9,0.0,1.0,379,DRAW
1,6,3,3,4-9-10-10,0.0,1.0,442,DRAW
1,6,3,3,4-9-9-10,0.0,1.0,296,DRAW
1,6,3,3,4-9-9-9,0.0,1.0,49,DRAW
1,6,3,3,5-10-10-10,0.0,1.0,210,DRAW
1,6,3,3,5-5-10-10,0.0,1.0,158,DRAW
1,6,3,3,5-5-5-10,0.24829948824375947,0.7517005117562405,52,
1,6,3,3,5-5-5-5,0.8,0.2,20,
1,6,3,3,5-5-5-6,0.0016286644951140066,0.998371335504886,307,
1,6,3,3,5-5-5-7,0.06326530612244897,0.936734693877551,245,
1,6,3,3,5-5-5-8,0.0064516129032258064,0.9935483870967742,155,
1,6,3,3,5-5-5-9,0.15441176470588236,0.8455882352941176,68,
1,6,3,3,5-5-6-10,0.0,1.0,276,DRAW
1,6,3,3,5-5-6-6,0.008308157099697885,0.9916918429003021,662,
1,6,3,3,5-5-6-7,0.0035486160397444995,0.9964513839602555,1409,
1,6,3,3,5-5-6-8,0.0005567928730512249,0.9994432071269488,898,
1,6,3,3,5-5-6-9,0.0028089887640449437,0.9971910112359551,534,
1,6,3,3,5-5-7-10,0.0,1.0,275,DRAW
1,6,3,3,5-5-7-7,0.17355055578300502,0.8264494442169951,471,
1,6,3,3,5-5-7-8,0.03176470588235294,0.9682352941176471,850,
1,6,3,3,5-5-7-9,0.0,1.0,449,DRAW
1,6,3,3,5-5-8-10,0.0,1.0,289,DRAW
1,6,3,3,5-5-8-8,0.0,1.0,283,DRAW
1,6,3,3,5-5-8-9,0.0,1.0,451,DRAW
1,6,3,3,5-5-9-10,0.0,1.0,289,DRAW
1,6,3,3,5-5-9-9,0.0,1.0,159,DRAW
1,6,3,3,5-6-10-10,0.0,1.0,444,DRAW
1,6,3,3,5-6-6-10,0.0,1.0,258,DRAW
1,6,3,3,5-6-6-6,0.050810099909115766,0.9491899000908843,273,
1,6,3,3,5-6-6-7,0.0017507002801120449,0.998249299719888,1428,
1,6,3,3,5-6-6-8,0.028527298717736745,0.9714727012822633,931,
1,6,3,3,5-6-6-9,0.0,1.0,490,DRAW
1,6,3,3,5-6-7-10,0.0,1.0,709,DRAW
1,6,3,3,5-6-7-7,0.0033432392273402673,0.9966567607726597,1346,
1,6,3,3,5-6-7-8,0.0,1.0,2364,DRAW
1,6,3,3,5-6-7-9,0.0,1.0,1202,DRAW
1,6,3,3,5-6-8-10,0.0,1.0,741,DRAW
1,6,3,3,5-6-8-8,0.0,1.0,721,DRAW
1,6,3,3,5-6-8-9,0.0,1.0,1217,DRAW
1,6,3,3,5-6-9-10,0.0,1.0,814,DRAW
1,6,3,3,5-6-9-9,0.0,1.0,411,DRAW
1,6,3,3,5-7-10-10,0.0,1.0,448,DRAW
1,6,3,3,5-7-7-10,0.0,1.0,280,DRAW
1,6,3,3,5-7-7-7,0.0,1.0,189,DRAW
1,6,3,3,5-7-7-8,0.0,1.0,904,DRAW
1,6,3,3,5-7-7-9,0.0,1.0,429,DRAW
1,6,3,3,5-7-8-10,0.0,1.0,708,DRAW
1,6,3,3,5-7-8-8,0.0,1.0,810,DRAW
1,6,3,3,5-7-8-9,0.0,1.0,1218,DRAW
1,6,3,3,5-7-9-10,0.0,1.0,756,DRAW
1,6,3,3,5-7-9-9,0.0,1.0,392,DRAW
1,6,3,3,5-8-10-10,0.0,1.0,445,DRAW
1,6,3,3,5-8-8-10,0.0,1.0,259,DRAW
1,6,3,3,5-8-8-8,0.0,1.0,125,DRAW
1,6,3,3,5-8-8-9,0.0,1.0,421,DRAW
1,6,3,3,5-8-9-10,0.0,1.0,742,DRAW
1,6,3,3,5-8-9-9,0.0,1.0,384,DRAW
1,6,3,3,5-9-10-10,0.0,1.0,475,DRAW
1,6,3,3,5-9-9-10,0.0,1.0,273,DRAW
1,6,3,3,5-9-9-9,0.0,1.0,52,DRAW
1,6,3,3,6-10-10-10,0.0,1.0,231,DRAW
1,6,3,3,6-6-10-10,0.0,1.0,166,DRAW
1,6,3,3,6-6-6-10,0.0,1.0,50,DRAW
1,6,3,3,6-6-6-6,0.8641194331983805,0.13588056680161942,19,
1,6,3,3,6-6-6-7,0.005813953488372093,0.9941860465116279,258,
1,6,3,3,6-6-6-8,0.0,1.0,162,DRAW
1,6,3,3,6-6-6-9,0.0,1.0,78,DRAW
1,6,3,3,6-6-7-10,0.0,1.0,287,DRAW
1,6,3,3,6-6-7-7,0.0,1.0,520,DRAW
1,6,3,3,6-6-7-8,0.0,1.0,872,DRAW
1,6,3,3,6-6-7-9,0.0,1.0,402,DRAW
1,6,3,3,6-6-8-10,0.0,1.0,274,DRAW
1,6,3,3,6-6-8-8,0.0,1.0,262,DRAW
1,6,3,3,6-6-8-9,0.0,1.0,467,DRAW
1,6,3,3,6-6-9-10,0.0,1.0,271,DRAW
1,6,3,3,6-6-9-9,0.0,1.0,137,DRAW
1,6,3,3,6-7-10-10,0.0,1.0,440,DRAW
1,6,3,3,6-7-7-10,0.0,1.0,269,DRAW
1,6,3,3,6-7-7-7,0.0,1.0,210,DRAW
1,6,3,3,6-7-7-8,0.0,1.0,903,DRAW
1,6,3,3,6-7-7-9,0.0,1.0,450,DRAW
1,6,3,3,6-7-8-10,0.0,1.0,743,DRAW
1,6,3,3,6-7-8-8,0.0,1.0,774,DRAW
1,6,3,3,6-7-8-9,0.0,1.0,1247,DRAW
1,6,3,3,6-7-9-10,0.0,1.0,738,DRAW
1,6,3,3,6-7-9-9,0.0,1.0,354,DRAW
1,6,3,3,6-8-10-10,0.0,1.0,444,DRAW
1,6,3,3,6-8-8-10,0.0,1.0,283,DRAW
1,6,3,3,6-8-8-8,0.0,1.0,115,DRAW
1,6,3,3,6-8-8-9,0.0,1.0,429,DRAW
1,6,3,3,6-8-9-10,0.0,1.0,748,DRAW
1,6,3,3,6-8-9-9,0.0,1.0,390,DRAW
1,6,3,3,6-9-10-10,0.0,1.0,435,DRAW
1,6,3,3,6-9-9-10,0.0,1.0,267,DRAW
1,6,3,3,6-9-9-9,0.0,1.0,65,DRAW
1,6,3,3,7-10-10-10,0.0,1.0,203,DRAW
1,6,3,3,7-7-10-10,0.0,1.0,169,DRAW
1,6,3,3,7-7-7-10,0.0,1.0,44,DRAW
1,6,3,3,7-7-7-7,0.0,1.0,11,DRAW
1,6,3,3,7-7-7-8,0.0,1.0,132,DRAW
1,6,3,3,7-7-7-9,0.0,1.0,75,DRAW
1,6,3,3,7-7-8-10,0.0,1.0,306,DRAW
1,6,3,3,7-7-8-8,0.0,1.0,319,DRAW
1,6,3,3,7-7-8-9,0.0,1.0,406,DRAW
1,6,3,3,7-7-9-10,0.0,1.0,241,DRAW
1,6,3,3,7-7-9-9,0.0,1.0,146,DRAW
1,6,3,3,7-8-10-10,0.0,1.0,429,DRAW
1,6,3,3,7-8-8-10,0.0,1.0,306,DRAW
1,6,3,3,7-8-8-8,0.0,1.0,129,DRAW
1,6,3,3,7-8-8-9,0.0,1.0,471,DRAW
1,6,3,3,7-8-9-10,0.0,1.0,712,DRAW
1,6,3,3,7-8-9-9,0.0,1.0,376,DRAW
1,6,3,3,7-9-10-10,0.0,1.0,414,DRAW
1,6,3,3,7-9-9-10,0.0,1.0,276,DRAW
1,6,3,3,7-9-9-9,0.0,1.0,40,DRAW
1,6,3,3,8-10-10-10,0.0,1.0,185,DRAW
1,6,3,3,8-8-10-10,0.0,1.0,175,DRAW
1,6,3,3,8-8-8-10,0.0,1.0,47,DRAW
1,6,3,3,8-8-8-8,0.0,1.0,2,DRAW
1,6,3,3,8-8-8-9,0.0,1.0,69,DRAW
1,6,3,3,8-8-9-10,0.0,1.0,289,DRAW
1,6,3,3,8-8-9-9,0.0,1.0,143,DRAW
1,6,3,3,8-9-10-10,0.0,1.0,408,DRAW
1,6,3,3,8-9-9-10,0.0,1.0,270,DRAW
1,6,3,3,8-9-9-9,0.0,1.0,51,DRAW
1,6,3,3,9-10-10-10,0.0,1.0,186,DRAW
1,6,3,3,9-9-10-10,0.0,1.0,152,DRAW
1,6,3,3,9-9-9-10,0.0,1.0,40,DRAW
1,6,3,3,9-9-9-9,0.0,1.0,4,DRAW
1,8,4,4,1-1-1-1,1.0,0.0,27,STOP
1,8,4,4,1-1-1-10,0.29411764705882354,0.7058823529411765,17,
1,8,4,4,1-1-1-2,1.0,0.0,723,STOP
1,8,4,4,1-1-1-3,1.0,0.0,531,STOP
1,8,4,4,1-1-1-4,0.4738709677419355,0.5261290322580645,775,
1,8,4,4,1-1-1-5,0.8878787878787879,0.11212121212121212,495,
1,8,4,4,1-1-1-6,0.15111940298507462,0.8488805970149254,268,
1,8,4,4,1-1-1-7,0.4975435178955871,0.502456482104413,226,
1,8,4,4,1-1-1-8,0.7807017543859649,0.21929824561403508,114,
1,8,4,4,1-1-1-9,0.3076923076923077,0.6923076923076923,39,
1,8,4,4,1-1-10-10,0.008620689655172414,0.9913793103448276,58,
1,8,4,4,1-1-2-10,0.005,0.995,100,
1,8,4,4,1-1-2-2,0.9792102901585402,0.020789709841459766,3343,
1,8,4,4,1-1-2-3,0.697471468903492,0.30252853109650807,6274,
1,8,4,4,1-1-2-4,0.3050767003924936,0.6949232996075064,4384,
1,8,4,4,1-1-2-5,0.8332840923330153,0.16671590766698471,2959,
1,8,4,4,1-1-2-6,0.025917630758228553,0.9740823692417714,2427,
1,8,4,4,1-1-2-7,0.04101561394479054,0.9589843860552094,1417,
1,8,4,4,1-1-2-8,0.028366741911717275,0.9716332580882827,729,
1,8,4,4,1-1-2-9,0.10258104711401593,0.8974189528859841,288,
1,8,4,4,1-1-3-10,0.004201680672268907,0.9957983193277311,119,
1,8,4,4,1-1-3-3,0.9935602575896965,0.006439742410303588,2174,
1,8,4,4,1-1-3-4,0.965023350955325,0.034976649044675075,4149,
1,8,4,4,1-1-3-5,0.9586604781843905,0.04133952181560939,2878,
1,8,4,4,1-1-3-6,0.0680981564115108,0.9319018435884892,2131,
1,8,4,4,1-1-3-7,0.009269776291512915,0.9907302237084871,1355,
1,8,4,4,1-1-3-8,0.0020463847203274215,0.9979536152796725,733,
1,8,4,4,1-1-3-9,0.003663003663003663,0.9963369963369964,273,
1,8,4,4,1-1-4-10,0.01694915254237288,0.9830508474576272,118,
1,8,4,4,1-1-4-4,0.6746329606483321,0.32536703935166783,1509,
1,8,4,4,1-1-4-5,0.0024615384615384616,0.9975384615384615,3250,
1,8,4,4,1-1-4-6,0.005302695536897923,0.9946973044631021,2263,
1,8,4,4,1-1-4-7,0.024999274447401586,0.9750007255525984,1385,
1,8,4,4,1-1-4-8,0.03052118203868231,0.9694788179613177,748,
1,8,4,4,1-1-4-9,0.00530035335689046,0.9946996466431095,283,
1,8,4,4,1-1-5-10,0.021551724137931036,0.978448275862069,116,
1,8,4,4,1-1-5-5,0.34864670057099134,0.6513532994290087,1042,
1,8,4,4,1-1-5-6,0.0008203445447087777,0.9991796554552912,2438,
1,8,4,4,1-1-5-7,0.004772229484602105,0.995227770515398,1388,
1,8,4,4,1-1-5-8,0.003703703703703704,0.9962962962962963,675,
1,8,4,4,1-1-5-9,0.02,0.98,325,
1,8,4,4,1-1-6-10,0.034482758620689655,0.9655172413793104,116,
1,8,4,4,1-1-6-6,0.017532333910380372,0.9824676660896197,820,
1,8,4,4,1-1-6-7,0.0016733601070950468,0.9983266398929049,1494,
1,8,4,4,1-1-6-8,0.019472007919664455,0.9805279920803355,700,
1,8,4,4,1-1-6-9,0.008771929824561403,0.9912280701754386,285,
1,8,4,4,1-1-7-10,0.018518518518518517,0.9814814814814815,108,
1,8,4,4,1-1-7-7,0.03924056662418823,0.9607594333758117,472,
1,8,4,4,1-1-7-8,0.0007215007215007215,0.9992784992784993,693,
1,8,4,4,1-1-7-9,0.012589928057553957,0.987410071942446,278,
1,8,4,4,1-1-8-10,0.004807692307692308,0.9951923076923077,104,
1,8,4,4,1-1-8-8,0.03359580052493439,0.9664041994750656,254,
1,8,4,4,1-1-8-9,0.006802721088435374,0.9931972789115646,294,
1,8,4,4,1-1-9-10,0.004201680672268907,0.9957983193277311,119,
1,8,4,4,1-1-9-9,0.12289156626506019,0.8771084337349397,83,
1,8,4,4,1-10-10-10,0.0,1.0,52,DRAW
1,8,4,4,1-2-10-10,0.007142857142857143,0.9928571428571429,140,
1,8,4,4,1-2-2-10,0.01680672268907563,0.9831932773109243,119,
1,8,4,4,1-2-2-2,0.9723636363636363,0.027636363636363636,1375,
1,8,4,4,1-2-2-3,0.9959410703547805,0.004058929645219483,6652,
1,8,4,4,1-2-2-4,0.996451541361721,0.0035484586382789974,4509,
1,8,4,4,1-2-2-5,0.7733464671174711,0.22665353288252885,2896,
1,8,4,4,1-2-2-6,0.0030530765617660873,0.9969469234382339,2129,
1,8,4,4,1-2-2-7,0.02431359375029732,0.9756864062497027,1327,
1,8,4,4,1-2-2-8,0.008245877061469266,0.9917541229385307,667,
1,8,4,4,1-2-2-9,0.001976284584980237,0.9980237154150198,253,
1,8,4,4,1-2-3-10,0.0031645569620253164,0.9968354430379747,316,
1,8,4,4,1-2-3-3,0.9718030128837618,0.028196987116238154,5703,
1,8,4,4,1-2-3-4,0.9207753776669974,0.07922462233300273,11249,
1,8,4,4,1-2-3-5,0.9958740781361133,0.00412592186388668,8039,
1,8,4,4,1-2-3-6,0.000541460396039604,0.9994585396039604,6464,
1,8,4,4,1-2-3-7,0.010023257031710203,0.9899767429682899,3840,
1,8,4,4,1-2-3-8,0.0061106711201743425,0.9938893288798256,1912,
1,8,4,4,1-2-3-9,0.010839432466636236,0.9891605675333638,794,
1,8,4,4,1-2-4-10,0.012738853503184714,0.9872611464968153,314,
1,8,4,4,1-2-4-4,0.9895135570573594,0.010486442942640619,3872,
1,8,4,4,1-2-4-5,0.9605596716546773,0.0394403283453227,7774,
1,8,4,4,1-2-4-6,0.005081389029872152,0.9949186109701279,5703,
1,8,4,4,1-2-4-7,0.002668360864040661,0.9973316391359593,3935,
1,8,4,4,1-2-4-8,0.020100338325171378,0.9798996616748287,1917,
1,8,4,4,1-2-4-9,0.0026041666666666665,0.9973958333333334,768,
1,8,4,4,1-2-5-10,0.009933774834437087,0.9900662251655629,302,
1,8,4,4,1-2-5-5,0.4626663763910491,0.5373336236089509,2723,
1,8,4,4,1-2-5-6,0.012151275308532028,0.987848724691468,6102,
1,8,4,4,1-2-5-7,0.00039546533087266017,0.9996045346691274,3793,
1,8,4,4,1-2-5-8,0.005871108683779356,0.9941288913162206,1831,
1,8,4,4,1-2-5-9,0.001256281407035176,0.9987437185929648,796,
1,8,4,4,1-2-6-10,0.003215434083601286,0.9967845659163987,311,
1,8,4,4,1-2-6-6,0.001866542230517966,0.998133457769482,2143,
1,8,4,4,1-2-6-7,0.00013000520020800833,0.999869994799792,3846,
1,8,4,4,1-2-6-8,0.0005344735435595938,0.9994655264564404,1871,
1,8,4,4,1-2-6-9,0.007442489851150203,0.9925575101488497,739,
1,8,4,4,1-2-7-10,0.0048543689320388345,0.9951456310679612,309,
1,8,4,4,1-2-7-7,0.0004045307443365696,0.9995954692556634,1236,
1,8,4,4,1-2-7-8,0.0013728720483250961,0.9986271279516749,1821,
1,8,4,4,1-2-7-9,0.001375515818431912,0.9986244841815681,727,
1,8,4,4,1-2-8-10,0.006514657980456026,0.993485342019544,307,
1,8,4,4,1-2-8-8,0.003462099125364431,0.9965379008746355,588,
1,8,4,4,1-2-8-9,0.001272264631043257,0.9987277353689568,786,
1,8,4,4,1-2-9-10,0.012121212121212121,0.9878787878787879,330,
1,8,4,4,1-2-9-9,0.024271844660194174,0.9757281553398058,206,
1,8,4,4,1-3-10-10,0.017241379310344827,0.9827586206896551,145,
1,8,4,4,1-3-3-10,0.029411764705882353,0.9705882352941176,119,
1,8,4,4,1-3-3-3,0.8597852412277727,0.14021475877222725,835,
1,8,4,4,1-3-3-4,0.9880451849696753,0.011954815030324577,4199,
1,8,4,4,1-3-3-5,0.9890036082683545,0.010996391731645488,2740,
1,8,4,4,1-3-3-6,0.00043782837127845885,0.9995621716287215,2284,
1,8,4,4,1-3-3-7,0.025537355097963677,0.9744626449020363,1349,
1,8,4,4,1-3-3-8,0.005398110661268556,0.9946018893387314,741,
1,8,4,4,1-3-3-9,0.03620689655172414,0.9637931034482758,290,
1,8,4,4,1-3-4-10,0.009615384615384616,0.9903846153846154,312,
1,8,4,4,1-3-4-4,0.9957594026688152,0.004240597331184707,3785,
1,8,4,4,1-3-4-5,0.9590160719958727,0.040983928004127264,7574,
1,8,4,4,1-3-4-6,0.0003041979314540661,0.9996958020685459,4931,
1,8,4,4,1-3-4-7,0.0019984012789768186,0.9980015987210232,3753,
1,8,4,4,1-3-4-8,0.005147835269271384,0.9948521647307286,1894,
1,8,4,4,1-3-4-9,0.042059710201303085,0.9579402897986969,791,
1,8,4,4,1-3-5-10,0.01773049645390071,0.9822695035460993,282,
1,8,4,4,1-3-5-5,0.8333605347515398,0.16663946524846013,2644,
1,8,4,4,1-3-5-6,0.001310285114905903,0.9986897148850942,5897,
1,8,4,4,1-3-5-7,0.0005178663904712584,0.9994821336095288,3862,
1,8,4,4,1-3-5-8,0.005294261051824292,0.9947057389481757,1874,
1,8,4,4,1-3-5-9,0.0019230769230769232,0.9980769230769231,780,
1,8,4,4,1-3-6-10,0.004918032786885246,0.9950819672131147,305,
1,8,4,4,1-3-6-6,0.0009320023415596019,0.9990679976584403,2094,
1,8,4,4,1-3-6-7,0.00013368983957219252,0.9998663101604278,3740,
1,8,4,4,1-3-6-8,0.00025974025974025974,0.9997402597402597,1925,
1,8,4,4,1-3-6-9,0.005798969072164949,0.9942010309278351,776,
1,8,4,4,1-3-7-10,0.006688963210702341,0.9933110367892977,299,
1,8,4,4,1-3-7-7,0.004500818330605565,0.9954991816693944,1222,
1,8,4,4,1-3-7-8,0.00456989247311828,0.9954301075268818,1860,
1,8,4,4,1-3-7-9,0.009206798866855524,0.9907932011331445,706,
1,8,4,4,1-3-8-10,0.01903114186851211,0.9809688581314879,289,
1,8,4,4,1-3-8-8,0.0008818342151675485,0.9991181657848325,567,
1,8,4,4,1-3-8-9,0.004617414248021108,0.9953825857519789,758,
1,8,4,4,1-3-9-10,0.009836065573770493,0.9901639344262295,305,
1,8,4,4,1-3-9-9,0.006787330316742082,0.9932126696832579,221,
1,8,4,4,1-4-10-10,0.12109375,0.87890625,128,
1,8,4,4,1-4-4-10,0.18055555555555558,0.8194444444444444,96,
1,8,4,4,1-4-4-4,0.9510426046947523,0.04895739530524763,625,
1,8,4,4,1-4-4-5,0.8890870098633675,0.1109129901366324,2775,
1,8,4,4,1-4-4-6,0.004430112965773056,0.9955698870342269,1977,
1,8,4,4,1-4-4-7,0.019384234482883532,0.9806157655171165,1260,
1,8,4,4,1-4-4-8,0.0021961932650073207,0.9978038067349927,683,
1,8,4,4,1-4-4-9,0.0017605633802816902,0.9982394366197183,284,
1,8,4,4,1-4-5-10,0.003205128205128205,0.9967948717948718,312,
1,8,4,4,1-4-5-5,0.889944151635496,0.11005584836450386,2648,
1,8,4,4,1-4-5-6,0.0012123311395912711,0.9987876688604087,5774,
1,8,4,4,1-4-5-7,0.004974951294183134,0.9950250487058169,3593,
1,8,4,4,1-4-5-8,0.0016059957173447537,0.9983940042826552,1868,
1,8,4,4,1-4-5-9,0.001854140914709518,0.9981458590852905,809,
1,8,4,4,1-4-6-10,0.00964630225080386,0.9903536977491961,311,
1,8,4,4,1-4-6-6,0.0002463054187192118,0.9997536945812808,2030,
1,8,4,4,1-4-6-7,0.00013896609227348526,0.9998610339077265,3598,
1,8,4,4,1-4-6-8,0.0002663825253063399,0.9997336174746937,1877,
1,8,4,4,1-4-6-9,0.0006527415143603133,0.9993472584856397,766,
1,8,4,4,1-4-7-10,0.0016025641025641025,0.9983974358974359,312,
1,8,4,4,1-4-7-7,0.002954360228198859,0.9970456397718012,1227,
1,8,4,4,1-4-7-8,0.0010735373054213634,0.9989264626945786,1863,
1,8,4,4,1-4-7-9,0.01809428950863214,0.9819057104913679,753,
1,8,4,4,1-4-8-10,0.010135135135135136,0.9898648648648649,296,
1,8,4,4,1-4-8-8,0.002555366269165247,0.9974446337308348,587,
1,8,4,4,1-4-8-9,0.0018587360594795538,0.9981412639405205,807,
1,8,4,4,1-4-9-10,0.0033003300330033004,0.9966996699669967,303,
1,8,4,4,1-4-9-9,0.007462686567164179,0.9925373134328358,201,
1,8,4,4,1-5-10-10,0.0,1.0,130,DRAW
1,8,4,4,1-5-5-10,0.008333333333333333,0.9916666666666667,120,
1,8,4,4,1-5-5-5,0.7041559227563364,0.29584407724366346,449,
1,8,4,4,1-5-5-6,0.0006198347107438017,0.9993801652892562,2420,
1,8,4,4,1-5-5-7,0.0007347538574577516,0.9992652461425422,1361,
1,8,4,4,1-5-5-8,0.004213483146067416,0.9957865168539326,712,
1,8,4,4,1-5-5-9,0.00819672131147541,0.9918032786885246,305,
1,8,4,4,1-5-6-10,0.0035211267605633804,0.9964788732394366,284,
1,8,4,4,1-5-6-6,0.003236245954692557,0.9967637540453075,2163,
1,8,4,4,1-5-6-7,0.0001310615989515072,0.9998689384010485,3815,
1,8,4,4,1-5-6-8,0.0026603291713961407,0.9973396708286039,1762,
1,8,4,4,1-5-6-9,0.0018726591760299626,0.99812734082397,801,
1,8,4,4,1-5-7-10,0.036911806435877756,0.9630881935641221,315,
1,8,4,4,1-5-7-7,0.0016992353440951572,0.9983007646559049,1177,
1,8,4,4,1-5-7-8,0.000273972602739726,0.9997260273972602,1825,
1,8,4,4,1-5-7-9,0.01293103448275862,0.9870689655172413,754,
1,8,4,4,1-5-8-10,0.004901960784313725,0.9950980392156863,306,
1,8,4,4,1-5-8-8,0.002559726962457338,0.9974402730375427,586,
1,8,4,4,1-5-8-9,0.0013245033112582781,0.9986754966887417,755,
1,8,4,4,1-5-9-10,0.005434782608695652,0.9945652173913043,276,
1,8,4,4,1-5-9-9,0.0023148148148148147,0.9976851851851852,216,
1,8,4,4,1-6-10-10,0.0,1.0,144,DRAW
1,8,4,4,1-6-6-10,0.04090909090909091,0.9590909090909091,110,
1,8,4,4,1-6-6-6,0.01751592356687898,0.982484076433121,314,
1,8,4,4,1-6-6-7,0.0007272727272727272,0.9992727272727273,1375,
1,8,4,4,1-6-6-8,0.018383288263389464,0.9816167117366106,679,
1,8,4,4,1-6-6-9,0.0420584615463248,0.9579415384536751,299,
1,8,4,4,1-6-7-10,0.0016181229773462784,0.9983818770226537,309,
1,8,4,4,1-6-7-7,0.01566646954665121,0.9843335304533488,1161,
1,8,4,4,1-6-7-8,0.0039184213011047115,0.9960815786988954,1869,
1,8,4,4,1-6-7-9,0.0006578947368421052,0.9993421052631579,760,
1,8,4,4,1-6-8-10,0.020905923344947737,0.9790940766550522,287,
1,8,4,4,1-6-8-8,0.03164201584989597,0.968357984150104,587,
1,8,4,4,1-6-8-9,0.002161383285302594,0.9978386167146974,694,
1,8,4,4,1-6-9-10,0.0,1.0,295,DRAW
1,8,4,4,1-6-9-9,0.004166666666666667,0.9958333333333333,240,
1,8,4,4,1-7-10-10,0.0,1.0,146,DRAW
1,8,4,4,1-7-7-10,0.014018691588785047,0.985981308411215,107,
1,8,4,4,1-7-7-7,0.06877602146798965,0.9312239785320104,165,
1,8,4,4,1-7-7-8,0.010375458100442407,0.9896245418995575,705,
1,8,4,4,1-7-7-9,0.001838235294117647,0.9981617647058824,272,
1,8,4,4,1-7-8-10,0.0,1.0,295,DRAW
1,8,4,4,1-7-8-8,0.007705479452054794,0.9922945205479452,584,
1,8,4,4,1-7-8-9,0.017015706806282723,0.9829842931937173,764,
1,8,4,4,1-7-9-10,0.0,1.0,284,DRAW
1,8,4,4,1-7-9-9,0.0,1.0,237,DRAW
1,8,4,4,1-8-10-10,0.0,1.0,129,DRAW
1,8,4,4,1-8-8-10,0.0,1.0,105,DRAW
1,8,4,4,1-8-8-8,0.08666666666666667,0.9133333333333333,75,
1,8,4,4,1-8-8-9,0.0,1.0,309,DRAW
1,8,4,4,1-8-9-10,0.0,1.0,269,DRAW
1,8,4,4,1-8-9-9,0.0,1.0,241,DRAW
1,8,4,4,1-9-10-10,0.0,1.0,129,DRAW
1,8,4,4,1-9-9-10,0.0,1.0,124,DRAW
1,8,4,4,1-9-9-9,0.0,1.0,34,DRAW
1,8,4,4,10-10-10-10,0.0,1.0,13,DRAW
1,8,4,4,2-10-10-10,0.0,1.0,54,DRAW
1,8,4,4,2-2-10-10,0.017857142857142856,0.9821428571428571,56,
1,8,4,4,2-2-2-10,0.08333333333333333,0.9166666666666666,24,
1,8,4,4,2-2-2-2,0.9819277108433735,0.018072289156626505,83,
1,8,4,4,2-2-2-3,0.9944944944944945,0.0055055055055055055,999,
1,8,4,4,2-2-2-4,0.6690105535991981,0.33098944640080186,684,
1,8,4,4,2-2-2-5,0.4740885689374196,0.5259114310625803,488,
1,8,4,4,2-2-2-6,0.0013966480446927375,0.9986033519553073,358,
1,8,4,4,2-2-2-7,0.0909292359817705,0.9090707640182296,184,
1,8,4,4,2-2-2-8,0.0563804173354735,0.9436195826645265,104,
1,8,4,4,2-2-2-9,0.010869565217391304,0.9891304347826086,46,
1,8,4,4,2-2-3-10,0.019230769230769232,0.9807692307692307,104,
1,8,4,4,2-2-3-3,0.9647529312010226,0.03524706879897737,2041,
1,8,4,4,2-2-3-4,0.944079391921581,0.05592060807841901,4142,
1,8,4,4,2-2-3-5,0.9887247620193778,0.011275237980622164,2881,
1,8,4,4,2-2-3-6,0.024301740670007316,0.9756982593299927,2038,
1,8,4,4,2-2-3-7,0.001048951048951049,0.9989510489510489,1430,
1,8,4,4,2-2-3-8,0.03883716463171085,0.9611628353682892,659,
1,8,4,4,2-2-3-9,0.0017123287671232876,0.9982876712328768,292,
1,8,4,4,2-2-4-10,0.3870192307692308,0.6129807692307693,104,
1,8,4,4,2-2-4-4,0.919157355674664,0.08084264432533617,1421,
1,8,4,4,2-2-4-5,0.9407341242781898,0.05926587572181019,2760,
1,8,4,4,2-2-4-6,0.00474289427613565,0.9952571057238643,2090,
1,8,4,4,2-2-4-7,0.003766679750828493,0.9962333202491716,1251,
1,8,4,4,2-2-4-8,0.013799729807373479,0.9862002701926265,641,
1,8,4,4,2-2-4-9,0.018811105090022064,0.9811888949099778,271,
1,8,4,4,2-2-5-10,0.017391304347826087,0.9826086956521739,115,
1,8,4,4,2-2-5-5,0.5546915326207104,0.4453084673792897,992,
1,8,4,4,2-2-5-6,0.003018085953055657,0.9969819140469444,2225,
1,8,4,4,2-2-5-7,0.007363770250368188,0.9926362297496318,1358,
1,8,4,4,2-2-5-8,0.024969262147433165,0.9750307378525669,680,
1,8,4,4,2-2-5-9,0.02754244998056294,0.972457550019437,288,
1,8,4,4,2-2-6-10,0.07977130185846523,0.9202286981415349,95,
1,8,4,4,2-2-6-6,0.0704710985059409,0.9295289014940592,750,
1,8,4,4,2-2-6-7,0.003979739507959479,0.9960202604920405,1382,
1,8,4,4,2-2-6-8,0.004552352048558422,0.9954476479514416,659,
1,8,4,4,2-2-6-9,0.013779527559055118,0.9862204724409449,254,
1,8,4,4,2-2-7-10,0.021929824561403508,0.9780701754385965,114,
1,8,4,4,2-2-7-7,0.0056947608200455585,0.9943052391799544,439,
1,8,4,4,2-2-7-8,0.011518542074761887,0.9884814579252381,703,
1,8,4,4,2-2-7-9,0.021352313167259787,0.9786476868327402,281,
1,8,4,4,2-2-8-10,0.005,0.995,100,
1,8,4,4,2-2-8-8,0.008241758241758242,0.9917582417582418,182,
1,8,4,4,2-2-8-9,0.015410958904109588,0.9845890410958904,292,
1,8,4,4,2-2-9-10,0.031496062992125984,0.968503937007874,127,
1,8,4,4,2-2-9-9,0.015625,0.984375,96,
1,8,4,4,2-3-10-10,0.03211009174311927,0.9678899082568807,109,
1,8,4,4,2-3-3-10,0.012605042016806723,0.9873949579831933,119,
1,8,4,4,2-3-3-3,0.9579021551262776,0.04209784487372232,895,
1,8,4,4,2-3-3-4,0.9512206926572445,0.04877930734275549,4071,
1,8,4,4,2-3-3-5,0.9572931192956023,0.042706880704397744,2868,
1,8,4,4,2-3-3-6,0.12111527465546634,0.8788847253445337,2043,
1,8,4,4,2-3-3-7,0.009330336462414861,0.9906696635375851,1400,
1,8,4,4,2-3-3-8,0.02126705326638401,0.978732946733616,729,
1,8,4,4,2-3-3-9,0.0033112582781456954,0.9966887417218543,302,
1,8,4,4,2-3-4-10,0.012727272727272728,0.9872727272727273,275,
1,8,4,4,2-3-4-4,0.9896787177314137,0.01032128226858628,3751,
1,8,4,4,2-3-4-5,0.9253731320670371,0.07462686793296296,7730,
1,8,4,4,2-3-4-6,0.005088310071606245,0.9949116899283937,5655,
1,8,4,4,2-3-4-7,0.00026219192448872575,0.9997378080755113,3814,
1,8,4,4,2-3-4-8,0.0015965939329430547,0.9984034060670569,1879,
1,8,4,4,2-3-4-9,0.00426829268292683,0.9957317073170732,820,
1,8,4,4,2-3-5-10,0.022151898734177215,0.9778481012658228,316,
1,8,4,4,2-3-5-5,0.46957667105556017,0.5304233289444399,2760,
1,8,4,4,2-3-5-6,0.0020877019348085235,0.9979122980651915,6124,
1,8,4,4,2-3-5-7,0.00013238019592268997,0.9998676198040773,3777,
1,8,4,4,2-3-5-8,0.007953374549201442,0.9920466254507986,1941,
1,8,4,4,2-3-5-9,0.006273525721455458,0.9937264742785445,797,
1,8,4,4,2-3-6-10,0.0031446540880503146,0.9968553459119497,318,
1,8,4,4,2-3-6-6,0.0014177693761814746,0.9985822306238186,2116,
1,8,4,4,2-3-6-7,0.012421405139420449,0.9875785948605795,3658,
1,8,4,4,2-3-6-8,0.008269756102371895,0.9917302438976281,1808,
1,8,4,4,2-3-6-9,0.0006605019815059445,0.9993394980184941,757,
1,8,4,4,2-3-7-10,0.008012820512820512,0.9919871794871795,312,
1,8,4,4,2-3-7-7,0.0004078303425774878,0.9995921696574225,1226,
1,8,4,4,2-3-7-8,0.00026001040041601667,0.999739989599584,1923,
1,8,4,4,2-3-7-9,0.0025220680958385876,0.9974779319041615,793,
1,8,4,4,2-3-8-10,0.003484320557491289,0.9965156794425087,287,
1,8,4,4,2-3-8-8,0.007867132867132868,0.9921328671328671,572,
1,8,4,4,2-3-8-9,0.007255139056831923,0.992744860943168,827,
1,8,4,4,2-3-9-10,0.005136986301369863,0.9948630136986302,292,
1,8,4,4,2-3-9-9,0.017316017316017316,0.9826839826839827,231,
1,8,4,4,2-4-10-10,0.0,1.0,131,DRAW
1,8,4,4,2-4-4-10,0.050387596899224806,0.9496124031007752,129,
1,8,4,4,2-4-4-4,0.9703673933444179,0.029632606655582122,619,
1,8,4,4,2-4-4-5,0.9468893540262239,0.05311064597377609,2927,
1,8,4,4,2-4-4-6,0.009824752353079978,0.9901752476469201,1948,
1,8,4,4,2-4-4-7,0.00037650602409638556,0.9996234939759037,1328,
1,8,4,4,2-4-4-8,0.005216095380029807,0.9947839046199702,671,
1,8,4,4,2-4-4-9,0.008532423208191127,0.9914675767918089,293,
1,8,4,4,2-4-5-10,0.011146496815286623,0.9888535031847133,314,
1,8,4,4,2-4-5-5,0.05250006351577727,0.9474999364842227,2637,
1,8,4,4,2-4-5-6,0.014705975747899289,0.9852940242521007,5936,
1,8,4,4,2-4-5-7,0.0001378169790518192,0.9998621830209482,3628,
1,8,4,4,2-4-5-8,0.0005494505494505495,0.9994505494505495,1820,
1,8,4,4,2-4-5-9,0.0006265664160401002,0.9993734335839599,798,
1,8,4,4,2-4-6-10,0.01461038961038961,0.9853896103896104,308,
1,8,4,4,2-4-6-6,0.005190522716170005,0.99480947728383,2047,
1,8,4,4,2-4-6-7,0.0035478686811236874,0.9964521313188763,3658,
1,8,4,4,2-4-6-8,0.0005509641873278236,0.9994490358126722,1815,
1,8,4,4,2-4-6-9,0.009362808842652795,0.9906371911573472,769,
1,8,4,4,2-4-7-10,0.0016025641025641025,0.9983974358974359,312,
1,8,4,4,2-4-7-7,0.014032815198618308,0.9859671848013817,1158,
1,8,4,4,2-4-7-8,0.008672248803827751,0.9913277511961722,1881,
1,8,4,4,2-4-7-9,0.010680907877169559,0.9893190921228304,749,
1,8,4,4,2-4-8-10,0.015358361774744027,0.984641638225256,293,
1,8,4,4,2-4-8-8,0.004201680672268907,0.9957983193277311,595,
1,8,4,4,2-4-8-9,0.0031565656565656565,0.9968434343434344,792,
1,8,4,4,2-4-9-10,0.0032258064516129032,0.9967741935483871,310,
1,8,4,4,2-4-9-9,0.013824884792626729,0.9861751152073732,217,
1,8,4,4,2-5-10-10,0.0,1.0,131,DRAW
1,8,4,4,2-5-5-10,0.12209302325581395,0.877906976744186,86,
1,8,4,4,2-5-5-5,0.30018831156781767,0.6998116884321823,436,
1,8,4,4,2-5-5-6,0.0036613272311212816,0.9963386727688787,2185,
1,8,4,4,2-5-5-7,0.0034746351633078527,0.9965253648366922,1439,
1,8,4,4,2-5-5-8,0.0007215007215007215,0.9992784992784993,693,
1,8,4,4,2-5-5-9,0.0018248175182481751,0.9981751824817519,274,
1,8,4,4,2-5-6-10,0.02821316614420063,0.9717868338557993,319,
1,8,4,4,2-5-6-6,0.0022696323195642307,0.9977303676804358,2203,
1,8,4,4,2-5-6-7,0.0035423773287850957,0.9964576226712148,3811,
1,8,4,4,2-5-6-8,0.003697383390216155,0.9963026166097838,1758,
1,8,4,4,2-5-6-9,0.0025974025974025974,0.9974025974025974,770,
1,8,4,4,2-5-7-10,0.018151815181518153,0.9818481848184818,303,
1,8,4,4,2-5-7-7,0.00039872408293460925,0.9996012759170654,1254,
1,8,4,4,2-5-7-8,0.003036996134732192,0.9969630038652678,1811,
1,8,4,4,2-5-7-9,0.010796221322537112,0.9892037786774629,741,
1,8,4,4,2-5-8-10,0.006734006734006734,0.9932659932659933,297,
1,8,4,4,2-5-8-8,0.002533783783783784,0.9974662162162162,592,
1,8,4,4,2-5-8-9,0.0030413625304136255,0.9969586374695864,822,
1,8,4,4,2-5-9-10,0.0,1.0,296,DRAW
1,8,4,4,2-5-9-9,0.044642857142857144,0.9553571428571429,224,
1,8,4,4,2-6-10-10,0.0,1.0,127,DRAW
1,8,4,4,2-6-6-10,0.0234375,0.9765625,128,
1,8,4,4,2-6-6-6,0.012738853503184714,0.9872611464968153,314,
1,8,4,4,2-6-6-7,0.03799399430911943,0.9620060056908806,1375,
1,8,4,4,2-6-6-8,0.006482982171799027,0.993517017828201,617,
1,8,4,4,2-6-6-9,0.0018315018315018315,0.9981684981684982,273,
1,8,4,4,2-6-7-10,0.017741935483870968,0.9822580645161291,310,
1,8,4,4,2-6-7-7,0.001670843776106934,0.9983291562238931,1197,
1,8,4,4,2-6-7-8,0.0002824858757062147,0.9997175141242938,1770,
1,8,4,4,2-6-7-9,0.013477088948787063,0.9865229110512129,742,
1,8,4,4,2-6-8-10,0.0,1.0,309,DRAW
1,8,4,4,2-6-8-8,0.000859106529209622,0.9991408934707904,582,
1,8,4,4,2-6-8-9,0.0026954177897574125,0.9973045822102425,742,
1,8,4,4,2-6-9-10,0.0,1.0,306,DRAW
1,8,4,4,2-6-9-9,0.0,1.0,236,DRAW
1,8,4,4,2-7-10-10,0.0,1.0,129,DRAW
1,8,4,4,2-7-7-10,0.0,1.0,104,DRAW
1,8,4,4,2-7-7-7,0.014705882352941176,0.9852941176470589,204,
1,8,4,4,2-7-7-8,0.020229007633587787,0.9797709923664122,655,
1,8,4,4,2-7-7-9,0.009259259259259259,0.9907407407407407,270,
1,8,4,4,2-7-8-10,0.0,1.0,288,DRAW
1,8,4,4,2-7-8-8,0.006505576208178439,0.9934944237918215,538,
1,8,4,4,2-7-8-9,0.0,1.0,799,DRAW
1,8,4,4,2-7-9-10,0.0,1.0,272,DRAW
1,8,4,4,2-7-9-9,0.0,1.0,214,DRAW
1,8,4,4,2-8-10-10,0.0,1.0,108,DRAW
1,8,4,4,2-8-8-10,0.0,1.0,112,DRAW
1,8,4,4,2-8-8-8,0.0,1.0,89,DRAW
1,8,4,4,2-8-8-9,0.0,1.0,274,DRAW
1,8,4,4,2-8-9-10,0.0,1.0,301,DRAW
1,8,4,4,2-8-9-9,0.0,1.0,230,DRAW
1,8,4,4,2-9-10-10,0.0,1.0,128,DRAW
1,8,4,4,2-9-9-10,0.0,1.0,116,DRAW
1,8,4,4,2-9-9-9,0.0,1.0,26,DRAW
1,8,4,4,3-10-10-10,0.0,1.0,35,DRAW
1,8,4,4,3-3-10-10,0.0,1.0,57,DRAW
1,8,4,4,3-3-3-10,0.05555555555555555,0.9444444444444444,18,
1,8,4,4,3-3-3-3,0.7657122717901612,0.2342877282098388,56,
1,8,4,4,3-3-3-4,0.9966912121509607,0.003308787849039381,659,
1,8,4,4,3-3-3-5,0.8679770639982739,0.1320229360017261,463,
1,8,4,4,3-3-3-6,0.7316782640760576,0.2683217359239424,304,
1,8,4,4,3-3-3-7,0.007075471698113208,0.9929245283018868,212,
1,8,4,4,3-3-3-8,0.00980392156862745,0.9901960784313726,102,
1,8,4,4,3-3-3-9,0.023255813953488372,0.9767441860465116,43,
1,8,4,4,3-3-4-10,0.15442691202903394,0.8455730879709661,134,
1,8,4,4,3-3-4-4,0.9933672847416534,0.006632715258346658,1452,
1,8,4,4,3-3-4-5,0.9119511225420328,0.08804887745796712,2883,
1,8,4,4,3-3-4-6,0.04342863281306526,0.9565713671869347,1957,
1,8,4,4,3-3-4-7,0.0017397355601948504,0.9982602644398052,1437,
1,8,4,4,3-3-4-8,0.027645180856046676,0.9723548191439533,695,
1,8,4,4,3-3-4-9,0.019008307198547857,0.9809916928014522,298,
1,8,4,4,3-3-5-10,0.01834862385321101,0.981651376146789,109,
1,8,4,4,3-3-5-5,0.948502837421569,0.05149716257843099,979,
1,8,4,4,3-3-5-6,0.0005933460478915023,0.9994066539521084,2145,
1,8,4,4,3-3-5-7,0.024253961021068714,0.9757460389789313,1204,
1,8,4,4,3-3-5-8,0.08040242171432356,0.9195975782856765,679,
1,8,4,4,3-3-5-9,0.003289473684210526,0.9967105263157895,304,
1,8,4,4,3-3-6-10,0.03879310344827586,0.9612068965517241,116,
1,8,4,4,3-3-6-6,0.3657317309124597,0.6342682690875403,674,
1,8,4,4,3-3-6-7,0.001029512697323267,0.9989704873026767,1457,
1,8,4,4,3-3-6-8,0.0014641288433382138,0.9985358711566618,683,
1,8,4,4,3-3-6-9,0.20966828407241078,0.7903317159275893,280,
1,8,4,4,3-3-7-10,0.009523809523809525,0.9904761904761905,105,
1,8,4,4,3-3-7-7,0.009782608695652175,0.9902173913043478,460,
1,8,4,4,3-3-7-8,0.004847645429362881,0.9951523545706371,722,
1,8,4,4,3-3-7-9,0.0037174721189591076,0.9962825278810409,269,
1,8,4,4,3-3-8-10,0.004347826086956522,0.9956521739130435,115,
1,8,4,4,3-3-8-8,0.00975609756097561,0.9902439024390244,205,
1,8,4,4,3-3-8-9,0.006802721088435374,0.9931972789115646,294,
1,8,4,4,3-3-9-10,0.015503875968992248,0.9844961240310077,129,
1,8,4,4,3-3-9-9,0.0058823529411764705,0.9941176470588236,85,
1,8,4,4,3-4-10-10,0.0,1.0,129,DRAW
1,8,4,4,3-4-4-10,0.013157894736842105,0.9868421052631579,114,
1,8,4,4,3-4-4-4,0.9891925774356906,0.010807422564309553,583,
1,8,4,4,3-4-4-5,0.8762795238442783,0.12372047615572156,2867,
1,8,4,4,3-4-4-6,0.0010330578512396695,0.9989669421487604,1936,
1,8,4,4,3-4-4-7,0.0024410089503661514,0.9975589910496339,1229,
1,8,4,4,3-4-4-8,0.0070028011204481795,0.9929971988795518,714,
1,8,4,4,3-4-4-9,0.008169934640522876,0.9918300653594772,306,
1,8,4,4,3-4-5-10,0.0033003300330033004,0.9966996699669967,303,
1,8,4,4,3-4-5-5,0.8664232074571723,0.13357679254282775,2680,
1,8,4,4,3-4-5-6,0.007163534821760238,0.9928364651782396,5892,
1,8,4,4,3-4-5-7,0.003010441074827599,0.9969895589251724,3772,
1,8,4,4,3-4-5-8,0.0010335917312661498,0.9989664082687338,1935,
1,8,4,4,3-4-5-9,0.0013089005235602095,0.9986910994764397,764,
1,8,4,4,3-4-6-10,0.04687031582726023,0.9531296841727397,316,
1,8,4,4,3-4-6-6,0.003216725423806386,0.9967832745761936,1805,
1,8,4,4,3-4-6-7,0.0008344923504867872,0.9991655076495132,3595,
1,8,4,4,3-4-6-8,0.0010822510822510823,0.9989177489177489,1848,
1,8,4,4,3-4-6-9,0.0012836970474967907,0.9987163029525032,779,
1,8,4,4,3-4-7-10,0.013513513513513514,0.9864864864864865,296,
1,8,4,4,3-4-7-7,0.0004351610095735422,0.9995648389904265,1149,
1,8,4,4,3-4-7-8,0.0013676148796498905,0.9986323851203501,1828,
1,8,4,4,3-4-7-9,0.0006045949214026602,0.9993954050785974,827,
1,8,4,4,3-4-8-10,0.0029411764705882353,0.9970588235294118,340,
1,8,4,4,3-4-8-8,0.0017271157167530224,0.998272884283247,579,
1,8,4,4,3-4-8-9,0.006155950752393981,0.993844049247606,731,
1,8,4,4,3-4-9-10,0.0,1.0,289,DRAW
1,8,4,4,3-4-9-9,0.0025252525252525255,0.9974747474747475,198,
1,8,4,4,3-5-10-10,0.0,1.0,129,DRAW
1,8,4,4,3-5-5-10,0.018867924528301886,0.9811320754716981,106,
1,8,4,4,3-5-5-5,0.9447174447174447,0.05528255528255528,407,
1,8,4,4,3-5-5-6,0.00486945308800618,0.9951305469119938,2167,
1,8,4,4,3-5-5-7,0.001451378809869376,0.9985486211901307,1378,
1,8,4,4,3-5-5-8,0.013207945900253593,0.9867920540997464,676,
1,8,4,4,3-5-5-9,0.0035714285714285713,0.9964285714285714,280,
1,8,4,4,3-5-6-10,0.004658385093167702,0.9953416149068323,322,
1,8,4,4,3-5-6-6,0.0021008403361344537,0.9978991596638656,2142,
1,8,4,4,3-5-6-7,0.0008241758241758242,0.9991758241758242,3640,
1,8,4,4,3-5-6-8,0.01312650888851474,0.9868734911114853,1868,
1,8,4,4,3-5-6-9,0.005798969072164949,0.9942010309278351,776,
1,8,4,4,3-5-7-10,0.001644736842105263,0.9983552631578947,304,
1,8,4,4,3-5-7-7,0.0004152823920265781,0.9995847176079734,1204,
1,8,4,4,3-5-7-8,0.001326259946949602,0.9986737400530504,1885,
1,8,4,4,3-5-7-9,0.0012903225806451613,0.9987096774193548,775,
1,8,4,4,3-5-8-10,0.0,1.0,287,DRAW
1,8,4,4,3-5-8-8,0.004448398576512456,0.9955516014234875,562,
1,8,4,4,3-5-8-9,0.0012626262626262627,0.9987373737373737,792,
1,8,4,4,3-5-9-10,0.0,1.0,292,DRAW
1,8,4,4,3-5-9-9,0.0,1.0,227,DRAW
1,8,4,4,3-6-10-10,0.0,1.0,150,DRAW
1,8,4,4,3-6-6-10,0.02252252252252252,0.9774774774774775,111,
1,8,4,4,3-6-6-6,0.012411347517730497,0.9875886524822695,282,
1,8,4,4,3-6-6-7,0.0011494252873563218,0.9988505747126437,1305,
1,8,4,4,3-6-6-8,0.11707170986410322,0.8829282901358968,656,
1,8,4,4,3-6-6-9,0.007352941176470588,0.9926470588235294,272,
1,8,4,4,3-6-7-10,0.0,1.0,313,DRAW
1,8,4,4,3-6-7-7,0.006276150627615063,0.9937238493723849,1195,
1,8,4,4,3-6-7-8,0.011499402628434885,0.9885005973715651,1860,
1,8,4,4,3-6-7-9,0.0345446388515029,0.9654553611484972,743,
1,8,4,4,3-6-8-10,0.0,1.0,334,DRAW
1,8,4,4,3-6-8-8,0.007339449541284404,0.9926605504587156,545,
1,8,4,4,3-6-8-9,0.0,1.0,769,DRAW
1,8,4,4,3-6-9-10,0.0,1.0,307,DRAW
1,8,4,4,3-6-9-9,0.0,1.0,229,DRAW
1,8,4,4,3-7-10-10,0.0,1.0,145,DRAW
1,8,4,4,3-7-7-10,0.0,1.0,110,DRAW
1,8,4,4,3-7-7-7,0.006211180124223602,0.9937888198757764,161,
1,8,4,4,3-7-7-8,0.0007194244604316547,0.9992805755395684,695,
1,8,4,4,3-7-7-9,0.0,1.0,289,DRAW
1,8,4,4,3-7-8-10,0.0,1.0,306,DRAW
1,8,4,4,3-7-8-8,0.0,1.0,540,DRAW
1,8,4,4,3-7-8-9,0.0,1.0,770,DRAW
1,8,4,4,3-7-9-10,0.0,1.0,304,DRAW
1,8,4,4,3-7-9-9,0.0,1.0,214,DRAW
1,8,4,4,3-8-10-10,0.0,1.0,124,DRAW
1,8,4,4,3-8-8-10,0.0,1.0,103,DRAW
1,8,4,4,3-8-8-8,0.0,1.0,75,DRAW
1,8,4,4,3-8-8-9,0.0,1.0,297,DRAW
1,8,4,4,3-8-9-10,0.0,1.0,294,DRAW
1,8,4,4,3-8-9-9,0.0,1.0,241,DRAW
1,8,4,4,3-9-10-10,0.0,1.0,114,DRAW
1,8,4,4,3-9-9-10,0.0,1.0,107,DRAW
1,8,4,4,3-9-9-9,0.0,1.0,35,DRAW
1,8,4,4,4-10-10-10,0.0,1.0,43,DRAW
1,8,4,4,4-4-10-10,0.0,1.0,56,DRAW
1,8,4,4,4-4-4-10,0.1388888888888889,0.8611111111111112,18,
1,8,4,4,4-4-4-4,0.9193693693693693,0.08063063063063064,37,
1,8,4,4,4-4-4-5,0.04907631311148579,0.9509236868885141,464,
1,8,4,4,4-4-4-6,0.3312550592557102,0.6687449407442899,334,
1,8,4,4,4-4-4-7,0.1106142895184522,0.8893857104815479,216,
1,8,4,4,4-4-4-8,0.024752475247524754,0.9752475247524752,101,
1,8,4,4,4-4-4-9,0.18417961991772328,0.8158203800822768,45,
1,8,4,4,4-4-5-10,0.007936507936507936,0.9920634920634921,126,
1,8,4,4,4-4-5-5,0.5403859227879981,0.45961407721200187,980,
1,8,4,4,4-4-5-6,0.00023923444976076556,0.9997607655502392,2090,
1,8,4,4,4-4-5-7,0.0011152416356877324,0.9988847583643122,1345,
1,8,4,4,4-4-5-8,0.024017467248908297,0.9759825327510917,687,
1,8,4,4,4-4-5-9,0.1259809794179141,0.8740190205820859,262,
1,8,4,4,4-4-6-10,0.036231884057971016,0.9637681159420289,138,
1,8,4,4,4-4-6-6,0.014556040756914109,0.9854439592430859,687,
1,8,4,4,4-4-6-7,0.0003933910306845004,0.9996066089693155,1271,
1,8,4,4,4-4-6-8,0.01429790307262652,0.9857020969273735,726,
1,8,4,4,4-4-6-9,0.005,0.995,300,
1,8,4,4,4-4-7-10,0.03571428571428571,0.9642857142857143,112,
1,8,4,4,4-4-7-7,0.0011135857461024498,0.9988864142538976,449,
1,8,4,4,4-4-7-8,0.004608294930875576,0.9953917050691244,651,
1,8,4,4,4-4-7-9,0.011986301369863013,0.988013698630137,292,
1,8,4,4,4-4-8-10,0.0,1.0,123,DRAW
1,8,4,4,4-4-8-8,0.010416666666666666,0.9895833333333334,192,
1,8,4,4,4-4-8-9,0.09929078014184398,0.900709219858156,282,
1,8,4,4,4-4-9-10,0.0,1.0,108,DRAW
1,8,4,4,4-4-9-9,0.0,1.0,107,DRAW
1,8,4,4,4-5-10-10,0.0,1.0,152,DRAW
1,8,4,4,4-5-5-10,0.4566929133858268,0.5433070866141733,127,
1,8,4,4,4-5-5-5,0.08438921666468979,0.9156107833353102,438,
1,8,4,4,4-5-5-6,0.0006890215893431327,0.9993109784106569,2177,
1,8,4,4,4-5-5-7,0.001524390243902439,0.9984756097560976,1312,
1,8,4,4,4-5-5-8,0.01526580459770115,0.9847341954022989,696,
1,8,4,4,4-5-5-9,0.01079136690647482,0.9892086330935251,278,
1,8,4,4,4-5-6-10,0.00980392156862745,0.9901960784313726,306,
1,8,4,4,4-5-6-6,0.014147069117460546,0.9858529308825394,1903,
1,8,4,4,4-5-6-7,0.00512202734595314,0.9948779726540469,3727,
1,8,4,4,4-5-6-8,0.010109289617486339,0.9898907103825136,1830,
1,8,4,4,4-5-6-9,0.011406844106463879,0.9885931558935361,789,
1,8,4,4,4-5-7-10,0.0,1.0,332,DRAW
1,8,4,4,4-5-7-7,0.0057117750439367315,0.9942882249560633,1138,
1,8,4,4,4-5-7-8,0.00291932059447983,0.9970806794055201,1884,
1,8,4,4,4-5-7-9,0.010075566750629723,0.9899244332493703,794,
1,8,4,4,4-5-8-10,0.0,1.0,302,DRAW
1,8,4,4,4-5-8-8,0.008156606851549755,0.9918433931484503,613,
1,8,4,4,4-5-8-9,0.0,1.0,754,DRAW
1,8,4,4,4-5-9-10,0.0,1.0,311,DRAW
1,8,4,4,4-5-9-9,0.0,1.0,248,DRAW
1,8,4,4,4-6-10-10,0.0,1.0,149,DRAW
1,8,4,4,4-6-6-10,0.0,1.0,107,DRAW
1,8,4,4,4-6-6-6,0.0055248618784530384,0.994475138121547,362,
1,8,4,4,4-6-6-7,0.010328013440218716,0.9896719865597813,1400,
1,8,4,4,4-6-6-8,0.02175020514220004,0.9782497948578,642,
1,8,4,4,4-6-6-9,0.006072874493927126,0.9939271255060729,247,
1,8,4,4,4-6-7-10,0.0,1.0,322,DRAW
1,8,4,4,4-6-7-7,0.008461002064332618,0.9915389979356674,1202,
1,8,4,4,4-6-7-8,0.00026752273943285177,0.9997324772605671,1869,
1,8,4,4,4-6-7-9,0.0,1.0,771,DRAW
1,8,4,4,4-6-8-10,0.0,1.0,315,DRAW
1,8,4,4,4-6-8-8,0.0,1.0,577,DRAW
1,8,4,4,4-6-8-9,0.0,1.0,714,DRAW
1,8,4,4,4-6-9-10,0.0,1.0,288,DRAW
1,8,4,4,4-6-9-9,0.0,1.0,231,DRAW
1,8,4,4,4-7-10-10,0.0,1.0,119,DRAW
1,8,4,4,4-7-7-10,0.0,1.0,112,DRAW
1,8,4,4,4-7-7-7,0.007853403141361256,0.9921465968586387,191,
1,8,4,4,4-7-7-8,0.0,1.0,689,DRAW
1,8,4,4,4-7-7-9,0.0,1.0,275,DRAW
1,8,4,4,4-7-8-10,0.0,1.0,310,DRAW
1,8,4,4,4-7-8-8,0.0,1.0,600,DRAW
1,8,4,4,4-7-8-9,0.0,1.0,768,DRAW
1,8,4,4,4-7-9-10,0.0,1.0,299,DRAW
1,8,4,4,4-7-9-9,0.0,1.0,223,DRAW
1,8,4,4,4-8-10-10,0.0,1.0,138,DRAW
1,8,4,4,4-8-8-10,0.0,1.0,115,DRAW
1,8,4,4,4-8-8-8,0.0,1.0,87,DRAW
1,8,4,4,4-8-8-9,0.0,1.0,269,DRAW
1,8,4,4,4-8-9-10,0.0,1.0,296,DRAW
1,8,4,4,4-8-9-9,0.0,1.0,239,DRAW
1,8,4,4,4-9-10-10,0.0,1.0,135,DRAW
1,8,4,4,4-9-9-10,0.0,1.0,107,DRAW
1,8,4,4,4-9-9-9,0.0,1.0,19,DRAW
1,8,4,4,5-10-10-10,0.0,1.0,49,DRAW
1,8,4,4,5-5-10-10,0.0,1.0,46,DRAW
1,8,4,4,5-5-5-10,0.08333333333333333,0.9166666666666666,18,
1,8,4,4,5-5-5-5,0.125,0.875,20,
1,8,4,4,5-5-5-6,0.10237448594162428,0.8976255140583757,372,
1,8,4,4,5-5-5-7,0.02102803738317757,0.9789719626168224,214,
1,8,4,4,5-5-5-8,0.009523809523809525,0.9904761904761905,105,
1,8,4,4,5-5-5-9,0.13541666666666666,0.8645833333333334,48,
1,8,4,4,5-5-6-10,0.0,1.0,110,DRAW
1,8,4,4,5-5-6-6,0.005108556832694764,0.9948914431673053,783,
1,8,4,4,5-5-6-7,0.001840942562592047,0.998159057437408,1358,
1,8,4,4,5-5-6-8,0.001524390243902439,0.9984756097560976,656,
1,8,4,4,5-5-6-9,0.0203125,0.9796875,320,
1,8,4,4,5-5-7-10,0.0,1.0,110,DRAW
1,8,4,4,5-5-7-7,0.0011441647597254005,0.9988558352402745,437,
1,8,4,4,5-5-7-8,0.009985734664764621,0.9900142653352354,701,
1,8,4,4,5-5-7-9,0.0,1.0,298,DRAW
1,8,4,4,5-5-8-10,0.0,1.0,116,DRAW
1,8,4,4,5-5-8-8,0.0,1.0,208,DRAW
1,8,4,4,5-5-8-9,0.0,1.0,306,DRAW
1,8,4,4,5-5-9-10,0.0,1.0,120,DRAW
1,8,4,4,5-5-9-9,0.0,1.0,87,DRAW
1,8,4,4,5-6-10-10,0.0,1.0,129,DRAW
1,8,4,4,5-6-6-10,0.0,1.0,93,DRAW
1,8,4,4,5-6-6-6,0.022493708053691275,0.9775062919463087,298,
1,8,4,4,5-6-6-7,0.000757002271006813,0.9992429977289932,1321,
1,8,4,4,5-6-6-8,0.0007183908045977011,0.9992816091954023,696,
1,8,4,4,5-6-6-9,0.0,1.0,322,DRAW
1,8,4,4,5-6-7-10,0.0,1.0,316,DRAW
1,8,4,4,5-6-7-7,0.009417808219178082,0.990582191780822,1168,
1,8,4,4,5-6-7-8,0.0,1.0,1883,DRAW
1,8,4,4,5-6-7-9,0.0,1.0,737,DRAW
1,8,4,4,5-6-8-10,0.0,1.0,292,DRAW
1,8,4,4,5-6-8-8,0.0,1.0,558,DRAW
1,8,4,4,5-6-8-9,0.0,1.0,725,DRAW
1,8,4,4,5-6-9-10,0.0,1.0,337,DRAW
1,8,4,4,5-6-9-9,0.0,1.0,229,DRAW
1,8,4,4,5-7-10-10,0.0,1.0,139,DRAW
1,8,4,4,5-7-7-10,0.0,1.0,83,DRAW
1,8,4,4,5-7-7-7,0.0,1.0,159,DRAW
1,8,4,4,5-7-7-8,0.0,1.0,646,DRAW
1,8,4,4,5-7-7-9,0.0,1.0,292,DRAW
1,8,4,4,5-7-8-10,0.0,1.0,300,DRAW
1,8,4,4,5-7-8-8,0.0,1.0,604,DRAW
1,8,4,4,5-7-8-9,0.0,1.0,735,DRAW
1,8,4,4,5-7-9-10,0.0,1.0,288,DRAW
1,8,4,4,5-7-9-9,0.0,1.0,211,DRAW
1,8,4,4,5-8-10-10,0.0,1.0,131,DRAW
1,8,4,4,5-8-8-10,0.0,1.0,112,DRAW
1,8,4,4,5-8-8-8,0.0,1.0,96,DRAW
1,8,4,4,5-8-8-9,0.0,1.0,283,DRAW
1,8,4,4,5-8-9-10,0.0,1.0,281,DRAW
1,8,4,4,5-8-9-9,0.0,1.0,212,DRAW
1,8,4,4,5-9-10-10,0.0,1.0,150,DRAW
1,8,4,4,5-9-9-10,0.0,1.0,104,DRAW
1,8,4,4,5-9-9-9,0.0,1.0,25,DRAW
1,8,4,4,6-10-10-10,0.0,1.0,51,DRAW
1,8,4,4,6-6-10-10,0.0,1.0,54,DRAW
1,8,4,4,6-6-6-10,0.0,1.0,16,DRAW
1,8,4,4,6-6-6-6,0.9166666666666666,0.08333333333333333,18,
1,8,4,4,6-6-6-7,0.00199203187250996,0.99800796812749,251,
1,8,4,4,6-6-6-8,0.0,1.0,128,DRAW
1,8,4,4,6-6-6-9,0.0,1.0,45,DRAW
1,8,4,4,6-6-7-10,0.0,1.0,99,DRAW
1,8,4,4,6-6-7-7,0.0,1.0,441,DRAW
1,8,4,4,6-6-7-8,0.0,1.0,689,DRAW
1,8,4,4,6-6-7-9,0.0,1.0,278,DRAW
1,8,4,4,6-6-8-10,0.0,1.0,90,DRAW
1,8,4,4,6-6-8-8,0.0,1.0,189,DRAW
1,8,4,4,6-6-8-9,0.0,1.0,295,DRAW
1,8,4,4,6-6-9-10,0.0,1.0,116,DRAW
1,8,4,4,6-6-9-9,0.0,1.0,70,DRAW
1,8,4,4,6-7-10-10,0.0,1.0,148,DRAW
1,8,4,4,6-7-7-10,0.0,1.0,111,DRAW
1,8,4,4,6-7-7-7,0.0,1.0,207,DRAW
1,8,4,4,6-7-7-8,0.0,1.0,670,DRAW
1,8,4,4,6-7-7-9,0.0,1.0,275,DRAW
1,8,4,4,6-7-8-10,0.0,1.0,268,DRAW
1,8,4,4,6-7-8-8,0.0,1.0,598,DRAW
1,8,4,4,6-7-8-9,0.0,1.0,759,DRAW
1,8,4,4,6-7-9-10,0.0,1.0,291,DRAW
1,8,4,4,6-7-9-9,0.0,1.0,206,DRAW
1,8,4,4,6-8-10-10,0.0,1.0,133,DRAW
1,8,4,4,6-8-8-10,0.0,1.0,105,DRAW
1,8,4,4,6-8-8-8,0.0,1.0,77,DRAW
1,8,4,4,6-8-8-9,0.0,1.0,272,DRAW
1,8,4,4,6-8-9-10,0.0,1.0,285,DRAW
1,8,4,4,6-8-9-9,0.0,1.0,220,DRAW
1,8,4,4,6-9-10-10,0.0,1.0,169,DRAW
1,8,4,4,6-9-9-10,0.0,1.0,103,DRAW
1,8,4,4,6-9-9-9,0.0,1.0,34,DRAW
1,8,4,4,7-10-10-10,0.0,1.0,46,DRAW
1,8,4,4,7-7-10-10,0.0,1.0,61,DRAW
1,8,4,4,7-7-7-10,0.0,1.0,18,DRAW
1,8,4,4,7-7-7-7,0.0,1.0,15,DRAW
1,8,4,4,7-7-7-8,0.0,1.0,109,DRAW
1,8,4,4,7-7-7-9,0.0,1.0,46,DRAW
1,8,4,4,7-7-8-10,0.0,1.0,116,DRAW
1,8,4,4,7-7-8-8,0.0,1.0,220,DRAW
1,8,4,4,7-7-8-9,0.0,1.0,273,DRAW
1,8,4,4,7-7-9-10,0.0,1.0,92,DRAW
1,8,4,4,7-7-9-9,0.0,1.0,81,DRAW
1,8,4,4,7-8-10-10,0.0,1.0,118,DRAW
1,8,4,4,7-8-8-10,0.0,1.0,127,DRAW
1,8,4,4,7-8-8-8,0.0,1.0,94,DRAW
1,8,4,4,7-8-8-9,0.0,1.0,260,DRAW
1,8,4,4,7-8-9-10,0.0,1.0,290,DRAW
1,8,4,4,7-8-9-9,0.0,1.0,232,DRAW
1,8,4,4,7-9-10-10,0.0,1.0,124,DRAW
1,8,4,4,7-9-9-10,0.0,1.0,99,DRAW
1,8,4,4,7-9-9-9,0.0,1.0,26,DRAW
1,8,4,4,8-10-10-10,0.0,1.0,46,DRAW
1,8,4,4,8-8-10-10,0.0,1.0,50,DRAW
1,8,4,4,8-8-8-10,0.0,1.0,20,DRAW
1,8,4,4,8-8-8-8,0.0,1.0,5,DRAW
1,8,4,4,8-8-8-9,0.0,1.0,45,DRAW
1,8,4,4,8-8-9-10,0.0,1.0,105,DRAW
1,8,4,4,8-8-9-9,0.0,1.0,79,DRAW
1,8,4,4,8-9-10-10,0.0,1.0,129,DRAW
1,8,4,4,8-9-9-10,0.0,1.0,105,DRAW
1,8,4,4,8-9-9-9,0.0,1.0,32,DRAW
1,8,4,4,9-10-10-10,0.0,1.0,49,DRAW
1,8,4,4,9-9-10-10,0.0,1.0,50,DRAW
1,8,4,4,9-9-9-10,0.0,1.0,22,DRAW
1,10,5,5,1-1-1-1,1.0,0.0,28,STOP
1,10,5,5,1-1-1-10,0.5,0.5,9,
1,10,5,5,1-1-1-2,1.0,0.0,964,STOP
1,10,5,5,1-1-1-3,1.0,0.0,706,STOP
1,10,5,5,1-1-1-4,0.021739130434782608,0.9782608695652174,1012,
1,10,5,5,1-1-1-5,0.6688950344131128,0.33110496558688735,522,
1,10,5,5,1-1-1-6,0.12699044585987262,0.8730095541401274,314,
1,10,5,5,1-1-1-7,0.006666666666666667,0.9933333333333333,150,
1,10,5,5,1-1-1-8,0.2677238805970149,0.7322761194029851,67,
1,10,5,5,1-1-1-9,0.25,0.75,22,
1,10,5,5,1-1-10-10,0.10714285714285714,0.8928571428571429,14,
1,10,5,5,1-1-2-10,0.013157894736842105,0.9868421052631579,38,
1,10,5,5,1-1-2-2,0.9798606575223165,0.020139342477683432,4593,
1,10,5,5,1-1-2-3,0.46490749154447397,0.5350925084555259,8908,
1,10,5,5,1-1-2-4,0.8049766108371973,0.19502338916280265,5906,
1,10,5,5,1-1-2-5,0.166402481996087,0.833597518003913,3359,
1,10,5,5,1-1-2-6,0.023818975784041286,0.9761810242159588,2519,
1,10,5,5,1-1-2-7,0.026103106922220655,0.9738968930777793,1139,
1,10,5,5,1-1-2-8,0.045062264252391994,0.954937735747608,451,
1,10,5,5,1-1-2-9,0.0070921985815602835,0.9929078014184397,141,
1,10,5,5,1-1-3-10,0.13636363636363635,0.8636363636363636,44,
1,10,5,5,1-1-3-3,0.5679696661025809,0.4320303338974191,2846,
1,10,5,5,1-1-3-4,0.4522061727235581,0.5477938272764419,5070,
1,10,5,5,1-1-3-5,0.1428449075908206,0.8571550924091794,3155,
1,10,5,5,1-1-3-6,0.06866355134198641,0.9313364486580136,2344,
1,10,5,5,1-1-3-7,0.05550724830076466,0.9444927516992353,1177,
1,10,5,5,1-1-3-8,0.0057692307692307696,0.9942307692307693,520,
1,10,5,5,1-1-3-9,0.027248322147650997,0.972751677852349,149,
1,10,5,5,1-1-4-10,0.031914893617021274,0.9680851063829787,47,
1,10,5,5,1-1-4-4,0.945569315216446,0.054430684783554055,1902,
1,10,5,5,1-1-4-5,0.0005008765339343851,0.9994991234660656,3993,
1,10,5,5,1-1-4-6,0.026208302514270077,0.97379169748573,2438,
1,10,5,5,1-1-4-7,0.01343700625121558,0.9865629937487843,1143,
1,10,5,5,1-1-4-8,0.02112998921251348,0.9788700107874865,515,
1,10,5,5,1-1-4-9,0.06091772151898734,0.9390822784810127,158,
1,10,5,5,1-1-5-10,0.03409090909090909,0.9659090909090909,44,
1,10,5,5,1-1-5-5,0.09964812999129741,0.9003518700087025,1245,
1,10,5,5,1-1-5-6,0.0006080259424402108,0.9993919740575598,2467,
1,10,5,5,1-1-5-7,0.0012908777969018934,0.9987091222030982,1162,
1,10,5,5,1-1-5-8,0.003386004514672686,0.9966139954853274,443,
1,10,5,5,1-1-5-9,0.0030864197530864196,0.9969135802469136,162,
1,10,5,5,1-1-6-10,0.08571428571428572,0.9142857142857143,35,
1,10,5,5,1-1-6-6,0.00847457627118644,0.9915254237288136,826,
1,10,5,5,1-1-6-7,0.00041356492969396195,0.9995864350703061,1209,
1,10,5,5,1-1-6-8,0.06280659574277349,0.9371934042572265,487,
1,10,5,5,1-1-6-9,0.051470588235294115,0.9485294117647058,136,
1,10,5,5,1-1-7-10,0.02830188679245283,0.9716981132075472,53,
1,10,5,5,1-1-7-7,0.03304006537945145,0.9669599346205485,362,
1,10,5,5,1-1-7-8,0.00563063063063063,0.9943693693693694,444,
1,10,5,5,1-1-7-9,0.01910828025477707,0.9808917197452229,157,
1,10,5,5,1-1-8-10,0.025,0.975,40,
1,10,5,5,1-1-8-8,0.006329113924050633,0.9936708860759493,158,
1,10,5,5,1-1-8-9,0.0033333333333333335,0.9966666666666667,150,
1,10,5,5,1-1-9-10,0.0945945945945946,0.9054054054054054,37,
1,10,5,5,1-1-9-9,0.05102040816326531,0.9489795918367347,49,
1,10,5,5,1-10-10-10,0.0,1.0,6,DRAW
1,10,5,5,1-2-10-10,0.06666666666666667,0.9333333333333333,30,
1,10,5,5,1-2-2-10,0.24709302325581395,0.752906976744186,43,
1,10,5,5,1-2-2-2,0.7554678652101405,0.2445321347898594,1926,
1,10,5,5,1-2-2-3,0.9528429500189776,0.04715704998102232,8363,
1,10,5,5,1-2-2-4,0.8362939612925402,0.16370603870745984,5100,
1,10,5,5,1-2-2-5,0.1736632615975226,0.8263367384024775,3289,
1,10,5,5,1-2-2-6,0.007838827838827838,0.9921611721611721,2275,
1,10,5,5,1-2-2-7,0.019593463662856626,0.9804065363371433,1130,
1,10,5,5,1-2-2-8,0.032708333333333325,0.9672916666666667,480,
1,10,5,5,1-2-2-9,0.15353159788820564,0.8464684021117944,144,
1,10,5,5,1-2-3-10,0.016666666666666666,0.9833333333333333,120,
1,10,5,5,1-2-3-3,0.9982309002751933,0.0017690997248067095,7631,
1,10,5,5,1-2-3-4,0.9852316447753471,0.014768355224652974,13916,
1,10,5,5,1-2-3-5,0.9803683147423496,0.01963168525765037,8656,
1,10,5,5,1-2-3-6,0.0004484304932735426,0.9995515695067264,6690,
1,10,5,5,1-2-3-7,0.0035708259276361664,0.9964291740723639,3200,
1,10,5,5,1-2-3-8,0.001467351430667645,0.9985326485693323,1363,
1,10,5,5,1-2-3-9,0.03666864608076009,0.9633313539192399,421,
1,10,5,5,1-2-4-10,0.010101010101010102,0.98989898989899,99,
1,10,5,5,1-2-4-4,0.9641293474186337,0.03587065258136631,4588,
1,10,5,5,1-2-4-5,0.8744950541491132,0.1255049458508868,8497,
1,10,5,5,1-2-4-6,8.033419023136246e-05,0.9999196658097687,6224,
1,10,5,5,1-2-4-7,0.0005611155252729846,0.999438884474727,3291,
1,10,5,5,1-2-4-8,0.0031718099888843948,0.9968281900111156,1307,
1,10,5,5,1-2-4-9,0.02386634844868735,0.9761336515513126,419,
1,10,5,5,1-2-5-10,0.10643564356435643,0.8935643564356436,101,
1,10,5,5,1-2-5-5,0.014791804471260224,0.9852081955287397,3151,
1,10,5,5,1-2-5-6,0.0011851386088609322,0.9988148613911391,6335,
1,10,5,5,1-2-5-7,0.0003097893432465923,0.9996902106567535,3228,
1,10,5,5,1-2-5-8,0.00038550501156515033,0.9996144949884348,1297,
1,10,5,5,1-2-5-9,0.007172995780590718,0.9928270042194093,395,
1,10,5,5,1-2-6-10,0.05859375,0.94140625,128,
1,10,5,5,1-2-6-6,0.0011786892975011788,0.9988213107024988,2121,
1,10,5,5,1-2-6-7,0.005074062401512765,0.9949259375984872,3173,
1,10,5,5,1-2-6-8,0.0032599837000814994,0.9967400162999185,1227,
1,10,5,5,1-2-6-9,0.0011933174224343676,0.9988066825775657,419,
1,10,5,5,1-2-7-10,0.008928571428571428,0.9910714285714286,112,
1,10,5,5,1-2-7-7,0.0005165289256198347,0.9994834710743802,968,
1,10,5,5,1-2-7-8,0.0007633587786259542,0.999236641221374,1310,
1,10,5,5,1-2-7-9,0.005333333333333333,0.9946666666666667,375,
1,10,5,5,1-2-8-10,0.0049504950495049506,0.995049504950495,101,
1,10,5,5,1-2-8-8,0.0014492753623188406,0.9985507246376811,345,
1,10,5,5,1-2-8-9,0.006345177664974619,0.9936548223350253,394,
1,10,5,5,1-2-9-10,0.014018691588785047,0.985981308411215,107,
1,10,5,5,1-2-9-9,0.0125,0.9875,120,
1,10,5,5,1-3-10-10,0.7804878048780488,0.21951219512195122,41,
1,10,5,5,1-3-3-10,0.023255813953488372,0.9767441860465116,43,
1,10,5,5,1-3-3-3,0.9787214927368785,0.02127850726312143,1183,
1,10,5,5,1-3-3-4,0.9933653260205223,0.006634673979477628,5146,
1,10,5,5,1-3-3-5,0.9039264809730675,0.09607351902693254,3151,
1,10,5,5,1-3-3-6,0.00020177562550443906,0.9997982243744956,2478,
1,10,5,5,1-3-3-7,0.005427748575531988,0.994572251424468,1203,
1,10,5,5,1-3-3-8,0.000970873786407767,0.9990291262135922,515,
1,10,5,5,1-3-3-9,0.041379310344827586,0.9586206896551724,145,
1,10,5,5,1-3-4-10,0.030973451327433628,0.9690265486725663,113,
1,10,5,5,1-3-4-4,0.9601151995189446,0.039884800481055326,4590,
1,10,5,5,1-3-4-5,0.5919757306318831,0.4080242693681169,8433,
1,10,5,5,1-3-4-6,8.805917576611483e-05,0.9999119408242338,5678,
1,10,5,5,1-3-4-7,0.0013765677577240747,0.9986234322422759,3269,
1,10,5,5,1-3-4-8,0.003076923076923077,0.9969230769230769,1300,
1,10,5,5,1-3-4-9,0.001201923076923077,0.9987980769230769,416,
1,10,5,5,1-3-5-10,0.02358490566037736,0.9764150943396226,106,
1,10,5,5,1-3-5-5,0.019096572946676646,0.9809034270533233,2899,
1,10,5,5,1-3-5-6,0.0002378686964795433,0.9997621313035204,6306,
1,10,5,5,1-3-5-7,0.0007730364873222016,0.9992269635126778,3234,
1,10,5,5,1-3-5-8,0.002253944402704733,0.9977460555972952,1331,
1,10,5,5,1-3-5-9,0.0022988505747126436,0.9977011494252873,435,
1,10,5,5,1-3-6-10,0.013636363636363636,0.9863636363636363,110,
1,10,5,5,1-3-6-6,0.0007194244604316547,0.9992805755395684,2085,
1,10,5,5,1-3-6-7,0.00032216494845360824,0.9996778350515464,3104,
1,10,5,5,1-3-6-8,0.00778816199376947,0.9922118380062306,1284,
1,10,5,5,1-3-6-9,0.003865979381443299,0.9961340206185567,388,
1,10,5,5,1-3-7-10,0.020833333333333332,0.9791666666666666,96,
1,10,5,5,1-3-7-7,0.003668763102725367,0.9963312368972747,954,
1,10,5,5,1-3-7-8,0.003737541528239203,0.9962624584717608,1204,
1,10,5,5,1-3-7-9,0.024271844660194174,0.9757281553398058,412,
1,10,5,5,1-3-8-10,0.05,0.95,100,
1,10,5,5,1-3-8-8,0.0013297872340425532,0.9986702127659575,376,
1,10,5,5,1-3-8-9,0.02207792207792208,0.977922077922078,385,
1,10,5,5,1-3-9-10,0.047619047619047616,0.9523809523809523,105,
1,10,5,5,1-3-9-9,0.0375,0.9625,120,
1,10,5,5,1-4-10-10,0.2,0.8,25,
1,10,5,5,1-4-4-10,0.05172413793103448,0.9482758620689655,29,
1,10,5,5,1-4-4-4,0.7958099500080216,0.2041900499919784,727,
1,10,5,5,1-4-4-5,0.9946423041189222,0.0053576958810777325,3229,
1,10,5,5,1-4-4-6,0.0009302325581395349,0.9990697674418605,2150,
1,10,5,5,1-4-4-7,0.00043402777777777775,0.9995659722222222,1152,
1,10,5,5,1-4-4-8,0.002105263157894737,0.9978947368421053,475,
1,10,5,5,1-4-4-9,0.0029585798816568047,0.9970414201183432,169,
1,10,5,5,1-4-5-10,0.06315789473684211,0.9368421052631579,95,
1,10,5,5,1-4-5-5,0.0003402517863218782,0.9996597482136781,2939,
1,10,5,5,1-4-5-6,0.0011330527678860473,0.998866947232114,6178,
1,10,5,5,1-4-5-7,0.0009313249109167476,0.9990686750890833,3087,
1,10,5,5,1-4-5-8,0.002377179080824089,0.9976228209191759,1262,
1,10,5,5,1-4-5-9,0.018427518427518427,0.9815724815724816,407,
1,10,5,5,1-4-6-10,0.0330188679245283,0.9669811320754716,106,
1,10,5,5,1-4-6-6,0.0002448579823702253,0.9997551420176298,2042,
1,10,5,5,1-4-6-7,0.0014677103718199608,0.9985322896281801,3066,
1,10,5,5,1-4-6-8,0.0020177562550443904,0.9979822437449556,1239,
1,10,5,5,1-4-6-9,0.0012987012987012987,0.9987012987012988,385,
1,10,5,5,1-4-7-10,0.003875968992248062,0.9961240310077519,129,
1,10,5,5,1-4-7-7,0.0021413276231263384,0.9978586723768736,934,
1,10,5,5,1-4-7-8,0.001178318931657502,0.9988216810683425,1273,
1,10,5,5,1-4-7-9,0.0028169014084507044,0.9971830985915493,355,
1,10,5,5,1-4-8-10,0.03398058252427184,0.9660194174757282,103,
1,10,5,5,1-4-8-8,0.007874015748031496,0.9921259842519685,381,
1,10,5,5,1-4-8-9,0.002386634844868735,0.9976133651551312,419,
1,10,5,5,1-4-9-10,0.004629629629629629,0.9953703703703703,108,
1,10,5,5,1-4-9-9,0.035398230088495575,0.9646017699115044,113,
1,10,5,5,1-5-10-10,0.0,1.0,39,DRAW
1,10,5,5,1-5-5-10,0.01020408163265306,0.9897959183673469,49,
1,10,5,5,1-5-5-5,0.19288362795597877,0.8071163720440212,508,
1,10,5,5,1-5-5-6,0.002044153720359771,0.9979558462796402,2446,
1,10,5,5,1-5-5-7,0.0008726003490401396,0.9991273996509599,1146,
1,10,5,5,1-5-5-8,0.007543103448275862,0.9924568965517241,464,
1,10,5,5,1-5-5-9,0.011235955056179775,0.9887640449438202,178,
1,10,5,5,1-5-6-10,0.038461538461538464,0.9615384615384616,91,
1,10,5,5,1-5-6-6,0.008744575426517468,0.9912554245734826,2111,
1,10,5,5,1-5-6-7,0.0001598976654940838,0.9998401023345059,3127,
1,10,5,5,1-5-6-8,0.0004038772213247173,0.9995961227786753,1238,
1,10,5,5,1-5-6-9,0.014563106796116505,0.9854368932038835,412,
1,10,5,5,1-5-7-10,0.04,0.96,100,
1,10,5,5,1-5-7-7,0.0030581039755351682,0.9969418960244648,981,
1,10,5,5,1-5-7-8,0.005577689243027889,0.9944223107569721,1255,
1,10,5,5,1-5-7-9,0.0038071065989847717,0.9961928934010152,394,
1,10,5,5,1-5-8-10,0.01680672268907563,0.9831932773109243,119,
1,10,5,5,1-5-8-8,0.0013157894736842105,0.9986842105263158,380,
1,10,5,5,1-5-8-9,0.00620347394540943,0.9937965260545906,403,
1,10,5,5,1-5-9-10,0.004464285714285714,0.9955357142857143,112,
1,10,5,5,1-5-9-9,0.005319148936170213,0.9946808510638298,94,
1,10,5,5,1-6-10-10,0.0,1.0,44,DRAW
1,10,5,5,1-6-6-10,0.14444444444444443,0.8555555555555555,45,
1,10,5,5,1-6-6-6,0.03190903760702812,0.9680909623929719,292,
1,10,5,5,1-6-6-7,0.0008880994671403197,0.9991119005328597,1126,
1,10,5,5,1-6-6-8,0.00425531914893617,0.9957446808510638,470,
1,10,5,5,1-6-6-9,0.008152173913043478,0.9918478260869565,184,
1,10,5,5,1-6-7-10,0.11983471074380166,0.8801652892561983,121,
1,10,5,5,1-6-7-7,0.0015923566878980893,0.9984076433121019,942,
1,10,5,5,1-6-7-8,0.00039154267815191856,0.9996084573218481,1277,
1,10,5,5,1-6-7-9,0.002457002457002457,0.9975429975429976,407,
1,10,5,5,1-6-8-10,0.04672897196261682,0.9532710280373832,107,
1,10,5,5,1-6-8-8,0.002849002849002849,0.9971509971509972,351,
1,10,5,5,1-6-8-9,0.012195121951219513,0.9878048780487805,369,
1,10,5,5,1-6-9-10,0.0,1.0,111,DRAW
1,10,5,5,1-6-9-9,0.003816793893129771,0.9961832061068703,131,
1,10,5,5,1-7-10-10,0.0,1.0,29,DRAW
1,10,5,5,1-7-7-10,0.052083333333333336,0.9479166666666666,48,
1,10,5,5,1-7-7-7,0.0070921985815602835,0.9929078014184397,141,
1,10,5,5,1-7-7-8,0.03211309713122576,0.9678869028687742,474,
1,10,5,5,1-7-7-9,0.0029940119760479044,0.9970059880239521,167,
1,10,5,5,1-7-8-10,0.0,1.0,84,DRAW
1,10,5,5,1-7-8-8,0.015957446808510637,0.9840425531914894,376,
1,10,5,5,1-7-8-9,0.003676470588235294,0.9963235294117647,408,
1,10,5,5,1-7-9-10,0.0,1.0,115,DRAW
1,10,5,5,1-7-9-9,0.0,1.0,103,DRAW
1,10,5,5,1-8-10-10,0.0,1.0,33,DRAW
1,10,5,5,1-8-8-10,0.0,1.0,38,DRAW
1,10,5,5,1-8-8-8,0.0784313725490196,0.9215686274509803,51,
1,10,5,5,1-8-8-9,0.0,1.0,147,DRAW
1,10,5,5,1-8-9-10,0.0,1.0,95,DRAW
1,10,5,5,1-8-9-9,0.0,1.0,105,DRAW
1,10,5,5,1-9-10-10,0.0,1.0,40,DRAW
1,10,5,5,1-9-9-10,0.0,1.0,37,DRAW
1,10,5,5,1-9-9-9,0.0,1.0,12,DRAW
1,10,5,5,10-10-10-10,0.0,1.0,2,DRAW
1,10,5,5,2-10-10-10,0.0,1.0,14,DRAW
1,10,5,5,2-2-10-10,0.045454545454545456,0.9545454545454546,11,
1,10,5,5,2-2-2-10,0.5,0.5,4,
1,10,5,5,2-2-2-2,0.8763951107129142,0.12360488928708573,130,
1,10,5,5,2-2-2-3,0.9883949934426683,0.011605006557331637,1396,
1,10,5,5,2-2-2-4,0.7256522338529895,0.27434776614701056,905,
1,10,5,5,2-2-2-5,0.8922618508480158,0.10773814915198418,605,
1,10,5,5,2-2-2-6,0.6306781833424435,0.3693218166575566,380,
1,10,5,5,2-2-2-7,0.028544876751997263,0.9714551232480028,176,
1,10,5,5,2-2-2-8,0.011494252873563218,0.9885057471264368,87,
1,10,5,5,2-2-2-9,0.13793103448275862,0.8620689655172413,29,
1,10,5,5,2-2-3-10,0.08928571428571429,0.9107142857142857,28,
1,10,5,5,2-2-3-3,0.9948245566912909,0.005175443308709059,2798,
1,10,5,5,2-2-3-4,0.9890599351929675,0.010940064807032553,5135,
1,10,5,5,2-2-3-5,0.9603234192671546,0.03967658073284543,3248,
1,10,5,5,2-2-3-6,0.06442291831340083,0.9355770816865991,2248,
1,10,5,5,2-2-3-7,0.0008605851979345956,0.9991394148020654,1162,
1,10,5,5,2-2-3-8,0.010252808988764045,0.989747191011236,445,
1,10,5,5,2-2-3-9,0.0064516129032258064,0.9935483870967742,155,
1,10,5,5,2-2-4-10,0.03333333333333333,0.9666666666666667,30,
1,10,5,5,2-2-4-4,0.9973745624270712,0.0026254375729288216,1714,
1,10,5,5,2-2-4-5,0.9003053824228175,0.09969461757718251,3057,
1,10,5,5,2-2-4-6,0.003259084593035496,0.9967409154069645,2159,
1,10,5,5,2-2-4-7,0.0026911247803163446,0.9973088752196837,1138,
1,10,5,5,2-2-4-8,0.0022222222222222222,0.9977777777777778,450,
1,10,5,5,2-2-4-9,0.006289308176100629,0.9937106918238994,159,
1,10,5,5,2-2-5-10,0.10810810810810811,0.8918918918918919,37,
1,10,5,5,2-2-5-5,0.9827508563844228,0.01724914361557705,1100,
1,10,5,5,2-2-5-6,0.014388969514680936,0.985611030485319,2364,
1,10,5,5,2-2-5-7,0.001692047377326565,0.9983079526226735,1182,
1,10,5,5,2-2-5-8,0.0010660980810234541,0.9989339019189766,469,
1,10,5,5,2-2-5-9,0.0032258064516129032,0.9967741935483871,155,
1,10,5,5,2-2-6-10,0.05405405405405406,0.9459459459459459,37,
1,10,5,5,2-2-6-6,0.0007092198581560284,0.999290780141844,705,
1,10,5,5,2-2-6-7,0.001759014951627089,0.9982409850483729,1137,
1,10,5,5,2-2-6-8,0.009029345372460496,0.9909706546275395,443,
1,10,5,5,2-2-6-9,0.041666666666666664,0.9583333333333334,132,
1,10,5,5,2-2-7-10,0.025,0.975,40,
1,10,5,5,2-2-7-7,0.00628140703517588,0.9937185929648241,398,
1,10,5,5,2-2-7-8,0.032428897730621874,0.9675711022693781,468,
1,10,5,5,2-2-7-9,0.007142857142857143,0.9928571428571429,140,
1,10,5,5,2-2-8-10,0.01282051282051282,0.9871794871794872,39,
1,10,5,5,2-2-8-8,0.007575757575757576,0.9924242424242424,132,
1,10,5,5,2-2-8-9,0.022435897435897436,0.9775641025641025,156,
1,10,5,5,2-2-9-10,0.08163265306122448,0.9183673469387755,49,
1,10,5,5,2-2-9-9,0.020833333333333332,0.9791666666666666,48,
1,10,5,5,2-3-10-10,0.5,0.5,27,
1,10,5,5,2-3-3-10,0.16666666666666666,0.8333333333333334,33,
1,10,5,5,2-3-3-3,0.9665606165487035,0.03343938345129638,1207,
1,10,5,5,2-3-3-4,0.9764945782375996,0.0235054217624005,5216,
1,10,5,5,2-3-3-5,0.43668441386493634,0.5633155861350637,3242,
1,10,5,5,2-3-3-6,0.015200960062503543,0.9847990399374964,2183,
1,10,5,5,2-3-3-7,0.00041186161449752884,0.9995881383855024,1214,
1,10,5,5,2-3-3-8,0.008064516129032258,0.9919354838709677,496,
1,10,5,5,2-3-3-9,0.02309852059654295,0.9769014794034571,146,
1,10,5,5,2-3-4-10,0.19411764705882353,0.8058823529411765,85,
1,10,5,5,2-3-4-4,0.9910155745292745,0.008984425470725583,4716,
1,10,5,5,2-3-4-5,0.9216288072293438,0.0783711927706562,8790,
1,10,5,5,2-3-4-6,0.0022295754796242285,0.9977704245203758,6092,
1,10,5,5,2-3-4-7,0.000471253534401508,0.9995287464655985,3183,
1,10,5,5,2-3-4-8,0.005668934240362812,0.9943310657596371,1323,
1,10,5,5,2-3-4-9,0.006024096385542169,0.9939759036144579,415,
1,10,5,5,2-3-5-10,0.01834862385321101,0.981651376146789,109,
1,10,5,5,2-3-5-5,0.0001588310038119441,0.999841168996188,3148,
1,10,5,5,2-3-5-6,0.0004651884013025275,0.9995348115986975,6449,
1,10,5,5,2-3-5-7,0.00031269543464665416,0.9996873045653534,3198,
1,10,5,5,2-3-5-8,0.011715797430083144,0.9882842025699169,1323,
1,10,5,5,2-3-5-9,0.0022172949002217295,0.9977827050997783,451,
1,10,5,5,2-3-6-10,0.01171875,0.98828125,128,
1,10,5,5,2-3-6-6,0.004470938897168405,0.9955290611028316,2013,
1,10,5,5,2-3-6-7,0.002143314139475368,0.9978566858605247,3126,
1,10,5,5,2-3-6-8,0.0012355848434925864,0.9987644151565074,1214,
1,10,5,5,2-3-6-9,0.0072992700729927005,0.9927007299270073,411,
1,10,5,5,2-3-7-10,0.04504504504504504,0.954954954954955,111,
1,10,5,5,2-3-7-7,0.006042296072507553,0.9939577039274925,993,
1,10,5,5,2-3-7-8,0.0007451564828614009,0.9992548435171386,1342,
1,10,5,5,2-3-7-9,0.009592326139088728,0.9904076738609112,417,
1,10,5,5,2-3-8-10,0.009900990099009901,0.9900990099009901,101,
1,10,5,5,2-3-8-8,0.0012919896640826874,0.9987080103359173,387,
1,10,5,5,2-3-8-9,0.0035046728971962616,0.9964953271028038,428,
1,10,5,5,2-3-9-10,0.06521739130434782,0.9347826086956522,92,
1,10,5,5,2-3-9-9,0.0043859649122807015,0.9956140350877193,114,
1,10,5,5,2-4-10-10,0.0,1.0,31,DRAW
1,10,5,5,2-4-4-10,0.10526315789473684,0.8947368421052632,38,
1,10,5,5,2-4-4-4,0.8267760164722144,0.17322398352778562,769,
1,10,5,5,2-4-4-5,0.5230431719705062,0.47695682802949374,3296,
1,10,5,5,2-4-4-6,0.005977848718417724,0.9940221512815823,2199,
1,10,5,5,2-4-4-7,0.004084821428571429,0.9959151785714285,1120,
1,10,5,5,2-4-4-8,0.008350730688935281,0.9916492693110647,479,
1,10,5,5,2-4-4-9,0.05278079592098501,0.947219204079015,162,
1,10,5,5,2-4-5-10,0.058333333333333334,0.9416666666666667,120,
1,10,5,5,2-4-5-5,0.00015078407720144752,0.9998492159227985,3316,
1,10,5,5,2-4-5-6,0.003679290107621299,0.9963207098923786,6288,
1,10,5,5,2-4-5-7,0.0004752851711026616,0.9995247148288974,3156,
1,10,5,5,2-4-5-8,0.000390625,0.999609375,1280,
1,10,5,5,2-4-5-9,0.01647058823529412,0.9835294117647059,425,
1,10,5,5,2-4-6-10,0.06,0.94,100,
1,10,5,5,2-4-6-6,0.009873417721518988,0.990126582278481,1975,
1,10,5,5,2-4-6-7,0.00032351989647363315,0.9996764801035264,3091,
1,10,5,5,2-4-6-8,0.0019455252918287938,0.9980544747081712,1285,
1,10,5,5,2-4-6-9,0.007389162561576354,0.9926108374384236,406,
1,10,5,5,2-4-7-10,0.049019607843137254,0.9509803921568627,102,
1,10,5,5,2-4-7-7,0.001072961373390558,0.9989270386266095,932,
1,10,5,5,2-4-7-8,0.00078125,0.99921875,1280,
1,10,5,5,2-4-7-9,0.006157635467980296,0.9938423645320197,406,
1,10,5,5,2-4-8-10,0.036036036036036036,0.963963963963964,111,
1,10,5,5,2-4-8-8,0.01742627345844504,0.982573726541555,373,
1,10,5,5,2-4-8-9,0.017942583732057416,0.9820574162679426,418,
1,10,5,5,2-4-9-10,0.004672897196261682,0.9953271028037384,107,
1,10,5,5,2-4-9-9,0.014018691588785047,0.985981308411215,107,
1,10,5,5,2-5-10-10,0.0,1.0,33,DRAW
1,10,5,5,2-5-5-10,0.17857142857142858,0.8214285714285714,28,
1,10,5,5,2-5-5-5,0.03305785123966942,0.9669421487603306,484,
1,10,5,5,2-5-5-6,0.005003954160552304,0.9949960458394477,2365,
1,10,5,5,2-5-5-7,0.0008688097306689834,0.9991311902693311,1151,
1,10,5,5,2-5-5-8,0.0009940357852882703,0.9990059642147118,503,
1,10,5,5,2-5-5-9,0.01935483870967742,0.9806451612903225,155,
1,10,5,5,2-5-6-10,0.017699115044247787,0.9823008849557522,113,
1,10,5,5,2-5-6-6,0.009844429886418028,0.990155570113582,2075,
1,10,5,5,2-5-6-7,0.011912225705329153,0.9880877742946709,3190,
1,10,5,5,2-5-6-8,0.0024958402662229617,0.997504159733777,1202,
1,10,5,5,2-5-6-9,0.0011111111111111111,0.9988888888888889,450,
1,10,5,5,2-5-7-10,0.005747126436781609,0.9942528735632183,87,
1,10,5,5,2-5-7-7,0.005687693898655636,0.9943123061013444,967,
1,10,5,5,2-5-7-8,0.011161952301719359,0.9888380476982805,1202,
1,10,5,5,2-5-7-9,0.05020796197266784,0.9497920380273321,396,
1,10,5,5,2-5-8-10,0.004629629629629629,0.9953703703703703,108,
1,10,5,5,2-5-8-8,0.005319148936170213,0.9946808510638298,376,
1,10,5,5,2-5-8-9,0.002364066193853428,0.9976359338061466,423,
1,10,5,5,2-5-9-10,0.0,1.0,120,DRAW
1,10,5,5,2-5-9-9,0.07589285714285714,0.9241071428571429,112,
1,10,5,5,2-6-10-10,0.0,1.0,38,DRAW
1,10,5,5,2-6-6-10,0.05952380952380952,0.9404761904761905,42,
1,10,5,5,2-6-6-6,0.0048543689320388345,0.9951456310679612,309,
1,10,5,5,2-6-6-7,0.0008904719501335708,0.9991095280498664,1123,
1,10,5,5,2-6-6-8,0.017777777777777778,0.9822222222222222,450,
1,10,5,5,2-6-6-9,0.06934306569343066,0.9306569343065694,137,
1,10,5,5,2-6-7-10,0.0058823529411764705,0.9941176470588236,85,
1,10,5,5,2-6-7-7,0.0010482180293501049,0.9989517819706499,954,
1,10,5,5,2-6-7-8,0.024426450742240206,0.9755735492577597,1235,
1,10,5,5,2-6-7-9,0.004261363636363636,0.9957386363636364,352,
1,10,5,5,2-6-8-10,0.0,1.0,102,DRAW
1,10,5,5,2-6-8-8,0.01706036745406824,0.9829396325459318,381,
1,10,5,5,2-6-8-9,0.005319148936170213,0.9946808510638298,376,
1,10,5,5,2-6-9-10,0.0,1.0,117,DRAW
1,10,5,5,2-6-9-9,0.0,1.0,122,DRAW
1,10,5,5,2-7-10-10,0.0,1.0,32,DRAW
1,10,5,5,2-7-7-10,0.0,1.0,31,DRAW
1,10,5,5,2-7-7-7,0.00390625,0.99609375,128,
1,10,5,5,2-7-7-8,0.0022675736961451248,0.9977324263038548,441,
1,10,5,5,2-7-7-9,0.14965986394557823,0.8503401360544217,147,
1,10,5,5,2-7-8-10,0.0,1.0,112,DRAW
1,10,5,5,2-7-8-8,0.0053475935828877,0.9946524064171123,374,
1,10,5,5,2-7-8-9,0.0,1.0,433,DRAW
1,10,5,5,2-7-9-10,0.0,1.0,87,DRAW
1,10,5,5,2-7-9-9,0.0,1.0,107,DRAW
1,10,5,5,2-8-10-10,0.0,1.0,34,DRAW
1,10,5,5,2-8-8-10,0.0,1.0,45,DRAW
1,10,5,5,2-8-8-8,0.0,1.0,60,DRAW
1,10,5,5,2-8-8-9,0.0,1.0,127,DRAW
1,10,5,5,2-8-9-10,0.0,1.0,108,DRAW
1,10,5,5,2-8-9-9,0.0,1.0,99,DRAW
1,10,5,5,2-9-10-10,0.0,1.0,30,DRAW
1,10,5,5,2-9-9-10,0.0,1.0,35,DRAW
1,10,5,5,2-9-9-9,0.0,1.0,12,DRAW
1,10,5,5,3-10-10-10,0.0,1.0,9,DRAW
1,10,5,5,3-3-10-10,0.0,1.0,15,DRAW
1,10,5,5,3-3-3-10,0.36363636363636365,0.6363636363636364,11,
1,10,5,5,3-3-3-3,0.9655172413793104,0.034482758620689655,58,
1,10,5,5,3-3-3-4,0.9947609208972845,0.005239079102715466,847,
1,10,5,5,3-3-3-5,0.9535187351485415,0.04648126485145847,512,
1,10,5,5,3-3-3-6,0.25723976030906065,0.7427602396909393,262,
1,10,5,5,3-3-3-7,0.010582010582010581,0.9894179894179894,189,
1,10,5,5,3-3-3-8,0.006493506493506494,0.9935064935064936,77,
1,10,5,5,3-3-3-9,0.2413793103448276,0.7586206896551724,29,
1,10,5,5,3-3-4-10,0.12,0.88,50,
1,10,5,5,3-3-4-4,0.9675381149388083,0.03246188506119168,1797,
1,10,5,5,3-3-4-5,0.8945154667742674,0.10548453322573265,3249,
1,10,5,5,3-3-4-6,0.0016025641025641025,0.9983974358974359,2184,
1,10,5,5,3-3-4-7,0.00041981528127623844,0.9995801847187238,1191,
1,10,5,5,3-3-4-8,0.002183406113537118,0.9978165938864629,458,
1,10,5,5,3-3-4-9,0.003067484662576687,0.9969325153374233,163,
1,10,5,5,3-3-5-10,0.07692307692307693,0.9230769230769231,39,
1,10,5,5,3-3-5-5,0.10827867424520621,0.8917213257547938,1064,
1,10,5,5,3-3-5-6,0.021776985974542747,0.9782230140254572,2282,
1,10,5,5,3-3-5-7,0.00045248868778280545,0.9995475113122172,1105,
1,10,5,5,3-3-5-8,0.002036659877800407,0.9979633401221996,491,
1,10,5,5,3-3-5-9,0.003401360544217687,0.9965986394557823,147,
1,10,5,5,3-3-6-10,0.043478260869565216,0.9565217391304348,46,
1,10,5,5,3-3-6-6,0.09849756035145085,0.9015024396485491,631,
1,10,5,5,3-3-6-7,0.007826840199868618,0.9921731598001313,1231,
1,10,5,5,3-3-6-8,0.10682227806642891,0.893177721933571,478,
1,10,5,5,3-3-6-9,0.0035211267605633804,0.9964788732394366,142,
1,10,5,5,3-3-7-10,0.2833333333333333,0.7166666666666667,30,
1,10,5,5,3-3-7-7,0.00390625,0.99609375,384,
1,10,5,5,3-3-7-8,0.02446808510638298,0.975531914893617,470,
1,10,5,5,3-3-7-9,0.007575757575757576,0.9924242424242424,132,
1,10,5,5,3-3-8-10,0.02,0.98,50,
1,10,5,5,3-3-8-8,0.029197080291970802,0.9708029197080292,137,
1,10,5,5,3-3-8-9,0.003125,0.996875,160,
1,10,5,5,3-3-9-10,0.023809523809523808,0.9761904761904762,42,
1,10,5,5,3-3-9-9,0.022727272727272728,0.9772727272727273,44,
1,10,5,5,3-4-10-10,0.0,1.0,29,DRAW
1,10,5,5,3-4-4-10,0.15384615384615385,0.8461538461538461,39,
1,10,5,5,3-4-4-4,0.8993478833485524,0.10065211665144763,698,
1,10,5,5,3-4-4-5,0.4794874260657425,0.5205125739342575,3205,
1,10,5,5,3-4-4-6,0.0002339728591483388,0.9997660271408516,2137,
1,10,5,5,3-4-4-7,0.0031645569620253164,0.9968354430379747,1106,
1,10,5,5,3-4-4-8,0.011578947368421053,0.988421052631579,475,
1,10,5,5,3-4-4-9,0.0035211267605633804,0.9964788732394366,142,
1,10,5,5,3-4-5-10,0.008771929824561403,0.9912280701754386,114,
1,10,5,5,3-4-5-5,0.0003459010722933241,0.9996540989277066,2891,
1,10,5,5,3-4-5-6,0.0016315969980632667,0.9983684030019367,6196,
1,10,5,5,3-4-5-7,0.0007718431614695894,0.9992281568385304,3239,
1,10,5,5,3-4-5-8,0.020102916745904195,0.9798970832540957,1351,
1,10,5,5,3-4-5-9,0.002583979328165375,0.9974160206718347,387,
1,10,5,5,3-4-6-10,0.004347826086956522,0.9956521739130435,115,
1,10,5,5,3-4-6-6,0.008124579679269099,0.991875420320731,1865,
1,10,5,5,3-4-6-7,0.0004873294346978557,0.9995126705653021,3078,
1,10,5,5,3-4-6-8,0.004984662576687116,0.9950153374233128,1304,
1,10,5,5,3-4-6-9,0.004784688995215311,0.9952153110047847,418,
1,10,5,5,3-4-7-10,0.125,0.875,96,
1,10,5,5,3-4-7-7,0.026021145285837495,0.9739788547141625,953,
1,10,5,5,3-4-7-8,0.0027711797307996833,0.9972288202692003,1263,
1,10,5,5,3-4-7-9,0.003472222222222222,0.9965277777777778,432,
1,10,5,5,3-4-8-10,0.004098360655737705,0.9959016393442623,122,
1,10,5,5,3-4-8-8,0.005390835579514825,0.9946091644204852,371,
1,10,5,5,3-4-8-9,0.013095238095238096,0.986904761904762,420,
1,10,5,5,3-4-9-10,0.0,1.0,119,DRAW
1,10,5,5,3-4-9-9,0.01485148514851485,0.9851485148514851,101,
1,10,5,5,3-5-10-10,0.0,1.0,32,DRAW
1,10,5,5,3-5-5-10,0.21052631578947367,0.7894736842105263,38,
1,10,5,5,3-5-5-5,0.09438928566702147,0.9056107143329785,436,
1,10,5,5,3-5-5-6,0.00042211903756859433,0.9995778809624314,2369,
1,10,5,5,3-5-5-7,0.004761904761904762,0.9952380952380953,1155,
1,10,5,5,3-5-5-8,0.0020833333333333333,0.9979166666666667,480,
1,10,5,5,3-5-5-9,0.007194244604316547,0.9928057553956835,139,
1,10,5,5,3-5-6-10,0.058823529411764705,0.9411764705882353,119,
1,10,5,5,3-5-6-6,0.0009722897423432182,0.9990277102576568,2057,
1,10,5,5,3-5-6-7,0.0006510416666666666,0.9993489583333334,3072,
1,10,5,5,3-5-6-8,0.008481110254433308,0.9915188897455667,1297,
1,10,5,5,3-5-6-9,0.008373205741626795,0.9916267942583732,418,
1,10,5,5,3-5-7-10,0.1485148514851485,0.8514851485148515,101,
1,10,5,5,3-5-7-7,0.05448717948717949,0.9455128205128205,936,
1,10,5,5,3-5-7-8,0.0003946329913180742,0.999605367008682,1267,
1,10,5,5,3-5-7-9,0.040983606557377046,0.9590163934426229,427,
1,10,5,5,3-5-8-10,0.0,1.0,95,DRAW
1,10,5,5,3-5-8-8,0.0070028011204481795,0.9929971988795518,357,
1,10,5,5,3-5-8-9,0.01608910891089109,0.9839108910891089,404,
1,10,5,5,3-5-9-10,0.0,1.0,108,DRAW
1,10,5,5,3-5-9-9,0.0,1.0,107,DRAW
1,10,5,5,3-6-10-10,0.0,1.0,43,DRAW
1,10,5,5,3-6-6-10,0.31666666666666665,0.6833333333333333,30,
1,10,5,5,3-6-6-6,0.014285714285714285,0.9857142857142858,280,
1,10,5,5,3-6-6-7,0.008014247551202136,0.9919857524487978,1123,
1,10,5,5,3-6-6-8,0.01820388349514563,0.9817961165048543,412,
1,10,5,5,3-6-6-9,0.21724137931034482,0.7827586206896552,145,
1,10,5,5,3-6-7-10,0.0,1.0,104,DRAW
1,10,5,5,3-6-7-7,0.0015511892450879006,0.9984488107549121,967,
1,10,5,5,3-6-7-8,0.0036086607858861267,0.9963913392141138,1247,
1,10,5,5,3-6-7-9,0.03435114503816794,0.9656488549618321,393,
1,10,5,5,3-6-8-10,0.0,1.0,97,DRAW
1,10,5,5,3-6-8-8,0.012711864406779662,0.9872881355932204,354,
1,10,5,5,3-6-8-9,0.0,1.0,410,DRAW
1,10,5,5,3-6-9-10,0.0,1.0,104,DRAW
1,10,5,5,3-6-9-9,0.0,1.0,119,DRAW
1,10,5,5,3-7-10-10,0.0,1.0,33,DRAW
1,10,5,5,3-7-7-10,0.0,1.0,45,DRAW
1,10,5,5,3-7-7-7,0.09022556390977443,0.9097744360902256,133,
1,10,5,5,3-7-7-8,0.02566735112936345,0.9743326488706365,487,
1,10,5,5,3-7-7-9,0.0,1.0,148,DRAW
1,10,5,5,3-7-8-10,0.0,1.0,103,DRAW
1,10,5,5,3-7-8-8,0.0,1.0,363,DRAW
1,10,5,5,3-7-8-9,0.0,1.0,405,DRAW
1,10,5,5,3-7-9-10,0.0,1.0,96,DRAW
1,10,5,5,3-7-9-9,0.0,1.0,101,DRAW
1,10,5,5,3-8-10-10,0.0,1.0,39,DRAW
1,10,5,5,3-8-8-10,0.0,1.0,33,DRAW
1,10,5,5,3-8-8-8,0.0,1.0,57,DRAW
1,10,5,5,3-8-8-9,0.0,1.0,141,DRAW
1,10,5,5,3-8-9-10,0.0,1.0,118,DRAW
1,10,5,5,3-8-9-9,0.0,1.0,115,DRAW
1,10,5,5,3-9-10-10,0.0,1.0,27,DRAW
1,10,5,5,3-9-9-10,0.0,1.0,30,DRAW
1,10,5,5,3-9-9-9,0.0,1.0,14,DRAW
1,10,5,5,4-10-10-10,0.0,1.0,9,DRAW
1,10,5,5,4-4-10-10,0.0,1.0,17,DRAW
1,10,5,5,4-4-4-10,0.5,0.5,6,
1,10,5,5,4-4-4-4,0.20758188220851045,0.7924181177914895,44,
1,10,5,5,4-4-4-5,0.9771865896084421,0.022813410391557966,562,
1,10,5,5,4-4-4-6,0.06150139184976037,0.9384986081502397,333,
1,10,5,5,4-4-4-7,0.1339815836786837,0.8660184163213164,157,
1,10,5,5,4-4-4-8,0.022727272727272728,0.9772727272727273,66,
1,10,5,5,4-4-4-9,0.5,0.5,12,
1,10,5,5,4-4-5-10,0.02127659574468085,0.9787234042553191,47,
1,10,5,5,4-4-5-5,0.15115540997067473,0.8488445900293253,1159,
1,10,5,5,4-4-5-6,0.00045558086560364467,0.9995444191343964,2195,
1,10,5,5,4-4-5-7,0.008112724167378309,0.9918872758326217,1171,
1,10,5,5,4-4-5-8,0.08218488394490221,0.9178151160550978,471,
1,10,5,5,4-4-5-9,0.006802721088435374,0.9931972789115646,147,
1,10,5,5,4-4-6-10,0.038461538461538464,0.9615384615384616,52,
1,10,5,5,4-4-6-6,0.0007374631268436578,0.9992625368731564,678,
1,10,5,5,4-4-6-7,0.003113879003558719,0.9968861209964412,1124,
1,10,5,5,4-4-6-8,0.001037344398340249,0.9989626556016598,482,
1,10,5,5,4-4-6-9,0.06358381502890173,0.9364161849710982,173,
1,10,5,5,4-4-7-10,0.07352941176470588,0.9264705882352942,34,
1,10,5,5,4-4-7-7,0.19024725274725274,0.8097527472527473,364,
1,10,5,5,4-4-7-8,0.0023148148148148147,0.9976851851851852,432,
1,10,5,5,4-4-7-9,0.013888888888888888,0.9861111111111112,144,
1,10,5,5,4-4-8-10,0.0,1.0,45,DRAW
1,10,5,5,4-4-8-8,0.030303030303030304,0.9696969696969697,132,
1,10,5,5,4-4-8-9,0.07246376811594203,0.927536231884058,138,
1,10,5,5,4-4-9-10,0.0,1.0,38,DRAW
1,10,5,5,4-4-9-9,0.0,1.0,45,DRAW
1,10,5,5,4-5-10-10,0.0,1.0,39,DRAW
1,10,5,5,4-5-5-10,0.35,0.65,30,
1,10,5,5,4-5-5-5,0.005671077504725898,0.994328922495274,529,
1,10,5,5,4-5-5-6,0.00045454545454545455,0.9995454545454545,2200,
1,10,5,5,4-5-5-7,0.001323918799646955,0.998676081200353,1133,
1,10,5,5,4-5-5-8,0.02888655462184874,0.9711134453781513,476,
1,10,5,5,4-5-5-9,0.09712230215827339,0.9028776978417267,139,
1,10,5,5,4-5-6-10,0.4649122807017544,0.5350877192982456,114,
1,10,5,5,4-5-6-6,0.002531645569620253,0.9974683544303797,1975,
1,10,5,5,4-5-6-7,0.0009551098376313276,0.9990448901623686,3141,
1,10,5,5,4-5-6-8,0.021576763485477178,0.9784232365145228,1205,
1,10,5,5,4-5-6-9,0.05411764705882353,0.9458823529411765,425,
1,10,5,5,4-5-7-10,0.0,1.0,115,DRAW
1,10,5,5,4-5-7-7,0.005302226935312832,0.9946977730646872,943,
1,10,5,5,4-5-7-8,0.005827505827505828,0.9941724941724942,1287,
1,10,5,5,4-5-7-9,0.012106537530266344,0.9878934624697336,413,
1,10,5,5,4-5-8-10,0.0,1.0,101,DRAW
1,10,5,5,4-5-8-8,0.020460358056265986,0.979539641943734,391,
1,10,5,5,4-5-8-9,0.0,1.0,413,DRAW
1,10,5,5,4-5-9-10,0.0,1.0,111,DRAW
1,10,5,5,4-5-9-9,0.0,1.0,115,DRAW
1,10,5,5,4-6-10-10,0.0,1.0,52,DRAW
1,10,5,5,4-6-6-10,0.0,1.0,36,DRAW
1,10,5,5,4-6-6-6,0.0075528700906344415,0.9924471299093656,331,
1,10,5,5,4-6-6-7,0.001261564339781329,0.9987384356602187,1189,
1,10,5,5,4-6-6-8,0.015,0.985,400,
1,10,5,5,4-6-6-9,0.024475524475524476,0.9755244755244755,143,
1,10,5,5,4-6-7-10,0.0,1.0,105,DRAW
1,10,5,5,4-6-7-7,0.04720063839539674,0.9527993616046032,989,
1,10,5,5,4-6-7-8,0.008778930566640064,0.99122106943336,1253,
1,10,5,5,4-6-7-9,0.0,1.0,417,DRAW
1,10,5,5,4-6-8-10,0.0,1.0,110,DRAW
1,10,5,5,4-6-8-8,0.0,1.0,357,DRAW
1,10,5,5,4-6-8-9,0.0,1.0,398,DRAW
1,10,5,5,4-6-9-10,0.0,1.0,100,DRAW
1,10,5,5,4-6-9-9,0.0,1.0,128,DRAW
1,10,5,5,4-7-10-10,0.0,1.0,31,DRAW
1,10,5,5,4-7-7-10,0.0,1.0,38,DRAW
1,10,5,5,4-7-7-7,0.04744525547445255,0.9525547445255474,137,
1,10,5,5,4-7-7-8,0.0,1.0,492,DRAW
1,10,5,5,4-7-7-9,0.0,1.0,142,DRAW
1,10,5,5,4-7-8-10,0.0,1.0,99,DRAW
1,10,5,5,4-7-8-8,0.0,1.0,395,DRAW
1,10,5,5,4-7-8-9,0.0,1.0,413,DRAW
1,10,5,5,4-7-9-10,0.0,1.0,112,DRAW
1,10,5,5,4-7-9-9,0.0,1.0,111,DRAW
1,10,5,5,4-8-10-10,0.0,1.0,36,DRAW
1,10,5,5,4-8-8-10,0.0,1.0,39,DRAW
1,10,5,5,4-8-8-8,0.0,1.0,52,DRAW
1,10,5,5,4-8-8-9,0.0,1.0,137,DRAW
1,10,5,5,4-8-9-10,0.0,1.0,94,DRAW
1,10,5,5,4-8-9-9,0.0,1.0,101,DRAW
1,10,5,5,4-9-10-10,0.0,1.0,41,DRAW
1,10,5,5,4-9-9-10,0.0,1.0,42,DRAW
1,10,5,5,4-9-9-9,0.0,1.0,13,DRAW
1,10,5,5,5-10-10-10,0.0,1.0,13,DRAW
1,10,5,5,5-5-10-10,0.0,1.0,8,DRAW
1,10,5,5,5-5-5-10,0.5,0.5,11,
1,10,5,5,5-5-5-5,0.5576923076923077,0.4423076923076923,26,
1,10,5,5,5-5-5-6,0.0038071065989847717,0.9961928934010152,394,
1,10,5,5,5-5-5-7,0.017241379310344827,0.9827586206896551,174,
1,10,5,5,5-5-5-8,0.006578947368421052,0.993421052631579,76,
1,10,5,5,5-5-5-9,0.08695652173913043,0.9130434782608695,23,
1,10,5,5,5-5-6-10,0.0,1.0,41,DRAW
1,10,5,5,5-5-6-6,0.00129366106080207,0.9987063389391979,773,
1,10,5,5,5-5-6-7,0.006756756756756757,0.9932432432432432,1110,
1,10,5,5,5-5-6-8,0.003579952267303103,0.9964200477326969,419,
1,10,5,5,5-5-6-9,0.04678362573099415,0.9532163742690059,171,
1,10,5,5,5-5-7-10,0.0,1.0,43,DRAW
1,10,5,5,5-5-7-7,0.0075528700906344415,0.9924471299093656,331,
1,10,5,5,5-5-7-8,0.016842105263157894,0.9831578947368421,475,
1,10,5,5,5-5-7-9,0.0,1.0,150,DRAW
1,10,5,5,5-5-8-10,0.0,1.0,37,DRAW
1,10,5,5,5-5-8-8,0.0,1.0,164,DRAW
1,10,5,5,5-5-8-9,0.0,1.0,155,DRAW
1,10,5,5,5-5-9-10,0.0,1.0,45,DRAW
1,10,5,5,5-5-9-9,0.0,1.0,40,DRAW
1,10,5,5,5-6-10-10,0.0,1.0,33,DRAW
1,10,5,5,5-6-6-10,0.0,1.0,35,DRAW
1,10,5,5,5-6-6-6,0.016129032258064516,0.9838709677419355,279,
1,10,5,5,5-6-6-7,0.0017497812773403325,0.9982502187226596,1143,
1,10,5,5,5-6-6-8,0.001091703056768559,0.9989082969432315,458,
1,10,5,5,5-6-6-9,0.0,1.0,139,DRAW
1,10,5,5,5-6-7-10,0.0,1.0,132,DRAW
1,10,5,5,5-6-7-7,0.012471655328798186,0.9875283446712018,882,
1,10,5,5,5-6-7-8,0.0,1.0,1315,DRAW
1,10,5,5,5-6-7-9,0.0,1.0,372,DRAW
1,10,5,5,5-6-8-10,0.0,1.0,106,DRAW
1,10,5,5,5-6-8-8,0.0,1.0,341,DRAW
1,10,5,5,5-6-8-9,0.0,1.0,388,DRAW
1,10,5,5,5-6-9-10,0.0,1.0,114,DRAW
1,10,5,5,5-6-9-9,0.0,1.0,92,DRAW
1,10,5,5,5-7-10-10,0.0,1.0,43,DRAW
1,10,5,5,5-7-7-10,0.0,1.0,30,DRAW
1,10,5,5,5-7-7-7,0.0,1.0,157,DRAW
1,10,5,5,5-7-7-8,0.0,1.0,421,DRAW
1,10,5,5,5-7-7-9,0.0,1.0,166,DRAW
1,10,5,5,5-7-8-10,0.0,1.0,89,DRAW
1,10,5,5,5-7-8-8,0.0,1.0,416,DRAW
1,10,5,5,5-7-8-9,0.0,1.0,394,DRAW
1,10,5,5,5-7-9-10,0.0,1.0,101,DRAW
1,10,5,5,5-7-9-9,0.0,1.0,98,DRAW
1,10,5,5,5-8-10-10,0.0,1.0,36,DRAW
1,10,5,5,5-8-8-10,0.0,1.0,38,DRAW
1,10,5,5,5-8-8-8,0.0,1.0,50,DRAW
1,10,5,5,5-8-8-9,0.0,1.0,128,DRAW
1,10,5,5,5-8-9-10,0.0,1.0,93,DRAW
1,10,5,5,5-8-9-9,0.0,1.0,89,DRAW
1,10,5,5,5-9-10-10,0.0,1.0,43,DRAW
1,10,5,5,5-9-9-10,0.0,1.0,31,DRAW
1,10,5,5,5-9-9-9,0.0,1.0,14,DRAW
1,10,5,5,6-10-10-10,0.0,1.0,14,DRAW
1,10,5,5,6-6-10-10,0.0,1.0,14,DRAW
1,10,5,5,6-6-6-10,0.0,1.0,6,DRAW
1,10,5,5,6-6-6-6,0.34210526315789475,0.6578947368421053,19,
1,10,5,5,6-6-6-7,0.11386138613861387,0.8861386138613861,202,
1,10,5,5,6-6-6-8,0.0,1.0,88,DRAW
1,10,5,5,6-6-6-9,0.0,1.0,35,DRAW
1,10,5,5,6-6-7-10,0.0,1.0,35,DRAW
1,10,5,5,6-6-7-7,0.0,1.0,337,DRAW
1,10,5,5,6-6-7-8,0.0,1.0,466,DRAW
1,10,5,5,6-6-7-9,0.0,1.0,148,DRAW
1,10,5,5,6-6-8-10,0.0,1.0,27,DRAW
1,10,5,5,6-6-8-8,0.0,1.0,120,DRAW
1,10,5,5,6-6-8-9,0.0,1.0,141,DRAW
1,10,5,5,6-6-9-10,0.0,1.0,39,DRAW
1,10,5,5,6-6-9-9,0.0,1.0,35,DRAW
1,10,5,5,6-7-10-10,0.0,1.0,27,DRAW
1,10,5,5,6-7-7-10,0.0,1.0,33,DRAW
1,10,5,5,6-7-7-7,0.0,1.0,151,DRAW
1,10,5,5,6-7-7-8,0.0,1.0,477,DRAW
1,10,5,5,6-7-7-9,0.0,1.0,136,DRAW
1,10,5,5,6-7-8-10,0.0,1.0,110,DRAW
1,10,5,5,6-7-8-8,0.0,1.0,352,DRAW
1,10,5,5,6-7-8-9,0.0,1.0,379,DRAW
1,10,5,5,6-7-9-10,0.0,1.0,75,DRAW
1,10,5,5,6-7-9-9,0.0,1.0,96,DRAW
1,10,5,5,6-8-10-10,0.0,1.0,43,DRAW
1,10,5,5,6-8-8-10,0.0,1.0,42,DRAW
1,10,5,5,6-8-8-8,0.0,1.0,47,DRAW
1,10,5,5,6-8-8-9,0.0,1.0,155,DRAW
1,10,5,5,6-8-9-10,0.0,1.0,95,DRAW
1,10,5,5,6-8-9-9,0.0,1.0,105,DRAW
1,10,5,5,6-9-10-10,0.0,1.0,44,DRAW
1,10,5,5,6-9-9-10,0.0,1.0,44,DRAW
1,10,5,5,6-9-9-9,0.0,1.0,14,DRAW
1,10,5,5,7-10-10-10,0.0,1.0,8,DRAW
1,10,5,5,7-7-10-10,0.0,1.0,21,DRAW
1,10,5,5,7-7-7-10,0.0,1.0,4,DRAW
1,10,5,5,7-7-7-7,0.0,1.0,12,DRAW
1,10,5,5,7-7-7-8,0.0,1.0,78,DRAW
1,10,5,5,7-7-7-9,0.0,1.0,30,DRAW
1,10,5,5,7-7-8-10,0.0,1.0,52,DRAW
1,10,5,5,7-7-8-8,0.0,1.0,128,DRAW
1,10,5,5,7-7-8-9,0.0,1.0,150,DRAW
1,10,5,5,7-7-9-10,0.0,1.0,34,DRAW
1,10,5,5,7-7-9-9,0.0,1.0,32,DRAW
1,10,5,5,7-8-10-10,0.0,1.0,29,DRAW
1,10,5,5,7-8-8-10,0.0,1.0,40,DRAW
1,10,5,5,7-8-8-8,0.0,1.0,62,DRAW
1,10,5,5,7-8-8-9,0.0,1.0,126,DRAW
1,10,5,5,7-8-9-10,0.0,1.0,113,DRAW
1,10,5,5,7-8-9-9,0.0,1.0,108,DRAW
1,10,5,5,7-9-10-10,0.0,1.0,33,DRAW
1,10,5,5,7-9-9-10,0.0,1.0,36,DRAW
1,10,5,5,7-9-9-9,0.0,1.0,19,DRAW
1,10,5,5,8-10-10-10,0.0,1.0,3,DRAW
1,10,5,5,8-8-10-10,0.0,1.0,14,DRAW
1,10,5,5,8-8-8-10,0.0,1.0,6,DRAW
1,10,5,5,8-8-8-8,0.0,1.0,5,DRAW
1,10,5,5,8-8-8-9,0.0,1.0,28,DRAW
1,10,5,5,8-8-9-10,0.0,1.0,49,DRAW
1,10,5,5,8-8-9-9,0.0,1.0,34,DRAW
1,10,5,5,8-9-10-10,0.0,1.0,40,DRAW
1,10,5,5,8-9-9-10,0.0,1.0,42,DRAW
1,10,5,5,8-9-9-9,0.0,1.0,19,DRAW
1,10,5,5,9-10-10-10,0.0,1.0,7,DRAW
1,10,5,5,9-9-10-10,0.0,1.0,15,DRAW
1,10,5,5,9-9-9-10,0.0,1.0,5,DRAW
1,12,6,6,1-1-1-1,1.0,0.0,42,STOP
1,12,6,6,1-1-1-2,1.0,0.0,1335,STOP
1,12,6,6,1-1-1-3,1.0,0.0,883,STOP
1,12,6,6,1-1-1-4,0.9897372742200329,0.010262725779967159,1218,
1,12,6,6,1-1-1-5,0.2961796201119237,0.7038203798880763,521,
1,12,6,6,1-1-1-6,0.9598070739549839,0.04019292604501608,311,
1,12,6,6,1-1-1-7,0.20220215467037456,0.7977978453296255,116,
1,12,6,6,1-1-1-8,0.10700757575757576,0.8929924242424242,33,
1,12,6,6,1-1-1-9,0.5,0.5,11,
1,12,6,6,1-1-10-10,0.16666666666666666,0.8333333333333334,6,
1,12,6,6,1-1-2-10,0.06666666666666667,0.9333333333333333,15,
1,12,6,6,1-1-2-2,0.21403641881638846,0.7859635811836115,6590,
1,12,6,6,1-1-2-3,0.7090985824170417,0.2909014175829583,11944,
1,12,6,6,1-1-2-4,0.7503440088520097,0.2496559911479904,6363,
1,12,6,6,1-1-2-5,0.00038779731127197516,0.9996122026887281,3868,
1,12,6,6,1-1-2-6,0.0382368933122356,0.9617631066877644,2326,
1,12,6,6,1-1-2-7,0.0037593984962406013,0.9962406015037594,931,
1,12,6,6,1-1-2-8,0.00847457627118644,0.9915254237288136,295,
1,12,6,6,1-1-2-9,0.08995626665936625,0.9100437333406337,73,
1,12,6,6,1-1-3-10,0.5,0.5,9,
1,12,6,6,1-1-3-3,0.9472922707365886,0.052707729263411406,3707,
1,12,6,6,1-1-3-4,0.9612529002103615,0.038747099789638556,6454,
1,12,6,6,1-1-3-5,0.03525128763750629,0.9647487123624937,3814,
1,12,6,6,1-1-3-6,0.030861477169407812,0.9691385228305922,2179,
1,12,6,6,1-1-3-7,0.007567774948136654,0.9924322250518633,940,
1,12,6,6,1-1-3-8,0.001718213058419244,0.9982817869415808,291,
1,12,6,6,1-1-3-9,0.03571428571428571,0.9642857142857143,70,
1,12,6,6,1-1-4-10,0.5,0.5,12,
1,12,6,6,1-1-4-4,0.9387054558358445,0.06129454416415551,1986,
1,12,6,6,1-1-4-5,0.00011368804001819008,0.9998863119599818,4398,
1,12,6,6,1-1-4-6,0.00718829339309625,0.9928117066069038,2257,
1,12,6,6,1-1-4-7,0.008503401360544218,0.9914965986394558,882,
1,12,6,6,1-1-4-8,0.04824561403508769,0.9517543859649122,304,
1,12,6,6,1-1-4-9,0.029069767441860465,0.9709302325581395,86,
1,12,6,6,1-1-5-10,0.038461538461538464,0.9615384615384616,13,
1,12,6,6,1-1-5-5,0.03271200731938563,0.9672879926806144,1428,
1,12,6,6,1-1-5-6,0.00021786492374727668,0.9997821350762527,2295,
1,12,6,6,1-1-5-7,0.030445694785555522,0.9695543052144445,899,
1,12,6,6,1-1-5-8,0.00684931506849315,0.9931506849315068,292,
1,12,6,6,1-1-5-9,0.041666666666666664,0.9583333333333334,72,
1,12,6,6,1-1-6-10,0.125,0.875,16,
1,12,6,6,1-1-6-6,0.011538461538461539,0.9884615384615385,715,
1,12,6,6,1-1-6-7,0.008338311531149441,0.9916616884688506,943,
1,12,6,6,1-1-6-8,0.015625,0.984375,256,
1,12,6,6,1-1-6-9,0.031746031746031744,0.9682539682539683,63,
1,12,6,6,1-1-7-10,0.07692307692307693,0.9230769230769231,13,
1,12,6,6,1-1-7-7,0.0018587360594795538,0.9981412639405205,269,
1,12,6,6,1-1-7-8,0.0034482758620689655,0.996551724137931,290,
1,12,6,6,1-1-7-9,0.012658227848101266,0.9873417721518988,79,
1,12,6,6,1-1-8-10,0.03125,0.96875,16,
1,12,6,6,1-1-8-8,0.005813953488372093,0.9941860465116279,86,
1,12,6,6,1-1-8-9,0.014084507042253521,0.9859154929577465,71,
1,12,6,6,1-1-9-10,0.1388888888888889,0.8611111111111112,18,
1,12,6,6,1-1-9-9,0.11538461538461539,0.8846153846153846,13,
1,12,6,6,1-2-10-10,0.1,0.9,5,
1,12,6,6,1-2-2-10,0.9166666666666666,0.08333333333333333,12,
1,12,6,6,1-2-2-2,0.8077779226966709,0.19222207730332916,2687,
1,12,6,6,1-2-2-3,0.9227874257929064,0.07721257420709367,10875,
1,12,6,6,1-2-2-4,0.9913391969372928,0.008660803062707294,6038,
1,12,6,6,1-2-2-5,0.04302392433408479,0.9569760756659152,3752,
1,12,6,6,1-2-2-6,0.032366760839673187,0.9676332391603267,2182,
1,12,6,6,1-2-2-7,0.0005938242280285036,0.9994061757719715,842,
1,12,6,6,1-2-2-8,0.09820008341603019,0.9017999165839697,245,
1,12,6,6,1-2-2-9,0.01694915254237288,0.9830508474576272,59,
1,12,6,6,1-2-3-10,0.15517241379310345,0.8448275862068966,29,
1,12,6,6,1-2-3-3,0.987867364418788,0.012132635581212057,9566,
1,12,6,6,1-2-3-4,0.9259508911068167,0.07404910889318324,15821,
1,12,6,6,1-2-3-5,0.15353088910070778,0.8464691108992922,8833,
1,12,6,6,1-2-3-6,0.0005666180994010038,0.999433381900599,6177,
1,12,6,6,1-2-3-7,0.0002050020500205002,0.9997949979499795,2439,
1,12,6,6,1-2-3-8,0.003132832080200501,0.9968671679197995,798,
1,12,6,6,1-2-3-9,0.005128205128205128,0.9948717948717949,195,
1,12,6,6,1-2-4-10,0.16071428571428573,0.8392857142857143,28,
1,12,6,6,1-2-4-4,0.9668334750152552,0.03316652498474479,5103,
1,12,6,6,1-2-4-5,0.002240660118190251,0.9977593398818096,8794,
1,12,6,6,1-2-4-6,0.00042647560559535994,0.9995735243944046,5862,
1,12,6,6,1-2-4-7,0.002597327337609572,0.9974026726623905,2437,
1,12,6,6,1-2-4-8,0.0018404907975460123,0.998159509202454,815,
1,12,6,6,1-2-4-9,0.09050179211469533,0.9094982078853046,186,
1,12,6,6,1-2-5-10,0.043478260869565216,0.9565217391304348,23,
1,12,6,6,1-2-5-5,0.0005685048322910744,0.9994314951677089,3518,
1,12,6,6,1-2-5-6,0.0014365387865472369,0.9985634612134527,5917,
1,12,6,6,1-2-5-7,0.0010109179134654266,0.9989890820865346,2473,
1,12,6,6,1-2-5-8,0.0006265664160401002,0.9993734335839599,798,
1,12,6,6,1-2-5-9,0.004761904761904762,0.9952380952380953,210,
1,12,6,6,1-2-6-10,0.06578947368421052,0.9342105263157895,38,
1,12,6,6,1-2-6-6,0.0018597236981934113,0.9981402763018066,1882,
1,12,6,6,1-2-6-7,0.00020678246484698098,0.999793217535153,2418,
1,12,6,6,1-2-6-8,0.0033921302578018998,0.9966078697421981,737,
1,12,6,6,1-2-6-9,0.08636363636363636,0.9136363636363637,220,
1,12,6,6,1-2-7-10,0.1724137931034483,0.8275862068965517,29,
1,12,6,6,1-2-7-7,0.001430615164520744,0.9985693848354793,699,
1,12,6,6,1-2-7-8,0.004294478527607362,0.9957055214723927,815,
1,12,6,6,1-2-7-9,0.017587939698492462,0.9824120603015075,199,
1,12,6,6,1-2-8-10,0.017241379310344827,0.9827586206896551,29,
1,12,6,6,1-2-8-8,0.046798029556650245,0.9532019704433498,203,
1,12,6,6,1-2-8-9,0.010526315789473684,0.9894736842105263,190,
1,12,6,6,1-2-9-10,0.3333333333333333,0.6666666666666666,27,
1,12,6,6,1-2-9-9,0.022222222222222223,0.9777777777777777,45,
1,12,6,6,1-3-10-10,0.5,0.5,8,
1,12,6,6,1-3-3-10,0.045454545454545456,0.9545454545454546,11,
1,12,6,6,1-3-3-3,0.9609596898727896,0.03904031012721048,1460,
1,12,6,6,1-3-3-4,0.9720949205488074,0.027905079451192593,5938,
1,12,6,6,1-3-3-5,0.3307512052371595,0.6692487947628404,3293,
1,12,6,6,1-3-3-6,0.00021505376344086021,0.9997849462365591,2325,
1,12,6,6,1-3-3-7,0.014148059105365448,0.9858519408946346,924,
1,12,6,6,1-3-3-8,0.0014619883040935672,0.9985380116959064,342,
1,12,6,6,1-3-3-9,0.02631578947368421,0.9736842105263158,57,
1,12,6,6,1-3-4-10,0.027777777777777776,0.9722222222222222,36,
1,12,6,6,1-3-4-4,0.9408151837810044,0.059184816218995705,5281,
1,12,6,6,1-3-4-5,0.001286008230452675,0.9987139917695473,9234,
1,12,6,6,1-3-4-6,0.007873888633277181,0.9921261113667228,5566,
1,12,6,6,1-3-4-7,0.0007993605115907274,0.9992006394884093,2502,
1,12,6,6,1-3-4-8,0.0012422360248447205,0.9987577639751553,805,
1,12,6,6,1-3-4-9,0.002702702702702703,0.9972972972972973,185,
1,12,6,6,1-3-5-10,0.017241379310344827,0.9827586206896551,29,
1,12,6,6,1-3-5-5,0.015171306495418587,0.9848286935045815,3455,
1,12,6,6,1-3-5-6,0.0012313104661389623,0.998768689533861,5685,
1,12,6,6,1-3-5-7,0.0026595744680851063,0.9973404255319149,2444,
1,12,6,6,1-3-5-8,0.0012610340479192938,0.9987389659520807,793,
1,12,6,6,1-3-5-9,0.04046242774566474,0.9595375722543352,173,
1,12,6,6,1-3-6-10,0.046511627906976744,0.9534883720930233,43,
1,12,6,6,1-3-6-6,0.0008319467554076539,0.9991680532445923,1803,
1,12,6,6,1-3-6-7,0.00274896265560166,0.9972510373443984,2410,
1,12,6,6,1-3-6-8,0.004353233830845771,0.9956467661691543,804,
1,12,6,6,1-3-6-9,0.017766497461928935,0.9822335025380711,197,
1,12,6,6,1-3-7-10,0.06451612903225806,0.9354838709677419,31,
1,12,6,6,1-3-7-7,0.02225519287833828,0.9777448071216617,674,
1,12,6,6,1-3-7-8,0.0114247311827957,0.9885752688172043,744,
1,12,6,6,1-3-7-9,0.02956989247311828,0.9704301075268817,186,
1,12,6,6,1-3-8-10,0.06,0.94,25,
1,12,6,6,1-3-8-8,0.00546448087431694,0.994535519125683,183,
1,12,6,6,1-3-8-9,0.03038674033149171,0.9696132596685083,181,
1,12,6,6,1-3-9-10,0.22916666666666666,0.7708333333333334,24,
1,12,6,6,1-3-9-9,0.18421052631578946,0.8157894736842105,57,
1,12,6,6,1-4-10-10,0.35714285714285715,0.6428571428571429,7,
1,12,6,6,1-4-4-10,0.2,0.8,10,
1,12,6,6,1-4-4-4,0.6673796359105204,0.3326203640894797,774,
1,12,6,6,1-4-4-5,0.0004778591908251035,0.9995221408091749,3139,
1,12,6,6,1-4-4-6,0.0012106537530266344,0.9987893462469734,2065,
1,12,6,6,1-4-4-7,0.005263157894736842,0.9947368421052631,855,
1,12,6,6,1-4-4-8,0.014705882352941176,0.9852941176470589,272,
1,12,6,6,1-4-4-9,0.0058823529411764705,0.9941176470588236,85,
1,12,6,6,1-4-5-10,0.4117647058823529,0.5882352941176471,34,
1,12,6,6,1-4-5-5,0.0002965599051008304,0.9997034400948992,3372,
1,12,6,6,1-4-5-6,8.535336292249915e-05,0.9999146466370775,5858,
1,12,6,6,1-4-5-7,0.00021105951878429716,0.9997889404812157,2369,
1,12,6,6,1-4-5-8,0.0024937655860349127,0.9975062344139651,802,
1,12,6,6,1-4-5-9,0.007978723404255319,0.9920212765957447,188,
1,12,6,6,1-4-6-10,0.02631578947368421,0.9736842105263158,38,
1,12,6,6,1-4-6-6,0.003663788473519293,0.9963362115264808,1891,
1,12,6,6,1-4-6-7,0.0020859407592824365,0.9979140592407175,2397,
1,12,6,6,1-4-6-8,0.00267379679144385,0.9973262032085561,748,
1,12,6,6,1-4-6-9,0.0024509803921568627,0.9975490196078431,204,
1,12,6,6,1-4-7-10,0.07954545454545454,0.9204545454545454,44,
1,12,6,6,1-4-7-7,0.0006811989100817438,0.9993188010899182,734,
1,12,6,6,1-4-7-8,0.005201560468140442,0.9947984395318595,769,
1,12,6,6,1-4-7-9,0.03592814371257485,0.9640718562874252,167,
1,12,6,6,1-4-8-10,0.058823529411764705,0.9411764705882353,34,
1,12,6,6,1-4-8-8,0.05333333333333334,0.9466666666666667,225,
1,12,6,6,1-4-8-9,0.024630541871921183,0.9753694581280788,203,
1,12,6,6,1-4-9-10,0.28846153846153844,0.7115384615384616,26,
1,12,6,6,1-4-9-9,0.0625,0.9375,56,
1,12,6,6,1-5-10-10,0.0,1.0,6,DRAW
1,12,6,6,1-5-5-10,0.06666666666666667,0.9333333333333333,15,
1,12,6,6,1-5-5-5,0.03827732795428452,0.9617226720457154,527,
1,12,6,6,1-5-5-6,0.00045495905368516835,0.9995450409463148,2198,
1,12,6,6,1-5-5-7,0.00760233918128655,0.9923976608187135,855,
1,12,6,6,1-5-5-8,0.01557632398753894,0.9844236760124611,321,
1,12,6,6,1-5-5-9,0.007042253521126761,0.9929577464788732,71,
1,12,6,6,1-5-6-10,0.16666666666666666,0.8333333333333334,36,
1,12,6,6,1-5-6-6,0.0005515719801434088,0.9994484280198566,1813,
1,12,6,6,1-5-6-7,0.00021910604732690623,0.9997808939526731,2282,
1,12,6,6,1-5-6-8,0.0006377551020408163,0.9993622448979592,784,
1,12,6,6,1-5-6-9,0.07419354838709677,0.9258064516129032,155,
1,12,6,6,1-5-7-10,0.3695652173913043,0.6304347826086957,23,
1,12,6,6,1-5-7-7,0.005154639175257732,0.9948453608247423,679,
1,12,6,6,1-5-7-8,0.0038809831824062097,0.9961190168175937,773,
1,12,6,6,1-5-7-9,0.005988023952095809,0.9940119760479041,167,
1,12,6,6,1-5-8-10,0.06756756756756757,0.9324324324324325,37,
1,12,6,6,1-5-8-8,0.004405286343612335,0.9955947136563876,227,
1,12,6,6,1-5-8-9,0.008021390374331552,0.9919786096256684,187,
1,12,6,6,1-5-9-10,0.01282051282051282,0.9871794871794872,39,
1,12,6,6,1-5-9-9,0.16666666666666666,0.8333333333333334,45,
1,12,6,6,1-6-10-10,0.0,1.0,8,DRAW
1,12,6,6,1-6-6-10,0.16666666666666666,0.8333333333333334,15,
1,12,6,6,1-6-6-6,0.11558762247803879,0.8844123775219612,273,
1,12,6,6,1-6-6-7,0.002880184331797235,0.9971198156682027,868,
1,12,6,6,1-6-6-8,0.0034482758620689655,0.996551724137931,290,
1,12,6,6,1-6-6-9,0.06338028169014084,0.9366197183098591,71,
1,12,6,6,1-6-7-10,0.125,0.875,20,
1,12,6,6,1-6-7-7,0.0014347202295552368,0.9985652797704447,697,
1,12,6,6,1-6-7-8,0.004408060453400504,0.9955919395465995,794,
1,12,6,6,1-6-7-9,0.032432432432432434,0.9675675675675676,185,
1,12,6,6,1-6-8-10,0.13636363636363635,0.8636363636363636,33,
1,12,6,6,1-6-8-8,0.002242152466367713,0.9977578475336323,223,
1,12,6,6,1-6-8-9,0.017766497461928935,0.9822335025380711,197,
1,12,6,6,1-6-9-10,0.0,1.0,50,DRAW
1,12,6,6,1-6-9-9,0.008928571428571428,0.9910714285714286,56,
1,12,6,6,1-7-10-10,0.0,1.0,15,DRAW
1,12,6,6,1-7-7-10,0.5,0.5,14,
1,12,6,6,1-7-7-7,0.029411764705882353,0.9705882352941176,102,
1,12,6,6,1-7-7-8,0.00482315112540193,0.9951768488745981,311,
1,12,6,6,1-7-7-9,0.031746031746031744,0.9682539682539683,63,
1,12,6,6,1-7-8-10,0.0,1.0,21,DRAW
1,12,6,6,1-7-8-8,0.02132701421800948,0.9786729857819905,211,
1,12,6,6,1-7-8-9,0.002631578947368421,0.9973684210526316,190,
1,12,6,6,1-7-9-10,0.0,1.0,36,DRAW
1,12,6,6,1-7-9-9,0.0,1.0,38,DRAW
1,12,6,6,1-8-10-10,0.0,1.0,4,DRAW
1,12,6,6,1-8-8-10,0.0,1.0,16,DRAW
1,12,6,6,1-8-8-8,0.08620689655172414,0.9137931034482759,29,
1,12,6,6,1-8-8-9,0.0,1.0,69,DRAW
1,12,6,6,1-8-9-10,0.0,1.0,27,DRAW
1,12,6,6,1-8-9-9,0.0,1.0,46,DRAW
1,12,6,6,1-9-10-10,0.0,1.0,9,DRAW
1,12,6,6,1-9-9-10,0.0,1.0,13,DRAW
1,12,6,6,1-9-9-9,0.0,1.0,4,DRAW
1,12,6,6,2-2-10-10,0.5,0.5,5,
1,12,6,6,2-2-2-10,0.5,0.5,1,
1,12,6,6,2-2-2-2,0.9970588235294118,0.0029411764705882353,170,
1,12,6,6,2-2-2-3,0.981978522774254,0.01802147722574594,1828,
1,12,6,6,2-2-2-4,0.9914914914914915,0.00850850850850851,999,
1,12,6,6,2-2-2-5,0.5381022804514951,0.4618977195485049,536,
1,12,6,6,2-2-2-6,0.559938015855338,0.44006198414466197,303,
1,12,6,6,2-2-2-7,0.007246376811594203,0.9927536231884058,138,
1,12,6,6,2-2-2-8,0.00980392156862745,0.9901960784313726,51,
1,12,6,6,2-2-2-9,0.5,0.5,13,
1,12,6,6,2-2-3-10,0.16666666666666666,0.8333333333333334,9,
1,12,6,6,2-2-3-3,0.9291001395005433,0.07089986049945679,3541,
1,12,6,6,2-2-3-4,0.9963090019770343,0.003690998022965743,5882,
1,12,6,6,2-2-3-5,0.4802365349071673,0.5197634650928327,3205,
1,12,6,6,2-2-3-6,0.0009224297955449855,0.9990775702044551,2034,
1,12,6,6,2-2-3-7,0.011620065382818167,0.9883799346171818,902,
1,12,6,6,2-2-3-8,0.0033783783783783786,0.9966216216216216,296,
1,12,6,6,2-2-3-9,0.0273972602739726,0.9726027397260274,73,
1,12,6,6,2-2-4-10,0.5,0.5,9,
1,12,6,6,2-2-4-4,0.9909736848742504,0.009026315125749642,1901,
1,12,6,6,2-2-4-5,0.5032479397447878,0.4967520602552123,3128,
1,12,6,6,2-2-4-6,0.0004987531172069825,0.9995012468827931,2005,
1,12,6,6,2-2-4-7,0.01334106728538283,0.9866589327146171,862,
1,12,6,6,2-2-4-8,0.0017793594306049821,0.998220640569395,281,
1,12,6,6,2-2-4-9,0.023076923076923078,0.9769230769230769,65,
1,12,6,6,2-2-5-10,0.14285714285714285,0.8571428571428571,7,
1,12,6,6,2-2-5-5,0.08700310823655441,0.9129968917634456,991,
1,12,6,6,2-2-5-6,0.009718581528613658,0.9902814184713863,2187,
1,12,6,6,2-2-5-7,0.003278688524590164,0.9967213114754099,915,
1,12,6,6,2-2-5-8,0.001644736842105263,0.9983552631578947,304,
1,12,6,6,2-2-5-9,0.03424657534246575,0.9657534246575342,73,
1,12,6,6,2-2-6-10,0.25,0.75,8,
1,12,6,6,2-2-6-6,0.0048543689320388345,0.9951456310679612,618,
1,12,6,6,2-2-6-7,0.006533738451398371,0.9934662615486016,877,
1,12,6,6,2-2-6-8,0.005208333333333333,0.9947916666666666,288,
1,12,6,6,2-2-6-9,0.020833333333333332,0.9791666666666666,72,
1,12,6,6,2-2-7-10,0.4772727272727273,0.5227272727272727,11,
1,12,6,6,2-2-7-7,0.0057692307692307696,0.9942307692307693,260,
1,12,6,6,2-2-7-8,0.00865051903114187,0.9913494809688581,289,
1,12,6,6,2-2-7-9,0.09090909090909091,0.9090909090909091,66,
1,12,6,6,2-2-8-10,0.05,0.95,10,
1,12,6,6,2-2-8-8,0.012195121951219513,0.9878048780487805,82,
1,12,6,6,2-2-8-9,0.3593073593073593,0.6406926406926406,77,
1,12,6,6,2-2-9-10,0.25,0.75,12,
1,12,6,6,2-2-9-9,0.2619047619047619,0.7380952380952381,21,
1,12,6,6,2-3-10-10,0.5,0.5,4,
1,12,6,6,2-3-3-10,0.9375,0.0625,8,
1,12,6,6,2-3-3-3,0.9711096741607872,0.028890325839212815,1571,
1,12,6,6,2-3-3-4,0.9544941784320945,0.045505821567905565,5859,
1,12,6,6,2-3-3-5,0.004243247614827048,0.9957567523851729,3613,
1,12,6,6,2-3-3-6,0.0019860973187686196,0.9980139026812314,2014,
1,12,6,6,2-3-3-7,0.0005543237250554324,0.9994456762749445,902,
1,12,6,6,2-3-3-8,0.026143790849673203,0.9738562091503268,306,
1,12,6,6,2-3-3-9,0.11858566119767655,0.8814143388023236,65,
1,12,6,6,2-3-4-10,0.2631578947368421,0.7368421052631579,19,
1,12,6,6,2-3-4-4,0.9484304731475294,0.05156952685247068,5164,
1,12,6,6,2-3-4-5,0.0012947534339112813,0.9987052465660887,8882,
1,12,6,6,2-3-4-6,0.0074976955674134335,0.9925023044325866,5700,
1,12,6,6,2-3-4-7,0.00020112630732099757,0.9997988736926791,2486,
1,12,6,6,2-3-4-8,0.0012690355329949238,0.998730964467005,788,
1,12,6,6,2-3-4-9,0.00273224043715847,0.9972677595628415,183,
1,12,6,6,2-3-5-10,0.40625,0.59375,32,
1,12,6,6,2-3-5-5,0.00199203187250996,0.99800796812749,3514,
1,12,6,6,2-3-5-6,0.0010521885521885522,0.9989478114478114,5940,
1,12,6,6,2-3-5-7,0.00020491803278688525,0.9997950819672131,2440,
1,12,6,6,2-3-5-8,0.0012315270935960591,0.9987684729064039,812,
1,12,6,6,2-3-5-9,0.002717391304347826,0.9972826086956522,184,
1,12,6,6,2-3-6-10,0.09302325581395349,0.9069767441860465,43,
1,12,6,6,2-3-6-6,0.011785503830288745,0.9882144961697112,1697,
1,12,6,6,2-3-6-7,0.000419639110365086,0.9995803608896349,2383,
1,12,6,6,2-3-6-8,0.004660452729693742,0.9953395472703063,751,
1,12,6,6,2-3-6-9,0.0049261083743842365,0.9950738916256158,203,
1,12,6,6,2-3-7-10,0.10526315789473684,0.8947368421052632,19,
1,12,6,6,2-3-7-7,0.00651890482398957,0.9934810951760105,767,
1,12,6,6,2-3-7-8,0.002386634844868735,0.9976133651551312,838,
1,12,6,6,2-3-7-9,0.02197802197802198,0.978021978021978,182,
1,12,6,6,2-3-8-10,0.05172413793103448,0.9482758620689655,29,
1,12,6,6,2-3-8-8,0.07543103448275862,0.9245689655172413,232,
1,12,6,6,2-3-8-9,0.011682242990654205,0.9883177570093458,214,
1,12,6,6,2-3-9-10,0.045454545454545456,0.9545454545454546,22,
1,12,6,6,2-3-9-9,0.046296296296296294,0.9537037037037037,54,
1,12,6,6,2-4-10-10,0.0,1.0,6,DRAW
1,12,6,6,2-4-4-10,0.8888888888888888,0.1111111111111111,9,
1,12,6,6,2-4-4-4,0.6205022214144952,0.3794977785855048,859,
1,12,6,6,2-4-4-5,0.0002828054298642534,0.9997171945701357,3536,
1,12,6,6,2-4-4-6,0.0027252678008821674,0.9972747321991178,2116,
1,12,6,6,2-4-4-7,0.0005580357142857143,0.9994419642857143,896,
1,12,6,6,2-4-4-8,0.0017857142857142857,0.9982142857142857,280,
1,12,6,6,2-4-4-9,0.03676470588235294,0.9632352941176471,68,
1,12,6,6,2-4-5-10,0.05555555555555555,0.9444444444444444,36,
1,12,6,6,2-4-5-5,0.00028121484814398203,0.999718785151856,3556,
1,12,6,6,2-4-5-6,0.0001682085786375105,0.9998317914213625,5945,
1,12,6,6,2-4-5-7,0.00041684035014589413,0.9995831596498541,2399,
1,12,6,6,2-4-5-8,0.001913265306122449,0.9980867346938775,784,
1,12,6,6,2-4-5-9,0.03125,0.96875,192,
1,12,6,6,2-4-6-10,0.08928571428571429,0.9107142857142857,28,
1,12,6,6,2-4-6-6,0.00028121484814398203,0.999718785151856,1778,
1,12,6,6,2-4-6-7,0.0010688328345446773,0.9989311671654553,2339,
1,12,6,6,2-4-6-8,0.012025316455696202,0.9879746835443038,790,
1,12,6,6,2-4-6-9,0.007281553398058253,0.9927184466019418,206,
1,12,6,6,2-4-7-10,0.014705882352941176,0.9852941176470589,34,
1,12,6,6,2-4-7-7,0.0022354694485842027,0.9977645305514158,671,
1,12,6,6,2-4-7-8,0.010911424903722721,0.9890885750962772,779,
1,12,6,6,2-4-7-9,0.036931818181818184,0.9630681818181818,176,
1,12,6,6,2-4-8-10,0.05357142857142857,0.9464285714285714,28,
1,12,6,6,2-4-8-8,0.037383177570093455,0.9626168224299065,214,
1,12,6,6,2-4-8-9,0.008064516129032258,0.9919354838709677,186,
1,12,6,6,2-4-9-10,0.06578947368421052,0.9342105263157895,38,
1,12,6,6,2-4-9-9,0.19318181818181818,0.8068181818181818,44,
1,12,6,6,2-5-10-10,0.0,1.0,6,DRAW
1,12,6,6,2-5-5-10,0.5,0.5,6,
1,12,6,6,2-5-5-5,0.0659683304055539,0.9340316695944462,525,
1,12,6,6,2-5-5-6,0.0018399264029438822,0.9981600735970562,2174,
1,12,6,6,2-5-5-7,0.0005701254275940707,0.999429874572406,877,
1,12,6,6,2-5-5-8,0.0015822784810126582,0.9984177215189873,316,
1,12,6,6,2-5-5-9,0.02976190476190476,0.9702380952380952,84,
1,12,6,6,2-5-6-10,0.03260869565217391,0.967391304347826,46,
1,12,6,6,2-5-6-6,0.004462077957110101,0.9955379220428898,1829,
1,12,6,6,2-5-6-7,0.0017338534893801473,0.9982661465106198,2307,
1,12,6,6,2-5-6-8,0.011675824175824176,0.9883241758241759,728,
1,12,6,6,2-5-6-9,0.037037037037037035,0.9629629629629629,189,
1,12,6,6,2-5-7-10,0.016129032258064516,0.9838709677419355,31,
1,12,6,6,2-5-7-7,0.0014858841010401188,0.9985141158989599,673,
1,12,6,6,2-5-7-8,0.0006402048655569782,0.9993597951344431,781,
1,12,6,6,2-5-7-9,0.03089887640449438,0.9691011235955056,178,
1,12,6,6,2-5-8-10,0.1323529411764706,0.8676470588235294,34,
1,12,6,6,2-5-8-8,0.004830917874396135,0.9951690821256038,207,
1,12,6,6,2-5-8-9,0.03494623655913978,0.9650537634408602,186,
1,12,6,6,2-5-9-10,0.0,1.0,31,DRAW
1,12,6,6,2-5-9-9,0.025,0.975,40,
1,12,6,6,2-6-10-10,0.0,1.0,10,DRAW
1,12,6,6,2-6-6-10,0.15,0.85,10,
1,12,6,6,2-6-6-6,0.0055762081784386614,0.9944237918215614,269,
1,12,6,6,2-6-6-7,0.0023501762632197414,0.9976498237367802,851,
1,12,6,6,2-6-6-8,0.00784313725490196,0.9921568627450981,255,
1,12,6,6,2-6-6-9,0.03968253968253968,0.9603174603174603,63,
1,12,6,6,2-6-7-10,0.4,0.6,25,
1,12,6,6,2-6-7-7,0.00501432664756447,0.9949856733524355,698,
1,12,6,6,2-6-7-8,0.002127659574468085,0.997872340425532,705,
1,12,6,6,2-6-7-9,0.01358695652173913,0.9864130434782609,184,
1,12,6,6,2-6-8-10,0.0,1.0,33,DRAW
1,12,6,6,2-6-8-8,0.004784688995215311,0.9952153110047847,209,
1,12,6,6,2-6-8-9,0.00558659217877095,0.994413407821229,179,
1,12,6,6,2-6-9-10,0.0,1.0,32,DRAW
1,12,6,6,2-6-9-9,0.0,1.0,55,DRAW
1,12,6,6,2-7-10-10,0.0,1.0,7,DRAW
1,12,6,6,2-7-7-10,0.0,1.0,12,DRAW
1,12,6,6,2-7-7-7,0.005681818181818182,0.9943181818181818,88,
1,12,6,6,2-7-7-8,0.005244755244755245,0.9947552447552448,286,
1,12,6,6,2-7-7-9,0.11016949152542373,0.8898305084745762,59,
1,12,6,6,2-7-8-10,0.0,1.0,39,DRAW
1,12,6,6,2-7-8-8,0.013761467889908258,0.9862385321100917,218,
1,12,6,6,2-7-8-9,0.0,1.0,198,DRAW
1,12,6,6,2-7-9-10,0.0,1.0,25,DRAW
1,12,6,6,2-7-9-9,0.0,1.0,49,DRAW
1,12,6,6,2-8-10-10,0.0,1.0,12,DRAW
1,12,6,6,2-8-8-10,0.0,1.0,18,DRAW
1,12,6,6,2-8-8-8,0.0,1.0,27,DRAW
1,12,6,6,2-8-8-9,0.0,1.0,66,DRAW
1,12,6,6,2-8-9-10,0.0,1.0,30,DRAW
1,12,6,6,2-8-9-9,0.0,1.0,47,DRAW
1,12,6,6,2-9-10-10,0.0,1.0,13,DRAW
1,12,6,6,2-9-9-10,0.0,1.0,15,DRAW
1,12,6,6,2-9-9-9,0.0,1.0,6,DRAW
1,12,6,6,3-10-10-10,0.0,1.0,2,DRAW
1,12,6,6,3-3-10-10,0.0,1.0,5,DRAW
1,12,6,6,3-3-3-10,0.5,0.5,3,
1,12,6,6,3-3-3-3,0.546029085610983,0.45397091438901715,78,
1,12,6,6,3-3-3-4,0.9501721635121443,0.04982783648785577,951,
1,12,6,6,3-3-3-5,0.27364030055728394,0.726359699442716,515,
1,12,6,6,3-3-3-6,0.025441094824716355,0.9745589051752835,268,
1,12,6,6,3-3-3-7,0.010067114093959731,0.9899328859060402,149,
1,12,6,6,3-3-3-8,0.009433962264150943,0.9905660377358491,53,
1,12,6,6,3-3-3-9,0.2,0.8,15,
1,12,6,6,3-3-4-10,0.11538461538461539,0.8846153846153846,13,
1,12,6,6,3-3-4-4,0.9854657843034511,0.014534215696548908,2028,
1,12,6,6,3-3-4-5,0.0011904761904761906,0.9988095238095238,3360,
1,12,6,6,3-3-4-6,0.035043184112021376,0.9649568158879785,2046,
1,12,6,6,3-3-4-7,0.006104328523862375,0.9938956714761377,901,
1,12,6,6,3-3-4-8,0.0018315018315018315,0.9981684981684982,273,
1,12,6,6,3-3-4-9,0.03896103896103896,0.961038961038961,77,
1,12,6,6,3-3-5-10,0.375,0.625,8,
1,12,6,6,3-3-5-5,0.0012787723785166241,0.9987212276214834,1173,
1,12,6,6,3-3-5-6,0.00047961630695443646,0.9995203836930455,2085,
1,12,6,6,3-3-5-7,0.000580046403712297,0.9994199535962877,862,
1,12,6,6,3-3-5-8,0.0016233766233766235,0.9983766233766234,308,
1,12,6,6,3-3-5-9,0.038461538461538464,0.9615384615384616,78,
1,12,6,6,3-3-6-10,0.4090909090909091,0.5909090909090909,11,
1,12,6,6,3-3-6-6,0.048841206379767965,0.951158793620232,598,
1,12,6,6,3-3-6-7,0.004343105320304018,0.995656894679696,921,
1,12,6,6,3-3-6-8,0.01129032258064516,0.9887096774193549,310,
1,12,6,6,3-3-6-9,0.0273972602739726,0.9726027397260274,73,
1,12,6,6,3-3-7-10,0.2727272727272727,0.7272727272727273,11,
1,12,6,6,3-3-7-7,0.001838235294117647,0.9981617647058824,272,
1,12,6,6,3-3-7-8,0.03885135135135135,0.9611486486486487,296,
1,12,6,6,3-3-7-9,0.007462686567164179,0.9925373134328358,67,
1,12,6,6,3-3-8-10,0.027777777777777776,0.9722222222222222,18,
1,12,6,6,3-3-8-8,0.022388059701492536,0.9776119402985075,67,
1,12,6,6,3-3-8-9,0.01948051948051948,0.9805194805194806,77,
1,12,6,6,3-3-9-10,0.5,0.5,13,
1,12,6,6,3-3-9-9,0.6153846153846154,0.38461538461538464,13,
1,12,6,6,3-4-10-10,0.0,1.0,9,DRAW
1,12,6,6,3-4-4-10,0.1111111111111111,0.8888888888888888,9,
1,12,6,6,3-4-4-4,0.5431245498365267,0.4568754501634733,787,
1,12,6,6,3-4-4-5,0.0008404863345882657,0.9991595136654117,3435,
1,12,6,6,3-4-4-6,0.0038040893961008085,0.9961959106038992,2103,
1,12,6,6,3-4-4-7,0.014388489208633094,0.9856115107913669,834,
1,12,6,6,3-4-4-8,0.006514657980456026,0.993485342019544,307,
1,12,6,6,3-4-4-9,0.08614048437801823,0.9138595156219819,73,
1,12,6,6,3-4-5-10,0.037037037037037035,0.9629629629629629,27,
1,12,6,6,3-4-5-5,0.00732824427480916,0.9926717557251908,3275,
1,12,6,6,3-4-5-6,0.0007809788267962514,0.9992190211732037,5762,
1,12,6,6,3-4-5-7,0.0020458265139116204,0.9979541734860884,2444,
1,12,6,6,3-4-5-8,0.0025477707006369425,0.9974522292993631,785,
1,12,6,6,3-4-5-9,0.031862745098039214,0.9681372549019608,204,
1,12,6,6,3-4-6-10,0.2727272727272727,0.7272727272727273,33,
1,12,6,6,3-4-6-6,0.003686303490990991,0.996313696509009,1776,
1,12,6,6,3-4-6-7,0.0014675052410901468,0.9985324947589098,2385,
1,12,6,6,3-4-6-8,0.014041514041514042,0.985958485958486,819,
1,12,6,6,3-4-6-9,0.05726495726495729,0.9427350427350428,195,
1,12,6,6,3-4-7-10,0.5,0.5,30,
1,12,6,6,3-4-7-7,0.026059909738113392,0.9739400902618867,684,
1,12,6,6,3-4-7-8,0.0019582245430809398,0.9980417754569191,766,
1,12,6,6,3-4-7-9,0.027906976744186046,0.9720930232558139,215,
1,12,6,6,3-4-8-10,0.04285714285714286,0.9571428571428572,35,
1,12,6,6,3-4-8-8,0.02534562211981567,0.9746543778801844,217,
1,12,6,6,3-4-8-9,0.026041666666666668,0.9739583333333334,192,
1,12,6,6,3-4-9-10,0.0,1.0,34,DRAW
1,12,6,6,3-4-9-9,0.022222222222222223,0.9777777777777777,45,
1,12,6,6,3-5-10-10,0.0,1.0,8,DRAW
1,12,6,6,3-5-5-10,0.39285714285714285,0.6071428571428571,14,
1,12,6,6,3-5-5-5,0.006782945736434108,0.9932170542635659,516,
1,12,6,6,3-5-5-6,0.00045578851412944393,0.9995442114858706,2194,
1,12,6,6,3-5-5-7,0.0017341040462427746,0.9982658959537573,865,
1,12,6,6,3-5-5-8,0.003194888178913738,0.9968051118210862,313,
1,12,6,6,3-5-5-9,0.03278688524590164,0.9672131147540983,61,
1,12,6,6,3-5-6-10,0.07575757575757576,0.9242424242424242,33,
1,12,6,6,3-5-6-6,0.004313065036380487,0.9956869349636195,1713,
1,12,6,6,3-5-6-7,0.0006318449873631002,0.9993681550126369,2374,
1,12,6,6,3-5-6-8,0.007051282051282051,0.992948717948718,780,
1,12,6,6,3-5-6-9,0.007009345794392523,0.9929906542056075,214,
1,12,6,6,3-5-7-10,0.15217391304347827,0.8478260869565217,23,
1,12,6,6,3-5-7-7,0.011398176291793313,0.9886018237082067,658,
1,12,6,6,3-5-7-8,0.014267185473411154,0.9857328145265889,771,
1,12,6,6,3-5-7-9,0.034653465346534656,0.9653465346534653,202,
1,12,6,6,3-5-8-10,0.0,1.0,27,DRAW
1,12,6,6,3-5-8-8,0.02195121951219512,0.9780487804878049,205,
1,12,6,6,3-5-8-9,0.02976190476190476,0.9702380952380952,168,
1,12,6,6,3-5-9-10,0.0,1.0,25,DRAW
1,12,6,6,3-5-9-9,0.0,1.0,50,DRAW
1,12,6,6,3-6-10-10,0.0,1.0,6,DRAW
1,12,6,6,3-6-6-10,0.05555555555555555,0.9444444444444444,9,
1,12,6,6,3-6-6-6,0.022988505747126436,0.9770114942528736,261,
1,12,6,6,3-6-6-7,0.0022650056625141564,0.9977349943374858,883,
1,12,6,6,3-6-6-8,0.0038910505836575876,0.9961089494163424,257,
1,12,6,6,3-6-6-9,0.11290322580645161,0.8870967741935484,62,
1,12,6,6,3-6-7-10,0.0,1.0,31,DRAW
1,12,6,6,3-6-7-7,0.003681885125184094,0.9963181148748159,679,
1,12,6,6,3-6-7-8,0.02197802197802198,0.978021978021978,728,
1,12,6,6,3-6-7-9,0.02586206896551724,0.9741379310344828,174,
1,12,6,6,3-6-8-10,0.0,1.0,26,DRAW
1,12,6,6,3-6-8-8,0.01126126126126126,0.9887387387387387,222,
1,12,6,6,3-6-8-9,0.0,1.0,187,DRAW
1,12,6,6,3-6-9-10,0.0,1.0,27,DRAW
1,12,6,6,3-6-9-9,0.0,1.0,50,DRAW
1,12,6,6,3-7-10-10,0.0,1.0,7,DRAW
1,12,6,6,3-7-7-10,0.0,1.0,15,DRAW
1,12,6,6,3-7-7-7,0.017857142857142856,0.9821428571428571,84,
1,12,6,6,3-7-7-8,0.07210031347962383,0.9278996865203761,319,
1,12,6,6,3-7-7-9,0.0,1.0,67,DRAW
1,12,6,6,3-7-8-10,0.0,1.0,35,DRAW
1,12,6,6,3-7-8-8,0.0,1.0,185,DRAW
1,12,6,6,3-7-8-9,0.0,1.0,187,DRAW
1,12,6,6,3-7-9-10,0.0,1.0,39,DRAW
1,12,6,6,3-7-9-9,0.0,1.0,46,DRAW
1,12,6,6,3-8-10-10,0.0,1.0,9,DRAW
1,12,6,6,3-8-8-10,0.0,1.0,9,DRAW
1,12,6,6,3-8-8-8,0.0,1.0,33,DRAW
1,12,6,6,3-8-8-9,0.0,1.0,71,DRAW
1,12,6,6,3-8-9-10,0.0,1.0,33,DRAW
1,12,6,6,3-8-9-9,0.0,1.0,50,DRAW
1,12,6,6,3-9-10-10,0.0,1.0,8,DRAW
1,12,6,6,3-9-9-10,0.0,1.0,13,DRAW
1,12,6,6,3-9-9-9,0.0,1.0,5,DRAW
1,12,6,6,4-4-10-10,0.0,1.0,4,DRAW
1,12,6,6,4-4-4-4,0.9545454545454546,0.045454545454545456,44,
1,12,6,6,4-4-4-5,0.20168513386676473,0.7983148661332352,463,
1,12,6,6,4-4-4-6,0.01892744479495268,0.9810725552050473,317,
1,12,6,6,4-4-4-7,0.24808079761514462,0.7519192023848553,109,
1,12,6,6,4-4-4-8,0.06976744186046512,0.9302325581395349,43,
1,12,6,6,4-4-4-9,0.5,0.5,6,
1,12,6,6,4-4-5-10,0.17647058823529413,0.8235294117647058,17,
1,12,6,6,4-4-5-5,0.00041322314049586776,0.9995867768595041,1210,
1,12,6,6,4-4-5-6,0.0036302032913843175,0.9963697967086157,2066,
1,12,6,6,4-4-5-7,0.015117581187010079,0.9848824188129899,893,
1,12,6,6,4-4-5-8,0.011363636363636364,0.9886363636363636,264,
1,12,6,6,4-4-5-9,0.05683304576614123,0.9431669542338588,77,
1,12,6,6,4-4-6-10,0.5,0.5,16,
1,12,6,6,4-4-6-6,0.00315955766192733,0.9968404423380727,633,
1,12,6,6,4-4-6-7,0.0047038098986150936,0.9952961901013849,847,
1,12,6,6,4-4-6-8,0.0313588850174216,0.9686411149825784,287,
1,12,6,6,4-4-6-9,0.03125,0.96875,80,
1,12,6,6,4-4-7-10,0.25,0.75,12,
1,12,6,6,4-4-7-7,0.0021551724137931034,0.9978448275862069,232,
1,12,6,6,4-4-7-8,0.003355704697986577,0.9966442953020134,298,
1,12,6,6,4-4-7-9,0.02976190476190476,0.9702380952380952,84,
1,12,6,6,4-4-8-10,0.0,1.0,9,DRAW
1,12,6,6,4-4-8-8,0.19444444444444445,0.8055555555555556,72,
1,12,6,6,4-4-8-9,0.16981132075471697,0.8301886792452831,53,
1,12,6,6,4-4-9-10,0.0,1.0,12,DRAW
1,12,6,6,4-4-9-9,0.0,1.0,19,DRAW
1,12,6,6,4-5-10-10,0.0,1.0,12,DRAW
1,12,6,6,4-5-5-10,0.5,0.5,8,
1,12,6,6,4-5-5-5,0.003395585738539898,0.9966044142614601,589,
1,12,6,6,4-5-5-6,0.0022134776192818495,0.9977865223807182,2033,
1,12,6,6,4-5-5-7,0.031059683313032885,0.9689403166869671,821,
1,12,6,6,4-5-5-8,0.0019157088122605363,0.9980842911877394,261,
1,12,6,6,4-5-5-9,0.13636363636363635,0.8636363636363636,55,
1,12,6,6,4-5-6-10,0.11904761904761904,0.8809523809523809,21,
1,12,6,6,4-5-6-6,0.0029779630732578916,0.9970220369267421,1679,
1,12,6,6,4-5-6-7,0.0013186813186813187,0.9986813186813187,2275,
1,12,6,6,4-5-6-8,0.00411522633744856,0.9958847736625515,729,
1,12,6,6,4-5-6-9,0.06896551724137931,0.9310344827586207,203,
1,12,6,6,4-5-7-10,0.0,1.0,38,DRAW
1,12,6,6,4-5-7-7,0.004285714285714286,0.9957142857142857,700,
1,12,6,6,4-5-7-8,0.031668696711327646,0.9683313032886723,821,
1,12,6,6,4-5-7-9,0.008522727272727272,0.9914772727272727,176,
1,12,6,6,4-5-8-10,0.0,1.0,38,DRAW
1,12,6,6,4-5-8-8,0.023696682464454975,0.976303317535545,211,
1,12,6,6,4-5-8-9,0.0,1.0,187,DRAW
1,12,6,6,4-5-9-10,0.0,1.0,37,DRAW
1,12,6,6,4-5-9-9,0.0,1.0,44,DRAW
1,12,6,6,4-6-10-10,0.0,1.0,12,DRAW
1,12,6,6,4-6-6-10,0.0,1.0,16,DRAW
1,12,6,6,4-6-6-6,0.028052805280528052,0.971947194719472,303,
1,12,6,6,4-6-6-7,0.008660508083140877,0.9913394919168591,866,
1,12,6,6,4-6-6-8,0.040697674418604654,0.9593023255813954,258,
1,12,6,6,4-6-6-9,0.013157894736842105,0.9868421052631579,76,
1,12,6,6,4-6-7-10,0.0,1.0,29,DRAW
1,12,6,6,4-6-7-7,0.008486562942008486,0.9915134370579916,707,
1,12,6,6,4-6-7-8,0.014492753623188406,0.9855072463768116,759,
1,12,6,6,4-6-7-9,0.0,1.0,177,DRAW
1,12,6,6,4-6-8-10,0.0,1.0,34,DRAW
1,12,6,6,4-6-8-8,0.0,1.0,200,DRAW
1,12,6,6,4-6-8-9,0.0,1.0,185,DRAW
1,12,6,6,4-6-9-10,0.0,1.0,32,DRAW
1,12,6,6,4-6-9-9,0.0,1.0,47,DRAW
1,12,6,6,4-7-10-10,0.0,1.0,6,DRAW
1,12,6,6,4-7-7-10,0.0,1.0,16,DRAW
1,12,6,6,4-7-7-7,0.189873417721519,0.810126582278481,79,
1,12,6,6,4-7-7-8,0.0,1.0,325,DRAW
1,12,6,6,4-7-7-9,0.0,1.0,65,DRAW
1,12,6,6,4-7-8-10,0.0,1.0,38,DRAW
1,12,6,6,4-7-8-8,0.0,1.0,217,DRAW
1,12,6,6,4-7-8-9,0.0,1.0,192,DRAW
1,12,6,6,4-7-9-10,0.0,1.0,30,DRAW
1,12,6,6,4-7-9-9,0.0,1.0,43,DRAW
1,12,6,6,4-8-10-10,0.0,1.0,7,DRAW
1,12,6,6,4-8-8-10,0.0,1.0,10,DRAW
1,12,6,6,4-8-8-8,0.0,1.0,25,DRAW
1,12,6,6,4-8-8-9,0.0,1.0,70,DRAW
1,12,6,6,4-8-9-10,0.0,1.0,31,DRAW
1,12,6,6,4-8-9-9,0.0,1.0,36,DRAW
1,12,6,6,4-9-10-10,0.0,1.0,9,DRAW
1,12,6,6,4-9-9-10,0.0,1.0,10,DRAW
1,12,6,6,4-9-9-9,0.0,1.0,5,DRAW
1,12,6,6,5-10-10-10,0.0,1.0,2,DRAW
1,12,6,6,5-5-10-10,0.0,1.0,3,DRAW
1,12,6,6,5-5-5-10,0.5,0.5,3,
1,12,6,6,5-5-5-5,0.11904761904761904,0.8809523809523809,21,
1,12,6,6,5-5-5-6,0.031791907514450865,0.9682080924855492,346,
1,12,6,6,5-5-5-7,0.036231884057971016,0.9637681159420289,138,
1,12,6,6,5-5-5-8,0.019230769230769232,0.9807692307692307,52,
1,12,6,6,5-5-5-9,0.125,0.875,12,
1,12,6,6,5-5-6-10,0.0,1.0,12,DRAW
1,12,6,6,5-5-6-6,0.001557632398753894,0.9984423676012462,642,
1,12,6,6,5-5-6-7,0.006516587677725118,0.9934834123222749,844,
1,12,6,6,5-5-6-8,0.020161290322580645,0.9798387096774194,248,
1,12,6,6,5-5-6-9,0.05555555555555555,0.9444444444444444,81,
1,12,6,6,5-5-7-10,0.0,1.0,16,DRAW
1,12,6,6,5-5-7-7,0.06276150627615062,0.9372384937238494,239,
1,12,6,6,5-5-7-8,0.019933554817275746,0.9800664451827242,301,
1,12,6,6,5-5-7-9,0.0,1.0,77,DRAW
1,12,6,6,5-5-8-10,0.0,1.0,12,DRAW
1,12,6,6,5-5-8-8,0.0,1.0,87,DRAW
1,12,6,6,5-5-8-9,0.0,1.0,67,DRAW
1,12,6,6,5-5-9-10,0.0,1.0,12,DRAW
1,12,6,6,5-5-9-9,0.0,1.0,17,DRAW
1,12,6,6,5-6-10-10,0.0,1.0,8,DRAW
1,12,6,6,5-6-6-10,0.0,1.0,13,DRAW
1,12,6,6,5-6-6-6,0.04132231404958678,0.9586776859504132,242,
1,12,6,6,5-6-6-7,0.0045045045045045045,0.9954954954954955,888,
1,12,6,6,5-6-6-8,0.0706713780918728,0.9293286219081273,283,
1,12,6,6,5-6-6-9,0.0,1.0,64,DRAW
1,12,6,6,5-6-7-10,0.0,1.0,35,DRAW
1,12,6,6,5-6-7-7,0.015105740181268883,0.9848942598187311,662,
1,12,6,6,5-6-7-8,0.0,1.0,755,DRAW
1,12,6,6,5-6-7-9,0.0,1.0,167,DRAW
1,12,6,6,5-6-8-10,0.0,1.0,39,DRAW
1,12,6,6,5-6-8-8,0.0,1.0,195,DRAW
1,12,6,6,5-6-8-9,0.0,1.0,174,DRAW
1,12,6,6,5-6-9-10,0.0,1.0,42,DRAW
1,12,6,6,5-6-9-9,0.0,1.0,38,DRAW
1,12,6,6,5-7-10-10,0.0,1.0,7,DRAW
1,12,6,6,5-7-7-10,0.0,1.0,7,DRAW
1,12,6,6,5-7-7-7,0.0,1.0,100,DRAW
1,12,6,6,5-7-7-8,0.0,1.0,267,DRAW
1,12,6,6,5-7-7-9,0.0,1.0,72,DRAW
1,12,6,6,5-7-8-10,0.0,1.0,18,DRAW
1,12,6,6,5-7-8-8,0.0,1.0,244,DRAW
1,12,6,6,5-7-8-9,0.0,1.0,178,DRAW
1,12,6,6,5-7-9-10,0.0,1.0,43,DRAW
1,12,6,6,5-7-9-9,0.0,1.0,39,DRAW
1,12,6,6,5-8-10-10,0.0,1.0,11,DRAW
1,12,6,6,5-8-8-10,0.0,1.0,8,DRAW
1,12,6,6,5-8-8-8,0.0,1.0,26,DRAW
1,12,6,6,5-8-8-9,0.0,1.0,50,DRAW
1,12,6,6,5-8-9-10,0.0,1.0,30,DRAW
1,12,6,6,5-8-9-9,0.0,1.0,37,DRAW
1,12,6,6,5-9-10-10,0.0,1.0,9,DRAW
1,12,6,6,5-9-9-10,0.0,1.0,11,DRAW
1,12,6,6,5-9-9-9,0.0,1.0,8,DRAW
1,12,6,6,6-10-10-10,0.0,1.0,3,DRAW
1,12,6,6,6-6-10-10,0.0,1.0,3,DRAW
1,12,6,6,6-6-6-10,0.0,1.0,1,DRAW
1,12,6,6,6-6-6-6,0.4117647058823529,0.5882352941176471,17,
1,12,6,6,6-6-6-7,0.08490566037735849,0.9150943396226415,159,
1,12,6,6,6-6-6-8,0.0,1.0,42,DRAW
1,12,6,6,6-6-6-9,0.0,1.0,18,DRAW
1,12,6,6,6-6-7-10,0.0,1.0,13,DRAW
1,12,6,6,6-6-7-7,0.0,1.0,247,DRAW
1,12,6,6,6-6-7-8,0.0,1.0,280,DRAW
1,12,6,6,6-6-7-9,0.0,1.0,60,DRAW
1,12,6,6,6-6-8-10,0.0,1.0,9,DRAW
1,12,6,6,6-6-8-8,0.0,1.0,79,DRAW
1,12,6,6,6-6-8-9,0.0,1.0,73,DRAW
1,12,6,6,6-6-9-10,0.0,1.0,9,DRAW
1,12,6,6,6-6-9-9,0.0,1.0,12,DRAW
1,12,6,6,6-7-10-10,0.0,1.0,12,DRAW
1,12,6,6,6-7-7-10,0.0,1.0,11,DRAW
1,12,6,6,6-7-7-7,0.0,1.0,99,DRAW
1,12,6,6,6-7-7-8,0.0,1.0,267,DRAW
1,12,6,6,6-7-7-9,0.0,1.0,60,DRAW
1,12,6,6,6-7-8-10,0.0,1.0,41,DRAW
1,12,6,6,6-7-8-8,0.0,1.0,219,DRAW
1,12,6,6,6-7-8-9,0.0,1.0,167,DRAW
1,12,6,6,6-7-9-10,0.0,1.0,32,DRAW
1,12,6,6,6-7-9-9,0.0,1.0,44,DRAW
1,12,6,6,6-8-10-10,0.0,1.0,5,DRAW
1,12,6,6,6-8-8-10,0.0,1.0,9,DRAW
1,12,6,6,6-8-8-8,0.0,1.0,34,DRAW
1,12,6,6,6-8-8-9,0.0,1.0,73,DRAW
1,12,6,6,6-8-9-10,0.0,1.0,29,DRAW
1,12,6,6,6-8-9-9,0.0,1.0,41,DRAW
1,12,6,6,6-9-10-10,0.0,1.0,10,DRAW
1,12,6,6,6-9-9-10,0.0,1.0,20,DRAW
1,12,6,6,6-9-9-9,0.0,1.0,7,DRAW
1,12,6,6,7-10-10-10,0.0,1.0,1,DRAW
1,12,6,6,7-7-10-10,0.0,1.0,2,DRAW
1,12,6,6,7-7-7-10,0.0,1.0,2,DRAW
1,12,6,6,7-7-7-7,0.0,1.0,5,DRAW
1,12,6,6,7-7-7-8,0.0,1.0,43,DRAW
1,12,6,6,7-7-7-9,0.0,1.0,10,DRAW
1,12,6,6,7-7-8-10,0.0,1.0,20,DRAW
1,12,6,6,7-7-8-8,0.0,1.0,79,DRAW
1,12,6,6,7-7-8-9,0.0,1.0,68,DRAW
1,12,6,6,7-7-9-10,0.0,1.0,15,DRAW
1,12,6,6,7-7-9-9,0.0,1.0,13,DRAW
1,12,6,6,7-8-10-10,0.0,1.0,6,DRAW
1,12,6,6,7-8-8-10,0.0,1.0,15,DRAW
1,12,6,6,7-8-8-8,0.0,1.0,27,DRAW
1,12,6,6,7-8-8-9,0.0,1.0,53,DRAW
1,12,6,6,7-8-9-10,0.0,1.0,33,DRAW
1,12,6,6,7-8-9-9,0.0,1.0,58,DRAW
1,12,6,6,7-9-10-10,0.0,1.0,6,DRAW
1,12,6,6,7-9-9-10,0.0,1.0,13,DRAW
1,12,6,6,7-9-9-9,0.0,1.0,5,DRAW
1,12,6,6,8-10-10-10,0.0,1.0,1,DRAW
1,12,6,6,8-8-10-10,0.0,1.0,4,DRAW
1,12,6,6,8-8-8-10,0.0,1.0,2,DRAW
1,12,6,6,8-8-8-8,0.0,1.0,3,DRAW
1,12,6,6,8-8-8-9,0.0,1.0,10,DRAW
1,12,6,6,8-8-9-10,0.0,1.0,11,DRAW
1,12,6,6,8-8-9-9,0.0,1.0,23,DRAW
1,12,6,6,8-9-10-10,0.0,1.0,8,DRAW
1,12,6,6,8-9-9-10,0.0,1.0,12,DRAW
1,12,6,6,9-10-10-10,0.0,1.0,1,DRAW
1,12,6,6,9-9-10-10,0.0,1.0,3,DRAW
1,12,6,6,9-9-9-10,0.0,1.0,3,DRAW
1,14,7,7,1-1-1-1,1.0,0.0,34,STOP
1,14,7,7,1-1-1-10,0.5,0.5,2,
1,14,7,7,1-1-1-2,1.0,0.0,1580,STOP
1,14,7,7,1-1-1-3,1.0,0.0,890,STOP
1,14,7,7,1-1-1-4,0.013059701492537313,0.9869402985074627,1072,
1,14,7,7,1-1-1-5,0.509054337827343,0.4909456621726569,505,
1,14,7,7,1-1-1-6,0.252735411891106,0.747264588108894,165,
1,14,7,7,1-1-1-7,0.08543263964950712,0.9145673603504928,83,
1,14,7,7,1-1-1-8,0.9722222222222222,0.027777777777777776,18,
1,14,7,7,1-1-1-9,0.5,0.5,3,
1,14,7,7,1-1-10-10,0.25,0.75,2,
1,14,7,7,1-1-2-10,0.3333333333333333,0.6666666666666666,3,
1,14,7,7,1-1-2-2,0.9965454931972789,0.0034545068027210884,9408,
1,14,7,7,1-1-2-3,0.6327763641099852,0.36722363589001494,14050,
1,14,7,7,1-1-2-4,0.628497376224108,0.37150262377589205,6959,
1,14,7,7,1-1-2-5,0.003812246842983083,0.9961877531570169,4197,
1,14,7,7,1-1-2-6,0.019734251968503938,0.980265748031496,1905,
1,14,7,7,1-1-2-7,0.00872093023255814,0.9912790697674418,688,
1,14,7,7,1-1-2-8,0.012422360248447204,0.9875776397515528,161,
1,14,7,7,1-1-2-9,0.251466583086142,0.748533416913858,32,
1,14,7,7,1-1-3-3,0.9921405455386038,0.00785945446139621,4326,
1,14,7,7,1-1-3-4,0.9366151256777471,0.06338487432225287,6665,
1,14,7,7,1-1-3-5,0.011485082838550896,0.9885149171614491,4036,
1,14,7,7,1-1-3-6,0.02009648631250183,0.9799035136874982,1888,
1,14,7,7,1-1-3-7,0.0007462686567164179,0.9992537313432835,670,
1,14,7,7,1-1-3-8,0.009375,0.990625,160,
1,14,7,7,1-1-3-9,0.07142857142857142,0.9285714285714286,28,
1,14,7,7,1-1-4-10,0.5,0.5,2,
1,14,7,7,1-1-4-4,0.18447071945758503,0.815529280542415,2083,
1,14,7,7,1-1-4-5,0.00010950503723171266,0.9998904949627683,4566,
1,14,7,7,1-1-4-6,0.003586065573770492,0.9964139344262295,1952,
1,14,7,7,1-1-4-7,0.0023584905660377358,0.9976415094339622,636,
1,14,7,7,1-1-4-8,0.024709302325581394,0.9752906976744186,172,
1,14,7,7,1-1-4-9,0.1,0.9,20,
1,14,7,7,1-1-5-10,0.5,0.5,1,
1,14,7,7,1-1-5-5,0.0010630758327427356,0.9989369241672572,1411,
1,14,7,7,1-1-5-6,0.0032762918782908547,0.9967237081217091,1951,
1,14,7,7,1-1-5-7,0.00487012987012987,0.9951298701298701,616,
1,14,7,7,1-1-5-8,0.014124293785310734,0.9858757062146892,177,
1,14,7,7,1-1-5-9,0.034482758620689655,0.9655172413793104,29,
1,14,7,7,1-1-6-10,0.125,0.875,4,
1,14,7,7,1-1-6-6,0.033677685950413226,0.9663223140495868,605,
1,14,7,7,1-1-6-7,0.0007598784194528875,0.9992401215805471,658,
1,14,7,7,1-1-6-8,0.00974025974025974,0.9902597402597403,154,
1,14,7,7,1-1-6-9,0.17391304347826086,0.8260869565217391,23,
1,14,7,7,1-1-7-10,0.25,0.75,2,
1,14,7,7,1-1-7-7,0.0642446740390772,0.9357553259609227,187,
1,14,7,7,1-1-7-8,0.0030120481927710845,0.9969879518072289,166,
1,14,7,7,1-1-7-9,0.08064516129032258,0.9193548387096774,31,
1,14,7,7,1-1-8-10,0.5,0.5,3,
1,14,7,7,1-1-8-8,0.01282051282051282,0.9871794871794872,39,
1,14,7,7,1-1-8-9,0.0375,0.9625,40,
1,14,7,7,1-1-9-10,0.5,0.5,5,
1,14,7,7,1-1-9-9,0.16666666666666666,0.8333333333333334,6,
1,14,7,7,1-2-2-2,0.5940326593077047,0.40596734069229534,3620,
1,14,7,7,1-2-2-3,0.9961179544606197,0.0038820455393803657,13395,
1,14,7,7,1-2-2-4,0.9544694357933494,0.04553056420665053,6395,
1,14,7,7,1-2-2-5,0.001017602112573929,0.998982397887426,3869,
1,14,7,7,1-2-2-6,0.13123145984770657,0.8687685401522935,1816,
1,14,7,7,1-2-2-7,0.0017331022530329288,0.9982668977469671,577,
1,14,7,7,1-2-2-8,0.01937984496124031,0.9806201550387597,129,
1,14,7,7,1-2-2-9,0.03472222222222222,0.9652777777777778,24,
1,14,7,7,1-2-3-10,0.0625,0.9375,8,
1,14,7,7,1-2-3-3,0.9884326075917477,0.011567392408252337,11560,
1,14,7,7,1-2-3-4,0.9801750722152333,0.019824927784766792,17815,
1,14,7,7,1-2-3-5,0.000670034017111638,0.9993299659828884,9701,
1,14,7,7,1-2-3-6,0.0017235455444517163,0.9982764544555484,5234,
1,14,7,7,1-2-3-7,0.0008680555555555555,0.9991319444444444,1728,
1,14,7,7,1-2-3-8,0.034444444444444444,0.9655555555555555,450,
1,14,7,7,1-2-3-9,0.08903133903133903,0.910968660968661,78,
1,14,7,7,1-2-4-10,0.125,0.875,8,
1,14,7,7,1-2-4-4,0.9032779435995695,0.09672205640043055,5631,
1,14,7,7,1-2-4-5,0.00020046106043900973,0.999799538939561,9977,
1,14,7,7,1-2-4-6,0.0008992805755395684,0.9991007194244604,5004,
1,14,7,7,1-2-4-7,0.0002840909090909091,0.9997159090909091,1760,
1,14,7,7,1-2-4-8,0.0010869565217391304,0.9989130434782608,460,
1,14,7,7,1-2-4-9,0.020833333333333332,0.9791666666666666,72,
1,14,7,7,1-2-5-10,0.16666666666666666,0.8333333333333334,9,
1,14,7,7,1-2-5-5,0.000569313976658127,0.9994306860233418,3513,
1,14,7,7,1-2-5-6,0.0002994011976047904,0.9997005988023953,5010,
1,14,7,7,1-2-5-7,0.0011695906432748538,0.9988304093567252,1710,
1,14,7,7,1-2-5-8,0.00228310502283105,0.997716894977169,438,
1,14,7,7,1-2-5-9,0.024096385542168676,0.9759036144578314,83,
1,14,7,7,1-2-6-10,0.5,0.5,11,
1,14,7,7,1-2-6-6,0.002336448598130841,0.9976635514018691,1498,
1,14,7,7,1-2-6-7,0.007207740916271725,0.9927922590837283,1688,
1,14,7,7,1-2-6-8,0.0072992700729927005,0.9927007299270073,411,
1,14,7,7,1-2-6-9,0.01020408163265306,0.9897959183673469,98,
1,14,7,7,1-2-7-10,0.25,0.75,8,
1,14,7,7,1-2-7-7,0.001072961373390558,0.9989270386266095,466,
1,14,7,7,1-2-7-8,0.004347826086956522,0.9956521739130435,460,
1,14,7,7,1-2-7-9,0.16875,0.83125,80,
1,14,7,7,1-2-8-10,0.045454545454545456,0.9545454545454546,11,
1,14,7,7,1-2-8-8,0.02403846153846154,0.9759615384615384,104,
1,14,7,7,1-2-8-9,0.013888888888888888,0.9861111111111112,72,
1,14,7,7,1-2-9-10,0.25,0.75,6,
1,14,7,7,1-2-9-9,0.058823529411764705,0.9411764705882353,17,
1,14,7,7,1-3-10-10,0.5,0.5,1,
1,14,7,7,1-3-3-3,0.9915212845791646,0.00847871542083546,1673,
1,14,7,7,1-3-3-4,0.9864830529107209,0.013516947089279165,6558,
1,14,7,7,1-3-3-5,0.010763847045835348,0.9892361529541647,3406,
1,14,7,7,1-3-3-6,0.0021080421224452454,0.9978919578775548,2017,
1,14,7,7,1-3-3-7,0.01794899725382978,0.9820510027461702,630,
1,14,7,7,1-3-3-8,0.01666666666666667,0.9833333333333333,180,
1,14,7,7,1-3-3-9,0.029411764705882353,0.9705882352941176,17,
1,14,7,7,1-3-4-10,0.13636363636363635,0.8636363636363636,11,
1,14,7,7,1-3-4-4,0.9026678740591042,0.09733212594089573,5706,
1,14,7,7,1-3-4-5,0.00019654088050314466,0.9998034591194969,10176,
1,14,7,7,1-3-4-6,0.003892644949805368,0.9961073550501947,4881,
1,14,7,7,1-3-4-7,0.0008813160987074031,0.9991186839012925,1702,
1,14,7,7,1-3-4-8,0.0011160714285714285,0.9988839285714286,448,
1,14,7,7,1-3-4-9,0.017857142857142856,0.9821428571428571,84,
1,14,7,7,1-3-5-10,0.1111111111111111,0.8888888888888888,9,
1,14,7,7,1-3-5-5,0.001298326601269475,0.9987016733987305,3466,
1,14,7,7,1-3-5-6,0.0010283833813245578,0.9989716166186754,4862,
1,14,7,7,1-3-5-7,0.014997000599880024,0.9850029994001199,1667,
1,14,7,7,1-3-5-8,0.0056433408577878106,0.9943566591422122,443,
1,14,7,7,1-3-5-9,0.11904761904761904,0.8809523809523809,84,
1,14,7,7,1-3-6-10,0.5,0.5,7,
1,14,7,7,1-3-6-6,0.0017018379850238256,0.9982981620149761,1469,
1,14,7,7,1-3-6-7,0.002055196711685261,0.9979448032883147,1703,
1,14,7,7,1-3-6-8,0.003393665158371041,0.996606334841629,442,
1,14,7,7,1-3-6-9,0.02631578947368421,0.9736842105263158,76,
1,14,7,7,1-3-7-10,0.5,0.5,5,
1,14,7,7,1-3-7-7,0.008565310492505354,0.9914346895074947,467,
1,14,7,7,1-3-7-8,0.011138613861386138,0.9888613861386139,404,
1,14,7,7,1-3-7-9,0.005813953488372093,0.9941860465116279,86,
1,14,7,7,1-3-8-10,0.5,0.5,4,
1,14,7,7,1-3-8-8,0.0392156862745098,0.9607843137254902,102,
1,14,7,7,1-3-8-9,0.014084507042253521,0.9859154929577465,71,
1,14,7,7,1-3-9-10,0.35714285714285715,0.6428571428571429,7,
1,14,7,7,1-3-9-9,0.3333333333333333,0.6666666666666666,21,
1,14,7,7,1-4-10-10,0.5,0.5,1,
1,14,7,7,1-4-4-10,0.16666666666666666,0.8333333333333334,3,
1,14,7,7,1-4-4-4,0.9511260693927398,0.04887393060726022,839,
1,14,7,7,1-4-4-5,0.0008391608391608392,0.9991608391608392,3575,
1,14,7,7,1-4-4-6,0.00026737967914438503,0.9997326203208556,1870,
1,14,7,7,1-4-4-7,0.010620915032679739,0.9893790849673203,612,
1,14,7,7,1-4-4-8,0.016666666666666666,0.9833333333333333,150,
1,14,7,7,1-4-4-9,0.21951219512195122,0.7804878048780488,41,
1,14,7,7,1-4-5-10,0.5,0.5,8,
1,14,7,7,1-4-5-5,0.00015323322096230462,0.9998467667790377,3263,
1,14,7,7,1-4-5-6,0.0017985611510791368,0.9982014388489209,5004,
1,14,7,7,1-4-5-7,0.005549065420560747,0.9944509345794392,1712,
1,14,7,7,1-4-5-8,0.0022935779816513763,0.9977064220183486,436,
1,14,7,7,1-4-5-9,0.0625,0.9375,64,
1,14,7,7,1-4-6-10,0.2857142857142857,0.7142857142857143,7,
1,14,7,7,1-4-6-6,0.0026917900403768506,0.9973082099596231,1486,
1,14,7,7,1-4-6-7,0.0029411764705882353,0.9970588235294118,1700,
1,14,7,7,1-4-6-8,0.001184834123222749,0.9988151658767772,422,
1,14,7,7,1-4-6-9,0.009433962264150943,0.9905660377358491,106,
1,14,7,7,1-4-7-10,0.13636363636363635,0.8636363636363636,11,
1,14,7,7,1-4-7-7,0.002952755905511811,0.9970472440944882,508,
1,14,7,7,1-4-7-8,0.03571428571428571,0.9642857142857143,420,
1,14,7,7,1-4-7-9,0.07627118644067797,0.923728813559322,59,
1,14,7,7,1-4-8-10,0.3333333333333333,0.6666666666666666,6,
1,14,7,7,1-4-8-8,0.031818181818181815,0.9681818181818181,110,
1,14,7,7,1-4-8-9,0.03896103896103896,0.961038961038961,77,
1,14,7,7,1-4-9-10,0.5,0.5,4,
1,14,7,7,1-4-9-9,0.02631578947368421,0.9736842105263158,19,
1,14,7,7,1-5-10-10,0.0,1.0,3,DRAW
1,14,7,7,1-5-5-10,0.5,0.5,6,
1,14,7,7,1-5-5-5,0.003883495145631068,0.996116504854369,515,
1,14,7,7,1-5-5-6,0.006193693693693694,0.9938063063063063,1776,
1,14,7,7,1-5-5-7,0.00505902192242833,0.9949409780775716,593,
1,14,7,7,1-5-5-8,0.0030303030303030303,0.996969696969697,165,
1,14,7,7,1-5-5-9,0.078125,0.921875,32,
1,14,7,7,1-5-6-10,0.5,0.5,8,
1,14,7,7,1-5-6-6,0.0007022471910112359,0.9992977528089888,1424,
1,14,7,7,1-5-6-7,0.014018691588785047,0.985981308411215,1605,
1,14,7,7,1-5-6-8,0.006787330316742082,0.9932126696832579,442,
1,14,7,7,1-5-6-9,0.06896551724137931,0.9310344827586207,58,
1,14,7,7,1-5-7-10,0.35714285714285715,0.6428571428571429,7,
1,14,7,7,1-5-7-7,0.0033707865168539327,0.996629213483146,445,
1,14,7,7,1-5-7-8,0.01809954751131222,0.9819004524886877,442,
1,14,7,7,1-5-7-9,0.00684931506849315,0.9931506849315068,73,
1,14,7,7,1-5-8-10,0.5,0.5,7,
1,14,7,7,1-5-8-8,0.009345794392523364,0.9906542056074766,107,
1,14,7,7,1-5-8-9,0.2922077922077922,0.7077922077922078,77,
1,14,7,7,1-5-9-10,0.5,0.5,9,
1,14,7,7,1-5-9-9,0.23333333333333334,0.7666666666666667,15,
1,14,7,7,1-6-6-10,0.5,0.5,2,
1,14,7,7,1-6-6-6,0.075,0.925,200,
1,14,7,7,1-6-6-7,0.0015822784810126582,0.9984177215189873,632,
1,14,7,7,1-6-6-8,0.002857142857142857,0.9971428571428571,175,
1,14,7,7,1-6-6-9,0.04,0.96,25,
1,14,7,7,1-6-7-10,0.5,0.5,10,
1,14,7,7,1-6-7-7,0.0031914893617021275,0.9968085106382979,470,
1,14,7,7,1-6-7-8,0.0056947608200455585,0.9943052391799544,439,
1,14,7,7,1-6-7-9,0.04,0.96,75,
1,14,7,7,1-6-8-10,0.5,0.5,6,
1,14,7,7,1-6-8-8,0.003787878787878788,0.9962121212121212,132,
1,14,7,7,1-6-8-9,0.020833333333333332,0.9791666666666666,72,
1,14,7,7,1-6-9-10,0.0,1.0,14,DRAW
1,14,7,7,1-6-9-9,0.21153846153846154,0.7884615384615384,26,
1,14,7,7,1-7-10-10,0.0,1.0,6,DRAW
1,14,7,7,1-7-7-10,0.5,0.5,1,
1,14,7,7,1-7-7-7,0.06428571428571428,0.9357142857142857,70,
1,14,7,7,1-7-7-8,0.051829268292682924,0.948170731707317,164,
1,14,7,7,1-7-7-9,0.23809523809523808,0.7619047619047619,21,
1,14,7,7,1-7-8-10,0.0,1.0,7,DRAW
1,14,7,7,1-7-8-8,0.010416666666666666,0.9895833333333334,96,
1,14,7,7,1-7-8-9,0.0058823529411764705,0.9941176470588236,85,
1,14,7,7,1-7-9-10,0.0,1.0,12,DRAW
1,14,7,7,1-7-9-9,0.0,1.0,13,DRAW
1,14,7,7,1-8-10-10,0.0,1.0,1,DRAW
1,14,7,7,1-8-8-10,0.0,1.0,3,DRAW
1,14,7,7,1-8-8-8,0.09375,0.90625,16,
1,14,7,7,1-8-8-9,0.0,1.0,33,DRAW
1,14,7,7,1-8-9-10,0.0,1.0,7,DRAW
1,14,7,7,1-8-9-9,0.0,1.0,17,DRAW
1,14,7,7,1-9-10-10,0.0,1.0,1,DRAW
1,14,7,7,1-9-9-10,0.0,1.0,3,DRAW
1,14,7,7,1-9-9-9,0.0,1.0,2,DRAW
1,14,7,7,2-2-10-10,0.5,0.5,1,
1,14,7,7,2-2-2-10,0.5,0.5,1,
1,14,7,7,2-2-2-2,0.9956709956709957,0.004329004329004329,231,
1,14,7,7,2-2-2-3,0.9919635204985213,0.008036479501478726,2208,
1,14,7,7,2-2-2-4,0.8804303762729299,0.11956962372707011,1009,
1,14,7,7,2-2-2-5,0.48515484757826355,0.5148451524217365,483,
1,14,7,7,2-2-2-6,0.27973887136730513,0.7202611286326949,215,
1,14,7,7,2-2-2-7,0.5219981011057242,0.47800189889427586,99,
1,14,7,7,2-2-2-8,0.038461538461538464,0.9615384615384616,26,
1,14,7,7,2-2-3-10,0.5,0.5,2,
1,14,7,7,2-2-3-3,0.9992947813822285,0.0007052186177715092,4254,
1,14,7,7,2-2-3-4,0.9913000077153352,0.008699992284664736,6344,
1,14,7,7,2-2-3-5,0.00015051173991571343,0.9998494882600842,3322,
1,14,7,7,2-2-3-6,0.14187405536947278,0.8581259446305272,1713,
1,14,7,7,2-2-3-7,0.009425509426264495,0.9905744905737356,640,
1,14,7,7,2-2-3-8,0.006622516556291391,0.9933774834437086,151,
1,14,7,7,2-2-3-9,0.02,0.98,25,
1,14,7,7,2-2-4-10,0.5,0.5,3,
1,14,7,7,2-2-4-4,0.8523610955611443,0.14763890443885574,2060,
1,14,7,7,2-2-4-5,0.0003058103975535168,0.9996941896024465,3270,
1,14,7,7,2-2-4-6,0.01187750429307384,0.9881224957069261,1747,
1,14,7,7,2-2-4-7,0.01584507042253521,0.9841549295774648,568,
1,14,7,7,2-2-4-8,0.0056179775280898875,0.9943820224719101,178,
1,14,7,7,2-2-4-9,0.04411764705882353,0.9558823529411765,34,
1,14,7,7,2-2-5-10,0.5,0.5,3,
1,14,7,7,2-2-5-5,0.07509001228775329,0.9249099877122466,1122,
1,14,7,7,2-2-5-6,0.0008042895442359249,0.999195710455764,1865,
1,14,7,7,2-2-5-7,0.02447618129726156,0.9755238187027384,631,
1,14,7,7,2-2-5-8,0.024096385542168676,0.9759036144578314,166,
1,14,7,7,2-2-5-9,0.08333333333333333,0.9166666666666666,42,
1,14,7,7,2-2-6-10,0.5,0.5,3,
1,14,7,7,2-2-6-6,0.0009765625,0.9990234375,512,
1,14,7,7,2-2-6-7,0.0031201248049922,0.9968798751950078,641,
1,14,7,7,2-2-6-8,0.022222222222222223,0.9777777777777777,135,
1,14,7,7,2-2-6-9,0.03125,0.96875,32,
1,14,7,7,2-2-7-10,0.5,0.5,3,
1,14,7,7,2-2-7-7,0.01948051948051948,0.9805194805194806,154,
1,14,7,7,2-2-7-8,0.014705882352941176,0.9852941176470589,170,
1,14,7,7,2-2-7-9,0.04,0.96,25,
1,14,7,7,2-2-8-10,0.5,0.5,5,
1,14,7,7,2-2-8-8,0.03488372093023256,0.9651162790697675,43,
1,14,7,7,2-2-8-9,0.015625,0.984375,32,
1,14,7,7,2-2-9-10,0.5,0.5,1,
1,14,7,7,2-2-9-9,0.5,0.5,9,
1,14,7,7,2-3-10-10,0.5,0.5,1,
1,14,7,7,2-3-3-10,0.5,0.5,2,
1,14,7,7,2-3-3-3,0.9989189189189189,0.001081081081081081,1850,
1,14,7,7,2-3-3-4,0.9950224129186057,0.004977587081394287,6532,
1,14,7,7,2-3-3-5,0.000390625,0.999609375,3840,
1,14,7,7,2-3-3-6,0.0014245014245014246,0.9985754985754985,1755,
1,14,7,7,2-3-3-7,0.0015408320493066256,0.9984591679506933,649,
1,14,7,7,2-3-3-8,0.07062146892655367,0.9293785310734464,177,
1,14,7,7,2-3-3-9,0.046875,0.953125,32,
1,14,7,7,2-3-4-10,0.8333333333333334,0.16666666666666666,6,
1,14,7,7,2-3-4-4,0.8995193572238231,0.10048064277617684,5535,
1,14,7,7,2-3-4-5,0.005565489165075261,0.9944345108349248,10145,
1,14,7,7,2-3-4-6,0.00020563438206868187,0.9997943656179313,4863,
1,14,7,7,2-3-4-7,0.0011350737797956867,0.9988649262202043,1762,
1,14,7,7,2-3-4-8,0.0069124423963133645,0.9930875576036866,434,
1,14,7,7,2-3-4-9,0.00684931506849315,0.9931506849315068,73,
1,14,7,7,2-3-5-10,0.5,0.5,2,
1,14,7,7,2-3-5-5,0.0012733446519524619,0.9987266553480475,3534,
1,14,7,7,2-3-5-6,0.00040306328093510683,0.9995969367190649,4962,
1,14,7,7,2-3-5-7,0.0015124016938898972,0.9984875983061101,1653,
1,14,7,7,2-3-5-8,0.0010775862068965517,0.9989224137931034,464,
1,14,7,7,2-3-5-9,0.060810810810810814,0.9391891891891891,74,
1,14,7,7,2-3-6-10,0.16666666666666666,0.8333333333333334,9,
1,14,7,7,2-3-6-6,0.0007002801120448179,0.9992997198879552,1428,
1,14,7,7,2-3-6-7,0.0012338062924120913,0.9987661937075879,1621,
1,14,7,7,2-3-6-8,0.003218884120171674,0.9967811158798283,466,
1,14,7,7,2-3-6-9,0.024096385542168676,0.9759036144578314,83,
1,14,7,7,2-3-7-10,0.5,0.5,1,
1,14,7,7,2-3-7-7,0.003816793893129771,0.9961832061068703,524,
1,14,7,7,2-3-7-8,0.0022675736961451248,0.9977324263038548,441,
1,14,7,7,2-3-7-9,0.11904761904761904,0.8809523809523809,84,
1,14,7,7,2-3-8-10,0.3,0.7,5,
1,14,7,7,2-3-8-8,0.017241379310344827,0.9827586206896551,116,
1,14,7,7,2-3-8-9,0.0056179775280898875,0.9943820224719101,89,
1,14,7,7,2-3-9-10,0.5,0.5,5,
1,14,7,7,2-3-9-9,0.06818181818181818,0.9318181818181818,22,
1,14,7,7,2-4-4-4,0.012183995414667333,0.9878160045853326,900,
1,14,7,7,2-4-4-5,0.0006522306287503261,0.9993477693712497,3833,
1,14,7,7,2-4-4-6,0.0010804970286331713,0.9989195029713668,1851,
1,14,7,7,2-4-4-7,0.000859106529209622,0.9991408934707904,582,
1,14,7,7,2-4-4-8,0.005952380952380952,0.9940476190476191,168,
1,14,7,7,2-4-4-9,0.1,0.9,30,
1,14,7,7,2-4-5-10,0.08333333333333333,0.9166666666666666,12,
1,14,7,7,2-4-5-5,0.0002864508736751647,0.9997135491263248,3491,
1,14,7,7,2-4-5-6,0.00020128824476650564,0.9997987117552335,4968,
1,14,7,7,2-4-5-7,0.000925925925925926,0.9990740740740741,1620,
1,14,7,7,2-4-5-8,0.0023923444976076554,0.9976076555023924,418,
1,14,7,7,2-4-5-9,0.12162162162162163,0.8783783783783784,74,
1,14,7,7,2-4-6-10,0.3333333333333333,0.6666666666666666,9,
1,14,7,7,2-4-6-6,0.006940291745945454,0.9930597082540544,1415,
1,14,7,7,2-4-6-7,0.0006207324643078833,0.9993792675356921,1611,
1,14,7,7,2-4-6-8,0.05921052631578947,0.9407894736842105,456,
1,14,7,7,2-4-6-9,0.08227848101265822,0.9177215189873418,79,
1,14,7,7,2-4-7-10,0.19230769230769232,0.8076923076923077,13,
1,14,7,7,2-4-7-7,0.0011441647597254005,0.9988558352402745,437,
1,14,7,7,2-4-7-8,0.015081206496519721,0.9849187935034803,431,
1,14,7,7,2-4-7-9,0.0625,0.9375,56,
1,14,7,7,2-4-8-10,0.5,0.5,11,
1,14,7,7,2-4-8-8,0.07777777777777778,0.9222222222222223,90,
1,14,7,7,2-4-8-9,0.013888888888888888,0.9861111111111112,72,
1,14,7,7,2-4-9-10,0.08333333333333333,0.9166666666666666,6,
1,14,7,7,2-4-9-9,0.5,0.5,18,
1,14,7,7,2-5-10-10,0.0,1.0,1,DRAW
1,14,7,7,2-5-5-10,0.5,0.5,2,
1,14,7,7,2-5-5-5,0.01037344398340249,0.9896265560165975,482,
1,14,7,7,2-5-5-6,0.00509656652360515,0.9949034334763949,1864,
1,14,7,7,2-5-5-7,0.0025167785234899327,0.99748322147651,596,
1,14,7,7,2-5-5-8,0.041935483870967745,0.9580645161290322,155,
1,14,7,7,2-5-5-9,0.046875,0.953125,32,
1,14,7,7,2-5-6-10,0.13333333333333333,0.8666666666666667,15,
1,14,7,7,2-5-6-6,0.0016534391534391533,0.9983465608465608,1512,
1,14,7,7,2-5-6-7,0.0022595222724338285,0.9977404777275661,1549,
1,14,7,7,2-5-6-8,0.011627906976744186,0.9883720930232558,387,
1,14,7,7,2-5-6-9,0.176056338028169,0.823943661971831,71,
1,14,7,7,2-5-7-10,0.5,0.5,7,
1,14,7,7,2-5-7-7,0.00683371298405467,0.9931662870159453,439,
1,14,7,7,2-5-7-8,0.034292035398230086,0.9657079646017699,452,
1,14,7,7,2-5-7-9,0.012345679012345678,0.9876543209876543,81,
1,14,7,7,2-5-8-10,0.1875,0.8125,8,
1,14,7,7,2-5-8-8,0.018518518518518517,0.9814814814814815,108,
1,14,7,7,2-5-8-9,0.03571428571428571,0.9642857142857143,70,
1,14,7,7,2-5-9-10,0.0,1.0,10,DRAW
1,14,7,7,2-5-9-9,0.34615384615384615,0.6538461538461539,13,
1,14,7,7,2-6-10-10,0.0,1.0,2,DRAW
1,14,7,7,2-6-6-10,0.5,0.5,4,
1,14,7,7,2-6-6-6,0.006818181818181818,0.9931818181818182,220,
1,14,7,7,2-6-6-7,0.0016863406408094434,0.9983136593591906,593,
1,14,7,7,2-6-6-8,0.05859375,0.94140625,128,
1,14,7,7,2-6-6-9,0.484375,0.515625,32,
1,14,7,7,2-6-7-10,0.42857142857142855,0.5714285714285714,7,
1,14,7,7,2-6-7-7,0.01048951048951049,0.9895104895104895,429,
1,14,7,7,2-6-7-8,0.027061855670103094,0.9729381443298969,388,
1,14,7,7,2-6-7-9,0.15789473684210525,0.8421052631578947,76,
1,14,7,7,2-6-8-10,0.0,1.0,6,DRAW
1,14,7,7,2-6-8-8,0.15454545454545454,0.8454545454545455,110,
1,14,7,7,2-6-8-9,0.0625,0.9375,80,
1,14,7,7,2-6-9-10,0.0,1.0,10,DRAW
1,14,7,7,2-6-9-9,0.0,1.0,31,DRAW
1,14,7,7,2-7-7-10,0.0,1.0,3,DRAW
1,14,7,7,2-7-7-7,0.038461538461538464,0.9615384615384616,52,
1,14,7,7,2-7-7-8,0.003048780487804878,0.9969512195121951,164,
1,14,7,7,2-7-7-9,0.11363636363636363,0.8863636363636364,22,
1,14,7,7,2-7-8-10,0.0,1.0,12,DRAW
1,14,7,7,2-7-8-8,0.09166666666666666,0.9083333333333333,120,
1,14,7,7,2-7-8-9,0.0,1.0,79,DRAW
1,14,7,7,2-7-9-10,0.0,1.0,10,DRAW
1,14,7,7,2-7-9-9,0.0,1.0,17,DRAW
1,14,7,7,2-8-10-10,0.0,1.0,5,DRAW
1,14,7,7,2-8-8-10,0.0,1.0,7,DRAW
1,14,7,7,2-8-8-8,0.0,1.0,13,DRAW
1,14,7,7,2-8-8-9,0.0,1.0,27,DRAW
1,14,7,7,2-8-9-10,0.0,1.0,5,DRAW
1,14,7,7,2-8-9-9,0.0,1.0,21,DRAW
1,14,7,7,2-9-10-10,0.0,1.0,4,DRAW
1,14,7,7,2-9-9-10,0.0,1.0,4,DRAW
1,14,7,7,2-9-9-9,0.0,1.0,1,DRAW
1,14,7,7,3-10-10-10,0.0,1.0,1,DRAW
1,14,7,7,3-3-3-10,0.5,0.5,1,
1,14,7,7,3-3-3-3,0.9943181818181818,0.005681818181818182,88,
1,14,7,7,3-3-3-4,0.9594568042613818,0.04054319573861815,1117,
1,14,7,7,3-3-3-5,0.1271993553258422,0.8728006446741579,525,
1,14,7,7,3-3-3-6,0.00784313725490196,0.9921568627450981,255,
1,14,7,7,3-3-3-7,0.022935779816513763,0.9770642201834863,109,
1,14,7,7,3-3-3-8,0.025,0.975,20,
1,14,7,7,3-3-3-9,0.2857142857142857,0.7142857142857143,7,
1,14,7,7,3-3-4-10,0.25,0.75,4,
1,14,7,7,3-3-4-4,0.8751963262340543,0.1248036737659457,2167,
1,14,7,7,3-3-4-5,0.0012318642211880647,0.998768135778812,3653,
1,14,7,7,3-3-4-6,0.010416666666666666,0.9895833333333334,1832,
1,14,7,7,3-3-4-7,0.0007987220447284345,0.9992012779552716,626,
1,14,7,7,3-3-4-8,0.005847953216374269,0.9941520467836257,171,
1,14,7,7,3-3-4-9,0.17647058823529413,0.8235294117647058,34,
1,14,7,7,3-3-5-10,0.5,0.5,1,
1,14,7,7,3-3-5-5,0.0004139072847682119,0.9995860927152318,1208,
1,14,7,7,3-3-5-6,0.009482219058401792,0.9905177809415981,1847,
1,14,7,7,3-3-5-7,0.0008305647840531562,0.9991694352159468,602,
1,14,7,7,3-3-5-8,0.0621301775147929,0.9378698224852071,169,
1,14,7,7,3-3-5-9,0.125,0.875,24,
1,14,7,7,3-3-6-10,0.5,0.5,3,
1,14,7,7,3-3-6-6,0.03254042216197007,0.9674595778380299,525,
1,14,7,7,3-3-6-7,0.0067064083457526085,0.9932935916542474,671,
1,14,7,7,3-3-6-8,0.009259259259259259,0.9907407407407407,162,
1,14,7,7,3-3-6-9,0.4032258064516129,0.5967741935483871,31,
1,14,7,7,3-3-7-10,0.5,0.5,3,
1,14,7,7,3-3-7-7,0.009146341463414634,0.9908536585365854,164,
1,14,7,7,3-3-7-8,0.03254437869822485,0.9674556213017751,169,
1,14,7,7,3-3-7-9,0.020833333333333332,0.9791666666666666,24,
1,14,7,7,3-3-8-10,0.05555555555555555,0.9444444444444444,9,
1,14,7,7,3-3-8-8,0.5,0.5,34,
1,14,7,7,3-3-8-9,0.06451612903225806,0.9354838709677419,31,
1,14,7,7,3-3-9-10,0.5,0.5,2,
1,14,7,7,3-3-9-9,0.5,0.5,8,
1,14,7,7,3-4-10-10,0.0,1.0,2,DRAW
1,14,7,7,3-4-4-10,0.5,0.5,3,
1,14,7,7,3-4-4-4,0.1333756891903402,0.8666243108096597,935,
1,14,7,7,3-4-4-5,0.0029029230356663964,0.9970970769643337,3729,
1,14,7,7,3-4-4-6,0.0036496350364963502,0.9963503649635036,1781,
1,14,7,7,3-4-4-7,0.0016778523489932886,0.9983221476510067,596,
1,14,7,7,3-4-4-8,0.002564102564102564,0.9974358974358974,195,
1,14,7,7,3-4-4-9,0.3548387096774194,0.6451612903225806,31,
1,14,7,7,3-4-5-10,0.125,0.875,8,
1,14,7,7,3-4-5-5,0.0031503150315031502,0.9968496849684968,3333,
1,14,7,7,3-4-5-6,0.004829075299958626,0.9951709247000414,4834,
1,14,7,7,3-4-5-7,0.0011806375442739079,0.9988193624557261,1694,
1,14,7,7,3-4-5-8,0.038461538461538464,0.9615384615384616,429,
1,14,7,7,3-4-5-9,0.27631578947368424,0.7236842105263158,76,
1,14,7,7,3-4-6-10,0.2,0.8,10,
1,14,7,7,3-4-6-6,0.012829484487986946,0.9871705155120131,1429,
1,14,7,7,3-4-6-7,0.0065986802639472104,0.9934013197360528,1667,
1,14,7,7,3-4-6-8,0.015151515151515152,0.9848484848484849,429,
1,14,7,7,3-4-6-9,0.0547945205479452,0.9452054794520548,73,
1,14,7,7,3-4-7-10,0.5,0.5,4,
1,14,7,7,3-4-7-7,0.005208333333333333,0.9947916666666666,480,
1,14,7,7,3-4-7-8,0.006188118811881188,0.9938118811881188,404,
1,14,7,7,3-4-7-9,0.09770114942528736,0.9022988505747126,87,
1,14,7,7,3-4-8-10,0.5,0.5,8,
1,14,7,7,3-4-8-8,0.009009009009009009,0.990990990990991,111,
1,14,7,7,3-4-8-9,0.2,0.8,90,
1,14,7,7,3-4-9-10,0.0,1.0,12,DRAW
1,14,7,7,3-4-9-9,0.5,0.5,16,
1,14,7,7,3-5-5-10,0.5,0.5,2,
1,14,7,7,3-5-5-5,0.003048780487804878,0.9969512195121951,492,
1,14,7,7,3-5-5-6,0.0025013896609227346,0.9974986103390773,1799,
1,14,7,7,3-5-5-7,0.006191950464396285,0.9938080495356038,646,
1,14,7,7,3-5-5-8,0.1111111111111111,0.8888888888888888,171,
1,14,7,7,3-5-5-9,0.5,0.5,28,
1,14,7,7,3-5-6-10,0.5,0.5,12,
1,14,7,7,3-5-6-6,0.0025454545454545456,0.9974545454545455,1375,
1,14,7,7,3-5-6-7,0.003941782898726501,0.9960582171012735,1649,
1,14,7,7,3-5-6-8,0.03214285714285714,0.9678571428571429,420,
1,14,7,7,3-5-6-9,0.09550561797752809,0.9044943820224719,89,
1,14,7,7,3-5-7-10,0.1875,0.8125,8,
1,14,7,7,3-5-7-7,0.06178489702517163,0.9382151029748284,437,
1,14,7,7,3-5-7-8,0.0069767441860465115,0.9930232558139535,430,
1,14,7,7,3-5-7-9,0.04794520547945205,0.952054794520548,73,
1,14,7,7,3-5-8-10,0.0,1.0,9,DRAW
1,14,7,7,3-5-8-8,0.0784313725490196,0.9215686274509803,102,
1,14,7,7,3-5-8-9,0.025974025974025976,0.974025974025974,77,
1,14,7,7,3-5-9-10,0.0,1.0,10,DRAW
1,14,7,7,3-5-9-9,0.0,1.0,23,DRAW
1,14,7,7,3-6-6-10,0.5,0.5,2,
1,14,7,7,3-6-6-6,0.027777777777777776,0.9722222222222222,198,
1,14,7,7,3-6-6-7,0.019793459552495698,0.9802065404475043,581,
1,14,7,7,3-6-6-8,0.031914893617021274,0.9680851063829787,141,
1,14,7,7,3-6-6-9,0.5,0.5,22,
1,14,7,7,3-6-7-10,0.0,1.0,7,DRAW
1,14,7,7,3-6-7-7,0.025727069351230425,0.9742729306487695,447,
1,14,7,7,3-6-7-8,0.007936507936507936,0.9920634920634921,441,
1,14,7,7,3-6-7-9,0.017241379310344827,0.9827586206896551,87,
1,14,7,7,3-6-8-10,0.0,1.0,6,DRAW
1,14,7,7,3-6-8-8,0.05188679245283019,0.9481132075471698,106,
1,14,7,7,3-6-8-9,0.0,1.0,74,DRAW
1,14,7,7,3-6-9-10,0.0,1.0,6,DRAW
1,14,7,7,3-6-9-9,0.0,1.0,12,DRAW
1,14,7,7,3-7-10-10,0.0,1.0,2,DRAW
1,14,7,7,3-7-7-10,0.0,1.0,2,DRAW
1,14,7,7,3-7-7-7,0.057971014492753624,0.9420289855072463,69,
1,14,7,7,3-7-7-8,0.05397727272727273,0.9460227272727273,176,
1,14,7,7,3-7-7-9,0.0,1.0,32,DRAW
1,14,7,7,3-7-8-10,0.0,1.0,6,DRAW
1,14,7,7,3-7-8-8,0.0,1.0,92,DRAW
1,14,7,7,3-7-8-9,0.0,1.0,80,DRAW
1,14,7,7,3-7-9-10,0.0,1.0,8,DRAW
1,14,7,7,3-7-9-9,0.0,1.0,21,DRAW
1,14,7,7,3-8-10-10,0.0,1.0,1,DRAW
1,14,7,7,3-8-8-10,0.0,1.0,4,DRAW
1,14,7,7,3-8-8-8,0.0,1.0,16,DRAW
1,14,7,7,3-8-8-9,0.0,1.0,29,DRAW
1,14,7,7,3-8-9-10,0.0,1.0,7,DRAW
1,14,7,7,3-8-9-9,0.0,1.0,18,DRAW
1,14,7,7,3-9-10-10,0.0,1.0,1,DRAW
1,14,7,7,3-9-9-10,0.0,1.0,2,DRAW
1,14,7,7,4-4-10-10,0.0,1.0,1,DRAW
1,14,7,7,4-4-4-4,0.730659262079745,0.26934073792025515,46,
1,14,7,7,4-4-4-5,0.030379570206686232,0.9696204297933138,509,
1,14,7,7,4-4-4-6,0.054945054945054944,0.945054945054945,273,
1,14,7,7,4-4-4-7,0.06690140845070422,0.9330985915492958,71,
1,14,7,7,4-4-4-8,0.43509615384615385,0.5649038461538461,26,
1,14,7,7,4-4-4-9,0.5,0.5,2,
1,14,7,7,4-4-5-10,0.5,0.5,5,
1,14,7,7,4-4-5-5,0.00041186161449752884,0.9995881383855024,1214,
1,14,7,7,4-4-5-6,0.0025787965616045844,0.9974212034383955,1745,
1,14,7,7,4-4-5-7,0.03999318428257657,0.9600068157174235,627,
1,14,7,7,4-4-5-8,0.032679738562091505,0.9673202614379085,153,
1,14,7,7,4-4-5-9,0.08536585365853659,0.9146341463414634,41,
1,14,7,7,4-4-6-10,0.5,0.5,3,
1,14,7,7,4-4-6-6,0.0029239766081871343,0.9970760233918129,513,
1,14,7,7,4-4-6-7,0.006611570247933884,0.9933884297520661,605,
1,14,7,7,4-4-6-8,0.003676470588235294,0.9963235294117647,136,
1,14,7,7,4-4-6-9,0.057692307692307696,0.9423076923076923,26,
1,14,7,7,4-4-7-10,0.5,0.5,2,
1,14,7,7,4-4-7-7,0.024390243902439025,0.975609756097561,164,
1,14,7,7,4-4-7-8,0.002890173410404624,0.9971098265895953,173,
1,14,7,7,4-4-7-9,0.2638888888888889,0.7361111111111112,36,
1,14,7,7,4-4-8-10,0.0,1.0,5,DRAW
1,14,7,7,4-4-8-8,0.5,0.5,20,
1,14,7,7,4-4-8-9,0.03571428571428571,0.9642857142857143,28,
1,14,7,7,4-4-9-10,0.0,1.0,6,DRAW
1,14,7,7,4-4-9-9,0.0,1.0,7,DRAW
1,14,7,7,4-5-10-10,0.0,1.0,5,DRAW
1,14,7,7,4-5-5-5,0.0017953321364452424,0.9982046678635548,557,
1,14,7,7,4-5-5-6,0.0055948174322732625,0.9944051825677267,1698,
1,14,7,7,4-5-5-7,0.011073253833049404,0.9889267461669506,587,
1,14,7,7,4-5-5-8,0.033783783783783786,0.9662162162162162,148,
1,14,7,7,4-5-5-9,0.5,0.5,26,
1,14,7,7,4-5-6-10,0.5,0.5,4,
1,14,7,7,4-5-6-6,0.005502567865003668,0.9944974321349963,1363,
1,14,7,7,4-5-6-7,0.009961439588688946,0.9900385604113111,1556,
1,14,7,7,4-5-6-8,0.008083140877598153,0.9919168591224018,433,
1,14,7,7,4-5-6-9,0.10240963855421686,0.8975903614457831,83,
1,14,7,7,4-5-7-10,0.0,1.0,5,DRAW
1,14,7,7,4-5-7-7,0.022105263157894735,0.9778947368421053,475,
1,14,7,7,4-5-7-8,0.0045662100456621,0.9954337899543378,438,
1,14,7,7,4-5-7-9,0.08974358974358974,0.9102564102564102,78,
1,14,7,7,4-5-8-10,0.0,1.0,10,DRAW
1,14,7,7,4-5-8-8,0.21212121212121213,0.7878787878787878,99,
1,14,7,7,4-5-8-9,0.0,1.0,79,DRAW
1,14,7,7,4-5-9-10,0.0,1.0,7,DRAW
1,14,7,7,4-5-9-9,0.0,1.0,18,DRAW
1,14,7,7,4-6-10-10,0.0,1.0,2,DRAW
1,14,7,7,4-6-6-10,0.0,1.0,5,DRAW
1,14,7,7,4-6-6-6,0.0099601593625498,0.9900398406374502,251,
1,14,7,7,4-6-6-7,0.007653061224489796,0.9923469387755102,588,
1,14,7,7,4-6-6-8,0.024822695035460994,0.975177304964539,141,
1,14,7,7,4-6-6-9,0.40625,0.59375,32,
1,14,7,7,4-6-7-10,0.0,1.0,5,DRAW
1,14,7,7,4-6-7-7,0.01020408163265306,0.9897959183673469,490,
1,14,7,7,4-6-7-8,0.01756440281030445,0.9824355971896955,427,
1,14,7,7,4-6-7-9,0.0,1.0,68,DRAW
1,14,7,7,4-6-8-10,0.0,1.0,9,DRAW
1,14,7,7,4-6-8-8,0.0,1.0,113,DRAW
1,14,7,7,4-6-8-9,0.0,1.0,73,DRAW
1,14,7,7,4-6-9-10,0.0,1.0,12,DRAW
1,14,7,7,4-6-9-9,0.0,1.0,19,DRAW
1,14,7,7,4-7-10-10,0.0,1.0,3,DRAW
1,14,7,7,4-7-7-10,0.0,1.0,8,DRAW
1,14,7,7,4-7-7-7,0.0660377358490566,0.9339622641509434,53,
1,14,7,7,4-7-7-8,0.0,1.0,179,DRAW
1,14,7,7,4-7-7-9,0.0,1.0,23,DRAW
1,14,7,7,4-7-8-10,0.0,1.0,6,DRAW
1,14,7,7,4-7-8-8,0.0,1.0,108,DRAW
1,14,7,7,4-7-8-9,0.0,1.0,79,DRAW
1,14,7,7,4-7-9-10,0.0,1.0,8,DRAW
1,14,7,7,4-7-9-9,0.0,1.0,17,DRAW
1,14,7,7,4-8-10-10,0.0,1.0,1,DRAW
1,14,7,7,4-8-8-10,0.0,1.0,7,DRAW
1,14,7,7,4-8-8-8,0.0,1.0,17,DRAW
1,14,7,7,4-8-8-9,0.0,1.0,26,DRAW
1,14,7,7,4-8-9-10,0.0,1.0,7,DRAW
1,14,7,7,4-8-9-9,0.0,1.0,16,DRAW
1,14,7,7,4-9-10-10,0.0,1.0,1,DRAW
1,14,7,7,4-9-9-10,0.0,1.0,3,DRAW
1,14,7,7,4-9-9-9,0.0,1.0,4,DRAW
1,14,7,7,5-5-10-10,0.0,1.0,1,DRAW
1,14,7,7,5-5-5-5,0.8846153846153846,0.11538461538461539,26,
1,14,7,7,5-5-5-6,0.0076045627376425855,0.9923954372623575,263,
1,14,7,7,5-5-5-7,0.07,0.93,100,
1,14,7,7,5-5-5-8,0.5,0.5,28,
1,14,7,7,5-5-5-9,0.5,0.5,7,
1,14,7,7,5-5-6-10,0.0,1.0,4,DRAW
1,14,7,7,5-5-6-6,0.01744186046511628,0.9825581395348837,516,
1,14,7,7,5-5-6-7,0.007950530035335688,0.9920494699646644,566,
1,14,7,7,5-5-6-8,0.03597122302158273,0.9640287769784173,139,
1,14,7,7,5-5-6-9,0.14583333333333334,0.8541666666666666,24,
1,14,7,7,5-5-7-10,0.0,1.0,1,DRAW
1,14,7,7,5-5-7-7,0.019736842105263157,0.9802631578947368,152,
1,14,7,7,5-5-7-8,0.02702702702702703,0.972972972972973,185,
1,14,7,7,5-5-7-9,0.0,1.0,27,DRAW
1,14,7,7,5-5-8-10,0.0,1.0,2,DRAW
1,14,7,7,5-5-8-8,0.0,1.0,48,DRAW
1,14,7,7,5-5-8-9,0.0,1.0,29,DRAW
1,14,7,7,5-5-9-10,0.0,1.0,5,DRAW
1,14,7,7,5-5-9-9,0.0,1.0,3,DRAW
1,14,7,7,5-6-10-10,0.0,1.0,5,DRAW
1,14,7,7,5-6-6-10,0.0,1.0,1,DRAW
1,14,7,7,5-6-6-6,0.10714285714285714,0.8928571428571429,182,
1,14,7,7,5-6-6-7,0.04991394148020654,0.9500860585197934,581,
1,14,7,7,5-6-6-8,0.11971830985915492,0.8802816901408451,142,
1,14,7,7,5-6-6-9,0.0,1.0,24,DRAW
1,14,7,7,5-6-7-10,0.0,1.0,7,DRAW
1,14,7,7,5-6-7-7,0.018159806295399514,0.9818401937046005,413,
1,14,7,7,5-6-7-8,0.0,1.0,422,DRAW
1,14,7,7,5-6-7-9,0.0,1.0,64,DRAW
1,14,7,7,5-6-8-10,0.0,1.0,12,DRAW
1,14,7,7,5-6-8-8,0.0,1.0,104,DRAW
1,14,7,7,5-6-8-9,0.0,1.0,77,DRAW
1,14,7,7,5-6-9-10,0.0,1.0,7,DRAW
1,14,7,7,5-6-9-9,0.0,1.0,17,DRAW
1,14,7,7,5-7-10-10,0.0,1.0,2,DRAW
1,14,7,7,5-7-7-10,0.0,1.0,1,DRAW
1,14,7,7,5-7-7-7,0.0,1.0,67,DRAW
1,14,7,7,5-7-7-8,0.0,1.0,149,DRAW
1,14,7,7,5-7-7-9,0.0,1.0,31,DRAW
1,14,7,7,5-7-8-10,0.0,1.0,5,DRAW
1,14,7,7,5-7-8-8,0.0,1.0,118,DRAW
1,14,7,7,5-7-8-9,0.0,1.0,73,DRAW
1,14,7,7,5-7-9-10,0.0,1.0,10,DRAW
1,14,7,7,5-7-9-9,0.0,1.0,18,DRAW
1,14,7,7,5-8-8-10,0.0,1.0,3,DRAW
1,14,7,7,5-8-8-8,0.0,1.0,13,DRAW
1,14,7,7,5-8-8-9,0.0,1.0,19,DRAW
1,14,7,7,5-8-9-10,0.0,1.0,11,DRAW
1,14,7,7,5-8-9-9,0.0,1.0,13,DRAW
1,14,7,7,5-9-10-10,0.0,1.0,3,DRAW
1,14,7,7,5-9-9-10,0.0,1.0,1,DRAW
1,14,7,7,5-9-9-9,0.0,1.0,2,DRAW
1,14,7,7,6-10-10-10,0.0,1.0,1,DRAW
1,14,7,7,6-6-6-6,0.35714285714285715,0.6428571428571429,7,
1,14,7,7,6-6-6-7,0.05,0.95,110,
1,14,7,7,6-6-6-8,0.0,1.0,19,DRAW
1,14,7,7,6-6-6-9,0.0,1.0,2,DRAW
1,14,7,7,6-6-7-10,0.0,1.0,1,DRAW
1,14,7,7,6-6-7-7,0.0,1.0,166,DRAW
1,14,7,7,6-6-7-8,0.0,1.0,170,DRAW
1,14,7,7,6-6-7-9,0.0,1.0,19,DRAW
1,14,7,7,6-6-8-10,0.0,1.0,4,DRAW
1,14,7,7,6-6-8-8,0.0,1.0,45,DRAW
1,14,7,7,6-6-8-9,0.0,1.0,26,DRAW
1,14,7,7,6-6-9-10,0.0,1.0,2,DRAW
1,14,7,7,6-6-9-9,0.0,1.0,4,DRAW
1,14,7,7,6-7-10-10,0.0,1.0,4,DRAW
1,14,7,7,6-7-7-10,0.0,1.0,4,DRAW
1,14,7,7,6-7-7-7,0.0,1.0,69,DRAW
1,14,7,7,6-7-7-8,0.0,1.0,147,DRAW
1,14,7,7,6-7-7-9,0.0,1.0,24,DRAW
1,14,7,7,6-7-8-10,0.0,1.0,9,DRAW
1,14,7,7,6-7-8-8,0.0,1.0,111,DRAW
1,14,7,7,6-7-8-9,0.0,1.0,73,DRAW
1,14,7,7,6-7-9-10,0.0,1.0,8,DRAW
1,14,7,7,6-7-9-9,0.0,1.0,14,DRAW
1,14,7,7,6-8-10-10,0.0,1.0,1,DRAW
1,14,7,7,6-8-8-10,0.0,1.0,5,DRAW
1,14,7,7,6-8-8-8,0.0,1.0,18,DRAW
1,14,7,7,6-8-8-9,0.0,1.0,17,DRAW
1,14,7,7,6-8-9-10,0.0,1.0,6,DRAW
1,14,7,7,6-8-9-9,0.0,1.0,16,DRAW
1,14,7,7,6-9-10-10,0.0,1.0,1,DRAW
1,14,7,7,6-9-9-10,0.0,1.0,5,DRAW
1,14,7,7,6-9-9-9,0.0,1.0,3,DRAW
1,14,7,7,7-7-10-10,0.0,1.0,1,DRAW
1,14,7,7,7-7-7-10,0.0,1.0,1,DRAW
1,14,7,7,7-7-7-7,0.0,1.0,3,DRAW
1,14,7,7,7-7-7-8,0.0,1.0,25,DRAW
1,14,7,7,7-7-7-9,0.0,1.0,4,DRAW
1,14,7,7,7-7-8-10,0.0,1.0,1,DRAW
1,14,7,7,7-7-8-8,0.0,1.0,45,DRAW
1,14,7,7,7-7-8-9,0.0,1.0,21,DRAW
1,14,7,7,7-7-9-10,0.0,1.0,6,DRAW
1,14,7,7,7-7-9-9,0.0,1.0,5,DRAW
1,14,7,7,7-8-10-10,0.0,1.0,1,DRAW
1,14,7,7,7-8-8-10,0.0,1.0,7,DRAW
1,14,7,7,7-8-8-8,0.0,1.0,9,DRAW
1,14,7,7,7-8-8-9,0.0,1.0,23,DRAW
1,14,7,7,7-8-9-10,0.0,1.0,4,DRAW
1,14,7,7,7-8-9-9,0.0,1.0,22,DRAW
1,14,7,7,7-9-10-10,0.0,1.0,1,DRAW
1,14,7,7,7-9-9-10,0.0,1.0,1,DRAW
1,14,7,7,7-9-9-9,0.0,1.0,3,DRAW
1,14,7,7,8-8-10-10,0.0,1.0,1,DRAW
1,14,7,7,8-8-8-10,0.0,1.0,1,DRAW
1,14,7,7,8-8-8-8,0.0,1.0,1,DRAW
1,14,7,7,8-8-8-9,0.0,1.0,9,DRAW
1,14,7,7,8-8-9-10,0.0,1.0,3,DRAW
1,14,7,7,8-8-9-9,0.0,1.0,4,DRAW
1,14,7,7,8-9-9-10,0.0,1.0,4,DRAW
1,14,7,7,8-9-9-9,0.0,1.0,1,DRAW
1,14,7,7,9-9-9-10,0.0,1.0,1,DRAW
1,16,8,8,1-1-1-1,1.0,0.0,39,STOP
1,16,8,8,1-1-1-2,1.0,0.0,1847,STOP
1,16,8,8,1-1-1-3,1.0,0.0,987,STOP
1,16,8,8,1-1-1-4,0.7923239872982347,0.20767601270176533,1252,
1,16,8,8,1-1-1-5,0.1308259026159038,0.8691740973840962,480,
1,16,8,8,1-1-1-6,0.5653180832653721,0.43468191673462797,145,
1,16,8,8,1-1-1-7,0.7768817204301076,0.22311827956989239,62,
1,16,8,8,1-1-1-8,0.5555555555555556,0.4444444444444444,9,
1,16,8,8,1-1-1-9,0.5,0.5,1,
1,16,8,8,1-1-2-2,0.5772121540435554,0.42278784595644453,11284,
1,16,8,8,1-1-2-3,0.9988187759890499,0.0011812240109501518,16206,
1,16,8,8,1-1-2-4,0.3004524904161778,0.6995475095838223,7312,
1,16,8,8,1-1-2-5,0.008400292184075968,0.991599707815924,4107,
1,16,8,8,1-1-2-6,0.019130726200405148,0.9808692737995949,1529,
1,16,8,8,1-1-2-7,0.11474774269400395,0.8852522573059961,463,
1,16,8,8,1-1-2-8,0.00641025641025641,0.9935897435897436,78,
1,16,8,8,1-1-2-9,0.07692307692307693,0.9230769230769231,13,
1,16,8,8,1-1-3-3,0.8878918088544369,0.11210819114556311,4805,
1,16,8,8,1-1-3-4,0.6477433681539425,0.35225663184605754,6879,
1,16,8,8,1-1-3-5,0.00025713551041398817,0.999742864489586,3889,
1,16,8,8,1-1-3-6,0.0003403675970047651,0.9996596324029953,1469,
1,16,8,8,1-1-3-7,0.0021691973969631237,0.9978308026030369,461,
1,16,8,8,1-1-3-8,0.3710441098738968,0.6289558901261032,77,
1,16,8,8,1-1-3-9,0.13333333333333333,0.8666666666666667,15,
1,16,8,8,1-1-4-10,0.3333333333333333,0.6666666666666666,3,
1,16,8,8,1-1-4-4,0.0103463899787932,0.9896536100212068,2309,
1,16,8,8,1-1-4-5,0.0001148105625717566,0.9998851894374282,4355,
1,16,8,8,1-1-4-6,0.002857142857142857,0.9971428571428571,1575,
1,16,8,8,1-1-4-7,0.00477326968973747,0.9952267303102625,419,
1,16,8,8,1-1-4-8,0.009900990099009901,0.9900990099009901,101,
1,16,8,8,1-1-4-9,0.4166666666666667,0.5833333333333334,6,
1,16,8,8,1-1-5-10,0.5,0.5,1,
1,16,8,8,1-1-5-5,0.0007782101167315176,0.9992217898832685,1285,
1,16,8,8,1-1-5-6,0.0016170763260025874,0.9983829236739974,1546,
1,16,8,8,1-1-5-7,0.013104711380573451,0.9868952886194265,406,
1,16,8,8,1-1-5-8,0.03164556962025317,0.9683544303797469,79,
1,16,8,8,1-1-5-9,0.15,0.85,10,
1,16,8,8,1-1-6-10,0.5,0.5,1,
1,16,8,8,1-1-6-6,0.0011312217194570137,0.998868778280543,442,
1,16,8,8,1-1-6-7,0.0034403669724770644,0.9965596330275229,436,
1,16,8,8,1-1-6-8,0.013513513513513514,0.9864864864864865,74,
1,16,8,8,1-1-6-9,0.09090909090909091,0.9090909090909091,11,
1,16,8,8,1-1-7-10,0.16666666666666666,0.8333333333333334,3,
1,16,8,8,1-1-7-7,0.004807692307692308,0.9951923076923077,104,
1,16,8,8,1-1-7-8,0.05357142857142857,0.9464285714285714,84,
1,16,8,8,1-1-7-9,0.13636363636363635,0.8636363636363636,11,
1,16,8,8,1-1-8-10,0.5,0.5,1,
1,16,8,8,1-1-8-8,0.05555555555555555,0.9444444444444444,18,
1,16,8,8,1-1-8-9,0.08333333333333333,0.9166666666666666,12,
1,16,8,8,1-1-9-9,0.5,0.5,1,
1,16,8,8,1-2-2-2,0.9992306001318971,0.0007693998681028798,4549,
1,16,8,8,1-2-2-3,0.9635697031839009,0.03643029681609909,15447,
1,16,8,8,1-2-2-4,0.9992450551109769,0.0007549448890231014,6623,
1,16,8,8,1-2-2-5,0.001718213058419244,0.9982817869415808,3783,
1,16,8,8,1-2-2-6,0.026607087740091302,0.9733929122599086,1394,
1,16,8,8,1-2-2-7,0.13299232736572886,0.8670076726342711,391,
1,16,8,8,1-2-2-8,0.11940298507462686,0.8805970149253731,67,
1,16,8,8,1-2-2-9,0.0625,0.9375,8,
1,16,8,8,1-2-3-10,0.5,0.5,2,
1,16,8,8,1-2-3-3,0.9725302211707751,0.027469778829224877,13065,
1,16,8,8,1-2-3-4,0.9654667702157431,0.034533229784256964,17874,
1,16,8,8,1-2-3-5,0.0024436640413700913,0.9975563359586298,9747,
1,16,8,8,1-2-3-6,0.00024224806201550387,0.9997577519379846,4128,
1,16,8,8,1-2-3-7,0.0009066183136899365,0.99909338168631,1103,
1,16,8,8,1-2-3-8,0.004761904761904762,0.9952380952380953,210,
1,16,8,8,1-2-3-9,0.041666666666666664,0.9583333333333334,24,
1,16,8,8,1-2-4-10,0.3333333333333333,0.6666666666666666,3,
1,16,8,8,1-2-4-4,0.5026322317071835,0.49736776829281654,5459,
1,16,8,8,1-2-4-5,0.0004544995455004545,0.9995455004544995,9901,
1,16,8,8,1-2-4-6,0.0006112469437652812,0.9993887530562348,4090,
1,16,8,8,1-2-4-7,0.0018018018018018018,0.9981981981981982,1110,
1,16,8,8,1-2-4-8,0.046052631578947366,0.9539473684210527,228,
1,16,8,8,1-2-4-9,0.034482758620689655,0.9655172413793104,29,
1,16,8,8,1-2-5-5,0.0004809699257672832,0.9995190300742327,3241,
1,16,8,8,1-2-5-6,0.0017084282460136675,0.9982915717539863,3951,
1,16,8,8,1-2-5-7,0.00042918454935622315,0.9995708154506437,1165,
1,16,8,8,1-2-5-8,0.008733624454148471,0.9912663755458515,229,
1,16,8,8,1-2-5-9,0.023809523809523808,0.9761904761904762,21,
1,16,8,8,1-2-6-10,0.5,0.5,2,
1,16,8,8,1-2-6-6,0.00618921308576481,0.9938107869142352,1131,
1,16,8,8,1-2-6-7,0.0004476275738585497,0.9995523724261415,1117,
1,16,8,8,1-2-6-8,0.005050505050505051,0.9949494949494949,198,
1,16,8,8,1-2-6-9,0.01282051282051282,0.9871794871794872,39,
1,16,8,8,1-2-7-7,0.023214285714285715,0.9767857142857143,280,
1,16,8,8,1-2-7-8,0.006696428571428571,0.9933035714285714,224,
1,16,8,8,1-2-7-9,0.14516129032258066,0.8548387096774194,31,
1,16,8,8,1-2-8-10,0.5,0.5,3,
1,16,8,8,1-2-8-8,0.02,0.98,50,
1,16,8,8,1-2-8-9,0.21153846153846154,0.7884615384615384,26,
1,16,8,8,1-2-9-10,0.5,0.5,2,
1,16,8,8,1-2-9-9,0.5,0.5,4,
1,16,8,8,1-3-3-3,0.9871745026822615,0.0128254973177385,1848,
1,16,8,8,1-3-3-4,0.9875478393278208,0.012452160672179354,6731,
1,16,8,8,1-3-3-5,0.0031575820666774283,0.9968424179333226,3474,
1,16,8,8,1-3-3-6,0.0003274394237066143,0.9996725605762934,1527,
1,16,8,8,1-3-3-7,0.0035460992907801418,0.9964539007092199,423,
1,16,8,8,1-3-3-8,0.03289473684210526,0.9671052631578947,76,
1,16,8,8,1-3-3-9,0.3888888888888889,0.6111111111111112,9,
1,16,8,8,1-3-4-10,0.5,0.5,2,
1,16,8,8,1-3-4-4,0.5125127910250972,0.4874872089749029,5658,
1,16,8,8,1-3-4-5,9.999000099990002e-05,0.9999000099990001,10001,
1,16,8,8,1-3-4-6,0.0006369426751592356,0.9993630573248408,3925,
1,16,8,8,1-3-4-7,0.00047393364928909954,0.999526066350711,1055,
1,16,8,8,1-3-4-8,0.004878048780487805,0.9951219512195122,205,
1,16,8,8,1-3-4-9,0.015151515151515152,0.9848484848484849,33,
1,16,8,8,1-3-5-10,0.5,0.5,1,
1,16,8,8,1-3-5-5,0.0006236357966947302,0.9993763642033052,3207,
1,16,8,8,1-3-5-6,0.00089126559714795,0.9991087344028521,3927,
1,16,8,8,1-3-5-7,0.008118433619866285,0.9918815663801337,1047,
1,16,8,8,1-3-5-8,0.007462686567164179,0.9925373134328358,201,
1,16,8,8,1-3-5-9,0.425,0.575,20,
1,16,8,8,1-3-6-10,0.5,0.5,3,
1,16,8,8,1-3-6-6,0.0044286979627989375,0.995571302037201,1129,
1,16,8,8,1-3-6-7,0.0023408239700374533,0.9976591760299626,1068,
1,16,8,8,1-3-6-8,0.011312217194570135,0.9886877828054299,221,
1,16,8,8,1-3-6-9,0.05,0.95,30,
1,16,8,8,1-3-7-10,0.5,0.5,1,
1,16,8,8,1-3-7-7,0.00980392156862745,0.9901960784313726,306,
1,16,8,8,1-3-7-8,0.02849740932642487,0.9715025906735751,193,
1,16,8,8,1-3-7-9,0.17307692307692307,0.8269230769230769,26,
1,16,8,8,1-3-8-8,0.018867924528301886,0.9811320754716981,53,
1,16,8,8,1-3-8-9,0.32432432432432434,0.6756756756756757,37,
1,16,8,8,1-3-9-9,0.5,0.5,8,
1,16,8,8,1-4-4-10,0.25,0.75,2,
1,16,8,8,1-4-4-4,0.3767185924980955,0.6232814075019045,794,
1,16,8,8,1-4-4-5,0.006256552559676897,0.9937434474403231,3588,
1,16,8,8,1-4-4-6,0.0013679890560875513,0.9986320109439124,1462,
1,16,8,8,1-4-4-7,0.01668295862903619,0.9833170413709639,378,
1,16,8,8,1-4-4-8,0.4830977130977129,0.516902286902287,65,
1,16,8,8,1-4-4-9,0.16666666666666666,0.8333333333333334,12,
1,16,8,8,1-4-5-10,0.5,0.5,1,
1,16,8,8,1-4-5-5,0.0006489292667099286,0.9993510707332901,3082,
1,16,8,8,1-4-5-6,0.00025316455696202533,0.999746835443038,3950,
1,16,8,8,1-4-5-7,0.004128440366972477,0.9958715596330275,1090,
1,16,8,8,1-4-5-8,0.015555555555555555,0.9844444444444445,225,
1,16,8,8,1-4-5-9,0.041666666666666664,0.9583333333333334,36,
1,16,8,8,1-4-6-10,0.5,0.5,2,
1,16,8,8,1-4-6-6,0.0035650623885918,0.9964349376114082,1122,
1,16,8,8,1-4-6-7,0.0028169014084507044,0.9971830985915493,1065,
1,16,8,8,1-4-6-8,0.026570048309178744,0.9734299516908212,207,
1,16,8,8,1-4-6-9,0.22093023255813954,0.7790697674418605,43,
1,16,8,8,1-4-7-10,0.5,0.5,5,
1,16,8,8,1-4-7-7,0.022508038585209004,0.977491961414791,311,
1,16,8,8,1-4-7-8,0.002369668246445498,0.9976303317535545,211,
1,16,8,8,1-4-7-9,0.16666666666666666,0.8333333333333334,18,
1,16,8,8,1-4-8-10,0.5,0.5,1,
1,16,8,8,1-4-8-8,0.38,0.62,50,
1,16,8,8,1-4-8-9,0.1111111111111111,0.8888888888888888,27,
1,16,8,8,1-4-9-10,0.5,0.5,1,
1,16,8,8,1-4-9-9,0.5,0.5,5,
1,16,8,8,1-5-5-5,0.003401360544217687,0.9965986394557823,441,
1,16,8,8,1-5-5-6,0.0058823529411764705,0.9941176470588236,1445,
1,16,8,8,1-5-5-7,0.007537688442211055,0.992462311557789,398,
1,16,8,8,1-5-5-8,0.006493506493506494,0.9935064935064936,77,
1,16,8,8,1-5-5-9,0.5,0.5,5,
1,16,8,8,1-5-6-10,0.5,0.5,2,
1,16,8,8,1-5-6-6,0.011937557392102846,0.9880624426078971,1089,
1,16,8,8,1-5-6-7,0.0025252525252525255,0.9974747474747475,990,
1,16,8,8,1-5-6-8,0.01646090534979424,0.9835390946502057,243,
1,16,8,8,1-5-6-9,0.10416666666666667,0.8958333333333334,24,
1,16,8,8,1-5-7-10,0.5,0.5,2,
1,16,8,8,1-5-7-7,0.006557377049180328,0.9934426229508196,305,
1,16,8,8,1-5-7-8,0.0125,0.9875,240,
1,16,8,8,1-5-7-9,0.05555555555555555,0.9444444444444444,27,
1,16,8,8,1-5-8-8,0.018867924528301886,0.9811320754716981,53,
1,16,8,8,1-5-8-9,0.25925925925925924,0.7407407407407407,27,
1,16,8,8,1-5-9-9,0.5,0.5,3,
1,16,8,8,1-6-6-6,0.07419354838709677,0.9258064516129032,155,
1,16,8,8,1-6-6-7,0.03233256351039261,0.9676674364896074,433,
1,16,8,8,1-6-6-8,0.007042253521126761,0.9929577464788732,71,
1,16,8,8,1-6-6-9,0.3333333333333333,0.6666666666666666,6,
1,16,8,8,1-6-7-10,0.5,0.5,1,
1,16,8,8,1-6-7-7,0.08035714285714286,0.9196428571428571,280,
1,16,8,8,1-6-7-8,0.0022026431718061676,0.9977973568281938,227,
1,16,8,8,1-6-7-9,0.13636363636363635,0.8636363636363636,22,
1,16,8,8,1-6-8-8,0.208955223880597,0.7910447761194029,67,
1,16,8,8,1-6-8-9,0.3181818181818182,0.6818181818181818,33,
1,16,8,8,1-6-9-10,0.0,1.0,2,DRAW
1,16,8,8,1-6-9-9,0.5,0.5,8,
1,16,8,8,1-7-10-10,0.0,1.0,1,DRAW
1,16,8,8,1-7-7-10,0.5,0.5,1,
1,16,8,8,1-7-7-7,0.05263157894736842,0.9473684210526315,38,
1,16,8,8,1-7-7-8,0.03333333333333333,0.9666666666666667,75,
1,16,8,8,1-7-7-9,0.5,0.5,9,
1,16,8,8,1-7-8-10,0.0,1.0,1,DRAW
1,16,8,8,1-7-8-8,0.01,0.99,50,
1,16,8,8,1-7-8-9,0.03333333333333333,0.9666666666666667,30,
1,16,8,8,1-7-9-10,0.0,1.0,2,DRAW
1,16,8,8,1-7-9-9,0.0,1.0,7,DRAW
1,16,8,8,1-8-8-8,0.5,0.5,5,
1,16,8,8,1-8-8-9,0.0,1.0,14,DRAW
1,16,8,8,1-8-9-10,0.0,1.0,2,DRAW
1,16,8,8,1-8-9-9,0.0,1.0,1,DRAW
1,16,8,8,2-2-2-2,0.033807829181494664,0.9661921708185054,281,
1,16,8,8,2-2-2-3,0.9905792272563889,0.009420772743611132,2513,
1,16,8,8,2-2-2-4,0.9981114258734656,0.0018885741265344666,1059,
1,16,8,8,2-2-2-5,0.021337739865065854,0.9786622601349342,425,
1,16,8,8,2-2-2-6,0.14235222686301272,0.8576477731369873,151,
1,16,8,8,2-2-2-7,0.010638297872340425,0.9893617021276596,47,
1,16,8,8,2-2-2-8,0.3125,0.6875,16,
1,16,8,8,2-2-3-3,0.9915666532901168,0.008433346709883185,4806,
1,16,8,8,2-2-3-4,0.9490593872328416,0.050940612767158513,6415,
1,16,8,8,2-2-3-5,0.00043554006968641115,0.9995644599303136,3444,
1,16,8,8,2-2-3-6,0.001584786053882726,0.9984152139461173,1262,
1,16,8,8,2-2-3-7,0.004395604395604396,0.9956043956043956,455,
1,16,8,8,2-2-3-8,0.010869565217391304,0.9891304347826086,92,
1,16,8,8,2-2-3-9,0.5,0.5,6,
1,16,8,8,2-2-4-4,0.6401884858759355,0.35981151412406454,2088,
1,16,8,8,2-2-4-5,0.0009116893356987976,0.9990883106643011,3382,
1,16,8,8,2-2-4-6,0.005003573981415297,0.9949964260185847,1399,
1,16,8,8,2-2-4-7,0.004132231404958678,0.9958677685950413,363,
1,16,8,8,2-2-4-8,0.005681818181818182,0.9943181818181818,88,
1,16,8,8,2-2-4-9,0.0625,0.9375,16,
1,16,8,8,2-2-5-10,0.5,0.5,1,
1,16,8,8,2-2-5-5,0.022045415837956387,0.9779545841620436,1009,
1,16,8,8,2-2-5-6,0.0010548523206751054,0.9989451476793249,1422,
1,16,8,8,2-2-5-7,0.006596306068601583,0.9934036939313984,379,
1,16,8,8,2-2-5-8,0.02054794520547945,0.9794520547945206,73,
1,16,8,8,2-2-5-9,0.2692307692307692,0.7307692307692307,13,
1,16,8,8,2-2-6-6,0.02784522916400632,0.9721547708359938,369,
1,16,8,8,2-2-6-7,0.0012077294685990338,0.998792270531401,414,
1,16,8,8,2-2-6-8,0.02976190476190476,0.9702380952380952,84,
1,16,8,8,2-2-6-9,0.5,0.5,11,
1,16,8,8,2-2-7-7,0.022727272727272728,0.9772727272727273,88,
1,16,8,8,2-2-7-8,0.0783132530120482,0.9216867469879518,83,
1,16,8,8,2-2-7-9,0.5,0.5,9,
1,16,8,8,2-2-8-10,0.5,0.5,2,
1,16,8,8,2-2-8-8,0.10526315789473684,0.8947368421052632,19,
1,16,8,8,2-2-8-9,0.5,0.5,9,
1,16,8,8,2-2-9-10,0.5,0.5,1,
1,16,8,8,2-3-3-10,0.5,0.5,1,
1,16,8,8,2-3-3-3,0.9878897019125805,0.012110298087419398,2025,
1,16,8,8,2-3-3-4,0.9363921574526364,0.0636078425473637,6634,
1,16,8,8,2-3-3-5,0.00026595744680851064,0.9997340425531915,3760,
1,16,8,8,2-3-3-6,0.0013449899125756557,0.9986550100874243,1487,
1,16,8,8,2-3-3-7,0.00477326968973747,0.9952267303102625,419,
1,16,8,8,2-3-3-8,0.012195121951219513,0.9878048780487805,82,
1,16,8,8,2-3-3-9,0.09090909090909091,0.9090909090909091,11,
1,16,8,8,2-3-4-10,0.5,0.5,2,
1,16,8,8,2-3-4-4,0.7063356375964914,0.2936643624035085,5573,
1,16,8,8,2-3-4-5,0.0003517234448799116,0.9996482765551201,9951,
1,16,8,8,2-3-4-6,0.00025290844714213456,0.9997470915528579,3954,
1,16,8,8,2-3-4-7,0.002406159769008662,0.9975938402309913,1039,
1,16,8,8,2-3-4-8,0.010050251256281407,0.9899497487437185,199,
1,16,8,8,2-3-4-9,0.034482758620689655,0.9655172413793104,29,
1,16,8,8,2-3-5-5,0.0009389671361502347,0.9990610328638497,3195,
1,16,8,8,2-3-5-6,0.0005158627805003869,0.9994841372194996,3877,
1,16,8,8,2-3-5-7,0.012250453720508167,0.9877495462794919,1102,
1,16,8,8,2-3-5-8,0.006072874493927126,0.9939271255060729,247,
1,16,8,8,2-3-5-9,0.2413793103448276,0.7586206896551724,29,
1,16,8,8,2-3-6-10,0.2,0.8,5,
1,16,8,8,2-3-6-6,0.0035398230088495575,0.9964601769911504,1130,
1,16,8,8,2-3-6-7,0.0014258555133079848,0.998574144486692,1052,
1,16,8,8,2-3-6-8,0.008620689655172414,0.9913793103448276,232,
1,16,8,8,2-3-6-9,0.23333333333333334,0.7666666666666667,30,
1,16,8,8,2-3-7-10,0.5,0.5,1,
1,16,8,8,2-3-7-7,0.015873015873015872,0.9841269841269841,315,
1,16,8,8,2-3-7-8,0.03773584905660377,0.9622641509433962,212,
1,16,8,8,2-3-7-9,0.057692307692307696,0.9423076923076923,26,
1,16,8,8,2-3-8-10,0.5,0.5,1,
1,16,8,8,2-3-8-8,0.05357142857142857,0.9464285714285714,56,
1,16,8,8,2-3-8-9,0.16666666666666666,0.8333333333333334,30,
1,16,8,8,2-3-9-9,0.16666666666666666,0.8333333333333334,6,
1,16,8,8,2-4-4-4,0.0464721641804279,0.9535278358195721,959,
1,16,8,8,2-4-4-5,0.0015910898965791568,0.9984089101034208,3771,
1,16,8,8,2-4-4-6,0.000689655172413793,0.9993103448275862,1450,
1,16,8,8,2-4-4-7,0.005390835579514825,0.9946091644204852,371,
1,16,8,8,2-4-4-8,0.11904761904761904,0.8809523809523809,84,
1,16,8,8,2-4-4-9,0.5,0.5,9,
1,16,8,8,2-4-5-5,0.00016046213093709883,0.9998395378690629,3116,
1,16,8,8,2-4-5-6,0.0007853403141361257,0.9992146596858639,3820,
1,16,8,8,2-4-5-7,0.002777777777777778,0.9972222222222222,1080,
1,16,8,8,2-4-5-8,0.0024509803921568627,0.9975490196078431,204,
1,16,8,8,2-4-5-9,0.5,0.5,28,
1,16,8,8,2-4-6-10,0.5,0.5,1,
1,16,8,8,2-4-6-6,0.0019665683382497543,0.9980334316617503,1017,
1,16,8,8,2-4-6-7,0.008875739644970414,0.9911242603550295,1014,
1,16,8,8,2-4-6-8,0.03125,0.96875,208,
1,16,8,8,2-4-6-9,0.038461538461538464,0.9615384615384616,26,
1,16,8,8,2-4-7-10,0.5,0.5,3,
1,16,8,8,2-4-7-7,0.001838235294117647,0.9981617647058824,272,
1,16,8,8,2-4-7-8,0.028169014084507043,0.971830985915493,213,
1,16,8,8,2-4-7-9,0.13636363636363635,0.8636363636363636,22,
1,16,8,8,2-4-8-10,0.5,0.5,3,
1,16,8,8,2-4-8-8,0.34210526315789475,0.6578947368421053,38,
1,16,8,8,2-4-8-9,0.16129032258064516,0.8387096774193549,31,
1,16,8,8,2-4-9-10,0.5,0.5,3,
1,16,8,8,2-4-9-9,0.08333333333333333,0.9166666666666666,6,
1,16,8,8,2-5-5-10,0.5,0.5,1,
1,16,8,8,2-5-5-5,0.005656108597285068,0.994343891402715,442,
1,16,8,8,2-5-5-6,0.0036075036075036075,0.9963924963924964,1386,
1,16,8,8,2-5-5-7,0.010416666666666666,0.9895833333333334,384,
1,16,8,8,2-5-5-8,0.00684931506849315,0.9931506849315068,73,
1,16,8,8,2-5-5-9,0.5,0.5,12,
1,16,8,8,2-5-6-10,0.5,0.5,3,
1,16,8,8,2-5-6-6,0.008982035928143712,0.9910179640718563,1169,
1,16,8,8,2-5-6-7,0.015119916579770595,0.9848800834202294,959,
1,16,8,8,2-5-6-8,0.10287081339712918,0.8971291866028708,209,
1,16,8,8,2-5-6-9,0.04,0.96,25,
1,16,8,8,2-5-7-10,0.5,0.5,1,
1,16,8,8,2-5-7-7,0.003676470588235294,0.9963235294117647,272,
1,16,8,8,2-5-7-8,0.029535864978902954,0.9704641350210971,237,
1,16,8,8,2-5-7-9,0.14285714285714285,0.8571428571428571,21,
1,16,8,8,2-5-8-8,0.4146341463414634,0.5853658536585366,41,
1,16,8,8,2-5-8-9,0.045454545454545456,0.9545454545454546,22,
1,16,8,8,2-5-9-10,0.0,1.0,2,DRAW
1,16,8,8,2-5-9-9,0.5,0.5,3,
1,16,8,8,2-6-6-10,0.5,0.5,1,
1,16,8,8,2-6-6-6,0.0032679738562091504,0.9967320261437909,153,
1,16,8,8,2-6-6-7,0.009589041095890411,0.9904109589041096,365,
1,16,8,8,2-6-6-8,0.059322033898305086,0.940677966101695,59,
1,16,8,8,2-6-6-9,0.5,0.5,10,
1,16,8,8,2-6-7-10,0.5,0.5,3,
1,16,8,8,2-6-7-7,0.01859504132231405,0.981404958677686,242,
1,16,8,8,2-6-7-8,0.08841463414634146,0.9115853658536586,164,
1,16,8,8,2-6-7-9,0.328125,0.671875,32,
1,16,8,8,2-6-8-10,0.0,1.0,2,DRAW
1,16,8,8,2-6-8-8,0.10576923076923077,0.8942307692307693,52,
1,16,8,8,2-6-8-9,0.045454545454545456,0.9545454545454546,33,
1,16,8,8,2-6-9-10,0.0,1.0,1,DRAW
1,16,8,8,2-6-9-9,0.0,1.0,9,DRAW
1,16,8,8,2-7-7-7,0.32142857142857145,0.6785714285714286,28,
1,16,8,8,2-7-7-8,0.025,0.975,80,
1,16,8,8,2-7-7-9,0.5,0.5,8,
1,16,8,8,2-7-8-10,0.0,1.0,3,DRAW
1,16,8,8,2-7-8-8,0.007692307692307693,0.9923076923076923,65,
1,16,8,8,2-7-8-9,0.0,1.0,32,DRAW
1,16,8,8,2-7-9-10,0.0,1.0,2,DRAW
1,16,8,8,2-7-9-9,0.0,1.0,3,DRAW
1,16,8,8,2-8-8-10,0.0,1.0,2,DRAW
1,16,8,8,2-8-8-8,0.0,1.0,6,DRAW
1,16,8,8,2-8-8-9,0.0,1.0,12,DRAW
1,16,8,8,2-8-9-10,0.0,1.0,2,DRAW
1,16,8,8,2-8-9-9,0.0,1.0,10,DRAW
1,16,8,8,2-9-10-10,0.0,1.0,1,DRAW
1,16,8,8,2-9-9-10,0.0,1.0,2,DRAW
1,16,8,8,3-10-10-10,0.0,1.0,1,DRAW
1,16,8,8,3-3-3-3,0.6034240057676338,0.3965759942323662,110,
1,16,8,8,3-3-3-4,0.9463536050442501,0.053646394955749986,1151,
1,16,8,8,3-3-3-5,0.09251720193984384,0.9074827980601561,523,
1,16,8,8,3-3-3-6,0.007042253521126761,0.9929577464788732,213,
1,16,8,8,3-3-3-7,0.5589188102376105,0.4410811897623895,54,
1,16,8,8,3-3-3-8,0.5,0.5,11,
1,16,8,8,3-3-3-9,0.5,0.5,1,
1,16,8,8,3-3-4-4,0.3486283336324885,0.6513716663675114,2164,
1,16,8,8,3-3-4-5,0.0009689922480620155,0.999031007751938,3612,
1,16,8,8,3-3-4-6,0.022866225806076675,0.9771337741939233,1403,
1,16,8,8,3-3-4-7,0.0053475935828877,0.9946524064171123,374,
1,16,8,8,3-3-4-8,0.016853932584269662,0.9831460674157303,89,
1,16,8,8,3-3-4-9,0.20833333333333334,0.7916666666666666,12,
1,16,8,8,3-3-5-5,0.00044802867383512545,0.9995519713261649,1116,
1,16,8,8,3-3-5-6,0.0010460251046025104,0.9989539748953975,1434,
1,16,8,8,3-3-5-7,0.0013054830287206266,0.9986945169712794,383,
1,16,8,8,3-3-5-8,0.09375,0.90625,80,
1,16,8,8,3-3-5-9,0.5,0.5,5,
1,16,8,8,3-3-6-10,0.5,0.5,1,
1,16,8,8,3-3-6-6,0.0012690355329949238,0.998730964467005,394,
1,16,8,8,3-3-6-7,0.004415011037527594,0.9955849889624724,453,
1,16,8,8,3-3-6-8,0.025,0.975,60,
1,16,8,8,3-3-6-9,0.5,0.5,9,
1,16,8,8,3-3-7-7,0.18859649122807018,0.8114035087719298,114,
1,16,8,8,3-3-7-8,0.017241379310344827,0.9827586206896551,87,
1,16,8,8,3-3-7-9,0.16666666666666666,0.8333333333333334,9,
1,16,8,8,3-3-8-10,0.25,0.75,2,
1,16,8,8,3-3-8-8,0.5,0.5,12,
1,16,8,8,3-3-8-9,0.5,0.5,10,
1,16,8,8,3-4-4-4,0.009950248756218905,0.9900497512437811,1005,
1,16,8,8,3-4-4-5,0.0023591451568137664,0.9976408548431862,3603,
1,16,8,8,3-4-4-6,0.0035816618911174787,0.9964183381088825,1396,
1,16,8,8,3-4-4-7,0.0034883720930232558,0.9965116279069768,430,
1,16,8,8,3-4-4-8,0.006756756756756757,0.9932432432432432,74,
1,16,8,8,3-4-4-9,0.5,0.5,8,
1,16,8,8,3-4-5-10,0.5,0.5,2,
1,16,8,8,3-4-5-5,0.0016291951775822744,0.9983708048224177,3069,
1,16,8,8,3-4-5-6,0.0005234645041212444,0.9994765354958788,3761,
1,16,8,8,3-4-5-7,0.0004476275738585497,0.9995523724261415,1117,
1,16,8,8,3-4-5-8,0.04398148148148148,0.9560185185185185,216,
1,16,8,8,3-4-5-9,0.25,0.75,30,
1,16,8,8,3-4-6-10,0.5,0.5,1,
1,16,8,8,3-4-6-6,0.00046253469010175765,0.9995374653098983,1081,
1,16,8,8,3-4-6-7,0.013463324048282266,0.9865366759517178,1077,
1,16,8,8,3-4-6-8,0.013215859030837005,0.986784140969163,227,
1,16,8,8,3-4-6-9,0.021739130434782608,0.9782608695652174,23,
1,16,8,8,3-4-7-10,0.5,0.5,1,
1,16,8,8,3-4-7-7,0.03968253968253968,0.9603174603174603,252,
1,16,8,8,3-4-7-8,0.024774774774774775,0.9752252252252253,222,
1,16,8,8,3-4-7-9,0.39655172413793105,0.603448275862069,29,
1,16,8,8,3-4-8-10,0.5,0.5,1,
1,16,8,8,3-4-8-8,0.008928571428571428,0.9910714285714286,56,
1,16,8,8,3-4-8-9,0.34782608695652173,0.6521739130434783,23,
1,16,8,8,3-4-9-10,0.0,1.0,2,DRAW
1,16,8,8,3-4-9-9,0.5,0.5,5,
1,16,8,8,3-5-5-5,0.004310344827586207,0.9956896551724138,464,
1,16,8,8,3-5-5-6,0.002571638501102131,0.9974283614988979,1361,
1,16,8,8,3-5-5-7,0.018610421836228287,0.9813895781637717,403,
1,16,8,8,3-5-5-8,0.14583333333333334,0.8541666666666666,72,
1,16,8,8,3-5-5-9,0.5,0.5,8,
1,16,8,8,3-5-6-10,0.5,0.5,3,
1,16,8,8,3-5-6-6,0.0064039408866995075,0.9935960591133005,1015,
1,16,8,8,3-5-6-7,0.0033396946564885495,0.9966603053435115,1048,
1,16,8,8,3-5-6-8,0.042328042328042326,0.9576719576719577,189,
1,16,8,8,3-5-6-9,0.4523809523809524,0.5476190476190477,42,
1,16,8,8,3-5-7-10,0.5,0.5,1,
1,16,8,8,3-5-7-7,0.030303030303030304,0.9696969696969697,264,
1,16,8,8,3-5-7-8,0.006944444444444444,0.9930555555555556,216,
1,16,8,8,3-5-7-9,0.0967741935483871,0.9032258064516129,31,
1,16,8,8,3-5-8-10,0.0,1.0,2,DRAW
1,16,8,8,3-5-8-8,0.09090909090909091,0.9090909090909091,44,
1,16,8,8,3-5-8-9,0.016129032258064516,0.9838709677419355,31,
1,16,8,8,3-5-9-10,0.0,1.0,3,DRAW
1,16,8,8,3-5-9-9,0.0,1.0,9,DRAW
1,16,8,8,3-6-6-6,0.027607361963190184,0.9723926380368099,163,
1,16,8,8,3-6-6-7,0.009210526315789473,0.9907894736842106,380,
1,16,8,8,3-6-6-8,0.04929577464788732,0.9507042253521126,71,
1,16,8,8,3-6-6-9,0.5,0.5,9,
1,16,8,8,3-6-7-10,0.0,1.0,1,DRAW
1,16,8,8,3-6-7-7,0.008960573476702509,0.9910394265232975,279,
1,16,8,8,3-6-7-8,0.07045454545454545,0.9295454545454546,220,
1,16,8,8,3-6-7-9,0.03125,0.96875,32,
1,16,8,8,3-6-8-8,0.5,0.5,45,
1,16,8,8,3-6-8-9,0.0,1.0,26,DRAW
1,16,8,8,3-6-9-10,0.0,1.0,4,DRAW
1,16,8,8,3-6-9-9,0.0,1.0,2,DRAW
1,16,8,8,3-7-10-10,0.0,1.0,1,DRAW
1,16,8,8,3-7-7-7,0.3448275862068966,0.6551724137931034,29,
1,16,8,8,3-7-7-8,0.4620253164556962,0.5379746835443038,79,
1,16,8,8,3-7-7-9,0.0,1.0,10,DRAW
1,16,8,8,3-7-8-10,0.0,1.0,2,DRAW
1,16,8,8,3-7-8-8,0.0,1.0,43,DRAW
1,16,8,8,3-7-8-9,0.0,1.0,24,DRAW
1,16,8,8,3-7-9-9,0.0,1.0,5,DRAW
1,16,8,8,3-8-8-10,0.0,1.0,2,DRAW
1,16,8,8,3-8-8-8,0.0,1.0,3,DRAW
1,16,8,8,3-8-8-9,0.0,1.0,16,DRAW
1,16,8,8,3-8-9-10,0.0,1.0,1,DRAW
1,16,8,8,3-8-9-9,0.0,1.0,4,DRAW
1,16,8,8,3-9-9-9,0.0,1.0,1,DRAW
1,16,8,8,4-4-4-10,0.5,0.5,1,
1,16,8,8,4-4-4-4,0.2717391304347826,0.7282608695652174,46,
1,16,8,8,4-4-4-5,0.02028827519379845,0.9797117248062015,516,
1,16,8,8,4-4-4-6,0.16401109974807676,0.8359889002519233,209,
1,16,8,8,4-4-4-7,0.19148936170212766,0.8085106382978723,47,
1,16,8,8,4-4-4-8,0.2,0.8,15,
1,16,8,8,4-4-4-9,0.5,0.5,1,
1,16,8,8,4-4-5-10,0.5,0.5,3,
1,16,8,8,4-4-5-5,0.013673655423883319,0.9863263445761167,1097,
1,16,8,8,4-4-5-6,0.0019011406844106464,0.9980988593155894,1315,
1,16,8,8,4-4-5-7,0.012315270935960592,0.9876847290640394,406,
1,16,8,8,4-4-5-8,0.421875,0.578125,64,
1,16,8,8,4-4-5-9,0.23333333333333334,0.7666666666666667,15,
1,16,8,8,4-4-6-10,0.5,0.5,1,
1,16,8,8,4-4-6-6,0.02926829268292683,0.9707317073170731,410,
1,16,8,8,4-4-6-7,0.006443298969072165,0.9935567010309279,388,
1,16,8,8,4-4-6-8,0.051470588235294115,0.9485294117647058,68,
1,16,8,8,4-4-6-9,0.2,0.8,10,
1,16,8,8,4-4-7-7,0.04245283018867924,0.9575471698113207,106,
1,16,8,8,4-4-7-8,0.24285714285714285,0.7571428571428571,70,
1,16,8,8,4-4-7-9,0.2894736842105263,0.7105263157894737,19,
1,16,8,8,4-4-8-10,0.0,1.0,1,DRAW
1,16,8,8,4-4-8-8,0.39285714285714285,0.6071428571428571,14,
1,16,8,8,4-4-8-9,0.038461538461538464,0.9615384615384616,13,
1,16,8,8,4-4-9-10,0.0,1.0,2,DRAW
1,16,8,8,4-4-9-9,0.0,1.0,2,DRAW
1,16,8,8,4-5-10-10,0.0,1.0,1,DRAW
1,16,8,8,4-5-5-5,0.014573991031390135,0.9854260089686099,446,
1,16,8,8,4-5-5-6,0.004969418960244648,0.9950305810397554,1308,
1,16,8,8,4-5-5-7,0.022727272727272728,0.9772727272727273,352,
1,16,8,8,4-5-5-8,0.3014705882352941,0.6985294117647058,68,
1,16,8,8,4-5-5-9,0.5,0.5,5,
1,16,8,8,4-5-6-10,0.5,0.5,1,
1,16,8,8,4-5-6-6,0.0035823950870010235,0.996417604912999,977,
1,16,8,8,4-5-6-7,0.004985044865403789,0.9950149551345963,1003,
1,16,8,8,4-5-6-8,0.11442786069651742,0.8855721393034826,201,
1,16,8,8,4-5-6-9,0.2608695652173913,0.7391304347826086,23,
1,16,8,8,4-5-7-10,0.0,1.0,3,DRAW
1,16,8,8,4-5-7-7,0.005434782608695652,0.9945652173913043,276,
1,16,8,8,4-5-7-8,0.0069767441860465115,0.9930232558139535,215,
1,16,8,8,4-5-7-9,0.5,0.5,26,
1,16,8,8,4-5-8-10,0.0,1.0,2,DRAW
1,16,8,8,4-5-8-8,0.3048780487804878,0.6951219512195121,41,
1,16,8,8,4-5-8-9,0.0,1.0,29,DRAW
1,16,8,8,4-5-9-10,0.0,1.0,2,DRAW
1,16,8,8,4-5-9-9,0.0,1.0,8,DRAW
1,16,8,8,4-6-10-10,0.0,1.0,1,DRAW
1,16,8,8,4-6-6-10,0.0,1.0,1,DRAW
1,16,8,8,4-6-6-6,0.021505376344086023,0.978494623655914,186,
1,16,8,8,4-6-6-7,0.003947368421052632,0.9960526315789474,380,
1,16,8,8,4-6-6-8,0.5,0.5,77,
1,16,8,8,4-6-6-9,0.5,0.5,9,
1,16,8,8,4-6-7-10,0.0,1.0,1,DRAW
1,16,8,8,4-6-7-7,0.008802816901408451,0.9911971830985915,284,
1,16,8,8,4-6-7-8,0.011312217194570135,0.9886877828054299,221,
1,16,8,8,4-6-7-9,0.0,1.0,33,DRAW
1,16,8,8,4-6-8-8,0.0,1.0,49,DRAW
1,16,8,8,4-6-8-9,0.0,1.0,27,DRAW
1,16,8,8,4-6-9-10,0.0,1.0,6,DRAW
1,16,8,8,4-6-9-9,0.0,1.0,13,DRAW
1,16,8,8,4-7-7-10,0.0,1.0,3,DRAW
1,16,8,8,4-7-7-7,0.018518518518518517,0.9814814814814815,27,
1,16,8,8,4-7-7-8,0.0,1.0,103,DRAW
1,16,8,8,4-7-7-9,0.0,1.0,7,DRAW
1,16,8,8,4-7-8-10,0.0,1.0,1,DRAW
1,16,8,8,4-7-8-8,0.0,1.0,54,DRAW
1,16,8,8,4-7-8-9,0.0,1.0,30,DRAW
1,16,8,8,4-7-9-10,0.0,1.0,2,DRAW
1,16,8,8,4-7-9-9,0.0,1.0,9,DRAW
1,16,8,8,4-8-8-10,0.0,1.0,2,DRAW
1,16,8,8,4-8-8-8,0.0,1.0,7,DRAW
1,16,8,8,4-8-8-9,0.0,1.0,13,DRAW
1,16,8,8,4-8-9-10,0.0,1.0,2,DRAW
1,16,8,8,4-8-9-9,0.0,1.0,6,DRAW
1,16,8,8,4-9-9-10,0.0,1.0,1,DRAW
1,16,8,8,4-9-9-9,0.0,1.0,1,DRAW
1,16,8,8,5-5-5-5,0.5,0.5,11,
1,16,8,8,5-5-5-6,0.005025125628140704,0.9949748743718593,199,
1,16,8,8,5-5-5-7,0.017857142857142856,0.9821428571428571,56,
1,16,8,8,5-5-5-8,0.5,0.5,19,
1,16,8,8,5-5-5-9,0.5,0.5,2,
1,16,8,8,5-5-6-10,0.0,1.0,2,DRAW
1,16,8,8,5-5-6-6,0.005390835579514825,0.9946091644204852,371,
1,16,8,8,5-5-6-7,0.021108179419525065,0.978891820580475,379,
1,16,8,8,5-5-6-8,0.041666666666666664,0.9583333333333334,72,
1,16,8,8,5-5-6-9,0.16666666666666666,0.8333333333333334,9,
1,16,8,8,5-5-7-7,0.04455445544554455,0.9554455445544554,101,
1,16,8,8,5-5-7-8,0.011494252873563218,0.9885057471264368,87,
1,16,8,8,5-5-7-9,0.0,1.0,13,DRAW
1,16,8,8,5-5-8-10,0.0,1.0,1,DRAW
1,16,8,8,5-5-8-8,0.0,1.0,15,DRAW
1,16,8,8,5-5-8-9,0.0,1.0,7,DRAW
1,16,8,8,5-5-9-10,0.0,1.0,1,DRAW
1,16,8,8,5-5-9-9,0.0,1.0,1,DRAW
1,16,8,8,5-6-6-6,0.1076923076923077,0.8923076923076924,130,
1,16,8,8,5-6-6-7,0.03203342618384401,0.967966573816156,359,
1,16,8,8,5-6-6-8,0.1875,0.8125,56,
1,16,8,8,5-6-6-9,0.0,1.0,3,DRAW
1,16,8,8,5-6-7-7,0.08571428571428572,0.9142857142857143,245,
1,16,8,8,5-6-7-8,0.0,1.0,204,DRAW
1,16,8,8,5-6-7-9,0.0,1.0,25,DRAW
1,16,8,8,5-6-8-10,0.0,1.0,1,DRAW
1,16,8,8,5-6-8-8,0.0,1.0,48,DRAW
1,16,8,8,5-6-8-9,0.0,1.0,31,DRAW
1,16,8,8,5-6-9-10,0.0,1.0,1,DRAW
1,16,8,8,5-6-9-9,0.0,1.0,5,DRAW
1,16,8,8,5-7-7-7,0.0,1.0,39,DRAW
1,16,8,8,5-7-7-8,0.0,1.0,69,DRAW
1,16,8,8,5-7-7-9,0.0,1.0,11,DRAW
1,16,8,8,5-7-8-10,0.0,1.0,1,DRAW
1,16,8,8,5-7-8-8,0.0,1.0,63,DRAW
1,16,8,8,5-7-8-9,0.0,1.0,24,DRAW
1,16,8,8,5-7-9-9,0.0,1.0,4,DRAW
1,16,8,8,5-8-8-10,0.0,1.0,1,DRAW
1,16,8,8,5-8-8-8,0.0,1.0,5,DRAW
1,16,8,8,5-8-8-9,0.0,1.0,4,DRAW
1,16,8,8,5-8-9-10,0.0,1.0,1,DRAW
1,16,8,8,5-8-9-9,0.0,1.0,5,DRAW
1,16,8,8,5-9-10-10,0.0,1.0,1,DRAW
1,16,8,8,5-9-9-9,0.0,1.0,1,DRAW
1,16,8,8,6-10-10-10,0.0,1.0,1,DRAW
1,16,8,8,6-6-6-6,0.4166666666666667,0.5833333333333334,6,
1,16,8,8,6-6-6-7,0.12666666666666668,0.8733333333333333,75,
1,16,8,8,6-6-6-8,0.0,1.0,13,DRAW
1,16,8,8,6-6-6-9,0.0,1.0,2,DRAW
1,16,8,8,6-6-7-7,0.0,1.0,96,DRAW
1,16,8,8,6-6-7-8,0.0,1.0,99,DRAW
1,16,8,8,6-6-7-9,0.0,1.0,7,DRAW
1,16,8,8,6-6-8-10,0.0,1.0,1,DRAW
1,16,8,8,6-6-8-8,0.0,1.0,15,DRAW
1,16,8,8,6-6-8-9,0.0,1.0,7,DRAW
1,16,8,8,6-6-9-9,0.0,1.0,3,DRAW
1,16,8,8,6-7-10-10,0.0,1.0,1,DRAW
1,16,8,8,6-7-7-10,0.0,1.0,1,DRAW
1,16,8,8,6-7-7-7,0.0,1.0,37,DRAW
1,16,8,8,6-7-7-8,0.0,1.0,75,DRAW
1,16,8,8,6-7-7-9,0.0,1.0,8,DRAW
1,16,8,8,6-7-8-10,0.0,1.0,2,DRAW
1,16,8,8,6-7-8-8,0.0,1.0,52,DRAW
1,16,8,8,6-7-8-9,0.0,1.0,37,DRAW
1,16,8,8,6-7-9-10,0.0,1.0,2,DRAW
1,16,8,8,6-7-9-9,0.0,1.0,3,DRAW
1,16,8,8,6-8-8-10,0.0,1.0,1,DRAW
1,16,8,8,6-8-8-8,0.0,1.0,8,DRAW
1,16,8,8,6-8-8-9,0.0,1.0,4,DRAW
1,16,8,8,6-8-9-9,0.0,1.0,6,DRAW
1,16,8,8,7-7-7-7,0.0,1.0,4,DRAW
1,16,8,8,7-7-7-8,0.0,1.0,17,DRAW
1,16,8,8,7-7-7-9,0.0,1.0,3,DRAW
1,16,8,8,7-7-8-8,0.0,1.0,16,DRAW
1,16,8,8,7-7-8-9,0.0,1.0,10,DRAW
1,16,8,8,7-7-9-9,0.0,1.0,3,DRAW
1,16,8,8,7-8-8-10,0.0,1.0,1,DRAW
1,16,8,8,7-8-8-8,0.0,1.0,6,DRAW
1,16,8,8,7-8-8-9,0.0,1.0,5,DRAW
1,16,8,8,7-8-9-10,0.0,1.0,1,DRAW
1,16,8,8,7-8-9-9,0.0,1.0,7,DRAW
1,16,8,8,7-9-9-9,0.0,1.0,1,DRAW
1,16,8,8,8-8-8-10,0.0,1.0,1,DRAW
1,16,8,8,8-8-8-9,0.0,1.0,4,DRAW
1,16,8,8,8-8-9-10,0.0,1.0,1,DRAW
1,16,8,8,8-9-9-9,0.0,1.0,1,DRAW
1,18,9,9,1-1-1-1,1.0,0.0,41,STOP
1,18,9,9,1-1-1-2,1.0,0.0,2138,STOP
1,18,9,9,1-1-1-3,1.0,0.0,937,STOP
1,18,9,9,1-1-1-4,0.36603254053234,0.6339674594676599,1126,
1,18,9,9,1-1-1-5,0.30342105263158,0.69657894736842,475,
1,18,9,9,1-1-1-6,0.419252873563219,0.5807471264367811,87,
1,18,9,9,1-1-1-7,0.5714285714285714,0.42857142857142855,21,
1,18,9,9,1-1-1-8,0.6875,0.3125,4,
1,18,9,9,1-1-2-2,0.9976074871578354,0.0023925128421645203,14211,
1,18,9,9,1-1-2-3,0.9912266029157984,0.008773397084201566,17533,
1,18,9,9,1-1-2-4,0.17523539910855143,0.8247646008914485,7735,
1,18,9,9,1-1-2-5,0.0011867088607594937,0.9988132911392406,3792,
1,18,9,9,1-1-2-6,0.003008298755186722,0.9969917012448133,1205,
1,18,9,9,1-1-2-7,0.004098360655737705,0.9959016393442623,244,
1,18,9,9,1-1-2-8,0.02702702702702703,0.972972972972973,37,
1,18,9,9,1-1-2-9,0.5,0.5,1,
1,18,9,9,1-1-3-3,0.9915368150344731,0.008463184965527032,5207,
1,18,9,9,1-1-3-4,0.4469978664573729,0.5530021335426271,7071,
1,18,9,9,1-1-3-5,0.00027616680475006904,0.9997238331952499,3621,
1,18,9,9,1-1-3-6,0.0077938696408238195,0.9922061303591762,1159,
1,18,9,9,1-1-3-7,0.0018867924528301887,0.9981132075471698,265,
1,18,9,9,1-1-3-8,0.014285714285714285,0.9857142857142858,35,
1,18,9,9,1-1-3-9,0.3333333333333333,0.6666666666666666,3,
1,18,9,9,1-1-4-10,0.25,0.75,2,
1,18,9,9,1-1-4-4,0.0007987220447284345,0.9992012779552716,2504,
1,18,9,9,1-1-4-5,0.0001286008230452675,0.9998713991769548,3888,
1,18,9,9,1-1-4-6,0.02540983606557377,0.9745901639344262,1220,
1,18,9,9,1-1-4-7,0.005791505791505791,0.9942084942084942,259,
1,18,9,9,1-1-4-8,0.00980392156862745,0.9901960784313726,51,
1,18,9,9,1-1-4-9,0.5,0.5,3,
1,18,9,9,1-1-5-10,0.5,0.5,1,
1,18,9,9,1-1-5-5,0.009335126344758568,0.9906648736552415,1142,
1,18,9,9,1-1-5-6,0.013800584063412608,0.9861994159365873,1175,
1,18,9,9,1-1-5-7,0.0038910505836575876,0.9961089494163424,257,
1,18,9,9,1-1-5-8,0.013513513513513514,0.9864864864864865,37,
1,18,9,9,1-1-5-9,0.5,0.5,3,
1,18,9,9,1-1-6-6,0.00303951367781155,0.9969604863221885,329,
1,18,9,9,1-1-6-7,0.00392156862745098,0.996078431372549,255,
1,18,9,9,1-1-6-8,0.014705882352941176,0.9852941176470589,34,
1,18,9,9,1-1-6-9,0.125,0.875,4,
1,18,9,9,1-1-7-10,0.5,0.5,1,
1,18,9,9,1-1-7-7,0.027777777777777776,0.9722222222222222,72,
1,18,9,9,1-1-7-8,0.01282051282051282,0.9871794871794872,39,
1,18,9,9,1-1-7-9,0.5,0.5,3,
1,18,9,9,1-1-8-8,0.5,0.5,8,
1,18,9,9,1-1-8-9,0.3333333333333333,0.6666666666666666,3,
1,18,9,9,1-1-9-9,0.5,0.5,1,
1,18,9,9,1-2-2-2,0.9736601960347976,0.02633980396520246,5493,
1,18,9,9,1-2-2-3,0.9956025128498002,0.004397487150199886,17510,
1,18,9,9,1-2-2-4,0.728934427572962,0.2710655724270381,6306,
1,18,9,9,1-2-2-5,0.016807378716365794,0.9831926212836343,3454,
1,18,9,9,1-2-2-6,0.023082659395171637,0.9769173406048283,1060,
1,18,9,9,1-2-2-7,0.006382978723404255,0.9936170212765958,235,
1,18,9,9,1-2-2-8,0.027777777777777776,0.9722222222222222,36,
1,18,9,9,1-2-2-9,0.5,0.5,4,
1,18,9,9,1-2-3-3,0.9947161554027012,0.005283844597298742,13875,
1,18,9,9,1-2-3-4,0.9451007584265115,0.054899241573488494,17420,
1,18,9,9,1-2-3-5,0.0011310998599590649,0.9988689001400409,9283,
1,18,9,9,1-2-3-6,0.00016134236850596966,0.999838657631494,3099,
1,18,9,9,1-2-3-7,0.00291970802919708,0.997080291970803,685,
1,18,9,9,1-2-3-8,0.00980392156862745,0.9901960784313726,102,
1,18,9,9,1-2-3-9,0.05,0.95,10,
1,18,9,9,1-2-4-10,0.5,0.5,1,
1,18,9,9,1-2-4-4,0.006851017253669352,0.9931489827463306,5597,
1,18,9,9,1-2-4-5,0.000162937214859874,0.9998370627851402,9206,
1,18,9,9,1-2-4-6,0.0022764227642276423,0.9977235772357723,3075,
1,18,9,9,1-2-4-7,0.015479876160990712,0.9845201238390093,646,
1,18,9,9,1-2-4-8,0.026041666666666668,0.9739583333333334,96,
1,18,9,9,1-2-4-9,0.5,0.5,9,
1,18,9,9,1-2-5-5,0.00035829451809387314,0.9996417054819061,2791,
1,18,9,9,1-2-5-6,0.00033444816053511704,0.9996655518394649,2990,
1,18,9,9,1-2-5-7,0.0006925207756232687,0.9993074792243767,722,
1,18,9,9,1-2-5-8,0.08095238095238096,0.919047619047619,105,
1,18,9,9,1-2-5-9,0.5,0.5,4,
1,18,9,9,1-2-6-6,0.003978779840848806,0.9960212201591512,754,
1,18,9,9,1-2-6-7,0.0007102272727272727,0.9992897727272727,704,
1,18,9,9,1-2-6-8,0.020202020202020204,0.9797979797979798,99,
1,18,9,9,1-2-6-9,0.19230769230769232,0.8076923076923077,13,
1,18,9,9,1-2-7-7,0.012048192771084338,0.9879518072289156,166,
1,18,9,9,1-2-7-8,0.008849557522123894,0.9911504424778761,113,
1,18,9,9,1-2-7-9,0.3333333333333333,0.6666666666666666,6,
1,18,9,9,1-2-8-10,0.5,0.5,1,
1,18,9,9,1-2-8-8,0.5,0.5,16,
1,18,9,9,1-2-8-9,0.2857142857142857,0.7142857142857143,7,
1,18,9,9,1-3-3-3,0.8782158855999055,0.12178411440009444,2004,
1,18,9,9,1-3-3-4,0.6813393215727498,0.31866067842725027,6501,
1,18,9,9,1-3-3-5,0.0006002400960384153,0.9993997599039616,3332,
1,18,9,9,1-3-3-6,0.001327433628318584,0.9986725663716814,1130,
1,18,9,9,1-3-3-7,0.0019305019305019305,0.9980694980694981,259,
1,18,9,9,1-3-3-8,0.03125,0.96875,32,
1,18,9,9,1-3-3-9,0.5,0.5,2,
1,18,9,9,1-3-4-10,0.5,0.5,1,
1,18,9,9,1-3-4-4,0.0011677682525909022,0.9988322317474092,5677,
1,18,9,9,1-3-4-5,0.0010208467655276165,0.9989791532344724,9306,
1,18,9,9,1-3-4-6,0.0003351206434316354,0.9996648793565683,2984,
1,18,9,9,1-3-4-7,0.010852713178294573,0.9891472868217054,645,
1,18,9,9,1-3-4-8,0.019801980198019802,0.9801980198019802,101,
1,18,9,9,1-3-4-9,0.5,0.5,4,
1,18,9,9,1-3-5-5,0.001083815028901734,0.9989161849710982,2768,
1,18,9,9,1-3-5-6,0.0006691201070592171,0.9993308798929408,2989,
1,18,9,9,1-3-5-7,0.005303030303030303,0.9946969696969697,660,
1,18,9,9,1-3-5-8,0.005050505050505051,0.9949494949494949,99,
1,18,9,9,1-3-5-9,0.5,0.5,5,
1,18,9,9,1-3-6-6,0.004796163069544364,0.9952038369304557,834,
1,18,9,9,1-3-6-7,0.001447178002894356,0.9985528219971056,691,
1,18,9,9,1-3-6-8,0.008130081300813009,0.991869918699187,123,
1,18,9,9,1-3-6-9,0.3181818181818182,0.6818181818181818,11,
1,18,9,9,1-3-7-10,0.5,0.5,1,
1,18,9,9,1-3-7-7,0.00949367088607595,0.990506329113924,158,
1,18,9,9,1-3-7-8,0.14646464646464646,0.8535353535353535,99,
1,18,9,9,1-3-7-9,0.15,0.85,10,
1,18,9,9,1-3-8-8,0.11538461538461539,0.8846153846153846,26,
1,18,9,9,1-3-8-9,0.5,0.5,5,
1,18,9,9,1-3-9-9,0.5,0.5,3,
1,18,9,9,1-4-4-4,0.11787006056127283,0.8821299394387271,758,
1,18,9,9,1-4-4-5,0.0018198362147406734,0.9981801637852593,3297,
1,18,9,9,1-4-4-6,0.011786038077969175,0.9882139619220308,1103,
1,18,9,9,1-4-4-7,0.2122844827586207,0.7877155172413793,232,
1,18,9,9,1-4-4-8,0.02631578947368421,0.9736842105263158,19,
1,18,9,9,1-4-4-9,0.3,0.7,5,
1,18,9,9,1-4-5-5,0.0009028530155290719,0.9990971469844709,2769,
1,18,9,9,1-4-5-6,0.00017283097131005876,0.99982716902869,2893,
1,18,9,9,1-4-5-7,0.009419152276295133,0.9905808477237049,637,
1,18,9,9,1-4-5-8,0.011627906976744186,0.9883720930232558,86,
1,18,9,9,1-4-5-9,0.045454545454545456,0.9545454545454546,11,
1,18,9,9,1-4-6-6,0.02459674990282238,0.9754032500971777,781,
1,18,9,9,1-4-6-7,0.0022624434389140274,0.997737556561086,663,
1,18,9,9,1-4-6-8,0.004273504273504274,0.9957264957264957,117,
1,18,9,9,1-4-6-9,0.5,0.5,15,
1,18,9,9,1-4-7-10,0.5,0.5,2,
1,18,9,9,1-4-7-7,0.045180722891566265,0.9548192771084337,166,
1,18,9,9,1-4-7-8,0.19736842105263158,0.8026315789473685,114,
1,18,9,9,1-4-7-9,0.2857142857142857,0.7142857142857143,7,
1,18,9,9,1-4-8-8,0.39285714285714285,0.6071428571428571,14,
1,18,9,9,1-4-8-9,0.5,0.5,7,
1,18,9,9,1-5-5-5,0.0025974025974025974,0.9974025974025974,385,
1,18,9,9,1-5-5-6,0.003656307129798903,0.9963436928702011,1094,
1,18,9,9,1-5-5-7,0.013257575757575758,0.9867424242424242,264,
1,18,9,9,1-5-5-8,0.016129032258064516,0.9838709677419355,31,
1,18,9,9,1-5-6-6,0.0006622516556291391,0.9993377483443708,755,
1,18,9,9,1-5-6-7,0.0015822784810126582,0.9984177215189873,632,
1,18,9,9,1-5-6-8,0.008695652173913044,0.991304347826087,115,
1,18,9,9,1-5-6-9,0.5,0.5,5,
1,18,9,9,1-5-7-10,0.5,0.5,1,
1,18,9,9,1-5-7-7,0.009202453987730062,0.99079754601227,163,
1,18,9,9,1-5-7-8,0.022727272727272728,0.9772727272727273,110,
1,18,9,9,1-5-7-9,0.2,0.8,10,
1,18,9,9,1-5-8-8,0.057692307692307696,0.9423076923076923,26,
1,18,9,9,1-5-8-9,0.5,0.5,7,
1,18,9,9,1-5-9-9,0.5,0.5,1,
1,18,9,9,1-6-6-6,0.03153153153153153,0.9684684684684685,111,
1,18,9,9,1-6-6-7,0.021653543307086614,0.9783464566929134,254,
1,18,9,9,1-6-6-8,0.1111111111111111,0.8888888888888888,36,
1,18,9,9,1-6-6-9,0.5,0.5,4,
1,18,9,9,1-6-7-7,0.2064516129032258,0.7935483870967742,155,
1,18,9,9,1-6-7-8,0.21363636363636362,0.7863636363636364,110,
1,18,9,9,1-6-7-9,0.5,0.5,7,
1,18,9,9,1-6-8-8,0.5,0.5,23,
1,18,9,9,1-6-8-9,0.5,0.5,7,
1,18,9,9,1-6-9-9,0.5,0.5,2,
1,18,9,9,1-7-7-7,0.19047619047619047,0.8095238095238095,21,
1,18,9,9,1-7-7-8,0.025,0.975,40,
1,18,9,9,1-7-7-9,0.5,0.5,2,
1,18,9,9,1-7-8-8,0.17391304347826086,0.8260869565217391,23,
1,18,9,9,1-7-8-9,0.5,0.5,7,
1,18,9,9,1-7-9-9,0.0,1.0,3,DRAW
1,18,9,9,1-8-8-8,0.5,0.5,1,
1,18,9,9,1-8-8-9,0.0,1.0,4,DRAW
1,18,9,9,2-2-2-2,0.9984848484848485,0.0015151515151515152,330,
1,18,9,9,2-2-2-3,0.9951312195701224,0.0048687804298776895,2807,
1,18,9,9,2-2-2-4,0.8781667648314795,0.1218332351685205,1013,
1,18,9,9,2-2-2-5,0.005995203836930456,0.9940047961630696,417,
1,18,9,9,2-2-2-6,0.19875422591315386,0.8012457740868462,145,
1,18,9,9,2-2-2-7,0.18518518518518517,0.8148148148148148,27,
1,18,9,9,2-2-2-8,0.3,0.7,5,
1,18,9,9,2-2-3-3,0.9939828110206839,0.006017188979316149,5209,
1,18,9,9,2-2-3-4,0.5784345922698558,0.4215654077301443,6303,
1,18,9,9,2-2-3-5,0.00028886118261546074,0.9997111388173845,3257,
1,18,9,9,2-2-3-6,0.013872610703835815,0.9861273892961642,1023,
1,18,9,9,2-2-3-7,0.02665217028985879,0.9733478297101412,291,
1,18,9,9,2-2-3-8,0.1951219512195122,0.8048780487804879,41,
1,18,9,9,2-2-3-9,0.5,0.5,2,
1,18,9,9,2-2-4-4,0.009319845356663971,0.990680154643336,1998,
1,18,9,9,2-2-4-5,0.0003198976327575176,0.9996801023672425,3126,
1,18,9,9,2-2-4-6,0.025839617587633274,0.9741603824123666,1028,
1,18,9,9,2-2-4-7,0.02927927927927928,0.9707207207207207,222,
1,18,9,9,2-2-4-8,0.013888888888888888,0.9861111111111112,36,
1,18,9,9,2-2-4-9,0.07142857142857142,0.9285714285714286,7,
1,18,9,9,2-2-5-5,0.005731742129675168,0.9942682578703249,899,
1,18,9,9,2-2-5-6,0.0036730945821854912,0.9963269054178145,1089,
1,18,9,9,2-2-5-7,0.006696428571428571,0.9933035714285714,224,
1,18,9,9,2-2-5-8,0.17142857142857143,0.8285714285714286,35,
1,18,9,9,2-2-5-9,0.5,0.5,5,
1,18,9,9,2-2-6-6,0.007380073800738007,0.992619926199262,271,
1,18,9,9,2-2-6-7,0.02263374485596708,0.977366255144033,243,
1,18,9,9,2-2-6-8,0.13333333333333333,0.8666666666666667,30,
1,18,9,9,2-2-7-7,0.47619047619047616,0.5238095238095238,42,
1,18,9,9,2-2-7-8,0.1,0.9,35,
1,18,9,9,2-2-7-9,0.5,0.5,3,
1,18,9,9,2-2-8-8,0.4375,0.5625,8,
1,18,9,9,2-2-8-9,0.5,0.5,2,
1,18,9,9,2-2-9-10,0.5,0.5,1,
1,18,9,9,2-3-3-3,0.8916955106014611,0.10830448939853884,2180,
1,18,9,9,2-3-3-4,0.6949853440430229,0.3050146559569771,6633,
1,18,9,9,2-3-3-5,0.004324265418141449,0.9956757345818585,3427,
1,18,9,9,2-3-3-6,0.0032080659945004585,0.9967919340054996,1091,
1,18,9,9,2-3-3-7,0.007352941176470588,0.9926470588235294,272,
1,18,9,9,2-3-3-8,0.0375,0.9625,40,
1,18,9,9,2-3-3-9,0.5,0.5,5,
1,18,9,9,2-3-4-4,9.018759018759019e-05,0.9999098124098124,5544,
1,18,9,9,2-3-4-5,0.0003894514298431067,0.9996105485701569,8987,
1,18,9,9,2-3-4-6,0.0032170673890958346,0.9967829326109041,2953,
1,18,9,9,2-3-4-7,0.0077279752704791345,0.9922720247295209,647,
1,18,9,9,2-3-4-8,0.005208333333333333,0.9947916666666666,96,
1,18,9,9,2-3-4-9,0.5,0.5,8,
1,18,9,9,2-3-5-5,0.0051703124847480835,0.9948296875152519,2804,
1,18,9,9,2-3-5-6,0.0024424284717376133,0.9975575715282624,2866,
1,18,9,9,2-3-5-7,0.021671826625386997,0.978328173374613,646,
1,18,9,9,2-3-5-8,0.20103092783505155,0.7989690721649485,97,
1,18,9,9,2-3-5-9,0.4,0.6,10,
1,18,9,9,2-3-6-6,0.007575757575757576,0.9924242424242424,792,
1,18,9,9,2-3-6-7,0.007281553398058253,0.9927184466019418,618,
1,18,9,9,2-3-6-8,0.046296296296296294,0.9537037037037037,108,
1,18,9,9,2-3-6-9,0.4375,0.5625,8,
1,18,9,9,2-3-7-7,0.18322981366459629,0.8167701863354038,161,
1,18,9,9,2-3-7-8,0.10112359550561797,0.898876404494382,89,
1,18,9,9,2-3-7-9,0.05555555555555555,0.9444444444444444,9,
1,18,9,9,2-3-8-8,0.06,0.94,25,
1,18,9,9,2-3-8-9,0.041666666666666664,0.9583333333333334,12,
1,18,9,9,2-4-4-4,0.004036326942482341,0.9959636730575177,991,
1,18,9,9,2-4-4-5,0.0022294887039239,0.9977705112960761,3364,
1,18,9,9,2-4-4-6,0.0009354536950420954,0.9990645463049579,1069,
1,18,9,9,2-4-4-7,0.07177033492822966,0.9282296650717703,209,
1,18,9,9,2-4-4-8,0.04285714285714286,0.9571428571428572,35,
1,18,9,9,2-4-4-9,0.5,0.5,3,
1,18,9,9,2-4-5-10,0.5,0.5,1,
1,18,9,9,2-4-5-5,0.00018839487565938207,0.9998116051243406,2654,
1,18,9,9,2-4-5-6,0.001227639424763241,0.9987723605752368,2851,
1,18,9,9,2-4-5-7,0.0015037593984962407,0.9984962406015038,665,
1,18,9,9,2-4-5-8,0.021739130434782608,0.9782608695652174,92,
1,18,9,9,2-4-5-9,0.5,0.5,6,
1,18,9,9,2-4-6-6,0.04245283018867924,0.9575471698113207,742,
1,18,9,9,2-4-6-7,0.005972696245733789,0.9940273037542662,586,
1,18,9,9,2-4-6-8,0.018292682926829267,0.9817073170731707,82,
1,18,9,9,2-4-6-9,0.1,0.9,10,
1,18,9,9,2-4-7-7,0.11490683229813664,0.8850931677018633,161,
1,18,9,9,2-4-7-8,0.215,0.785,100,
1,18,9,9,2-4-7-9,0.1875,0.8125,8,
1,18,9,9,2-4-8-8,0.5,0.5,16,
1,18,9,9,2-4-8-9,0.5,0.5,11,
1,18,9,9,2-4-9-10,0.5,0.5,1,
1,18,9,9,2-4-9-9,0.5,0.5,2,
1,18,9,9,2-5-5-5,0.004120879120879121,0.9958791208791209,364,
1,18,9,9,2-5-5-6,0.0034079844206426485,0.9965920155793574,1027,
1,18,9,9,2-5-5-7,0.008,0.992,250,
1,18,9,9,2-5-5-8,0.016666666666666666,0.9833333333333333,30,
1,18,9,9,2-5-6-6,0.0037220843672456576,0.9962779156327544,806,
1,18,9,9,2-5-6-7,0.015228426395939087,0.9847715736040609,591,
1,18,9,9,2-5-6-8,0.030303030303030304,0.9696969696969697,99,
1,18,9,9,2-5-6-9,0.5,0.5,5,
1,18,9,9,2-5-7-10,0.5,0.5,1,
1,18,9,9,2-5-7-7,0.006711409395973154,0.9932885906040269,149,
1,18,9,9,2-5-7-8,0.053763440860215055,0.946236559139785,93,
1,18,9,9,2-5-7-9,0.5,0.5,3,
1,18,9,9,2-5-8-8,0.5,0.5,13,
1,18,9,9,2-5-8-9,0.09090909090909091,0.9090909090909091,11,
1,18,9,9,2-5-9-10,0.0,1.0,1,DRAW
1,18,9,9,2-5-9-9,0.5,0.5,1,
1,18,9,9,2-6-6-6,0.010526315789473684,0.9894736842105263,95,
1,18,9,9,2-6-6-7,0.011848341232227487,0.9881516587677726,211,
1,18,9,9,2-6-6-8,0.19444444444444445,0.8055555555555556,36,
1,18,9,9,2-6-6-9,0.3,0.7,5,
1,18,9,9,2-6-7-10,0.5,0.5,1,
1,18,9,9,2-6-7-7,0.09926470588235294,0.9007352941176471,136,
1,18,9,9,2-6-7-8,0.02054794520547945,0.9794520547945206,73,
1,18,9,9,2-6-7-9,0.25,0.75,10,
1,18,9,9,2-6-8-8,0.5,0.5,19,
1,18,9,9,2-6-8-9,0.5,0.5,10,
1,18,9,9,2-6-9-9,0.0,1.0,3,DRAW
1,18,9,9,2-7-7-7,0.17391304347826086,0.8260869565217391,23,
1,18,9,9,2-7-7-8,0.08139534883720931,0.9186046511627907,43,
1,18,9,9,2-7-7-9,0.5,0.5,1,
1,18,9,9,2-7-8-8,0.17307692307692307,0.8269230769230769,26,
1,18,9,9,2-7-8-9,0.0,1.0,12,DRAW
1,18,9,9,2-7-9-10,0.0,1.0,1,DRAW
1,18,9,9,2-7-9-9,0.0,1.0,1,DRAW
1,18,9,9,2-8-8-8,0.0,1.0,2,DRAW
1,18,9,9,2-8-8-9,0.0,1.0,8,DRAW
1,18,9,9,2-8-9-10,0.0,1.0,1,DRAW
1,18,9,9,2-8-9-9,0.0,1.0,4,DRAW
1,18,9,9,2-9-9-10,0.0,1.0,1,DRAW
1,18,9,9,3-3-3-3,0.9427739445538449,0.05722605544615517,130,
1,18,9,9,3-3-3-4,0.2620943796476234,0.7379056203523766,1092,
1,18,9,9,3-3-3-5,0.004835589941972921,0.995164410058027,517,
1,18,9,9,3-3-3-6,0.0033783783783783786,0.9966216216216216,148,
1,18,9,9,3-3-3-7,0.18333333333333332,0.8166666666666667,30,
1,18,9,9,3-3-3-8,0.5,0.5,1,
1,18,9,9,3-3-4-4,0.007735107916131897,0.992264892083868,2204,
1,18,9,9,3-3-4-5,0.0006148170919151552,0.9993851829080849,3253,
1,18,9,9,3-3-4-6,0.002319109461966605,0.9976808905380334,1078,
1,18,9,9,3-3-4-7,0.040948275862068964,0.959051724137931,232,
1,18,9,9,3-3-4-8,0.029411764705882353,0.9705882352941176,34,
1,18,9,9,3-3-4-9,0.5,0.5,4,
1,18,9,9,3-3-5-5,0.001004016064257028,0.998995983935743,996,
1,18,9,9,3-3-5-6,0.001899335232668566,0.9981006647673314,1053,
1,18,9,9,3-3-5-7,0.17490160653770506,0.825098393462295,240,
1,18,9,9,3-3-5-8,0.013888888888888888,0.9861111111111112,36,
1,18,9,9,3-3-6-6,0.03484320557491289,0.9651567944250871,287,
1,18,9,9,3-3-6-7,0.02891156462585034,0.9710884353741497,294,
1,18,9,9,3-3-6-8,0.38461538461538464,0.6153846153846154,26,
1,18,9,9,3-3-6-9,0.5,0.5,4,
1,18,9,9,3-3-7-7,0.23469387755102042,0.7653061224489796,49,
1,18,9,9,3-3-7-8,0.3111111111111111,0.6888888888888889,45,
1,18,9,9,3-3-7-9,0.125,0.875,4,
1,18,9,9,3-3-8-8,0.5,0.5,3,
1,18,9,9,3-3-8-9,0.5,0.5,2,
1,18,9,9,3-4-4-4,0.006944444444444444,0.9930555555555556,1008,
1,18,9,9,3-4-4-5,0.0015206812652068127,0.9984793187347932,3288,
1,18,9,9,3-4-4-6,0.0035714285714285713,0.9964285714285714,980,
1,18,9,9,3-4-4-7,0.02681992337164751,0.9731800766283525,261,
1,18,9,9,3-4-4-8,0.2222222222222222,0.7777777777777778,27,
1,18,9,9,3-4-4-9,0.5,0.5,2,
1,18,9,9,3-4-5-5,0.0035783020035637892,0.9964216979964362,2683,
1,18,9,9,3-4-5-6,0.03944466770795158,0.9605553322920485,2755,
1,18,9,9,3-4-5-7,0.0007633587786259542,0.999236641221374,655,
1,18,9,9,3-4-5-8,0.08241758241758242,0.9175824175824175,91,
1,18,9,9,3-4-5-9,0.23076923076923078,0.7692307692307693,13,
1,18,9,9,3-4-6-10,0.5,0.5,1,
1,18,9,9,3-4-6-6,0.0006476683937823834,0.9993523316062176,772,
1,18,9,9,3-4-6-7,0.003115264797507788,0.9968847352024922,642,
1,18,9,9,3-4-6-8,0.06521739130434782,0.9347826086956522,92,
1,18,9,9,3-4-6-9,0.2222222222222222,0.7777777777777778,9,
1,18,9,9,3-4-7-7,0.12237762237762238,0.8776223776223776,143,
1,18,9,9,3-4-7-8,0.15591397849462366,0.8440860215053764,93,
1,18,9,9,3-4-7-9,0.5,0.5,8,
1,18,9,9,3-4-8-8,0.5,0.5,27,
1,18,9,9,3-4-8-9,0.5,0.5,7,
1,18,9,9,3-5-5-5,0.008928571428571428,0.9910714285714286,392,
1,18,9,9,3-5-5-6,0.004373177842565598,0.9956268221574344,1029,
1,18,9,9,3-5-5-7,0.19703389830508475,0.8029661016949152,236,
1,18,9,9,3-5-5-8,0.1111111111111111,0.8888888888888888,27,
1,18,9,9,3-5-5-9,0.5,0.5,2,
1,18,9,9,3-5-6-6,0.017928286852589643,0.9820717131474104,753,
1,18,9,9,3-5-6-7,0.03803486529318542,0.9619651347068146,631,
1,18,9,9,3-5-6-8,0.12658227848101267,0.8734177215189873,79,
1,18,9,9,3-5-6-9,0.5,0.5,14,
1,18,9,9,3-5-7-7,0.11538461538461539,0.8846153846153846,143,
1,18,9,9,3-5-7-8,0.08173076923076923,0.9182692307692307,104,
1,18,9,9,3-5-7-9,0.5,0.5,9,
1,18,9,9,3-5-8-8,0.4,0.6,15,
1,18,9,9,3-5-8-9,0.5,0.5,13,
1,18,9,9,3-5-9-9,0.0,1.0,2,DRAW
1,18,9,9,3-6-6-6,0.09174311926605505,0.908256880733945,109,
1,18,9,9,3-6-6-7,0.007281553398058253,0.9927184466019418,206,
1,18,9,9,3-6-6-8,0.016666666666666666,0.9833333333333333,30,
1,18,9,9,3-6-7-7,0.05384615384615385,0.9461538461538461,130,
1,18,9,9,3-6-7-8,0.022988505747126436,0.9770114942528736,87,
1,18,9,9,3-6-7-9,0.09090909090909091,0.9090909090909091,11,
1,18,9,9,3-6-8-8,0.5,0.5,17,
1,18,9,9,3-6-8-9,0.0,1.0,6,DRAW
1,18,9,9,3-6-9-10,0.0,1.0,1,DRAW
1,18,9,9,3-6-9-9,0.0,1.0,1,DRAW
1,18,9,9,3-7-10-10,0.0,1.0,1,DRAW
1,18,9,9,3-7-7-7,0.375,0.625,12,
1,18,9,9,3-7-7-8,0.21739130434782608,0.782608695652174,23,
1,18,9,9,3-7-7-9,0.0,1.0,1,DRAW
1,18,9,9,3-7-8-8,0.0,1.0,20,DRAW
1,18,9,9,3-7-8-9,0.0,1.0,9,DRAW
1,18,9,9,3-7-9-9,0.0,1.0,1,DRAW
1,18,9,9,3-8-8-8,0.0,1.0,3,DRAW
1,18,9,9,3-8-8-9,0.0,1.0,5,DRAW
1,18,9,9,3-8-9-9,0.0,1.0,1,DRAW
1,18,9,9,3-9-10-10,0.0,1.0,1,DRAW
1,18,9,9,4-4-4-4,0.038461538461538464,0.9615384615384616,39,
1,18,9,9,4-4-4-5,0.011627906976744186,0.9883720930232558,473,
1,18,9,9,4-4-4-6,0.022292993630573247,0.9777070063694268,157,
1,18,9,9,4-4-4-7,0.21153846153846154,0.7884615384615384,26,
1,18,9,9,4-4-4-8,0.3333333333333333,0.6666666666666666,6,
1,18,9,9,4-4-4-9,0.5,0.5,1,
1,18,9,9,4-4-5-5,0.023548740416210297,0.9764512595837898,913,
1,18,9,9,4-4-5-6,0.00448654037886341,0.9955134596211366,1003,
1,18,9,9,4-4-5-7,0.008733624454148471,0.9912663755458515,229,
1,18,9,9,4-4-5-8,0.5,0.5,17,
1,18,9,9,4-4-5-9,0.5,0.5,3,
1,18,9,9,4-4-6-6,0.006944444444444444,0.9930555555555556,288,
1,18,9,9,4-4-6-7,0.010775862068965518,0.9892241379310345,232,
1,18,9,9,4-4-6-8,0.3783783783783784,0.6216216216216216,37,
1,18,9,9,4-4-6-9,0.5,0.5,4,
1,18,9,9,4-4-7-7,0.12962962962962962,0.8703703703703703,54,
1,18,9,9,4-4-7-8,0.4423076923076923,0.5576923076923077,26,
1,18,9,9,4-4-7-9,0.5,0.5,4,
1,18,9,9,4-4-8-8,0.5,0.5,5,
1,18,9,9,4-4-8-9,0.5,0.5,5,
1,18,9,9,4-5-5-5,0.1023995740257102,0.8976004259742898,360,
1,18,9,9,4-5-5-6,0.003054989816700611,0.9969450101832994,982,
1,18,9,9,4-5-5-7,0.026455026455026454,0.9735449735449735,189,
1,18,9,9,4-5-5-8,0.25,0.75,24,
1,18,9,9,4-5-5-9,0.5,0.5,3,
1,18,9,9,4-5-6-6,0.11386861313868613,0.8861313868613139,685,
1,18,9,9,4-5-6-7,0.001669449081803005,0.998330550918197,599,
1,18,9,9,4-5-6-8,0.27439024390243905,0.725609756097561,82,
1,18,9,9,4-5-6-9,0.5,0.5,2,
1,18,9,9,4-5-7-10,0.0,1.0,1,DRAW
1,18,9,9,4-5-7-7,0.01744186046511628,0.9825581395348837,172,
1,18,9,9,4-5-7-8,0.010309278350515464,0.9896907216494846,97,
1,18,9,9,4-5-7-9,0.5,0.5,10,
1,18,9,9,4-5-8-8,0.28125,0.71875,16,
1,18,9,9,4-5-8-9,0.0,1.0,11,DRAW
1,18,9,9,4-5-9-9,0.0,1.0,3,DRAW
1,18,9,9,4-6-10-10,0.0,1.0,1,DRAW
1,18,9,9,4-6-6-6,0.05405405405405406,0.9459459459459459,111,
1,18,9,9,4-6-6-7,0.03571428571428571,0.9642857142857143,224,
1,18,9,9,4-6-6-8,0.5,0.5,28,
1,18,9,9,4-6-6-9,0.5,0.5,4,
1,18,9,9,4-6-7-7,0.24838709677419354,0.7516129032258064,155,
1,18,9,9,4-6-7-8,0.5,0.5,101,
1,18,9,9,4-6-7-9,0.0,1.0,9,DRAW
1,18,9,9,4-6-8-8,0.0,1.0,22,DRAW
1,18,9,9,4-6-8-9,0.0,1.0,6,DRAW
1,18,9,9,4-6-9-10,0.0,1.0,2,DRAW
1,18,9,9,4-6-9-9,0.0,1.0,4,DRAW
1,18,9,9,4-7-7-10,0.0,1.0,1,DRAW
1,18,9,9,4-7-7-7,0.03333333333333333,0.9666666666666667,15,
1,18,9,9,4-7-7-8,0.0,1.0,40,DRAW
1,18,9,9,4-7-7-9,0.0,1.0,6,DRAW
1,18,9,9,4-7-8-8,0.0,1.0,21,DRAW
1,18,9,9,4-7-8-9,0.0,1.0,6,DRAW
1,18,9,9,4-7-9-9,0.0,1.0,3,DRAW
1,18,9,9,4-8-8-10,0.0,1.0,1,DRAW
1,18,9,9,4-8-8-8,0.0,1.0,3,DRAW
1,18,9,9,4-8-8-9,0.0,1.0,3,DRAW
1,18,9,9,4-8-9-10,0.0,1.0,1,DRAW
1,18,9,9,4-8-9-9,0.0,1.0,1,DRAW
1,18,9,9,4-9-9-9,0.0,1.0,1,DRAW
1,18,9,9,5-5-5-5,0.3181818181818182,0.6818181818181818,11,
1,18,9,9,5-5-5-6,0.05905511811023622,0.9409448818897638,127,
1,18,9,9,5-5-5-7,0.40625,0.59375,32,
1,18,9,9,5-5-5-8,0.5,0.5,6,
1,18,9,9,5-5-5-9,0.5,0.5,1,
1,18,9,9,5-5-6-10,0.0,1.0,1,DRAW
1,18,9,9,5-5-6-6,0.008438818565400843,0.9915611814345991,237,
1,18,9,9,5-5-6-7,0.05172413793103448,0.9482758620689655,203,
1,18,9,9,5-5-6-8,0.5,0.5,40,
1,18,9,9,5-5-6-9,0.5,0.5,3,
1,18,9,9,5-5-7-7,0.05454545454545454,0.9454545454545454,55,
1,18,9,9,5-5-7-8,0.20833333333333334,0.7916666666666666,48,
1,18,9,9,5-5-7-9,0.0,1.0,2,DRAW
1,18,9,9,5-5-8-8,0.0,1.0,5,DRAW
1,18,9,9,5-5-8-9,0.0,1.0,3,DRAW
1,18,9,9,5-6-6-6,0.3253012048192771,0.6746987951807228,83,
1,18,9,9,5-6-6-7,0.028384279475982533,0.9716157205240175,229,
1,18,9,9,5-6-6-8,0.5,0.5,32,
1,18,9,9,5-6-6-9,0.0,1.0,3,DRAW
1,18,9,9,5-6-7-7,0.03305785123966942,0.9669421487603306,121,
1,18,9,9,5-6-7-8,0.0,1.0,107,DRAW
1,18,9,9,5-6-7-9,0.0,1.0,9,DRAW
1,18,9,9,5-6-8-8,0.0,1.0,25,DRAW
1,18,9,9,5-6-8-9,0.0,1.0,6,DRAW
1,18,9,9,5-6-9-10,0.0,1.0,1,DRAW
1,18,9,9,5-6-9-9,0.0,1.0,1,DRAW
1,18,9,9,5-7-7-7,0.0,1.0,24,DRAW
1,18,9,9,5-7-7-8,0.0,1.0,32,DRAW
1,18,9,9,5-7-7-9,0.0,1.0,3,DRAW
1,18,9,9,5-7-8-8,0.0,1.0,25,DRAW
1,18,9,9,5-7-8-9,0.0,1.0,9,DRAW
1,18,9,9,5-7-9-10,0.0,1.0,1,DRAW
1,18,9,9,5-8-8-8,0.0,1.0,3,DRAW
1,18,9,9,5-8-8-9,0.0,1.0,3,DRAW
1,18,9,9,5-8-9-9,0.0,1.0,3,DRAW
1,18,9,9,6-6-6-6,0.5,0.5,1,
1,18,9,9,6-6-6-7,0.06666666666666667,0.9333333333333333,45,
1,18,9,9,6-6-6-8,0.0,1.0,4,DRAW
1,18,9,9,6-6-6-9,0.0,1.0,1,DRAW
1,18,9,9,6-6-7-7,0.0,1.0,52,DRAW
1,18,9,9,6-6-7-8,0.0,1.0,42,DRAW
1,18,9,9,6-6-7-9,0.0,1.0,2,DRAW
1,18,9,9,6-6-8-8,0.0,1.0,7,DRAW
1,18,9,9,6-6-8-9,0.0,1.0,4,DRAW
1,18,9,9,6-6-9-9,0.0,1.0,1,DRAW
1,18,9,9,6-7-7-10,0.0,1.0,1,DRAW
1,18,9,9,6-7-7-7,0.0,1.0,21,DRAW
1,18,9,9,6-7-7-8,0.0,1.0,46,DRAW
1,18,9,9,6-7-7-9,0.0,1.0,3,DRAW
1,18,9,9,6-7-8-8,0.0,1.0,16,DRAW
1,18,9,9,6-7-8-9,0.0,1.0,13,DRAW
1,18,9,9,6-7-9-9,0.0,1.0,1,DRAW
1,18,9,9,6-8-8-8,0.0,1.0,1,DRAW
1,18,9,9,6-8-9-9,0.0,1.0,2,DRAW
1,18,9,9,7-7-7-7,0.0,1.0,2,DRAW
1,18,9,9,7-7-7-8,0.0,1.0,4,DRAW
1,18,9,9,7-7-7-9,0.0,1.0,2,DRAW
1,18,9,9,7-7-8-8,0.0,1.0,9,DRAW
1,18,9,9,7-7-8-9,0.0,1.0,2,DRAW
1,18,9,9,7-7-9-9,0.0,1.0,1,DRAW
1,18,9,9,7-8-8-8,0.0,1.0,2,DRAW
1,18,9,9,7-8-8-9,0.0,1.0,2,DRAW
1,18,9,9,8-8-8-9,0.0,1.0,1,DRAW
1,20,10,10,1-1-1-1,1.0,0.0,40,STOP
1,20,10,10,1-1-1-2,1.0,0.0,2459,STOP
1,20,10,10,1-1-1-3,1.0,0.0,996,STOP
1,20,10,10,1-1-1-4,0.9121594865100084,0.08784051348999156,1149,
1,20,10,10,1-1-1-5,0.005089058524173028,0.9949109414758269,393,
1,20,10,10,1-1-1-6,0.7992957746478874,0.2007042253521127,71,
1,20,10,10,1-1-1-7,0.2692307692307692,0.7307692307692307,13,
1,20,10,10,1-1-1-8,0.5,0.5,1,
1,20,10,10,1-1-2-2,0.9981283422459893,0.0018716577540106951,16830,
1,20,10,10,1-1-2-3,0.9970054678556258,0.0029945321443742134,19183,
1,20,10,10,1-1-2-4,0.0006927824663055801,0.9993072175336944,7939,
1,20,10,10,1-1-2-5,0.0010407374368123698,0.9989592625631877,3363,
1,20,10,10,1-1-2-6,0.06479131502037005,0.9352086849796301,863,
1,20,10,10,1-1-2-7,0.08132309941520467,0.9186769005847953,152,
1,20,10,10,1-1-2-8,0.23529411764705882,0.7647058823529411,17,
1,20,10,10,1-1-3-3,0.9888047103639078,0.011195289636092301,5591,
1,20,10,10,1-1-3-4,0.0017623461598379815,0.998237653840162,7336,
1,20,10,10,1-1-3-5,0.0003076923076923077,0.9996923076923077,3250,
1,20,10,10,1-1-3-6,0.010853658536585367,0.9891463414634146,820,
1,20,10,10,1-1-3-7,0.04054054054054054,0.9594594594594594,148,
1,20,10,10,1-1-3-8,0.027777777777777776,0.9722222222222222,18,
1,20,10,10,1-1-4-4,0.0005793742757821553,0.9994206257242179,2589,
1,20,10,10,1-1-4-5,0.0026698309107089885,0.9973301690892911,3371,
1,20,10,10,1-1-4-6,0.002285714285714286,0.9977142857142857,875,
1,20,10,10,1-1-4-7,0.007246376811594203,0.9927536231884058,138,
1,20,10,10,1-1-4-8,0.1875,0.8125,16,
1,20,10,10,1-1-4-9,0.5,0.5,1,
1,20,10,10,1-1-5-5,0.0016042780748663102,0.9983957219251337,935,
1,20,10,10,1-1-5-6,0.0005767012687427913,0.9994232987312572,867,
1,20,10,10,1-1-5-7,0.006134969325153374,0.9938650306748467,163,
1,20,10,10,1-1-5-8,0.03571428571428571,0.9642857142857143,14,
1,20,10,10,1-1-6-6,0.0024390243902439024,0.9975609756097561,205,
1,20,10,10,1-1-6-7,0.003048780487804878,0.9969512195121951,164,
1,20,10,10,1-1-6-8,0.027777777777777776,0.9722222222222222,18,
1,20,10,10,1-1-6-9,0.5,0.5,1,
1,20,10,10,1-1-7-7,0.21951219512195122,0.7804878048780488,41,
1,20,10,10,1-1-7-8,0.058823529411764705,0.9411764705882353,17,
1,20,10,10,1-1-8-8,0.5,0.5,1,
1,20,10,10,1-1-9-9,0.5,0.5,1,
1,20,10,10,1-2-2-2,0.9941358024691358,0.0058641975308642,6480,
1,20,10,10,1-2-2-3,0.9998411774048388,0.00015882259516120494,18889,
1,20,10,10,1-2-2-4,0.0012753068025745434,0.9987246931974255,6211,
1,20,10,10,1-2-2-5,0.0025686474794207772,0.9974313525205791,3026,
1,20,10,10,1-2-2-6,0.010107260726072608,0.9898927392739274,808,
1,20,10,10,1-2-2-7,0.015384615384615385,0.9846153846153847,130,
1,20,10,10,1-2-2-8,0.34615384615384615,0.6538461538461539,13,
1,20,10,10,1-2-3-3,0.9846217253774058,0.015378274622594201,14742,
1,20,10,10,1-2-3-4,0.0009422110552763819,0.9990577889447236,16716,
1,20,10,10,1-2-3-5,0.000241196333815726,0.9997588036661843,8292,
1,20,10,10,1-2-3-6,0.001128158844765343,0.9988718411552346,2216,
1,20,10,10,1-2-3-7,0.01555023923444976,0.9844497607655502,418,
1,20,10,10,1-2-3-8,0.022222222222222223,0.9777777777777777,45,
1,20,10,10,1-2-3-9,0.08333333333333333,0.9166666666666666,6,
1,20,10,10,1-2-4-4,0.0001701258931609391,0.9998298741068391,5878,
1,20,10,10,1-2-4-5,0.0019419011299931458,0.9980580988700068,8129,
1,20,10,10,1-2-4-6,0.0011568718186024988,0.9988431281813975,2161,
1,20,10,10,1-2-4-7,0.005277044854881266,0.9947229551451188,379,
1,20,10,10,1-2-4-8,0.36,0.64,25,
1,20,10,10,1-2-4-9,0.5,0.5,1,
1,20,10,10,1-2-5-5,0.0021204410517387615,0.9978795589482612,2358,
1,20,10,10,1-2-5-6,0.00046904315196998124,0.9995309568480301,2132,
1,20,10,10,1-2-5-7,0.01338199513381995,0.98661800486618,411,
1,20,10,10,1-2-5-8,0.029411764705882353,0.9705882352941176,34,
1,20,10,10,1-2-5-9,0.5,0.5,1,
1,20,10,10,1-2-6-6,0.0029069767441860465,0.997093023255814,516,
1,20,10,10,1-2-6-7,0.015384615384615385,0.9846153846153847,390,
1,20,10,10,1-2-6-8,0.14634146341463414,0.8536585365853658,41,
1,20,10,10,1-2-6-9,0.5,0.5,4,
1,20,10,10,1-2-7-7,0.0048543689320388345,0.9951456310679612,103,
1,20,10,10,1-2-7-8,0.012195121951219513,0.9878048780487805,41,
1,20,10,10,1-2-7-9,0.5,0.5,1,
1,20,10,10,1-2-8-8,0.08333333333333333,0.9166666666666666,6,
1,20,10,10,1-2-8-9,0.5,0.5,1,
1,20,10,10,1-3-3-3,0.9742737504311088,0.025726249568891246,2119,
1,20,10,10,1-3-3-4,0.00030358227079538557,0.9996964177292046,6588,
1,20,10,10,1-3-3-5,0.0001670564650851988,0.9998329435349148,2993,
1,20,10,10,1-3-3-6,0.0006345177664974619,0.9993654822335025,788,
1,20,10,10,1-3-3-7,0.008064516129032258,0.9919354838709677,124,
1,20,10,10,1-3-3-8,0.5,0.5,11,
1,20,10,10,1-3-3-9,0.5,0.5,1,
1,20,10,10,1-3-4-4,0.0030328559393428814,0.9969671440606571,5935,
1,20,10,10,1-3-4-5,0.0003672869735553379,0.9996327130264446,8168,
1,20,10,10,1-3-4-6,0.0004610419548178884,0.9995389580451821,2169,
1,20,10,10,1-3-4-7,0.0028089887640449437,0.9971910112359551,356,
1,20,10,10,1-3-4-8,0.453125,0.546875,32,
1,20,10,10,1-3-4-9,0.5,0.5,1,
1,20,10,10,1-3-5-5,0.0006454388984509467,0.9993545611015491,2324,
1,20,10,10,1-3-5-6,0.00023386342376052386,0.9997661365762395,2138,
1,20,10,10,1-3-5-7,0.003816793893129771,0.9961832061068703,393,
1,20,10,10,1-3-5-8,0.21794871794871795,0.782051282051282,39,
1,20,10,10,1-3-5-9,0.5,0.5,2,
1,20,10,10,1-3-6-6,0.11319109797489435,0.8868089020251056,594,
1,20,10,10,1-3-6-7,0.0024330900243309003,0.9975669099756691,411,
1,20,10,10,1-3-6-8,0.06862745098039216,0.9313725490196079,51,
1,20,10,10,1-3-7-7,0.007246376811594203,0.9927536231884058,69,
1,20,10,10,1-3-7-8,0.11538461538461539,0.8846153846153846,39,
1,20,10,10,1-3-7-9,0.1,0.9,5,
1,20,10,10,1-3-8-8,0.10714285714285714,0.8928571428571429,14,
1,20,10,10,1-3-8-9,0.5,0.5,2,
1,20,10,10,1-4-4-4,0.031183294983228145,0.9688167050167719,728,
1,20,10,10,1-4-4-5,0.00017611835153222966,0.9998238816484678,2839,
1,20,10,10,1-4-4-6,0.003931847968545216,0.9960681520314548,763,
1,20,10,10,1-4-4-7,0.008620689655172414,0.9913793103448276,116,
1,20,10,10,1-4-4-8,0.125,0.875,4,
1,20,10,10,1-4-4-9,0.5,0.5,1,
1,20,10,10,1-4-5-5,0.0004297378599054577,0.9995702621400946,2327,
1,20,10,10,1-4-5-6,0.004220456802383317,0.9957795431976166,2014,
1,20,10,10,1-4-5-7,0.018361581920903956,0.981638418079096,354,
1,20,10,10,1-4-5-8,0.2702702702702703,0.7297297297297297,37,
1,20,10,10,1-4-5-9,0.5,0.5,3,
1,20,10,10,1-4-6-6,0.02257036643653745,0.9774296335634626,538,
1,20,10,10,1-4-6-7,0.029891304347826088,0.970108695652174,368,
1,20,10,10,1-4-6-8,0.29069767441860467,0.7093023255813954,43,
1,20,10,10,1-4-6-9,0.5,0.5,5,
1,20,10,10,1-4-7-7,0.04081632653061224,0.9591836734693877,98,
1,20,10,10,1-4-7-8,0.47560975609756095,0.524390243902439,41,
1,20,10,10,1-4-7-9,0.5,0.5,1,
1,20,10,10,1-4-8-8,0.3,0.7,5,
1,20,10,10,1-4-8-9,0.5,0.5,3,
1,20,10,10,1-5-5-5,0.0033222591362126247,0.9966777408637874,301,
1,20,10,10,1-5-5-6,0.0048209366391184574,0.9951790633608816,726,
1,20,10,10,1-5-5-7,0.0070921985815602835,0.9929078014184397,141,
1,20,10,10,1-5-5-8,0.45,0.55,10,
1,20,10,10,1-5-6-6,0.0009560229445506692,0.9990439770554493,523,
1,20,10,10,1-5-6-7,0.0013404825737265416,0.9986595174262735,373,
1,20,10,10,1-5-6-8,0.10714285714285714,0.8928571428571429,42,
1,20,10,10,1-5-6-9,0.5,0.5,3,
1,20,10,10,1-5-7-7,0.05555555555555555,0.9444444444444444,90,
1,20,10,10,1-5-7-8,0.010416666666666666,0.9895833333333334,48,
1,20,10,10,1-5-7-9,0.5,0.5,3,
1,20,10,10,1-5-8-8,0.1,0.9,5,
1,20,10,10,1-5-8-9,0.5,0.5,2,
1,20,10,10,1-6-6-6,0.06329113924050633,0.9367088607594937,79,
1,20,10,10,1-6-6-7,0.027131782945736434,0.9728682170542635,129,
1,20,10,10,1-6-6-8,0.15384615384615385,0.8461538461538461,13,
1,20,10,10,1-6-7-7,0.17857142857142858,0.8214285714285714,70,
1,20,10,10,1-6-7-8,0.125,0.875,48,
1,20,10,10,1-6-7-9,0.5,0.5,1,
1,20,10,10,1-6-8-8,0.5,0.5,4,
1,20,10,10,1-6-8-9,0.5,0.5,2,
1,20,10,10,1-7-7-7,0.5,0.5,14,
1,20,10,10,1-7-7-8,0.1,0.9,10,
1,20,10,10,1-7-7-9,0.5,0.5,1,
1,20,10,10,1-7-8-8,0.5,0.5,7,
1,20,10,10,1-7-9-9,0.0,1.0,1,DRAW
1,20,10,10,1-8-8-8,0.5,0.5,1,
1,20,10,10,2-2-2-2,0.9542695751873626,0.04573042481263742,384,
1,20,10,10,2-2-2-3,0.9849034528416593,0.015096547158340738,3113,
1,20,10,10,2-2-2-4,0.04697817328381715,0.9530218267161829,954,
1,20,10,10,2-2-2-5,0.04121625265547807,0.9587837473445219,378,
1,20,10,10,2-2-2-6,0.16394242516899976,0.8360575748310003,98,
1,20,10,10,2-2-2-7,0.1388888888888889,0.8611111111111112,18,
1,20,10,10,2-2-2-8,0.5,0.5,1,
1,20,10,10,2-2-3-3,0.9446413478798142,0.05535865212018576,5493,
1,20,10,10,2-2-3-4,0.023436070407982068,0.976563929592018,6292,
1,20,10,10,2-2-3-5,0.008518229249683871,0.9914817707503161,2964,
1,20,10,10,2-2-3-6,0.001326259946949602,0.9986737400530504,754,
1,20,10,10,2-2-3-7,0.014492753623188406,0.9855072463768116,138,
1,20,10,10,2-2-3-8,0.07142857142857142,0.9285714285714286,14,
1,20,10,10,2-2-3-9,0.5,0.5,1,
1,20,10,10,2-2-4-4,0.008653568236212883,0.9913464317637871,2037,
1,20,10,10,2-2-4-5,0.00018129079042784627,0.9998187092095722,2758,
1,20,10,10,2-2-4-6,0.0027624309392265192,0.9972375690607734,724,
1,20,10,10,2-2-4-7,0.031007751937984496,0.9689922480620154,129,
1,20,10,10,2-2-4-8,0.038461538461538464,0.9615384615384616,13,
1,20,10,10,2-2-4-9,0.25,0.75,2,
1,20,10,10,2-2-5-5,0.0006561679790026247,0.9993438320209974,762,
1,20,10,10,2-2-5-6,0.0013386880856760374,0.998661311914324,747,
1,20,10,10,2-2-5-7,0.023622047244094488,0.9763779527559056,127,
1,20,10,10,2-2-5-8,0.5,0.5,9,
1,20,10,10,2-2-5-9,0.5,0.5,1,
1,20,10,10,2-2-6-6,0.028205128205128206,0.9717948717948718,195,
1,20,10,10,2-2-6-7,0.12408759124087591,0.8759124087591241,137,
1,20,10,10,2-2-6-8,0.1875,0.8125,8,
1,20,10,10,2-2-7-7,0.5,0.5,16,
1,20,10,10,2-2-7-8,0.1111111111111111,0.8888888888888888,18,
1,20,10,10,2-2-8-8,0.5,0.5,4,
1,20,10,10,2-3-3-3,0.9388804887980107,0.061119511201989433,2254,
1,20,10,10,2-3-3-4,0.017386157759520696,0.9826138422404793,6448,
1,20,10,10,2-3-3-5,0.0019966722129783694,0.9980033277870216,3005,
1,20,10,10,2-3-3-6,0.005089058524173028,0.9949109414758269,786,
1,20,10,10,2-3-3-7,0.22727272727272727,0.7727272727272727,154,
1,20,10,10,2-3-3-8,0.0625,0.9375,24,
1,20,10,10,2-3-3-9,0.5,0.5,2,
1,20,10,10,2-3-4-4,0.000354421407052986,0.999645578592947,5643,
1,20,10,10,2-3-4-5,0.00038236043843996943,0.99961763956156,7846,
1,20,10,10,2-3-4-6,0.004545454545454545,0.9954545454545455,2090,
1,20,10,10,2-3-4-7,0.029329608938547486,0.9706703910614525,358,
1,20,10,10,2-3-4-8,0.17142857142857143,0.8285714285714286,35,
1,20,10,10,2-3-4-9,0.5,0.5,1,
1,20,10,10,2-3-5-5,0.0033362989323843417,0.9966637010676157,2248,
1,20,10,10,2-3-5-6,0.0024582104228121925,0.9975417895771878,2034,
1,20,10,10,2-3-5-7,0.0113314447592068,0.9886685552407932,353,
1,20,10,10,2-3-5-8,0.3387096774193548,0.6612903225806451,31,
1,20,10,10,2-3-5-9,0.5,0.5,2,
1,20,10,10,2-3-6-6,0.005703422053231939,0.9942965779467681,526,
1,20,10,10,2-3-6-7,0.03058103975535168,0.9694189602446484,327,
1,20,10,10,2-3-6-8,0.036585365853658534,0.9634146341463414,41,
1,20,10,10,2-3-6-9,0.5,0.5,3,
1,20,10,10,2-3-7-7,0.13253012048192772,0.8674698795180723,83,
1,20,10,10,2-3-7-8,0.05952380952380952,0.9404761904761905,42,
1,20,10,10,2-3-7-9,0.5,0.5,1,
1,20,10,10,2-3-8-8,0.5,0.5,6,
1,20,10,10,2-3-8-9,0.5,0.5,1,
1,20,10,10,2-4-4-4,0.0261579073674106,0.9738420926325895,926,
1,20,10,10,2-4-4-5,0.0035790980672870437,0.9964209019327129,2794,
1,20,10,10,2-4-4-6,0.0006640106241699867,0.99933598937583,753,
1,20,10,10,2-4-4-7,0.06086956521739131,0.9391304347826087,115,
1,20,10,10,2-4-4-8,0.06666666666666667,0.9333333333333333,15,
1,20,10,10,2-4-4-9,0.5,0.5,1,
1,20,10,10,2-4-5-5,0.002840909090909091,0.9971590909090909,2112,
1,20,10,10,2-4-5-6,0.0007556675062972292,0.9992443324937028,1985,
1,20,10,10,2-4-5-7,0.03443526170798898,0.9655647382920111,363,
1,20,10,10,2-4-5-8,0.3548387096774194,0.6451612903225806,31,
1,20,10,10,2-4-5-9,0.5,0.5,3,
1,20,10,10,2-4-6-6,0.005411255411255411,0.9945887445887446,462,
1,20,10,10,2-4-6-7,0.04434250764525994,0.9556574923547401,327,
1,20,10,10,2-4-6-8,0.016666666666666666,0.9833333333333333,30,
1,20,10,10,2-4-6-9,0.5,0.5,3,
1,20,10,10,2-4-7-7,0.08333333333333333,0.9166666666666666,72,
1,20,10,10,2-4-7-8,0.041666666666666664,0.9583333333333334,36,
1,20,10,10,2-4-7-9,0.5,0.5,4,
1,20,10,10,2-4-8-8,0.5,0.5,4,
1,20,10,10,2-4-8-9,0.5,0.5,4,
1,20,10,10,2-5-5-5,0.0033333333333333335,0.9966666666666667,300,
1,20,10,10,2-5-5-6,0.0027739251040221915,0.9972260748959778,721,
1,20,10,10,2-5-5-7,0.012096774193548387,0.9879032258064516,124,
1,20,10,10,2-5-5-8,0.045454545454545456,0.9545454545454546,11,
1,20,10,10,2-5-6-6,0.039805825242718446,0.9601941747572815,515,
1,20,10,10,2-5-6-7,0.0196078431372549,0.9803921568627451,306,
1,20,10,10,2-5-6-8,0.17857142857142858,0.8214285714285714,42,
1,20,10,10,2-5-6-9,0.5,0.5,2,
1,20,10,10,2-5-7-7,0.00625,0.99375,80,
1,20,10,10,2-5-7-8,0.2682926829268293,0.7317073170731707,41,
1,20,10,10,2-5-7-9,0.5,0.5,2,
1,20,10,10,2-5-8-8,0.5,0.5,5,
1,20,10,10,2-5-8-9,0.5,0.5,3,
1,20,10,10,2-6-6-6,0.12264150943396226,0.8773584905660378,53,
1,20,10,10,2-6-6-7,0.05555555555555555,0.9444444444444444,126,
1,20,10,10,2-6-6-8,0.5,0.5,10,
1,20,10,10,2-6-7-7,0.0125,0.9875,80,
1,20,10,10,2-6-7-8,0.04411764705882353,0.9558823529411765,34,
1,20,10,10,2-6-7-9,0.3333333333333333,0.6666666666666666,3,
1,20,10,10,2-6-8-8,0.5,0.5,7,
1,20,10,10,2-6-8-9,0.5,0.5,3,
1,20,10,10,2-6-9-9,0.0,1.0,1,DRAW
1,20,10,10,2-7-7-7,0.5,0.5,12,
1,20,10,10,2-7-7-8,0.5,0.5,14,
1,20,10,10,2-7-8-8,0.5,0.5,11,
1,20,10,10,2-7-8-9,0.0,1.0,7,DRAW
1,20,10,10,2-7-9-9,0.0,1.0,1,DRAW
1,20,10,10,2-8-8-8,0.0,1.0,1,DRAW
1,20,10,10,2-8-8-9,0.0,1.0,1,DRAW
1,20,10,10,2-8-9-9,0.0,1.0,1,DRAW
1,20,10,10,3-3-3-3,0.9291116808471437,0.07088831915285636,114,
1,20,10,10,3-3-3-4,0.0043859649122807015,0.9956140350877193,1140,
1,20,10,10,3-3-3-5,0.013983421570757045,0.9860165784292431,444,
1,20,10,10,3-3-3-6,0.02318840579710145,0.9768115942028985,115,
1,20,10,10,3-3-3-7,0.21428571428571427,0.7857142857142857,14,
1,20,10,10,3-3-3-8,0.5,0.5,1,
1,20,10,10,3-3-4-4,0.002020655590480467,0.9979793444095195,2227,
1,20,10,10,3-3-4-5,0.0005315379163713678,0.9994684620836286,2822,
1,20,10,10,3-3-4-6,0.021970705725699067,0.978029294274301,751,
1,20,10,10,3-3-4-7,0.038135593220338986,0.961864406779661,118,
1,20,10,10,3-3-4-8,0.5,0.5,7,
1,20,10,10,3-3-4-9,0.5,0.5,1,
1,20,10,10,3-3-5-5,0.007701421800947867,0.9922985781990521,844,
1,20,10,10,3-3-5-6,0.002840909090909091,0.9971590909090909,704,
1,20,10,10,3-3-5-7,0.004201680672268907,0.9957983193277311,119,
1,20,10,10,3-3-5-8,0.5,0.5,16,
1,20,10,10,3-3-6-6,0.0078125,0.9921875,192,
1,20,10,10,3-3-6-7,0.06804733727810651,0.9319526627218935,169,
1,20,10,10,3-3-6-8,0.5,0.5,4,
1,20,10,10,3-3-6-9,0.5,0.5,3,
1,20,10,10,3-3-7-7,0.34375,0.65625,16,
1,20,10,10,3-3-7-8,0.29411764705882354,0.7058823529411765,17,
1,20,10,10,3-3-8-8,0.5,0.5,4,
1,20,10,10,3-4-4-4,0.006550218340611353,0.9934497816593887,916,
1,20,10,10,3-4-4-5,0.012658227848101266,0.9873417721518988,2844,
1,20,10,10,3-4-4-6,0.003692762186115214,0.9963072378138847,677,
1,20,10,10,3-4-4-7,0.2320985894827706,0.7679014105172295,152,
1,20,10,10,3-4-4-8,0.5,0.5,7,
1,20,10,10,3-4-5-5,0.0011574074074074073,0.9988425925925926,2160,
1,20,10,10,3-4-5-6,0.009926731886784562,0.9900732681132155,1876,
1,20,10,10,3-4-5-7,0.05181347150259067,0.9481865284974094,386,
1,20,10,10,3-4-5-8,0.5,0.5,36,
1,20,10,10,3-4-5-9,0.5,0.5,2,
1,20,10,10,3-4-6-6,0.0029239766081871343,0.9970760233918129,513,
1,20,10,10,3-4-6-7,0.031767955801104975,0.9682320441988951,362,
1,20,10,10,3-4-6-8,0.359375,0.640625,32,
1,20,10,10,3-4-6-9,0.5,0.5,3,
1,20,10,10,3-4-7-7,0.07575757575757576,0.9242424242424242,66,
1,20,10,10,3-4-7-8,0.19607843137254902,0.803921568627451,51,
1,20,10,10,3-4-7-9,0.5,0.5,3,
1,20,10,10,3-4-8-8,0.5,0.5,6,
1,20,10,10,3-4-8-9,0.5,0.5,2,
1,20,10,10,3-5-5-5,0.005067567567567568,0.9949324324324325,296,
1,20,10,10,3-5-5-6,0.023054755043227664,0.9769452449567724,694,
1,20,10,10,3-5-5-7,0.1774193548387097,0.8225806451612904,124,
1,20,10,10,3-5-5-8,0.5,0.5,15,
1,20,10,10,3-5-6-6,0.012357414448669201,0.9876425855513308,526,
1,20,10,10,3-5-6-7,0.03529411764705882,0.9647058823529412,340,
1,20,10,10,3-5-6-8,0.5,0.5,34,
1,20,10,10,3-5-6-9,0.5,0.5,2,
1,20,10,10,3-5-7-7,0.1506849315068493,0.8493150684931506,73,
1,20,10,10,3-5-7-8,0.0375,0.9625,40,
1,20,10,10,3-5-7-9,0.5,0.5,2,
1,20,10,10,3-5-8-8,0.5,0.5,3,
1,20,10,10,3-5-8-9,0.5,0.5,1,
1,20,10,10,3-5-9-10,0.0,1.0,1,DRAW
1,20,10,10,3-5-9-9,0.0,1.0,1,DRAW
1,20,10,10,3-6-6-6,0.43333333333333335,0.5666666666666667,45,
1,20,10,10,3-6-6-7,0.013392857142857142,0.9866071428571429,112,
1,20,10,10,3-6-6-8,0.5,0.5,16,
1,20,10,10,3-6-7-7,0.04794520547945205,0.952054794520548,73,
1,20,10,10,3-6-7-8,0.05813953488372093,0.9418604651162791,43,
1,20,10,10,3-6-7-9,0.375,0.625,4,
1,20,10,10,3-6-8-8,0.5,0.5,4,
1,20,10,10,3-7-7-7,0.5,0.5,4,
1,20,10,10,3-7-7-8,0.5,0.5,8,
1,20,10,10,3-7-8-8,0.0,1.0,5,DRAW
1,20,10,10,3-7-8-9,0.0,1.0,1,DRAW
1,20,10,10,3-7-9-10,0.0,1.0,1,DRAW
1,20,10,10,3-8-8-8,0.0,1.0,2,DRAW
1,20,10,10,3-8-8-9,0.0,1.0,1,DRAW
1,20,10,10,4-4-4-4,0.04054054054054054,0.9594594594594594,37,
1,20,10,10,4-4-4-5,0.013888888888888888,0.9861111111111112,432,
1,20,10,10,4-4-4-6,0.014150943396226415,0.9858490566037735,106,
1,20,10,10,4-4-4-7,0.23076923076923078,0.7692307692307693,13,
1,20,10,10,4-4-4-8,0.16666666666666666,0.8333333333333334,3,
1,20,10,10,4-4-5-5,0.008287292817679558,0.9917127071823204,724,
1,20,10,10,4-4-5-6,0.015082956259426848,0.9849170437405732,663,
1,20,10,10,4-4-5-7,0.026785714285714284,0.9732142857142857,112,
1,20,10,10,4-4-5-8,0.5,0.5,5,
1,20,10,10,4-4-5-9,0.5,0.5,1,
1,20,10,10,4-4-6-10,0.5,0.5,1,
1,20,10,10,4-4-6-6,0.07368421052631578,0.9263157894736842,190,
1,20,10,10,4-4-6-7,0.038461538461538464,0.9615384615384616,104,
1,20,10,10,4-4-6-8,0.5,0.5,9,
1,20,10,10,4-4-6-9,0.5,0.5,1,
1,20,10,10,4-4-7-7,0.078125,0.921875,32,
1,20,10,10,4-4-7-8,0.5,0.5,10,
1,20,10,10,4-4-8-8,0.5,0.5,4,
1,20,10,10,4-5-5-5,0.020522388059701493,0.9794776119402985,268,
1,20,10,10,4-5-5-6,0.00303951367781155,0.9969604863221885,658,
1,20,10,10,4-5-5-7,0.09821428571428571,0.9017857142857143,112,
1,20,10,10,4-5-5-8,0.5,0.5,9,
1,20,10,10,4-5-5-9,0.5,0.5,2,
1,20,10,10,4-5-6-6,0.09975669099756691,0.9002433090024331,411,
1,20,10,10,4-5-6-7,0.012465373961218837,0.9875346260387812,361,
1,20,10,10,4-5-6-8,0.4838709677419355,0.5161290322580645,31,
1,20,10,10,4-5-6-9,0.5,0.5,3,
1,20,10,10,4-5-7-7,0.2727272727272727,0.7272727272727273,88,
1,20,10,10,4-5-7-8,0.012195121951219513,0.9878048780487805,41,
1,20,10,10,4-5-7-9,0.5,0.5,3,
1,20,10,10,4-5-8-8,0.2857142857142857,0.7142857142857143,7,
1,20,10,10,4-5-8-9,0.0,1.0,3,DRAW
1,20,10,10,4-6-6-6,0.0390625,0.9609375,64,
1,20,10,10,4-6-6-7,0.05405405405405406,0.9459459459459459,111,
1,20,10,10,4-6-6-8,0.5,0.5,8,
1,20,10,10,4-6-6-9,0.5,0.5,1,
1,20,10,10,4-6-7-7,0.2196969696969697,0.7803030303030303,66,
1,20,10,10,4-6-7-8,0.5,0.5,26,
1,20,10,10,4-6-7-9,0.0,1.0,6,DRAW
1,20,10,10,4-6-8-8,0.0,1.0,10,DRAW
1,20,10,10,4-6-8-9,0.0,1.0,4,DRAW
1,20,10,10,4-6-9-10,0.0,1.0,1,DRAW
1,20,10,10,4-7-7-7,0.5,0.5,5,
1,20,10,10,4-7-7-8,0.0,1.0,20,DRAW
1,20,10,10,4-7-7-9,0.0,1.0,1,DRAW
1,20,10,10,4-7-8-8,0.0,1.0,6,DRAW
1,20,10,10,4-7-8-9,0.0,1.0,3,DRAW
1,20,10,10,4-8-8-9,0.0,1.0,1,DRAW
1,20,10,10,4-9-9-9,0.0,1.0,1,DRAW
1,20,10,10,5-5-5-5,0.5,0.5,9,
1,20,10,10,5-5-5-6,0.11688311688311688,0.8831168831168831,77,
1,20,10,10,5-5-5-7,0.3125,0.6875,16,
1,20,10,10,5-5-6-6,0.00949367088607595,0.990506329113924,158,
1,20,10,10,5-5-6-7,0.39344262295081966,0.6065573770491803,122,
1,20,10,10,5-5-6-8,0.5,0.5,10,
1,20,10,10,5-5-7-7,0.5,0.5,27,
1,20,10,10,5-5-7-8,0.18181818181818182,0.8181818181818182,22,
1,20,10,10,5-5-7-9,0.0,1.0,2,DRAW
1,20,10,10,5-5-8-8,0.0,1.0,2,DRAW
1,20,10,10,5-6-6-6,0.32954545454545453,0.6704545454545454,44,
1,20,10,10,5-6-6-7,0.29411764705882354,0.7058823529411765,119,
1,20,10,10,5-6-6-8,0.5,0.5,11,
1,20,10,10,5-6-7-7,0.44642857142857145,0.5535714285714286,56,
1,20,10,10,5-6-7-8,0.0,1.0,46,DRAW
1,20,10,10,5-6-7-9,0.0,1.0,4,DRAW
1,20,10,10,5-6-8-8,0.0,1.0,10,DRAW
1,20,10,10,5-6-8-9,0.0,1.0,2,DRAW
1,20,10,10,5-7-7-7,0.0,1.0,15,DRAW
1,20,10,10,5-7-7-8,0.0,1.0,14,DRAW
1,20,10,10,5-7-7-9,0.0,1.0,1,DRAW
1,20,10,10,5-7-8-8,0.0,1.0,10,DRAW
1,20,10,10,5-7-8-9,0.0,1.0,1,DRAW
1,20,10,10,5-8-8-8,0.0,1.0,2,DRAW
1,20,10,10,5-8-8-9,0.0,1.0,1,DRAW
1,20,10,10,5-8-9-9,0.0,1.0,1,DRAW
1,20,10,10,6-6-6-6,0.5,0.5,1,
1,20,10,10,6-6-6-7,0.5,0.5,25,
1,20,10,10,6-6-6-8,0.0,1.0,3,DRAW
1,20,10,10,6-6-6-9,0.0,1.0,1,DRAW
1,20,10,10,6-6-7-7,0.0,1.0,24,DRAW
1,20,10,10,6-6-7-8,0.0,1.0,18,DRAW
1,20,10,10,6-6-8-8,0.0,1.0,4,DRAW
1,20,10,10,6-6-8-9,0.0,1.0,1,DRAW
1,20,10,10,6-7-7-7,0.0,1.0,11,DRAW
1,20,10,10,6-7-7-8,0.0,1.0,16,DRAW
1,20,10,10,6-7-7-9,0.0,1.0,2,DRAW
1,20,10,10,6-7-8-8,0.0,1.0,5,DRAW
1,20,10,10,6-7-8-9,0.0,1.0,4,DRAW
1,20,10,10,6-8-9-9,0.0,1.0,1,DRAW
1,20,10,10,7-7-7-7,0.0,1.0,2,DRAW
1,20,10,10,7-7-7-8,0.0,1.0,1,DRAW
1,20,10,10,7-7-8-8,0.0,1.0,2,DRAW
1,20,10,10,7-8-8-9,0.0,1.0,2,DRAW
1,22,11,11,1-1-1-1,1.0,0.0,34,STOP
1,22,11,11,1-1-1-2,1.0,0.0,2626,STOP
1,22,11,11,1-1-1-3,1.0,0.0,1015,STOP
1,22,11,11,1-1-1-4,0.24339882664088625,0.7566011733591138,913,
1,22,11,11,1-1-1-5,0.12259440481486375,0.8774055951851363,350,
1,22,11,11,1-1-1-6,0.16666666666666666,0.8333333333333334,42,
1,22,11,11,1-1-1-7,0.16666666666666666,0.8333333333333334,6,
1,22,11,11,1-1-2-2,0.8962183131013073,0.10378168689869269,19944,
1,22,11,11,1-1-2-3,0.992243422849339,0.007756577150660946,20631,
1,22,11,11,1-1-2-4,0.04802665967917259,0.9519733403208275,8192,
1,22,11,11,1-1-2-5,0.0010630758327427356,0.9989369241672572,2822,
1,22,11,11,1-1-2-6,0.0018050541516245488,0.9981949458483754,554,
1,22,11,11,1-1-2-7,0.013953488372093023,0.9860465116279069,86,
1,22,11,11,1-1-2-8,0.9285714285714286,0.07142857142857142,7,
1,22,11,11,1-1-3-3,0.9934216530982153,0.006578346901784621,5877,
1,22,11,11,1-1-3-4,0.00012938284383490748,0.9998706171561651,7729,
1,22,11,11,1-1-3-5,0.0005430847212165098,0.9994569152787834,2762,
1,22,11,11,1-1-3-6,0.0008741258741258741,0.9991258741258742,572,
1,22,11,11,1-1-3-7,0.019736842105263157,0.9802631578947368,76,
1,22,11,11,1-1-3-8,0.5,0.5,9,
1,22,11,11,1-1-4-4,0.0004149377593360996,0.9995850622406639,2410,
1,22,11,11,1-1-4-5,0.000535523027490182,0.9994644769725098,2801,
1,22,11,11,1-1-4-6,0.0024549918166939444,0.997545008183306,611,
1,22,11,11,1-1-4-7,0.006578947368421052,0.993421052631579,76,
1,22,11,11,1-1-4-8,0.5,0.5,2,
1,22,11,11,1-1-5-5,0.0048951048951048955,0.9951048951048951,715,
1,22,11,11,1-1-5-6,0.0016556291390728477,0.9983443708609272,604,
1,22,11,11,1-1-5-7,0.005154639175257732,0.9948453608247423,97,
1,22,11,11,1-1-5-8,0.5,0.5,7,
1,22,11,11,1-1-6-6,0.003816793893129771,0.9961832061068703,131,
1,22,11,11,1-1-6-7,0.14534883720930233,0.8546511627906976,86,
1,22,11,11,1-1-6-8,0.5,0.5,7,
1,22,11,11,1-1-7-7,0.36666666666666664,0.6333333333333333,15,
1,22,11,11,1-1-7-8,0.1111111111111111,0.8888888888888888,9,
1,22,11,11,1-1-8-8,0.5,0.5,1,
1,22,11,11,1-2-2-2,0.9468938044572889,0.05310619554271117,7544,
1,22,11,11,1-2-2-3,0.9945652570233167,0.005434742976683357,20189,
1,22,11,11,1-2-2-4,0.004309967235805837,0.9956900327641942,6605,
1,22,11,11,1-2-2-5,0.022905544309694284,0.9770944556903057,2583,
1,22,11,11,1-2-2-6,0.0019120458891013384,0.9980879541108987,523,
1,22,11,11,1-2-2-7,0.014285714285714285,0.9857142857142858,70,
1,22,11,11,1-2-2-8,0.5,0.5,2,
1,22,11,11,1-2-3-3,0.9825544871201416,0.017445512879858474,15312,
1,22,11,11,1-2-3-4,0.00011171936096525528,0.9998882806390348,17902,
1,22,11,11,1-2-3-5,0.0009892594686263425,0.9990107405313736,7076,
1,22,11,11,1-2-3-6,0.0006540222367560497,0.999345977763244,1529,
1,22,11,11,1-2-3-7,0.01037344398340249,0.9896265560165975,241,
1,22,11,11,1-2-3-8,0.16666666666666666,0.8333333333333334,21,
1,22,11,11,1-2-3-9,0.5,0.5,2,
1,22,11,11,1-2-4-4,0.0008704735376044568,0.9991295264623955,5744,
1,22,11,11,1-2-4-5,0.0013355906696764484,0.9986644093303235,6645,
1,22,11,11,1-2-4-6,0.0030529172320217096,0.9969470827679783,1474,
1,22,11,11,1-2-4-7,0.041666666666666664,0.9583333333333334,192,
1,22,11,11,1-2-4-8,0.2,0.8,10,
1,22,11,11,1-2-5-5,0.0019073569482288828,0.9980926430517711,1835,
1,22,11,11,1-2-5-6,0.0003465003465003465,0.9996534996534997,1443,
1,22,11,11,1-2-5-7,0.002232142857142857,0.9977678571428571,224,
1,22,11,11,1-2-5-8,0.0625,0.9375,16,
1,22,11,11,1-2-6-6,0.00303951367781155,0.9969604863221885,329,
1,22,11,11,1-2-6-7,0.021621621621621623,0.9783783783783784,185,
1,22,11,11,1-2-6-8,0.5,0.5,9,
1,22,11,11,1-2-7-7,0.2978723404255319,0.7021276595744681,47,
1,22,11,11,1-2-7-8,0.2,0.8,20,
1,22,11,11,1-2-8-8,0.5,0.5,2,
1,22,11,11,1-3-3-3,0.9667406269368709,0.03325937306312903,2265,
1,22,11,11,1-3-3-4,0.00071285999429712,0.9992871400057028,7014,
1,22,11,11,1-3-3-5,0.0026114905584572116,0.9973885094415428,2489,
1,22,11,11,1-3-3-6,0.005244755244755245,0.9947552447552448,572,
1,22,11,11,1-3-3-7,0.16981132075471697,0.8301886792452831,53,
1,22,11,11,1-3-3-8,0.5,0.5,1,
1,22,11,11,1-3-4-4,0.0036540803897685747,0.9963459196102314,5747,
1,22,11,11,1-3-4-5,7.275902211874272e-05,0.9999272409778812,6872,
1,22,11,11,1-3-4-6,0.0033003300330033004,0.9966996699669967,1515,
1,22,11,11,1-3-4-7,0.09668508287292818,0.9033149171270718,181,
1,22,11,11,1-3-4-8,0.5,0.5,11,
1,22,11,11,1-3-5-5,0.00027114967462039046,0.9997288503253796,1844,
1,22,11,11,1-3-5-6,0.01366120218579235,0.9863387978142076,1464,
1,22,11,11,1-3-5-7,0.007537688442211055,0.992462311557789,199,
1,22,11,11,1-3-5-8,0.17857142857142858,0.8214285714285714,14,
1,22,11,11,1-3-5-9,0.5,0.5,1,
1,22,11,11,1-3-6-6,0.021067415730337078,0.9789325842696629,356,
1,22,11,11,1-3-6-7,0.002232142857142857,0.9977678571428571,224,
1,22,11,11,1-3-6-8,0.018518518518518517,0.9814814814814815,27,
1,22,11,11,1-3-7-7,0.02702702702702703,0.972972972972973,37,
1,22,11,11,1-3-7-8,0.5,0.5,18,
1,22,11,11,1-3-8-8,0.5,0.5,3,
1,22,11,11,1-4-4-4,0.032632406682914505,0.9673675933170854,694,
1,22,11,11,1-4-4-5,0.009228187919463088,0.9907718120805369,2384,
1,22,11,11,1-4-4-6,0.003048780487804878,0.9969512195121951,492,
1,22,11,11,1-4-4-7,0.0078125,0.9921875,64,
1,22,11,11,1-4-4-8,0.5,0.5,2,
1,22,11,11,1-4-5-5,0.0005595970900951316,0.9994404029099049,1787,
1,22,11,11,1-4-5-6,0.0026435045317220545,0.997356495468278,1324,
1,22,11,11,1-4-5-7,0.011049723756906077,0.988950276243094,181,
1,22,11,11,1-4-5-8,0.35,0.65,10,
1,22,11,11,1-4-6-6,0.0014285714285714286,0.9985714285714286,350,
1,22,11,11,1-4-6-7,0.062146892655367235,0.9378531073446328,177,
1,22,11,11,1-4-6-8,0.5,0.5,9,
1,22,11,11,1-4-6-9,0.5,0.5,1,
1,22,11,11,1-4-7-7,0.5,0.5,45,
1,22,11,11,1-4-7-8,0.5,0.5,6,
1,22,11,11,1-4-8-8,0.5,0.5,1,
1,22,11,11,1-4-8-9,0.5,0.5,1,
1,22,11,11,1-5-5-5,0.0043859649122807015,0.9956140350877193,228,
1,22,11,11,1-5-5-6,0.043248945147679324,0.9567510548523207,474,
1,22,11,11,1-5-5-7,0.5,0.5,67,
1,22,11,11,1-5-5-8,0.5,0.5,3,
1,22,11,11,1-5-6-6,0.0030959752321981426,0.9969040247678018,323,
1,22,11,11,1-5-6-7,0.002688172043010753,0.9973118279569892,186,
1,22,11,11,1-5-6-8,0.16666666666666666,0.8333333333333334,18,
1,22,11,11,1-5-7-7,0.022222222222222223,0.9777777777777777,45,
1,22,11,11,1-5-7-8,0.02,0.98,25,
1,22,11,11,1-5-7-9,0.5,0.5,1,
1,22,11,11,1-5-8-8,0.5,0.5,1,
1,22,11,11,1-6-6-6,0.08163265306122448,0.9183673469387755,49,
1,22,11,11,1-6-6-7,0.025974025974025976,0.974025974025974,77,
1,22,11,11,1-6-6-8,0.5,0.5,3,
1,22,11,11,1-6-7-7,0.5,0.5,29,
1,22,11,11,1-6-7-8,0.5,0.5,16,
1,22,11,11,1-6-8-9,0.5,0.5,1,
1,22,11,11,1-7-7-7,0.5,0.5,2,
1,22,11,11,1-7-7-8,0.5,0.5,4,
1,22,11,11,1-7-9-9,0.0,1.0,1,DRAW
1,22,11,11,2-2-2-2,0.9432309238743951,0.05676907612560495,421,
1,22,11,11,2-2-2-3,0.9169701480381194,0.08302985196188056,3270,
1,22,11,11,2-2-2-4,0.04590087625466469,0.9540991237453353,974,
1,22,11,11,2-2-2-5,0.0031746031746031746,0.9968253968253968,315,
1,22,11,11,2-2-2-6,0.049019607843137275,0.9509803921568628,68,
1,22,11,11,2-2-2-7,0.4166666666666667,0.5833333333333334,6,
1,22,11,11,2-2-3-3,0.9953617546373261,0.0046382453626738875,5691,
1,22,11,11,2-2-3-4,0.0006984324072636971,0.9993015675927363,6443,
1,22,11,11,2-2-3-5,0.002127659574468085,0.997872340425532,2350,
1,22,11,11,2-2-3-6,0.0019880715705765406,0.9980119284294234,503,
1,22,11,11,2-2-3-7,0.022388059701492536,0.9776119402985075,67,
1,22,11,11,2-2-3-8,0.5,0.5,4,
1,22,11,11,2-2-4-4,0.0047762694821518355,0.9952237305178482,1989,
1,22,11,11,2-2-4-5,0.00022512381809995497,0.9997748761819001,2221,
1,22,11,11,2-2-4-6,0.005991285403050109,0.9940087145969498,459,
1,22,11,11,2-2-4-7,0.032467532467532464,0.9675324675324676,77,
1,22,11,11,2-2-4-8,0.5,0.5,8,
1,22,11,11,2-2-5-5,0.0024429967426710096,0.997557003257329,614,
1,22,11,11,2-2-5-6,0.0010438413361169101,0.9989561586638831,479,
1,22,11,11,2-2-5-7,0.022058823529411766,0.9779411764705882,68,
1,22,11,11,2-2-5-8,0.5,0.5,3,
1,22,11,11,2-2-5-9,0.5,0.5,1,
1,22,11,11,2-2-6-6,0.028985507246376812,0.9710144927536232,138,
1,22,11,11,2-2-6-7,0.3157894736842105,0.6842105263157895,57,
1,22,11,11,2-2-6-8,0.5,0.5,4,
1,22,11,11,2-2-7-7,0.5,0.5,3,
1,22,11,11,2-2-7-8,0.05555555555555555,0.9444444444444444,9,
1,22,11,11,2-3-3-3,0.9227482417510345,0.0772517582489655,2330,
1,22,11,11,2-3-3-4,0.00029511583296443856,0.9997048841670355,6777,
1,22,11,11,2-3-3-5,0.0012274959083469722,0.9987725040916531,2444,
1,22,11,11,2-3-3-6,0.026365348399246705,0.9736346516007532,531,
1,22,11,11,2-3-3-7,0.08064516129032258,0.9193548387096774,62,
1,22,11,11,2-3-3-8,0.5,0.5,8,
1,22,11,11,2-3-4-4,0.0015100037750094375,0.9984899962249906,5298,
1,22,11,11,2-3-4-5,0.00031466331025802394,0.999685336689742,6356,
1,22,11,11,2-3-4-6,0.003146853146853147,0.9968531468531469,1430,
1,22,11,11,2-3-4-7,0.016304347826086956,0.9836956521739131,184,
1,22,11,11,2-3-4-8,0.4,0.6,10,
1,22,11,11,2-3-5-5,0.001735106998264893,0.9982648930017352,1729,
1,22,11,11,2-3-5-6,0.007021433850702144,0.9929785661492978,1353,
1,22,11,11,2-3-5-7,0.020942408376963352,0.9790575916230366,191,
1,22,11,11,2-3-5-8,0.5,0.5,6,
1,22,11,11,2-3-6-6,0.037096774193548385,0.9629032258064516,310,
1,22,11,11,2-3-6-7,0.2215909090909091,0.7784090909090909,176,
1,22,11,11,2-3-6-8,0.2222222222222222,0.7777777777777778,18,
1,22,11,11,2-3-7-7,0.22857142857142856,0.7714285714285715,35,
1,22,11,11,2-3-7-8,0.5,0.5,13,
1,22,11,11,2-3-7-9,0.5,0.5,1,
1,22,11,11,2-3-8-8,0.5,0.5,3,
1,22,11,11,2-4-4-4,0.01389786683904331,0.9861021331609567,819,
1,22,11,11,2-4-4-5,0.0020463847203274215,0.9979536152796725,2199,
1,22,11,11,2-4-4-6,0.009414225941422594,0.9905857740585774,478,
1,22,11,11,2-4-4-7,0.12962962962962962,0.8703703703703703,54,
1,22,11,11,2-4-4-8,0.5,0.5,4,
1,22,11,11,2-4-5-5,0.0024937655860349127,0.9975062344139651,1604,
1,22,11,11,2-4-5-6,0.0031128404669260703,0.9968871595330739,1285,
1,22,11,11,2-4-5-7,0.026595744680851064,0.973404255319149,188,
1,22,11,11,2-4-5-8,0.5,0.5,13,
1,22,11,11,2-4-5-9,0.5,0.5,1,
1,22,11,11,2-4-6-6,0.007434944237918215,0.9925650557620818,269,
1,22,11,11,2-4-6-7,0.09433962264150944,0.9056603773584906,159,
1,22,11,11,2-4-6-8,0.5,0.5,15,
1,22,11,11,2-4-6-9,0.5,0.5,2,
1,22,11,11,2-4-7-7,0.16666666666666666,0.8333333333333334,27,
1,22,11,11,2-4-7-8,0.5,0.5,8,
1,22,11,11,2-4-7-9,0.5,0.5,1,
1,22,11,11,2-4-8-8,0.5,0.5,2,
1,22,11,11,2-5-5-5,0.002369668246445498,0.9976303317535545,211,
1,22,11,11,2-5-5-6,0.0033112582781456954,0.9966887417218543,453,
1,22,11,11,2-5-5-7,0.5,0.5,76,
1,22,11,11,2-5-5-8,0.5,0.5,2,
1,22,11,11,2-5-6-6,0.09556313993174062,0.9044368600682594,293,
1,22,11,11,2-5-6-7,0.014970059880239521,0.9850299401197605,167,
1,22,11,11,2-5-6-8,0.20454545454545456,0.7954545454545454,22,
1,22,11,11,2-5-7-7,0.5,0.5,30,
1,22,11,11,2-5-7-8,0.23529411764705882,0.7647058823529411,17,
1,22,11,11,2-5-8-8,0.5,0.5,1,
1,22,11,11,2-5-8-9,0.5,0.5,1,
1,22,11,11,2-6-6-6,0.5,0.5,32,
1,22,11,11,2-6-6-7,0.0390625,0.9609375,64,
1,22,11,11,2-6-7-7,0.01,0.99,50,
1,22,11,11,2-6-7-8,0.5,0.5,9,
1,22,11,11,2-6-8-8,0.5,0.5,2,
1,22,11,11,2-6-8-9,0.5,0.5,1,
1,22,11,11,2-6-9-9,0.0,1.0,1,DRAW
1,22,11,11,2-7-7-7,0.5,0.5,3,
1,22,11,11,2-7-7-8,0.5,0.5,3,
1,22,11,11,2-7-8-8,0.5,0.5,2,
1,22,11,11,2-7-8-9,0.0,1.0,1,DRAW
1,22,11,11,2-8-8-8,0.0,1.0,1,DRAW
1,22,11,11,3-3-3-3,0.531717501010313,0.4682824989896869,132,
1,22,11,11,3-3-3-4,0.004910714285714286,0.9950892857142857,1120,
1,22,11,11,3-3-3-5,0.002849002849002849,0.9971509971509972,351,
1,22,11,11,3-3-3-6,0.07333333333333333,0.9266666666666666,75,
1,22,11,11,3-3-3-7,0.2,0.8,10,
1,22,11,11,3-3-3-8,0.5,0.5,1,
1,22,11,11,3-3-4-4,0.05077103850068026,0.9492289614993197,2109,
1,22,11,11,3-3-4-5,0.0008557980316645272,0.9991442019683354,2337,
1,22,11,11,3-3-4-6,0.017057569296375266,0.9829424307036247,469,
1,22,11,11,3-3-4-7,0.10576923076923077,0.8942307692307693,52,
1,22,11,11,3-3-4-8,0.5,0.5,2,
1,22,11,11,3-3-5-5,0.018081761006289308,0.9819182389937107,636,
1,22,11,11,3-3-5-6,0.04039301310043668,0.9596069868995634,458,
1,22,11,11,3-3-5-7,0.2076923076923077,0.7923076923076923,65,
1,22,11,11,3-3-5-8,0.5,0.5,2,
1,22,11,11,3-3-5-9,0.5,0.5,2,
1,22,11,11,3-3-6-6,0.008130081300813009,0.991869918699187,123,
1,22,11,11,3-3-6-7,0.30120481927710846,0.6987951807228916,83,
1,22,11,11,3-3-6-8,0.5,0.5,3,
1,22,11,11,3-3-6-9,0.5,0.5,1,
1,22,11,11,3-3-7-7,0.5,0.5,7,
1,22,11,11,3-3-7-8,0.5,0.5,5,
1,22,11,11,3-3-8-8,0.5,0.5,2,
1,22,11,11,3-4-4-4,0.003048780487804878,0.9969512195121951,820,
1,22,11,11,3-4-4-5,0.004895416110369382,0.9951045838896306,2247,
1,22,11,11,3-4-4-6,0.0011627906976744186,0.9988372093023256,430,
1,22,11,11,3-4-4-7,0.38596491228070173,0.6140350877192983,57,
1,22,11,11,3-4-4-8,0.5,0.5,1,
1,22,11,11,3-4-5-5,0.010982306284319707,0.9890176937156803,1639,
1,22,11,11,3-4-5-6,0.0004098360655737705,0.9995901639344262,1220,
1,22,11,11,3-4-5-7,0.005434782608695652,0.9945652173913043,184,
1,22,11,11,3-4-5-8,0.5,0.5,11,
1,22,11,11,3-4-6-6,0.0029850746268656717,0.9970149253731343,335,
1,22,11,11,3-4-6-7,0.09411764705882353,0.9058823529411765,170,
1,22,11,11,3-4-6-8,0.375,0.625,8,
1,22,11,11,3-4-6-9,0.5,0.5,1,
1,22,11,11,3-4-7-7,0.39285714285714285,0.6071428571428571,42,
1,22,11,11,3-4-7-8,0.15,0.85,20,
1,22,11,11,3-4-8-8,0.5,0.5,1,
1,22,11,11,3-4-8-9,0.5,0.5,1,
1,22,11,11,3-5-5-5,0.004878048780487805,0.9951219512195122,205,
1,22,11,11,3-5-5-6,0.01463963963963964,0.9853603603603603,444,
1,22,11,11,3-5-5-7,0.3275862068965517,0.6724137931034483,58,
1,22,11,11,3-5-5-8,0.5,0.5,2,
1,22,11,11,3-5-6-6,0.00825082508250825,0.9917491749174917,303,
1,22,11,11,3-5-6-7,0.03939393939393939,0.9606060606060606,165,
1,22,11,11,3-5-6-8,0.5,0.5,6,
1,22,11,11,3-5-7-7,0.5,0.5,24,
1,22,11,11,3-5-7-8,0.5,0.5,10,
1,22,11,11,3-5-8-8,0.5,0.5,1,
1,22,11,11,3-5-8-9,0.5,0.5,2,
1,22,11,11,3-6-6-6,0.43478260869565216,0.5652173913043478,23,
1,22,11,11,3-6-6-7,0.22807017543859648,0.7719298245614035,57,
1,22,11,11,3-6-6-8,0.5,0.5,7,
1,22,11,11,3-6-7-7,0.5,0.5,34,
1,22,11,11,3-6-7-8,0.5,0.5,13,
1,22,11,11,3-6-7-9,0.25,0.75,4,
1,22,11,11,3-6-8-8,0.5,0.5,4,
1,22,11,11,3-7-7-7,0.5,0.5,3,
1,22,11,11,3-7-7-8,0.5,0.5,3,
1,22,11,11,3-7-8-8,0.0,1.0,1,DRAW
1,22,11,11,3-8-8-8,0.0,1.0,1,DRAW
1,22,11,11,4-4-4-4,0.04054054054054054,0.9594594594594594,37,
1,22,11,11,4-4-4-5,0.011560693641618497,0.9884393063583815,346,
1,22,11,11,4-4-4-6,0.050724637681159424,0.9492753623188406,69,
1,22,11,11,4-4-4-7,0.1,0.9,5,
1,22,11,11,4-4-4-8,0.25,0.75,2,
1,22,11,11,4-4-5-5,0.04368029739776952,0.9563197026022305,538,
1,22,11,11,4-4-5-6,0.0076726342710997444,0.9923273657289002,391,
1,22,11,11,4-4-5-7,0.08196721311475409,0.9180327868852459,61,
1,22,11,11,4-4-5-8,0.5,0.5,2,
1,22,11,11,4-4-6-6,0.029914529914529916,0.9700854700854701,117,
1,22,11,11,4-4-6-7,0.3898305084745763,0.6101694915254238,59,
1,22,11,11,4-4-6-8,0.5,0.5,3,
1,22,11,11,4-4-7-7,0.5,0.5,13,
1,22,11,11,4-4-8-8,0.5,0.5,2,
1,22,11,11,4-5-5-5,0.015957446808510637,0.9840425531914894,188,
1,22,11,11,4-5-5-6,0.14536340852130325,0.8546365914786967,399,
1,22,11,11,4-5-5-7,0.36885245901639346,0.6311475409836066,61,
1,22,11,11,4-5-5-8,0.5,0.5,2,
1,22,11,11,4-5-6-6,0.10912698412698413,0.8908730158730159,252,
1,22,11,11,4-5-6-7,0.012953367875647668,0.9870466321243523,193,
1,22,11,11,4-5-6-8,0.5,0.5,9,
1,22,11,11,4-5-7-7,0.2236842105263158,0.7763157894736842,38,
1,22,11,11,4-5-7-8,0.5,0.5,15,
1,22,11,11,4-5-8-8,0.5,0.5,2,
1,22,11,11,4-6-6-6,0.5,0.5,34,
1,22,11,11,4-6-6-7,0.5,0.5,47,
1,22,11,11,4-6-6-8,0.5,0.5,2,
1,22,11,11,4-6-7-7,0.5,0.5,27,
1,22,11,11,4-6-7-8,0.5,0.5,11,
1,22,11,11,4-6-7-9,0.0,1.0,2,DRAW
1,22,11,11,4-6-8-8,0.0,1.0,2,DRAW
1,22,11,11,4-6-8-9,0.0,1.0,2,DRAW
1,22,11,11,4-6-9-10,0.0,1.0,1,DRAW
1,22,11,11,4-7-7-7,0.5,0.5,3,
1,22,11,11,4-7-7-8,0.0,1.0,6,DRAW
1,22,11,11,4-7-7-9,0.0,1.0,1,DRAW
1,22,11,11,4-7-8-8,0.0,1.0,2,DRAW
1,22,11,11,4-7-8-9,0.0,1.0,2,DRAW
1,22,11,11,4-7-9-9,0.0,1.0,1,DRAW
1,22,11,11,5-5-5-5,0.5,0.5,4,
1,22,11,11,5-5-5-6,0.5,0.5,41,
1,22,11,11,5-5-5-7,0.5,0.5,9,
1,22,11,11,5-5-6-6,0.00980392156862745,0.9901960784313726,102,
1,22,11,11,5-5-6-7,0.30434782608695654,0.6956521739130435,46,
1,22,11,11,5-5-6-8,0.5,0.5,2,
1,22,11,11,5-5-7-7,0.5,0.5,8,
1,22,11,11,5-5-7-8,0.2222222222222222,0.7777777777777778,9,
1,22,11,11,5-6-6-6,0.25,0.75,24,
1,22,11,11,5-6-6-7,0.225,0.775,40,
1,22,11,11,5-6-6-8,0.2,0.8,5,
1,22,11,11,5-6-7-7,0.5,0.5,28,
1,22,11,11,5-6-7-8,0.0,1.0,19,DRAW
1,22,11,11,5-6-7-9,0.0,1.0,1,DRAW
1,22,11,11,5-6-8-8,0.0,1.0,2,DRAW
1,22,11,11,5-6-8-9,0.0,1.0,1,DRAW
1,22,11,11,5-7-7-7,0.0,1.0,7,DRAW
1,22,11,11,5-7-7-8,0.0,1.0,6,DRAW
1,22,11,11,5-7-8-8,0.0,1.0,3,DRAW
1,22,11,11,5-8-8-8,0.0,1.0,1,DRAW
1,22,11,11,6-6-6-6,0.5,0.5,1,
1,22,11,11,6-6-6-7,0.5,0.5,7,
1,22,11,11,6-6-6-8,0.0,1.0,1,DRAW
1,22,11,11,6-6-7-7,0.0,1.0,9,DRAW
1,22,11,11,6-6-7-8,0.0,1.0,7,DRAW
1,22,11,11,6-7-7-7,0.0,1.0,7,DRAW
1,22,11,11,6-7-7-8,0.0,1.0,2,DRAW
1,22,11,11,6-7-7-9,0.0,1.0,1,DRAW
1,22,11,11,6-7-8-8,0.0,1.0,2,DRAW
1,22,11,11,6-7-8-9,0.0,1.0,1,DRAW
1,22,11,11,7-7-7-8,0.0,1.0,1,DRAW
1,22,11,11,7-8-8-9,0.0,1.0,1,DRAW
1,24,12,12,1-1-1-1,1.0,0.0,36,STOP
1,24,12,12,1-1-1-2,1.0,0.0,2942,STOP
1,24,12,12,1-1-1-3,1.0,0.0,1050,STOP
1,24,12,12,1-1-1-4,0.001646542261251372,0.9983534577387486,911,
1,24,12,12,1-1-1-5,0.06907761924495495,0.9309223807550451,284,
1,24,12,12,1-1-1-6,0.5,0.5,22,
1,24,12,12,1-1-1-7,0.3333333333333333,0.6666666666666666,3,
1,24,12,12,1-1-1-8,0.5,0.5,1,
1,24,12,12,1-1-2-2,0.99940635855943,0.0005936414405698958,22741,
1,24,12,12,1-1-2-3,0.9865419936467895,0.013458006353210587,21123,
1,24,12,12,1-1-2-4,0.0010449339928525838,0.9989550660071473,7830,
1,24,12,12,1-1-2-5,0.002027027027027027,0.9979729729729729,2220,
1,24,12,12,1-1-2-6,0.26282420749279545,0.7371757925072046,347,
1,24,12,12,1-1-2-7,0.0125,0.9875,40,
1,24,12,12,1-1-3-3,0.9884679701901133,0.011532029809886612,5730,
1,24,12,12,1-1-3-4,0.00013107877834578582,0.9998689212216542,7629,
1,24,12,12,1-1-3-5,0.0020215633423180594,0.9979784366576819,2226,
1,24,12,12,1-1-3-6,0.002688172043010753,0.9973118279569892,372,
1,24,12,12,1-1-3-7,0.014285714285714285,0.9857142857142858,35,
1,24,12,12,1-1-3-8,0.5,0.5,3,
1,24,12,12,1-1-4-4,0.0016010978956999085,0.9983989021043,2186,
1,24,12,12,1-1-4-5,0.001364877161055505,0.9986351228389445,2198,
1,24,12,12,1-1-4-6,0.002512562814070352,0.9974874371859297,398,
1,24,12,12,1-1-4-7,0.013157894736842105,0.9868421052631579,38,
1,24,12,12,1-1-4-8,0.5,0.5,1,
1,24,12,12,1-1-5-5,0.012218045112781954,0.9877819548872181,532,
1,24,12,12,1-1-5-6,0.031007751937984496,0.9689922480620154,387,
1,24,12,12,1-1-5-7,0.16304347826086957,0.8369565217391305,46,
1,24,12,12,1-1-5-8,0.5,0.5,2,
1,24,12,12,1-1-6-6,0.011363636363636364,0.9886363636363636,88,
1,24,12,12,1-1-6-7,0.19736842105263158,0.8026315789473685,38,
1,24,12,12,1-1-6-8,0.5,0.5,1,
1,24,12,12,1-1-7-7,0.25,0.75,6,
1,24,12,12,1-1-7-8,0.5,0.5,2,
1,24,12,12,1-2-2-2,0.9982153562406759,0.001784643759324019,8290,
1,24,12,12,1-2-2-3,0.9942430358780652,0.005756964121934814,20788,
1,24,12,12,1-2-2-4,0.004525810604851224,0.9954741893951488,6444,
1,24,12,12,1-2-2-5,0.008897582996390811,0.9911024170036091,2082,
1,24,12,12,1-2-2-6,0.0014925373134328358,0.9985074626865672,335,
1,24,12,12,1-2-2-7,0.03333333333333333,0.9666666666666667,30,
1,24,12,12,1-2-2-8,0.5,0.5,2,
1,24,12,12,1-2-3-3,0.9768414755389787,0.023158524461021297,15241,
1,24,12,12,1-2-3-4,0.0001697024550288494,0.9998302975449711,17678,
1,24,12,12,1-2-3-5,0.0005338078291814947,0.9994661921708186,5620,
1,24,12,12,1-2-3-6,0.018886679920477135,0.9811133200795229,1006,
1,24,12,12,1-2-3-7,0.004310344827586207,0.9956896551724138,116,
1,24,12,12,1-2-3-8,0.5,0.5,5,
1,24,12,12,1-2-4-4,0.001510859301227573,0.9984891406987725,5295,
1,24,12,12,1-2-4-5,0.005025125628140704,0.9949748743718593,5174,
1,24,12,12,1-2-4-6,0.0032751091703056767,0.9967248908296943,916,
1,24,12,12,1-2-4-7,0.0963855421686747,0.9036144578313253,83,
1,24,12,12,1-2-4-8,0.5,0.5,2,
1,24,12,12,1-2-5-5,0.0010893246187363835,0.9989106753812637,1377,
1,24,12,12,1-2-5-6,0.0027144408251900108,0.99728555917481,921,
1,24,12,12,1-2-5-7,0.005050505050505051,0.9949494949494949,99,
1,24,12,12,1-2-5-8,0.4375,0.5625,8,
1,24,12,12,1-2-6-6,0.05555555555555555,0.9444444444444444,198,
1,24,12,12,1-2-6-7,0.12658227848101267,0.8734177215189873,79,
1,24,12,12,1-2-6-8,0.5,0.5,1,
1,24,12,12,1-2-6-9,0.5,0.5,1,
1,24,12,12,1-2-7-7,0.15,0.85,10,
1,24,12,12,1-2-7-8,0.1875,0.8125,8,
1,24,12,12,1-2-8-8,0.5,0.5,1,
1,24,12,12,1-3-3-3,0.9928910014665828,0.007108998533417139,2220,
1,24,12,12,1-3-3-4,0.0005146302014409646,0.9994853697985591,6801,
1,24,12,12,1-3-3-5,0.036288297338021094,0.9637117026619789,1991,
1,24,12,12,1-3-3-6,0.050824175824175824,0.9491758241758241,364,
1,24,12,12,1-3-3-7,0.19047619047619047,0.8095238095238095,21,
1,24,12,12,1-3-4-4,0.0019954389965792475,0.9980045610034207,5262,
1,24,12,12,1-3-4-5,0.0010158847432582194,0.9989841152567418,5414,
1,24,12,12,1-3-4-6,0.005208333333333333,0.9947916666666666,960,
1,24,12,12,1-3-4-7,0.1111111111111111,0.8888888888888888,81,
1,24,12,12,1-3-4-8,0.5,0.5,2,
1,24,12,12,1-3-5-5,0.003000750187546887,0.9969992498124531,1333,
1,24,12,12,1-3-5-6,0.015625,0.984375,960,
1,24,12,12,1-3-5-7,0.018518518518518517,0.9814814814814815,108,
1,24,12,12,1-3-5-8,0.5,0.5,4,
1,24,12,12,1-3-5-9,0.5,0.5,1,
1,24,12,12,1-3-6-6,0.021505376344086023,0.978494623655914,186,
1,24,12,12,1-3-6-7,0.0047169811320754715,0.9952830188679245,106,
1,24,12,12,1-3-6-8,0.21428571428571427,0.7857142857142857,7,
1,24,12,12,1-3-7-7,0.5,0.5,15,
1,24,12,12,1-3-7-8,0.5,0.5,1,
1,24,12,12,1-3-8-8,0.5,0.5,1,
1,24,12,12,1-4-4-4,0.002377179080824089,0.9976228209191759,631,
1,24,12,12,1-4-4-5,0.007317073170731708,0.9926829268292683,1845,
1,24,12,12,1-4-4-6,0.0031746031746031746,0.9968253968253968,315,
1,24,12,12,1-4-4-7,0.027777777777777776,0.9722222222222222,36,
1,24,12,12,1-4-5-5,0.0007692307692307692,0.9992307692307693,1300,
1,24,12,12,1-4-5-6,0.004127358490566038,0.995872641509434,848,
1,24,12,12,1-4-5-7,0.021739130434782608,0.9782608695652174,92,
1,24,12,12,1-4-5-8,0.5,0.5,1,
1,24,12,12,1-4-6-6,0.002551020408163265,0.9974489795918368,196,
1,24,12,12,1-4-6-7,0.11538461538461539,0.8846153846153846,78,
1,24,12,12,1-4-6-8,0.5,0.5,5,
1,24,12,12,1-4-7-7,0.5,0.5,11,
1,24,12,12,1-4-7-8,0.5,0.5,1,
1,24,12,12,1-4-8-9,0.5,0.5,1,
1,24,12,12,1-5-5-5,0.007352941176470588,0.9926470588235294,136,
1,24,12,12,1-5-5-6,0.024054982817869417,0.9759450171821306,291,
1,24,12,12,1-5-5-7,0.5,0.5,20,
1,24,12,12,1-5-6-6,0.005235602094240838,0.9947643979057592,191,
1,24,12,12,1-5-6-7,0.09239130434782608,0.907608695652174,92,
1,24,12,12,1-5-6-8,0.13636363636363635,0.8636363636363636,11,
1,24,12,12,1-5-7-7,0.045454545454545456,0.9545454545454546,22,
1,24,12,12,1-5-7-8,0.4,0.6,5,
1,24,12,12,1-6-6-6,0.06896551724137931,0.9310344827586207,29,
1,24,12,12,1-6-6-7,0.27419354838709675,0.7258064516129032,31,
1,24,12,12,1-6-7-7,0.5,0.5,6,
1,24,12,12,1-6-7-8,0.5,0.5,6,
1,24,12,12,1-7-7-8,0.5,0.5,1,
1,24,12,12,1-7-8-9,0.5,0.5,1,
1,24,12,12,2-2-2-2,0.9433716302111508,0.056628369788849275,490,
1,24,12,12,2-2-2-3,0.9818082781909712,0.018191721809028852,3332,
1,24,12,12,2-2-2-4,0.020903485206647393,0.9790965147933526,864,
1,24,12,12,2-2-2-5,0.001851851851851852,0.9981481481481481,270,
1,24,12,12,2-2-2-6,0.039473684210526314,0.9605263157894737,38,
1,24,12,12,2-2-2-7,0.5,0.5,1,
1,24,12,12,2-2-3-3,0.9691910951765431,0.030808904823456808,5426,
1,24,12,12,2-2-3-4,0.0005749014454664914,0.9994250985545335,6088,
1,24,12,12,2-2-3-5,0.004551349423280622,0.9954486505767193,1821,
1,24,12,12,2-2-3-6,0.0015384615384615385,0.9984615384615385,325,
1,24,12,12,2-2-3-7,0.15,0.85,30,
1,24,12,12,2-2-4-4,0.0007046223224351747,0.9992953776775648,1774,
1,24,12,12,2-2-4-5,0.001984126984126984,0.998015873015873,1764,
1,24,12,12,2-2-4-6,0.005119453924914676,0.9948805460750854,293,
1,24,12,12,2-2-4-7,0.358974358974359,0.6410256410256411,39,
1,24,12,12,2-2-4-8,0.5,0.5,3,
1,24,12,12,2-2-5-5,0.007760532150776054,0.9922394678492239,451,
1,24,12,12,2-2-5-6,0.0032679738562091504,0.9967320261437909,306,
1,24,12,12,2-2-5-7,0.5,0.5,24,
1,24,12,12,2-2-6-6,0.058823529411764705,0.9411764705882353,68,
1,24,12,12,2-2-6-7,0.24074074074074073,0.7592592592592593,27,
1,24,12,12,2-2-6-8,0.5,0.5,1,
1,24,12,12,2-2-7-7,0.5,0.5,3,
1,24,12,12,2-2-7-8,0.5,0.5,3,
1,24,12,12,2-2-8-8,0.5,0.5,1,
1,24,12,12,2-3-3-3,0.9986486486486487,0.0013513513513513514,2220,
1,24,12,12,2-3-3-4,0.0034262267012372077,0.9965737732987627,6475,
1,24,12,12,2-3-3-5,0.005984766050054407,0.9940152339499456,1838,
1,24,12,12,2-3-3-6,0.01308139534883721,0.9869186046511628,344,
1,24,12,12,2-3-3-7,0.29310344827586204,0.7068965517241379,29,
1,24,12,12,2-3-3-8,0.5,0.5,1,
1,24,12,12,2-3-4-4,0.001251303441084463,0.9987486965589155,4795,
1,24,12,12,2-3-4-5,0.0017561983471074381,0.9982438016528926,4840,
1,24,12,12,2-3-4-6,0.000580046403712297,0.9994199535962877,862,
1,24,12,12,2-3-4-7,0.04375,0.95625,80,
1,24,12,12,2-3-4-8,0.5,0.5,1,
1,24,12,12,2-3-5-5,0.0038880248833592537,0.9961119751166407,1286,
1,24,12,12,2-3-5-6,0.0149812734082397,0.9850187265917603,801,
1,24,12,12,2-3-5-7,0.1686746987951807,0.8313253012048193,83,
1,24,12,12,2-3-5-8,0.5,0.5,3,
1,24,12,12,2-3-6-6,0.03488372093023256,0.9651162790697675,172,
1,24,12,12,2-3-6-7,0.18493150684931506,0.815068493150685,73,
1,24,12,12,2-3-6-8,0.3,0.7,5,
1,24,12,12,2-3-7-7,0.5,0.5,11,
1,24,12,12,2-3-7-8,0.5,0.5,3,
1,24,12,12,2-3-8-8,0.5,0.5,1,
1,24,12,12,2-4-4-4,0.007982583454281567,0.9920174165457184,689,
1,24,12,12,2-4-4-5,0.014447395700889223,0.9855526042991108,1650,
1,24,12,12,2-4-4-6,0.014184397163120567,0.9858156028368794,282,
1,24,12,12,2-4-4-7,0.5,0.5,20,
1,24,12,12,2-4-4-8,0.5,0.5,1,
1,24,12,12,2-4-5-5,0.00425531914893617,0.9957446808510638,1175,
1,24,12,12,2-4-5-6,0.03717948717948718,0.9628205128205128,780,
1,24,12,12,2-4-5-7,0.06626506024096386,0.9337349397590361,83,
1,24,12,12,2-4-5-8,0.5,0.5,4,
1,24,12,12,2-4-6-6,0.04391891891891892,0.956081081081081,148,
1,24,12,12,2-4-6-7,0.018292682926829267,0.9817073170731707,82,
1,24,12,12,2-4-6-8,0.5,0.5,3,
1,24,12,12,2-4-6-9,0.5,0.5,1,
1,24,12,12,2-4-7-7,0.20833333333333334,0.7916666666666666,12,
1,24,12,12,2-4-7-8,0.5,0.5,3,
1,24,12,12,2-4-7-9,0.5,0.5,1,
1,24,12,12,2-5-5-5,0.0038461538461538464,0.9961538461538462,130,
1,24,12,12,2-5-5-6,0.07735849056603773,0.9226415094339623,265,
1,24,12,12,2-5-5-7,0.5,0.5,18,
1,24,12,12,2-5-5-8,0.5,0.5,1,
1,24,12,12,2-5-6-6,0.20860927152317882,0.7913907284768212,151,
1,24,12,12,2-5-6-7,0.02631578947368421,0.9736842105263158,76,
1,24,12,12,2-5-6-8,0.5,0.5,4,
1,24,12,12,2-5-7-7,0.5,0.5,11,
1,24,12,12,2-5-7-8,0.5,0.5,2,
1,24,12,12,2-5-8-9,0.5,0.5,1,
1,24,12,12,2-6-6-6,0.5,0.5,11,
1,24,12,12,2-6-6-7,0.5,0.5,28,
1,24,12,12,2-6-7-7,0.11363636363636363,0.8863636363636364,22,
1,24,12,12,2-6-7-8,0.5,0.5,2,
1,24,12,12,2-7-8-8,0.5,0.5,1,
1,24,12,12,3-3-3-3,0.8022209516834988,0.19777904831650114,141,
1,24,12,12,3-3-3-4,0.0018399264029438822,0.9981600735970562,1087,
1,24,12,12,3-3-3-5,0.02727272727272727,0.9727272727272728,275,
1,24,12,12,3-3-3-6,0.041666666666666664,0.9583333333333334,48,
1,24,12,12,3-3-3-7,0.5,0.5,2,
1,24,12,12,3-3-4-4,0.00530429927414852,0.9946957007258515,1791,
1,24,12,12,3-3-4-5,0.0011049723756906078,0.9988950276243094,1810,
1,24,12,12,3-3-4-6,0.06610169491525424,0.9338983050847458,295,
1,24,12,12,3-3-4-7,0.06,0.94,25,
1,24,12,12,3-3-5-5,0.006726457399103139,0.9932735426008968,446,
1,24,12,12,3-3-5-6,0.04891304347826087,0.9510869565217391,276,
1,24,12,12,3-3-5-7,0.3695652173913043,0.6304347826086957,23,
1,24,12,12,3-3-5-8,0.5,0.5,1,
1,24,12,12,3-3-6-6,0.014705882352941176,0.9852941176470589,68,
1,24,12,12,3-3-6-7,0.140625,0.859375,32,
1,24,12,12,3-3-6-8,0.5,0.5,1,
1,24,12,12,3-3-7-7,0.5,0.5,1,
1,24,12,12,3-3-7-8,0.5,0.5,2,
1,24,12,12,3-3-8-8,0.5,0.5,2,
1,24,12,12,3-4-4-4,0.003703703703703704,0.9962962962962963,675,
1,24,12,12,3-4-4-5,0.009037900874635569,0.9909620991253645,1715,
1,24,12,12,3-4-4-6,0.00749063670411985,0.9925093632958801,267,
1,24,12,12,3-4-4-7,0.46153846153846156,0.5384615384615384,26,
1,24,12,12,3-4-4-8,0.5,0.5,1,
1,24,12,12,3-4-5-5,0.0055178268251273345,0.9944821731748726,1178,
1,24,12,12,3-4-5-6,0.0006693440428380187,0.999330655957162,747,
1,24,12,12,3-4-5-7,0.037037037037037035,0.9629629629629629,81,
1,24,12,12,3-4-5-8,0.5,0.5,3,
1,24,12,12,3-4-6-6,0.022598870056497175,0.9774011299435028,177,
1,24,12,12,3-4-6-7,0.22093023255813954,0.7790697674418605,86,
1,24,12,12,3-4-7-7,0.16666666666666666,0.8333333333333334,9,
1,24,12,12,3-4-7-8,0.5,0.5,7,
1,24,12,12,3-5-5-5,0.08029197080291971,0.9197080291970803,137,
1,24,12,12,3-5-5-6,0.014,0.986,250,
1,24,12,12,3-5-5-7,0.5,0.5,21,
1,24,12,12,3-5-5-8,0.5,0.5,1,
1,24,12,12,3-5-6-6,0.046703296703296704,0.9532967032967034,182,
1,24,12,12,3-5-6-7,0.04,0.96,75,
1,24,12,12,3-5-7-7,0.5,0.5,5,
1,24,12,12,3-5-7-8,0.5,0.5,5,
1,24,12,12,3-5-8-8,0.5,0.5,1,
1,24,12,12,3-6-6-6,0.5,0.5,11,
1,24,12,12,3-6-6-7,0.125,0.875,28,
1,24,12,12,3-6-6-8,0.5,0.5,3,
1,24,12,12,3-6-7-7,0.5,0.5,15,
1,24,12,12,3-6-7-8,0.5,0.5,3,
1,24,12,12,3-6-7-9,0.5,0.5,1,
1,24,12,12,3-7-7-7,0.5,0.5,1,
1,24,12,12,4-4-4-4,0.22058823529411764,0.7794117647058824,34,
1,24,12,12,4-4-4-5,0.006048387096774193,0.9939516129032258,248,
1,24,12,12,4-4-4-6,0.056818181818181816,0.9431818181818182,44,
1,24,12,12,4-4-4-7,0.25,0.75,2,
1,24,12,12,4-4-4-8,0.5,0.5,1,
1,24,12,12,4-4-5-5,0.029154518950437316,0.9708454810495627,343,
1,24,12,12,4-4-5-6,0.008928571428571428,0.9910714285714286,224,
1,24,12,12,4-4-5-7,0.5,0.5,23,
1,24,12,12,4-4-5-8,0.5,0.5,1,
1,24,12,12,4-4-6-6,0.14615384615384616,0.8538461538461538,65,
1,24,12,12,4-4-6-7,0.5,0.5,16,
1,24,12,12,4-4-6-8,0.5,0.5,1,
1,24,12,12,4-4-7-7,0.5,0.5,4,
1,24,12,12,4-4-7-8,0.5,0.5,1,
1,24,12,12,4-5-5-5,0.056818181818181816,0.9431818181818182,132,
1,24,12,12,4-5-5-6,0.10135135135135136,0.8986486486486487,222,
1,24,12,12,4-5-5-7,0.5,0.5,16,
1,24,12,12,4-5-6-6,0.011450381679389313,0.9885496183206107,131,
1,24,12,12,4-5-6-7,0.20786516853932585,0.7921348314606742,89,
1,24,12,12,4-5-6-8,0.5,0.5,1,
1,24,12,12,4-5-7-7,0.5,0.5,14,
1,24,12,12,4-5-7-8,0.5,0.5,5,
1,24,12,12,4-6-6-6,0.5,0.5,13,
1,24,12,12,4-6-6-7,0.5,0.5,14,
1,24,12,12,4-6-7-7,0.5,0.5,9,
1,24,12,12,4-6-7-8,0.5,0.5,4,
1,24,12,12,4-6-8-8,0.0,1.0,1,DRAW
1,24,12,12,4-7-7-7,0.5,0.5,1,
1,24,12,12,4-7-7-8,0.0,1.0,2,DRAW
1,24,12,12,4-7-7-9,0.0,1.0,1,DRAW
1,24,12,12,4-7-8-8,0.0,1.0,1,DRAW
1,24,12,12,5-5-5-5,0.5,0.5,2,
1,24,12,12,5-5-5-6,0.023809523809523808,0.9761904761904762,21,
1,24,12,12,5-5-5-7,0.5,0.5,2,
1,24,12,12,5-5-6-6,0.5,0.5,52,
1,24,12,12,5-5-6-7,0.5,0.5,11,
1,24,12,12,5-5-7-7,0.5,0.5,4,
1,24,12,12,5-5-7-8,0.125,0.875,4,
1,24,12,12,5-6-6-6,0.19230769230769232,0.8076923076923077,13,
1,24,12,12,5-6-6-7,0.5,0.5,17,
1,24,12,12,5-6-6-8,0.5,0.5,1,
1,24,12,12,5-6-7-7,0.5,0.5,9,
1,24,12,12,5-6-7-8,0.0,1.0,7,DRAW
1,24,12,12,5-6-7-9,0.0,1.0,1,DRAW
1,24,12,12,5-6-8-8,0.0,1.0,2,DRAW
1,24,12,12,5-7-7-7,0.0,1.0,5,DRAW
1,24,12,12,5-7-8-8,0.0,1.0,3,DRAW
1,24,12,12,5-8-8-8,0.0,1.0,1,DRAW
1,24,12,12,6-6-6-7,0.5,0.5,4,
1,24,12,12,6-6-7-7,0.0,1.0,7,DRAW
1,24,12,12,6-6-7-8,0.0,1.0,1,DRAW
1,24,12,12,6-7-7-7,0.0,1.0,3,DRAW
1,24,12,12,6-7-7-8,0.0,1.0,2,DRAW
1,24,12,12,6-7-8-8,0.0,1.0,1,DRAW
1,24,12,12,7-7-7-8,0.0,1.0,1,DRAW
1,26,13,13,1-1-1-1,1.0,0.0,34,STOP
1,26,13,13,1-1-1-2,1.0,0.0,3204,STOP
1,26,13,13,1-1-1-3,1.0,0.0,999,STOP
1,26,13,13,1-1-1-4,0.07938867148304227,0.9206113285169577,906,
1,26,13,13,1-1-1-5,0.1087962962962963,0.8912037037037037,216,
1,26,13,13,1-1-1-6,0.5,0.5,10,
1,26,13,13,1-1-2-2,0.9940936335857047,0.005906366414295308,25415,
1,26,13,13,1-1-2-3,0.9989902589688762,0.0010097410311237824,21045,
1,26,13,13,1-1-2-4,0.022705333472599756,0.9772946665274003,7348,
1,26,13,13,1-1-2-5,0.004100761570005858,0.9958992384299942,1707,
1,26,13,13,1-1-2-6,0.06492248062015506,0.9350775193798451,172,
1,26,13,13,1-1-2-7,0.05263157894736842,0.9473684210526315,19,
1,26,13,13,1-1-3-3,0.904094582096208,0.09590541790379202,5441,
1,26,13,13,1-1-3-4,6.93000693000693e-05,0.9999306999306999,7215,
1,26,13,13,1-1-3-5,0.0014302059496567505,0.9985697940503433,1748,
1,26,13,13,1-1-3-6,0.004464285714285714,0.9955357142857143,224,
1,26,13,13,1-1-3-7,0.10714285714285714,0.8928571428571429,14,
1,26,13,13,1-1-3-8,0.5,0.5,1,
1,26,13,13,1-1-4-4,0.015941901423647313,0.9840580985763526,1995,
1,26,13,13,1-1-4-5,0.0008710801393728223,0.9991289198606271,1722,
1,26,13,13,1-1-4-6,0.00199203187250996,0.99800796812749,251,
1,26,13,13,1-1-4-7,0.025,0.975,20,
1,26,13,13,1-1-4-8,0.5,0.5,1,
1,26,13,13,1-1-5-5,0.003937007874015748,0.9960629921259843,381,
1,26,13,13,1-1-5-6,0.0371900826446281,0.9628099173553719,242,
1,26,13,13,1-1-5-7,0.20833333333333334,0.7916666666666666,24,
1,26,13,13,1-1-6-6,0.047619047619047616,0.9523809523809523,42,
1,26,13,13,1-1-6-7,0.125,0.875,16,
1,26,13,13,1-1-7-7,0.25,0.75,2,
1,26,13,13,1-1-7-8,0.5,0.5,1,
1,26,13,13,1-2-2-2,0.9953117682168194,0.004688231783180505,9045,
1,26,13,13,1-2-2-3,0.9960905173773213,0.003909482622678683,20592,
1,26,13,13,1-2-2-4,0.0026242310894153773,0.9973757689105845,6181,
1,26,13,13,1-2-2-5,0.0006253908692933083,0.9993746091307066,1599,
1,26,13,13,1-2-2-6,0.027649769585253458,0.9723502304147466,217,
1,26,13,13,1-2-2-7,0.1875,0.8125,16,
1,26,13,13,1-2-2-8,0.5,0.5,1,
1,26,13,13,1-2-3-3,0.96010313555643,0.03989686444356997,14423,
1,26,13,13,1-2-3-4,0.001075718639813542,0.9989242813601864,16733,
1,26,13,13,1-2-3-5,0.0003559563360227812,0.9996440436639772,4214,
1,26,13,13,1-2-3-6,0.0008605851979345956,0.9991394148020654,581,
1,26,13,13,1-2-3-7,0.14655172413793102,0.853448275862069,58,
1,26,13,13,1-2-3-8,0.5,0.5,2,
1,26,13,13,1-2-4-4,0.0006441915396177797,0.9993558084603822,4657,
1,26,13,13,1-2-4-5,0.00038032454361054766,0.9996196754563894,3944,
1,26,13,13,1-2-4-6,0.015957446808510637,0.9840425531914894,564,
1,26,13,13,1-2-4-7,0.15625,0.84375,32,
1,26,13,13,1-2-4-8,0.5,0.5,1,
1,26,13,13,1-2-5-5,0.0005257623554153522,0.9994742376445847,951,
1,26,13,13,1-2-5-6,0.007575757575757576,0.9924242424242424,594,
1,26,13,13,1-2-5-7,0.06097560975609756,0.9390243902439024,41,
1,26,13,13,1-2-5-8,0.5,0.5,2,
1,26,13,13,1-2-6-6,0.06451612903225806,0.9354838709677419,93,
1,26,13,13,1-2-6-7,0.13333333333333333,0.8666666666666667,30,
1,26,13,13,1-2-7-7,0.1,0.9,5,
1,26,13,13,1-2-7-8,0.5,0.5,1,
1,26,13,13,1-2-8-8,0.5,0.5,1,
1,26,13,13,1-3-3-3,0.6641222132335974,0.33587778676640256,2074,
1,26,13,13,1-3-3-4,0.0012630249447426586,0.9987369750552574,6334,
1,26,13,13,1-3-3-5,0.015460526315789473,0.9845394736842106,1520,
1,26,13,13,1-3-3-6,0.03488372093023256,0.9651162790697675,215,
1,26,13,13,1-3-3-7,0.16666666666666666,0.8333333333333334,12,
1,26,13,13,1-3-4-4,0.002316346790205162,0.9976836532097948,4533,
1,26,13,13,1-3-4-5,0.0006016847172081829,0.9993983152827918,4155,
1,26,13,13,1-3-4-6,0.0008210180623973727,0.9991789819376026,609,
1,26,13,13,1-3-4-7,0.11428571428571428,0.8857142857142857,35,
1,26,13,13,1-3-4-8,0.5,0.5,2,
1,26,13,13,1-3-5-5,0.023133543638275498,0.9768664563617245,951,
1,26,13,13,1-3-5-6,0.015025041736227046,0.9849749582637729,599,
1,26,13,13,1-3-5-7,0.07142857142857142,0.9285714285714286,42,
1,26,13,13,1-3-6-6,0.04504504504504504,0.954954954954955,111,
1,26,13,13,1-3-6-7,0.5,0.5,49,
1,26,13,13,1-3-6-8,0.5,0.5,1,
1,26,13,13,1-3-7-7,0.5,0.5,3,
1,26,13,13,1-3-7-8,0.5,0.5,1,
1,26,13,13,1-4-4-4,0.016843971631205674,0.9831560283687943,564,
1,26,13,13,1-4-4-5,0.008106116433308769,0.9918938835666913,1357,
1,26,13,13,1-4-4-6,0.09268292682926829,0.9073170731707317,205,
1,26,13,13,1-4-4-7,0.5,0.5,12,
1,26,13,13,1-4-5-5,0.0011074197120708748,0.9988925802879292,903,
1,26,13,13,1-4-5-6,0.0019801980198019802,0.998019801980198,505,
1,26,13,13,1-4-5-7,0.036585365853658534,0.9634146341463414,41,
1,26,13,13,1-4-6-6,0.3446601941747573,0.6553398058252428,103,
1,26,13,13,1-4-6-7,0.08571428571428572,0.9142857142857143,35,
1,26,13,13,1-4-7-7,0.5,0.5,4,
1,26,13,13,1-4-7-8,0.5,0.5,1,
1,26,13,13,1-5-5-5,0.3131868131868132,0.6868131868131868,91,
1,26,13,13,1-5-5-6,0.0029069767441860465,0.997093023255814,172,
1,26,13,13,1-5-5-7,0.5,0.5,5,
1,26,13,13,1-5-6-6,0.08571428571428572,0.9142857142857143,105,
1,26,13,13,1-5-6-7,0.5,0.5,31,
1,26,13,13,1-5-6-8,0.5,0.5,3,
1,26,13,13,1-5-7-7,0.05555555555555555,0.9444444444444444,9,
1,26,13,13,1-5-7-8,0.5,0.5,3,
1,26,13,13,1-6-6-6,0.5,0.5,7,
1,26,13,13,1-6-6-7,0.5,0.5,11,
1,26,13,13,1-6-7-7,0.5,0.5,3,
1,26,13,13,1-6-7-8,0.5,0.5,2,
1,26,13,13,1-7-7-8,0.5,0.5,1,
1,26,13,13,2-2-2-2,0.9654386731738712,0.03456132682612881,486,
1,26,13,13,2-2-2-3,0.8104856606567223,0.18951433934327766,3226,
1,26,13,13,2-2-2-4,0.056210294194621445,0.9437897058053786,788,
1,26,13,13,2-2-2-5,0.01707317073170732,0.9829268292682927,205,
1,26,13,13,2-2-2-6,0.02,0.98,25,
1,26,13,13,2-2-3-3,0.7216301835983279,0.2783698164016721,5031,
1,26,13,13,2-2-3-4,0.0007185198491108317,0.9992814801508891,5567,
1,26,13,13,2-2-3-5,0.0003641660597232338,0.9996358339402768,1373,
1,26,13,13,2-2-3-6,0.016483516483516484,0.9835164835164835,182,
1,26,13,13,2-2-3-7,0.42857142857142855,0.5714285714285714,7,
1,26,13,13,2-2-4-4,0.003479471120389701,0.9965205288796103,1437,
1,26,13,13,2-2-4-5,0.0018910741301059002,0.9981089258698941,1322,
1,26,13,13,2-2-4-6,0.027777777777777776,0.9722222222222222,162,
1,26,13,13,2-2-4-7,0.3333333333333333,0.6666666666666666,12,
1,26,13,13,2-2-4-8,0.5,0.5,1,
1,26,13,13,2-2-5-5,0.006896551724137931,0.993103448275862,290,
1,26,13,13,2-2-5-6,0.0030864197530864196,0.9969135802469136,162,
1,26,13,13,2-2-5-7,0.5,0.5,6,
1,26,13,13,2-2-5-8,0.5,0.5,1,
1,26,13,13,2-2-6-6,0.1875,0.8125,32,
1,26,13,13,2-2-6-7,0.5,0.5,9,
1,26,13,13,2-2-7-7,0.5,0.5,1,
1,26,13,13,2-2-7-8,0.5,0.5,2,
1,26,13,13,2-3-3-3,0.02763508375080702,0.972364916249193,2019,
1,26,13,13,2-3-3-4,0.0006792324673119375,0.9993207675326881,5889,
1,26,13,13,2-3-3-5,0.002952029520295203,0.9970479704797048,1355,
1,26,13,13,2-3-3-6,0.005025125628140704,0.9949748743718593,199,
1,26,13,13,2-3-3-7,0.5,0.5,7,
1,26,13,13,2-3-4-4,0.0023301447142506744,0.9976698552857494,4077,
1,26,13,13,2-3-4-5,0.0015328874024526198,0.9984671125975474,3588,
1,26,13,13,2-3-4-6,0.011022044088176353,0.9889779559118237,499,
1,26,13,13,2-3-4-7,0.017241379310344827,0.9827586206896551,29,
1,26,13,13,2-3-5-5,0.00933997509339975,0.9906600249066002,803,
1,26,13,13,2-3-5-6,0.00933609958506224,0.9906639004149378,482,
1,26,13,13,2-3-5-7,0.2037037037037037,0.7962962962962963,27,
1,26,13,13,2-3-5-8,0.5,0.5,1,
1,26,13,13,2-3-6-6,0.1951219512195122,0.8048780487804879,82,
1,26,13,13,2-3-6-7,0.06,0.94,25,
1,26,13,13,2-3-6-8,0.25,0.75,2,
1,26,13,13,2-3-7-7,0.5,0.5,3,
1,26,13,13,2-4-4-4,0.0025996533795493936,0.9974003466204506,577,
1,26,13,13,2-4-4-5,0.00885328836424958,0.9911467116357504,1186,
1,26,13,13,2-4-4-6,0.003289473684210526,0.9967105263157895,152,
1,26,13,13,2-4-4-7,0.5,0.5,7,
1,26,13,13,2-4-5-5,0.0032679738562091504,0.9967320261437909,765,
1,26,13,13,2-4-5-6,0.07403189066059225,0.9259681093394078,439,
1,26,13,13,2-4-5-7,0.5,0.5,34,
1,26,13,13,2-4-5-8,0.5,0.5,1,
1,26,13,13,2-4-6-6,0.02857142857142857,0.9714285714285714,70,
1,26,13,13,2-4-6-7,0.09375,0.90625,48,
1,26,13,13,2-4-7-7,0.5,0.5,3,
1,26,13,13,2-5-5-5,0.006172839506172839,0.9938271604938271,81,
1,26,13,13,2-5-5-6,0.03214285714285714,0.9678571428571429,140,
1,26,13,13,2-5-5-7,0.5,0.5,5,
1,26,13,13,2-5-6-6,0.2462686567164179,0.753731343283582,67,
1,26,13,13,2-5-6-7,0.5,0.5,28,
1,26,13,13,2-5-6-8,0.5,0.5,1,
1,26,13,13,2-5-7-7,0.5,0.5,1,
1,26,13,13,2-6-6-6,0.5,0.5,3,
1,26,13,13,2-6-6-7,0.07142857142857142,0.9285714285714286,7,
1,26,13,13,2-6-7-7,0.14285714285714285,0.8571428571428571,7,
1,26,13,13,2-6-7-8,0.5,0.5,1,
1,26,13,13,3-3-3-3,0.15853658536585366,0.8414634146341463,123,
1,26,13,13,3-3-3-4,0.0010256410256410256,0.9989743589743589,975,
1,26,13,13,3-3-3-5,0.051767988267081844,0.9482320117329182,212,
1,26,13,13,3-3-3-6,0.44,0.56,25,
1,26,13,13,3-3-4-4,0.006044325050369375,0.9939556749496307,1489,
1,26,13,13,3-3-4-5,0.019910065059318752,0.9800899349406813,1340,
1,26,13,13,3-3-4-6,0.33986928104575165,0.6601307189542484,153,
1,26,13,13,3-3-4-7,0.5,0.5,9,
1,26,13,13,3-3-5-5,0.039285714285714285,0.9607142857142857,280,
1,26,13,13,3-3-5-6,0.34532374100719426,0.6546762589928058,139,
1,26,13,13,3-3-5-7,0.5,0.5,7,
1,26,13,13,3-3-6-6,0.02631578947368421,0.9736842105263158,38,
1,26,13,13,3-3-6-7,0.5,0.5,14,
1,26,13,13,3-3-7-8,0.5,0.5,1,
1,26,13,13,3-4-4-4,0.001834862385321101,0.998165137614679,545,
1,26,13,13,3-4-4-5,0.006611570247933884,0.9933884297520661,1210,
1,26,13,13,3-4-4-6,0.06802721088435375,0.9319727891156463,147,
1,26,13,13,3-4-4-7,0.5,0.5,8,
1,26,13,13,3-4-5-5,0.002617801047120419,0.9973821989528796,764,
1,26,13,13,3-4-5-6,0.05875,0.94125,400,
1,26,13,13,3-4-5-7,0.04054054054054054,0.9594594594594594,37,
1,26,13,13,3-4-6-6,0.013761467889908258,0.9862385321100917,109,
1,26,13,13,3-4-6-7,0.25,0.75,36,
1,26,13,13,3-4-7-7,0.125,0.875,4,
1,26,13,13,3-5-5-5,0.054878048780487805,0.9451219512195121,82,
1,26,13,13,3-5-5-6,0.2642857142857143,0.7357142857142858,140,
1,26,13,13,3-5-5-7,0.5,0.5,5,
1,26,13,13,3-5-6-6,0.40625,0.59375,96,
1,26,13,13,3-5-6-7,0.020833333333333332,0.9791666666666666,24,
1,26,13,13,3-6-6-6,0.5,0.5,3,
1,26,13,13,3-6-6-7,0.5,0.5,10,
1,26,13,13,3-6-7-7,0.5,0.5,5,
1,26,13,13,3-7-7-7,0.5,0.5,1,
1,26,13,13,4-4-4-4,0.16,0.84,25,
1,26,13,13,4-4-4-5,0.005649717514124294,0.9943502824858758,177,
1,26,13,13,4-4-4-6,0.06818181818181818,0.9318181818181818,22,
1,26,13,13,4-4-4-7,0.5,0.5,2,
1,26,13,13,4-4-5-5,0.020179372197309416,0.9798206278026906,223,
1,26,13,13,4-4-5-6,0.15267175572519084,0.8473282442748091,131,
1,26,13,13,4-4-5-7,0.5,0.5,5,
1,26,13,13,4-4-6-6,0.5,0.5,27,
1,26,13,13,4-4-6-7,0.5,0.5,5,
1,26,13,13,4-4-6-8,0.5,0.5,1,
1,26,13,13,4-5-5-5,0.15476190476190477,0.8452380952380952,84,
1,26,13,13,4-5-5-6,0.17886178861788618,0.8211382113821138,123,
1,26,13,13,4-5-5-7,0.5,0.5,7,
1,26,13,13,4-5-6-6,0.3897058823529412,0.6102941176470589,68,
1,26,13,13,4-5-6-7,0.5,0.5,41,
1,26,13,13,4-5-6-8,0.5,0.5,1,
1,26,13,13,4-5-7-7,0.5,0.5,2,
1,26,13,13,4-5-7-8,0.5,0.5,1,
1,26,13,13,4-6-6-6,0.5,0.5,4,
1,26,13,13,4-6-6-7,0.5,0.5,7,
1,26,13,13,4-6-7-7,0.5,0.5,1,
1,26,13,13,4-6-7-8,0.5,0.5,1,
1,26,13,13,4-6-8-8,0.0,1.0,1,DRAW
1,26,13,13,4-7-7-8,0.0,1.0,1,DRAW
1,26,13,13,4-7-7-9,0.0,1.0,1,DRAW
1,26,13,13,4-7-8-8,0.0,1.0,1,DRAW
1,26,13,13,5-5-5-5,0.5,0.5,1,
1,26,13,13,5-5-5-6,0.038461538461538464,0.9615384615384616,13,
1,26,13,13,5-5-6-6,0.5,0.5,10,
1,26,13,13,5-5-6-7,0.5,0.5,2,
1,26,13,13,5-5-7-7,0.5,0.5,2,
1,26,13,13,5-5-7-8,0.5,0.5,1,
1,26,13,13,5-6-6-6,0.5,0.5,4,
1,26,13,13,5-6-6-7,0.5,0.5,8,
1,26,13,13,5-6-7-7,0.5,0.5,4,
1,26,13,13,5-6-7-8,0.0,1.0,5,DRAW
1,26,13,13,5-6-8-8,0.0,1.0,1,DRAW
1,26,13,13,5-7-7-7,0.0,1.0,2,DRAW
1,26,13,13,5-7-7-8,0.0,1.0,1,DRAW
1,26,13,13,5-7-8-8,0.0,1.0,1,DRAW
1,26,13,13,6-6-6-7,0.5,0.5,2,
1,26,13,13,6-6-7-7,0.0,1.0,2,DRAW
1,26,13,13,6-7-7-7,0.0,1.0,2,DRAW
1,26,13,13,6-7-7-8,0.0,1.0,1,DRAW
1,26,13,13,6-7-8-8,0.0,1.0,1,DRAW
1,28,14,14,1-1-1-1,1.0,0.0,43,STOP
1,28,14,14,1-1-1-2,1.0,0.0,3471,STOP
1,28,14,14,1-1-1-3,1.0,0.0,946,STOP
1,28,14,14,1-1-1-4,0.9908536585365854,0.009146341463414634,820,
1,28,14,14,1-1-1-5,0.04878048780487805,0.9512195121951219,164,
1,28,14,14,1-1-1-6,0.5,0.5,5,
1,28,14,14,1-1-2-2,0.995913546585572,0.004086453414428011,27747,
1,28,14,14,1-1-2-3,0.9840442231117036,0.015955776888296393,20198,
1,28,14,14,1-1-2-4,0.001188323746459651,0.9988116762535404,6683,
1,28,14,14,1-1-2-5,0.003912363067292645,0.9960876369327074,1278,
1,28,14,14,1-1-2-6,0.00980392156862745,0.9901960784313726,102,
1,28,14,14,1-1-2-7,0.16666666666666666,0.8333333333333334,6,
1,28,14,14,1-1-3-3,0.9503668401365573,0.0496331598634427,5120,
1,28,14,14,1-1-3-4,0.0012774271115118725,0.9987225728884881,6654,
1,28,14,14,1-1-3-5,0.0015432098765432098,0.9984567901234568,1296,
1,28,14,14,1-1-3-6,0.006802721088435374,0.9931972789115646,147,
1,28,14,14,1-1-3-7,0.5,0.5,5,
1,28,14,14,1-1-4-4,0.0020600353148911123,0.9979399646851089,1699,
1,28,14,14,1-1-4-5,0.0007961783439490446,0.9992038216560509,1256,
1,28,14,14,1-1-4-6,0.08941605839416059,0.9105839416058394,137,
1,28,14,14,1-1-4-7,0.5,0.5,8,
1,28,14,14,1-1-5-5,0.0037593984962406013,0.9962406015037594,266,
1,28,14,14,1-1-5-6,0.025,0.975,140,
1,28,14,14,1-1-5-7,0.5,0.5,11,
1,28,14,14,1-1-6-6,0.45652173913043476,0.5434782608695652,23,
1,28,14,14,1-1-6-7,0.14285714285714285,0.8571428571428571,7,
1,28,14,14,1-2-2-2,0.9906394343265791,0.009360565673420848,9471,
1,28,14,14,1-2-2-3,0.9780045021706613,0.021995497829338753,19137,
1,28,14,14,1-2-2-4,0.0002662879460323096,0.9997337120539677,5633,
1,28,14,14,1-2-2-5,0.01478042296313625,0.9852195770368637,1157,
1,28,14,14,1-2-2-6,0.026785714285714284,0.9732142857142857,112,
1,28,14,14,1-2-2-7,0.5,0.5,5,
1,28,14,14,1-2-3-3,0.399133387743644,0.600866612256356,13132,
1,28,14,14,1-2-3-4,0.0005622436830268554,0.9994377563169732,15118,
1,28,14,14,1-2-3-5,0.0021637816245006656,0.9978362183754993,3004,
1,28,14,14,1-2-3-6,0.003215434083601286,0.9967845659163987,311,
1,28,14,14,1-2-3-7,0.06818181818181818,0.9318181818181818,22,
1,28,14,14,1-2-4-4,0.0005221932114882506,0.9994778067885117,3830,
1,28,14,14,1-2-4-5,0.000351000351000351,0.9996489996489997,2849,
1,28,14,14,1-2-4-6,0.021406727828746176,0.9785932721712538,327,
1,28,14,14,1-2-4-7,0.5,0.5,11,
1,28,14,14,1-2-5-5,0.0007739938080495357,0.9992260061919505,646,
1,28,14,14,1-2-5-6,0.007836990595611285,0.9921630094043887,319,
1,28,14,14,1-2-5-7,0.5,0.5,17,
1,28,14,14,1-2-5-8,0.5,0.5,1,
1,28,14,14,1-2-6-6,0.05,0.95,50,
1,28,14,14,1-2-6-7,0.5,0.5,15,
1,28,14,14,1-2-7-7,0.5,0.5,1,
1,28,14,14,1-3-3-3,0.10533715013179577,0.8946628498682042,1878,
1,28,14,14,1-3-3-4,0.0008979885057471264,0.9991020114942529,5568,
1,28,14,14,1-3-3-5,0.008426966292134831,0.9915730337078652,1068,
1,28,14,14,1-3-3-6,0.003816793893129771,0.9961832061068703,131,
1,28,14,14,1-3-3-7,0.5,0.5,4,
1,28,14,14,1-3-4-4,0.001787538304392237,0.9982124616956077,3916,
1,28,14,14,1-3-4-5,0.0001707067258449983,0.999829293274155,2929,
1,28,14,14,1-3-4-6,0.021021021021021023,0.978978978978979,333,
1,28,14,14,1-3-4-7,0.5,0.5,15,
1,28,14,14,1-3-5-5,0.01529051987767584,0.9847094801223242,654,
1,28,14,14,1-3-5-6,0.008982035928143712,0.9910179640718563,334,
1,28,14,14,1-3-5-7,0.5,0.5,11,
1,28,14,14,1-3-6-6,0.19444444444444445,0.8055555555555556,54,
1,28,14,14,1-3-6-7,0.5,0.5,19,
1,28,14,14,1-3-6-8,0.5,0.5,1,
1,28,14,14,1-3-7-7,0.5,0.5,1,
1,28,14,14,1-4-4-4,0.012684989429175475,0.9873150105708245,473,
1,28,14,14,1-4-4-5,0.016865079365079364,0.9831349206349206,1008,
1,28,14,14,1-4-4-6,0.07920792079207921,0.9207920792079208,101,
1,28,14,14,1-4-4-7,0.5,0.5,2,
1,28,14,14,1-4-5-5,0.01001669449081803,0.989983305509182,599,
1,28,14,14,1-4-5-6,0.06130268199233716,0.9386973180076629,261,
1,28,14,14,1-4-5-7,0.07894736842105263,0.9210526315789473,19,
1,28,14,14,1-4-6-6,0.3333333333333333,0.6666666666666666,36,
1,28,14,14,1-4-6-7,0.5,0.5,11,
1,28,14,14,1-4-7-7,0.5,0.5,2,
1,28,14,14,1-5-5-5,0.009259259259259259,0.9907407407407407,54,
1,28,14,14,1-5-5-6,0.28921568627450983,0.7107843137254902,102,
1,28,14,14,1-5-5-7,0.5,0.5,3,
1,28,14,14,1-5-6-6,0.06382978723404255,0.9361702127659575,47,
1,28,14,14,1-5-6-7,0.05,0.95,10,
1,28,14,14,1-5-7-7,0.5,0.5,2,
1,28,14,14,1-6-6-6,0.5,0.5,3,
1,28,14,14,2-2-2-2,0.8757548717174065,0.12424512828259347,470,
1,28,14,14,2-2-2-3,0.0162160589755377,0.9837839410244623,2962,
1,28,14,14,2-2-2-4,0.0039165441723264804,0.9960834558276735,719,
1,28,14,14,2-2-2-5,0.0035211267605633804,0.9964788732394366,142,
1,28,14,14,2-2-2-6,0.05,0.95,10,
1,28,14,14,2-2-3-3,0.0003295254833040422,0.999670474516696,4552,
1,28,14,14,2-2-3-4,0.0005406574394463668,0.9994593425605537,4624,
1,28,14,14,2-2-3-5,0.0010460251046025104,0.9989539748953975,956,
1,28,14,14,2-2-3-6,0.15263157894736842,0.8473684210526315,95,
1,28,14,14,2-2-3-7,0.5,0.5,2,
1,28,14,14,2-2-4-4,0.0012975778546712802,0.9987024221453287,1156,
1,28,14,14,2-2-4-5,0.0011587485515643105,0.9988412514484357,863,
1,28,14,14,2-2-4-6,0.056179775280898875,0.9438202247191011,89,
1,28,14,14,2-2-4-7,0.5,0.5,4,
1,28,14,14,2-2-5-5,0.0027472527472527475,0.9972527472527473,182,
1,28,14,14,2-2-5-6,0.041666666666666664,0.9583333333333334,96,
1,28,14,14,2-2-5-7,0.5,0.5,3,
1,28,14,14,2-2-6-6,0.3333333333333333,0.6666666666666666,15,
1,28,14,14,2-2-6-7,0.375,0.625,4,
1,28,14,14,2-2-7-8,0.5,0.5,1,
1,28,14,14,2-3-3-3,0.0281609694025103,0.9718390305974898,1921,
1,28,14,14,2-3-3-4,0.0015349979533360622,0.9984650020466639,4886,
1,28,14,14,2-3-3-5,0.003215434083601286,0.9967845659163987,933,
1,28,14,14,2-3-3-6,0.2692307692307692,0.7307692307692307,91,
1,28,14,14,2-3-3-7,0.5,0.5,2,
1,28,14,14,2-3-4-4,0.001091703056768559,0.9989082969432315,3206,
1,28,14,14,2-3-4-5,0.001874219075385256,0.9981257809246148,2401,
1,28,14,14,2-3-4-6,0.018867924528301886,0.9811320754716981,265,
1,28,14,14,2-3-4-7,0.5,0.5,11,
1,28,14,14,2-3-5-5,0.07862903225806452,0.9213709677419355,496,
1,28,14,14,2-3-5-6,0.010121457489878543,0.9898785425101214,247,
1,28,14,14,2-3-5-7,0.5,0.5,9,
1,28,14,14,2-3-6-6,0.5,0.5,34,
1,28,14,14,2-3-6-7,0.5,0.5,12,
1,28,14,14,2-4-4-4,0.00980392156862745,0.9901960784313726,408,
1,28,14,14,2-4-4-5,0.006682867557715674,0.9933171324422844,823,
1,28,14,14,2-4-4-6,0.0058823529411764705,0.9941176470588236,85,
1,28,14,14,2-4-5-5,0.002982107355864811,0.9970178926441352,503,
1,28,14,14,2-4-5-6,0.19946808510638298,0.800531914893617,188,
1,28,14,14,2-4-5-7,0.5,0.5,10,
1,28,14,14,2-4-6-6,0.125,0.875,32,
1,28,14,14,2-4-6-7,0.5,0.5,22,
1,28,14,14,2-5-5-5,0.00909090909090909,0.990909090909091,55,
1,28,14,14,2-5-5-6,0.5,0.5,74,
1,28,14,14,2-5-5-7,0.5,0.5,3,
1,28,14,14,2-5-6-6,0.1896551724137931,0.8103448275862069,29,
1,28,14,14,2-5-6-7,0.5,0.5,4,
1,28,14,14,2-6-6-6,0.5,0.5,1,
1,28,14,14,2-6-6-7,0.5,0.5,4,
1,28,14,14,2-6-7-7,0.5,0.5,1,
1,28,14,14,2-6-7-8,0.5,0.5,1,
1,28,14,14,3-3-3-3,0.36301764273462406,0.6369823572653759,110,
1,28,14,14,3-3-3-4,0.0011890606420927466,0.9988109393579072,841,
1,28,14,14,3-3-3-5,0.026444438340412553,0.9735555616595875,128,
1,28,14,14,3-3-3-6,0.5,0.5,12,
1,28,14,14,3-3-4-4,0.004105090311986864,0.9958949096880131,1218,
1,28,14,14,3-3-4-5,0.0016703786191536749,0.9983296213808464,898,
1,28,14,14,3-3-4-6,0.30158730158730157,0.6984126984126984,63,
1,28,14,14,3-3-4-7,0.08333333333333333,0.9166666666666666,6,
1,28,14,14,3-3-5-5,0.028735632183908046,0.9712643678160919,174,
1,28,14,14,3-3-5-6,0.2222222222222222,0.7777777777777778,63,
1,28,14,14,3-3-5-7,0.5,0.5,1,
1,28,14,14,3-3-6-6,0.5,0.5,14,
1,28,14,14,3-3-6-7,0.5,0.5,6,
1,28,14,14,3-3-7-8,0.5,0.5,1,
1,28,14,14,3-4-4-4,0.0025188916876574307,0.9974811083123426,397,
1,28,14,14,3-4-4-5,0.08849557522123894,0.911504424778761,791,
1,28,14,14,3-4-4-6,0.5,0.5,68,
1,28,14,14,3-4-4-7,0.5,0.5,1,
1,28,14,14,3-4-5-5,0.0030737704918032786,0.9969262295081968,488,
1,28,14,14,3-4-5-6,0.02669902912621359,0.9733009708737864,206,
1,28,14,14,3-4-5-7,0.5,0.5,14,
1,28,14,14,3-4-6-6,0.5,0.5,46,
1,28,14,14,3-4-6-7,0.5,0.5,11,
1,28,14,14,3-4-7-7,0.5,0.5,1,
1,28,14,14,3-5-5-5,0.37,0.63,50,
1,28,14,14,3-5-5-6,0.5,0.5,59,
1,28,14,14,3-5-5-7,0.5,0.5,1,
1,28,14,14,3-5-6-6,0.5,0.5,31,
1,28,14,14,3-5-6-7,0.5,0.5,10,
1,28,14,14,3-6-6-6,0.5,0.5,1,
1,28,14,14,3-6-6-7,0.5,0.5,3,
1,28,14,14,3-6-7-7,0.5,0.5,1,
1,28,14,14,4-4-4-4,0.14705882352941177,0.8529411764705882,17,
1,28,14,14,4-4-4-5,0.04741379310344827,0.9525862068965517,116,
1,28,14,14,4-4-4-6,0.08333333333333333,0.9166666666666666,12,
1,28,14,14,4-4-5-5,0.016129032258064516,0.9838709677419355,155,
1,28,14,14,4-4-5-6,0.1693548387096774,0.8306451612903226,62,
1,28,14,14,4-4-6-6,0.5,0.5,7,
1,28,14,14,4-4-6-7,0.5,0.5,1,
1,28,14,14,4-4-7-8,0.5,0.5,1,
1,28,14,14,4-5-5-5,0.11702127659574468,0.8829787234042553,47,
1,28,14,14,4-5-5-6,0.5,0.5,52,
1,28,14,14,4-5-5-7,0.25,0.75,2,
1,28,14,14,4-5-6-6,0.5,0.5,22,
1,28,14,14,4-5-6-7,0.5,0.5,5,
1,28,14,14,4-5-7-7,0.5,0.5,2,
1,28,14,14,4-6-6-6,0.5,0.5,1,
1,28,14,14,4-6-6-7,0.5,0.5,6,
1,28,14,14,4-6-7-7,0.5,0.5,1,
1,28,14,14,4-6-8-8,0.0,1.0,1,DRAW
1,28,14,14,5-5-5-6,0.08333333333333333,0.9166666666666666,6,
1,28,14,14,5-5-6-6,0.5,0.5,2,
1,28,14,14,5-5-6-7,0.5,0.5,1,
1,28,14,14,5-6-6-6,0.5,0.5,1,
1,28,14,14,5-6-6-7,0.5,0.5,2,
1,28,14,14,5-6-7-7,0.5,0.5,4,
1,28,14,14,5-6-7-8,0.0,1.0,2,DRAW
1,28,14,14,5-7-7-7,0.0,1.0,1,DRAW
1,28,14,14,5-7-7-8,0.0,1.0,1,DRAW
1,28,14,14,6-7-7-7,0.0,1.0,1,DRAW
1,30,15,15,1-1-1-1,1.0,0.0,15,STOP
1,30,15,15,1-1-1-2,1.0,0.0,3558,STOP
1,30,15,15,1-1-1-3,1.0,0.0,859,STOP
1,30,15,15,1-1-1-4,0.017241379310344827,0.9827586206896551,377,
1,30,15,15,1-1-1-5,0.030534351145038167,0.9694656488549618,131,
1,30,15,15,1-1-1-6,0.5,0.5,1,
1,30,15,15,1-1-2-2,0.998865809002236,0.0011341909977640235,30859,
1,30,15,15,1-1-2-3,0.9960304047231155,0.003969595276884494,19896,
1,30,15,15,1-1-2-4,0.002370799931775541,0.9976292000682245,5863,
1,30,15,15,1-1-2-5,0.01373115392195506,0.9862688460780449,944,
1,30,15,15,1-1-2-6,0.01639344262295082,0.9836065573770492,61,
1,30,15,15,1-1-2-7,0.16666666666666666,0.8333333333333334,3,
1,30,15,15,1-1-3-3,0.002189121809180129,0.9978108781908198,4693,
1,30,15,15,1-1-3-4,0.0016636167027116952,0.9983363832972884,6011,
1,30,15,15,1-1-3-5,0.0010080645161290322,0.998991935483871,992,
1,30,15,15,1-1-3-6,0.03977272727272727,0.9602272727272727,88,
1,30,15,15,1-1-3-7,0.5,0.5,2,
1,30,15,15,1-1-4-4,0.0013850415512465374,0.9986149584487535,1444,
1,30,15,15,1-1-4-5,0.0005494505494505495,0.9994505494505495,910,
1,30,15,15,1-1-4-6,0.0136986301369863,0.9863013698630136,73,
1,30,15,15,1-1-4-7,0.5,0.5,1,
1,30,15,15,1-1-5-5,0.008287292817679558,0.9917127071823204,181,
1,30,15,15,1-1-5-6,0.025,0.975,80,
1,30,15,15,1-1-6-6,0.5,0.5,6,
1,30,15,15,1-1-6-7,0.25,0.75,2,
1,30,15,15,1-2-2-2,0.9910900066036994,0.008909993396300619,10055,
1,30,15,15,1-2-2-3,0.7510645578014945,0.24893544219850544,18718,
1,30,15,15,1-2-2-4,0.00010117361392148928,0.9998988263860785,4942,
1,30,15,15,1-2-2-5,0.001851851851851852,0.9981481481481481,810,
1,30,15,15,1-2-2-6,0.024193548387096774,0.9758064516129032,62,
1,30,15,15,1-2-2-7,0.5,0.5,2,
1,30,15,15,1-2-3-3,0.003871924709733516,0.9961280752902665,13034,
1,30,15,15,1-2-3-4,0.0004883179325369995,0.999511682067463,13311,
1,30,15,15,1-2-3-5,0.002136752136752137,0.9978632478632479,2106,
1,30,15,15,1-2-3-6,0.00974025974025974,0.9902597402597403,154,
1,30,15,15,1-2-3-7,0.5,0.5,7,
1,30,15,15,1-2-4-4,0.008006279434850863,0.9919937205651491,3185,
1,30,15,15,1-2-4-5,0.00523168908819133,0.9947683109118086,2007,
1,30,15,15,1-2-4-6,0.085,0.915,200,
1,30,15,15,1-2-4-7,0.5,0.5,2,
1,30,15,15,1-2-5-5,0.0012658227848101266,0.9987341772151899,395,
1,30,15,15,1-2-5-6,0.03409090909090909,0.9659090909090909,176,
1,30,15,15,1-2-5-7,0.5,0.5,2,
1,30,15,15,1-2-6-6,0.32608695652173914,0.6739130434782609,23,
1,30,15,15,1-2-6-7,0.5,0.5,3,
1,30,15,15,1-3-3-3,0.03425274904079536,0.9657472509592047,1847,
1,30,15,15,1-3-3-4,0.00030870549495781024,0.9996912945050422,4859,
1,30,15,15,1-3-3-5,0.01834862385321101,0.981651376146789,763,
1,30,15,15,1-3-3-6,0.2642857142857143,0.7357142857142858,70,
1,30,15,15,1-3-4-4,0.0029622700342999686,0.9970377299657001,3207,
1,30,15,15,1-3-4-5,0.00025075225677031093,0.9997492477432297,1994,
1,30,15,15,1-3-4-6,0.011428571428571429,0.9885714285714285,175,
1,30,15,15,1-3-4-7,0.5,0.5,5,
1,30,15,15,1-3-5-5,0.00963855421686747,0.9903614457831326,415,
1,30,15,15,1-3-5-6,0.12951807228915663,0.8704819277108434,166,
1,30,15,15,1-3-5-7,0.5,0.5,2,
1,30,15,15,1-3-6-6,0.22916666666666666,0.7708333333333334,24,
1,30,15,15,1-3-6-7,0.5,0.5,6,
1,30,15,15,1-3-7-7,0.5,0.5,1,
1,30,15,15,1-4-4-4,0.008974358974358974,0.9910256410256411,390,
1,30,15,15,1-4-4-5,0.012743628185907047,0.987256371814093,667,
1,30,15,15,1-4-4-6,0.0660377358490566,0.9339622641509434,53,
1,30,15,15,1-4-5-5,0.00390625,0.99609375,384,
1,30,15,15,1-4-5-6,0.020161290322580645,0.9798387096774194,124,
1,30,15,15,1-4-5-7,0.5,0.5,10,
1,30,15,15,1-4-6-6,0.2894736842105263,0.7105263157894737,19,
1,30,15,15,1-4-6-7,0.5,0.5,3,
1,30,15,15,1-4-7-7,0.5,0.5,1,
1,30,15,15,1-5-5-5,0.20689655172413793,0.7931034482758621,29,
1,30,15,15,1-5-5-6,0.3372093023255814,0.6627906976744186,43,
1,30,15,15,1-5-6-6,0.5,0.5,21,
1,30,15,15,1-5-6-7,0.16666666666666666,0.8333333333333334,6,
1,30,15,15,1-5-7-7,0.5,0.5,1,
1,30,15,15,1-6-6-6,0.5,0.5,2,
1,30,15,15,2-2-2-2,0.9989939637826962,0.001006036217303823,497,
1,30,15,15,2-2-2-3,0.0003316749585406302,0.9996683250414594,3015,
1,30,15,15,2-2-2-4,0.005025125628140704,0.9949748743718593,597,
1,30,15,15,2-2-2-5,0.016666666666666666,0.9833333333333333,90,
1,30,15,15,2-2-2-6,0.5,0.5,3,
1,30,15,15,2-2-3-3,0.0008918617614269788,0.999108138238573,4485,
1,30,15,15,2-2-3-4,0.0006453278265358802,0.9993546721734641,3874,
1,30,15,15,2-2-3-5,0.0008237232289950577,0.999176276771005,607,
1,30,15,15,2-2-3-6,0.17796610169491525,0.8220338983050848,59,
1,30,15,15,2-2-4-4,0.002280501710376283,0.9977194982896237,877,
1,30,15,15,2-2-4-5,0.008181818181818182,0.9918181818181818,550,
1,30,15,15,2-2-4-6,0.058823529411764705,0.9411764705882353,34,
1,30,15,15,2-2-4-7,0.5,0.5,1,
1,30,15,15,2-2-5-5,0.0045045045045045045,0.9954954954954955,111,
1,30,15,15,2-2-5-6,0.04285714285714286,0.9571428571428572,35,
1,30,15,15,2-2-5-7,0.5,0.5,2,
1,30,15,15,2-2-6-6,0.375,0.625,4,
1,30,15,15,2-3-3-3,0.0016402405686167304,0.9983597594313832,1829,
1,30,15,15,2-3-3-4,0.0013477088948787063,0.9986522911051213,4081,
1,30,15,15,2-3-3-5,0.0125,0.9875,560,
1,30,15,15,2-3-3-6,0.02127659574468085,0.9787234042553191,47,
1,30,15,15,2-3-4-4,0.0008220304151253596,0.9991779695848746,2433,
1,30,15,15,2-3-4-5,0.009868421052631578,0.9901315789473685,1520,
1,30,15,15,2-3-4-6,0.07936507936507936,0.9206349206349206,126,
1,30,15,15,2-3-4-7,0.5,0.5,3,
1,30,15,15,2-3-5-5,0.2326923076923077,0.7673076923076924,260,
1,30,15,15,2-3-5-6,0.007462686567164179,0.9925373134328358,134,
1,30,15,15,2-3-5-7,0.5,0.5,1,
1,30,15,15,2-3-6-6,0.5,0.5,5,
1,30,15,15,2-3-6-7,0.5,0.5,4,
1,30,15,15,2-4-4-4,0.04071661237785016,0.9592833876221498,307,
1,30,15,15,2-4-4-5,0.00496031746031746,0.9950396825396826,504,
1,30,15,15,2-4-4-6,0.5,0.5,40,
1,30,15,15,2-4-5-5,0.0819935691318328,0.9180064308681672,311,
1,30,15,15,2-4-5-6,0.29375,0.70625,80,
1,30,15,15,2-4-5-7,0.5,0.5,2,
1,30,15,15,2-4-6-6,0.14285714285714285,0.8571428571428571,14,
1,30,15,15,2-4-6-7,0.5,0.5,4,
1,30,15,15,2-5-5-5,0.016129032258064516,0.9838709677419355,31,
1,30,15,15,2-5-5-6,0.5,0.5,18,
1,30,15,15,2-5-5-7,0.5,0.5,2,
1,30,15,15,2-5-6-6,0.23076923076923078,0.7692307692307693,13,
1,30,15,15,2-5-6-7,0.5,0.5,1,
1,30,15,15,2-6-6-6,0.5,0.5,1,
1,30,15,15,3-3-3-3,0.09824561403508764,0.9017543859649124,95,
1,30,15,15,3-3-3-4,0.0014641288433382138,0.9985358711566618,683,
1,30,15,15,3-3-3-5,0.91875,0.08125,80,
1,30,15,15,3-3-3-6,0.5,0.5,3,
1,30,15,15,3-3-4-4,0.009771986970684038,0.990228013029316,921,
1,30,15,15,3-3-4-5,0.002688172043010753,0.9973118279569892,558,
1,30,15,15,3-3-4-6,0.2692307692307692,0.7307692307692307,26,
1,30,15,15,3-3-4-7,0.5,0.5,3,
1,30,15,15,3-3-5-5,0.04245283018867924,0.9575471698113207,106,
1,30,15,15,3-3-5-6,0.5,0.5,22,
1,30,15,15,3-3-6-6,0.5,0.5,3,
1,30,15,15,3-3-6-7,0.5,0.5,1,
1,30,15,15,3-4-4-4,0.005434782608695652,0.9945652173913043,276,
1,30,15,15,3-4-4-5,0.03931451612903226,0.9606854838709677,496,
1,30,15,15,3-4-4-6,0.5,0.5,17,
1,30,15,15,3-4-5-5,0.031141868512110725,0.9688581314878892,289,
1,30,15,15,3-4-5-6,0.17142857142857143,0.8285714285714286,105,
1,30,15,15,3-4-5-7,0.5,0.5,2,
1,30,15,15,3-4-6-6,0.5,0.5,11,
1,30,15,15,3-4-6-7,0.5,0.5,1,
1,30,15,15,3-4-7-7,0.5,0.5,1,
1,30,15,15,3-5-5-5,0.3333333333333333,0.6666666666666666,15,
1,30,15,15,3-5-5-6,0.5,0.5,14,
1,30,15,15,3-5-6-6,0.5,0.5,6,
1,30,15,15,3-5-6-7,0.5,0.5,6,
1,30,15,15,4-4-4-4,0.5,0.5,13,
1,30,15,15,4-4-4-5,0.023809523809523808,0.9761904761904762,63,
1,30,15,15,4-4-4-6,0.5,0.5,6,
1,30,15,15,4-4-5-5,0.015306122448979591,0.9846938775510204,98,
1,30,15,15,4-4-5-6,0.5,0.5,28,
1,30,15,15,4-4-5-7,0.5,0.5,1,
1,30,15,15,4-4-6-6,0.5,0.5,4,
1,30,15,15,4-4-7-8,0.5,0.5,1,
1,30,15,15,4-5-5-5,0.5,0.5,21,
1,30,15,15,4-5-5-6,0.5,0.5,10,
1,30,15,15,4-5-5-7,0.5,0.5,2,
1,30,15,15,4-5-6-6,0.5,0.5,4,
1,30,15,15,4-5-6-7,0.5,0.5,1,
1,30,15,15,4-6-8-8,0.0,1.0,1,DRAW
1,30,15,15,5-5-5-6,0.5,0.5,1,
1,30,15,15,5-5-6-7,0.5,0.5,1,
1,30,15,15,5-5-7-7,0.5,0.5,1,
1,30,15,15,5-6-6-6,0.5,0.5,1,
1,30,15,15,5-6-7-7,0.5,0.5,2,
1,30,15,15,5-7-7-7,0.0,1.0,1,DRAW
1,30,15,15,6-7-7-7,0.0,1.0,1,DRAW
1,32,16,16,1-1-1-1,1.0,0.0,16,STOP
1,32,16,16,1-1-1-2,1.0,0.0,3803,STOP
1,32,16,16,1-1-1-3,1.0,0.0,811,STOP
1,32,16,16,1-1-1-4,0.003579952267303103,0.9964200477326969,419,
1,32,16,16,1-1-1-5,0.031578947368421054,0.968421052631579,95,
1,32,16,16,1-1-2-2,0.9988173979453059,0.0011826020546941546,33611,
1,32,16,16,1-1-2-3,0.9788742458610187,0.02112575413898138,19092,
1,32,16,16,1-1-2-4,0.00202978552124662,0.9979702144787533,5115,
1,32,16,16,1-1-2-5,0.0007656967840735069,0.9992343032159265,653,
1,32,16,16,1-1-2-6,0.08620689655172414,0.9137931034482759,29,
1,32,16,16,1-1-2-7,0.5,0.5,1,
1,32,16,16,1-1-3-3,0.0016514992368255085,0.9983485007631745,5058,
1,32,16,16,1-1-3-4,0.0012543419529139328,0.998745658047086,5182,
1,32,16,16,1-1-3-5,0.0014947683109118087,0.9985052316890882,669,
1,32,16,16,1-1-3-6,0.5,0.5,38,
1,32,16,16,1-1-4-4,0.002577319587628866,0.9974226804123711,1164,
1,32,16,16,1-1-4-5,0.0007633587786259542,0.999236641221374,655,
1,32,16,16,1-1-4-6,0.05555555555555555,0.9444444444444444,36,
1,32,16,16,1-1-5-5,0.06201550387596899,0.937984496124031,129,
1,32,16,16,1-1-5-6,0.08139534883720931,0.9186046511627907,43,
1,32,16,16,1-1-6-6,0.5,0.5,1,
1,32,16,16,1-2-2-2,0.9567317541786688,0.04326824582133111,10389,
1,32,16,16,1-2-2-3,2.7702365782037787e-05,0.9999722976342179,18049,
1,32,16,16,1-2-2-4,0.00012153621779290228,0.9998784637822071,4114,
1,32,16,16,1-2-2-5,0.0026785714285714286,0.9973214285714286,560,
1,32,16,16,1-2-2-6,0.3,0.7,25,
1,32,16,16,1-2-3-3,0.0010223400227186673,0.9989776599772814,13205,
1,32,16,16,1-2-3-4,0.00040566122780131615,0.9995943387721987,11093,
1,32,16,16,1-2-3-5,0.020577617328519857,0.9794223826714802,1385,
1,32,16,16,1-2-3-6,0.22972972972972974,0.7702702702702703,74,
1,32,16,16,1-2-3-7,0.5,0.5,2,
1,32,16,16,1-2-4-4,0.0053699284009546535,0.9946300715990454,2514,
1,32,16,16,1-2-4-5,0.004434589800443459,0.9955654101995566,1353,
1,32,16,16,1-2-4-6,0.28651685393258425,0.7134831460674157,89,
1,32,16,16,1-2-4-7,0.5,0.5,1,
1,32,16,16,1-2-5-5,0.2692307692307692,0.7307692307692307,247,
1,32,16,16,1-2-5-6,0.22151898734177214,0.7784810126582279,79,
1,32,16,16,1-2-5-7,0.5,0.5,1,
1,32,16,16,1-2-6-6,0.3181818181818182,0.6818181818181818,11,
1,32,16,16,1-2-6-7,0.5,0.5,2,
1,32,16,16,1-3-3-3,0.014746878757486915,0.9852531212425131,1765,
1,32,16,16,1-3-3-4,0.0032459425717852684,0.9967540574282148,4005,
1,32,16,16,1-3-3-5,0.026970954356846474,0.9730290456431535,482,
1,32,16,16,1-3-3-6,0.24074074074074073,0.7592592592592593,27,
1,32,16,16,1-3-3-7,0.5,0.5,1,
1,32,16,16,1-3-4-4,0.004739336492890996,0.995260663507109,2532,
1,32,16,16,1-3-4-5,0.0003843197540353574,0.9996156802459646,1301,
1,32,16,16,1-3-4-6,0.5,0.5,87,
1,32,16,16,1-3-4-7,0.5,0.5,1,
1,32,16,16,1-3-5-5,0.285140562248996,0.714859437751004,249,
1,32,16,16,1-3-5-6,0.09868421052631579,0.9013157894736842,76,
1,32,16,16,1-3-6-6,0.5,0.5,11,
1,32,16,16,1-3-6-7,0.5,0.5,1,
1,32,16,16,1-4-4-4,0.34150943396226413,0.6584905660377358,265,
1,32,16,16,1-4-4-5,0.005827505827505828,0.9941724941724942,429,
1,32,16,16,1-4-4-6,0.5,0.5,28,
1,32,16,16,1-4-5-5,0.024229074889867842,0.9757709251101322,227,
1,32,16,16,1-4-5-6,0.5,0.5,65,
1,32,16,16,1-4-6-6,0.5,0.5,4,
1,32,16,16,1-4-6-7,0.5,0.5,1,
1,32,16,16,1-5-5-5,0.125,0.875,16,
1,32,16,16,1-5-5-6,0.5,0.5,11,
1,32,16,16,1-5-6-6,0.5,0.5,5,
1,32,16,16,1-5-6-7,0.5,0.5,3,
1,32,16,16,1-5-7-7,0.5,0.5,1,
1,32,16,16,2-2-2-2,0.9548248239895334,0.045175176010466556,452,
1,32,16,16,2-2-2-3,0.0003549875754348598,0.9996450124245652,2817,
1,32,16,16,2-2-2-4,0.009698275862068966,0.990301724137931,464,
1,32,16,16,2-2-2-5,0.17708333333333334,0.8229166666666666,48,
1,32,16,16,2-2-2-6,0.5,0.5,1,
1,32,16,16,2-2-3-3,0.00036755697133055625,0.9996324430286695,4081,
1,32,16,16,2-2-3-4,0.001349527665317139,0.9986504723346828,2964,
1,32,16,16,2-2-3-5,0.0013513513513513514,0.9986486486486487,370,
1,32,16,16,2-2-3-6,0.5,0.5,24,
1,32,16,16,2-2-4-4,0.0023510971786833857,0.9976489028213166,638,
1,32,16,16,2-2-4-5,0.0764525993883792,0.9235474006116208,327,
1,32,16,16,2-2-4-6,0.5,0.5,19,
1,32,16,16,2-2-5-5,0.00819672131147541,0.9918032786885246,61,
1,32,16,16,2-2-5-6,0.03333333333333333,0.9666666666666667,15,
1,32,16,16,2-2-6-6,0.5,0.5,2,
1,32,16,16,2-3-3-3,0.0019120458891013384,0.9980879541108987,1569,
1,32,16,16,2-3-3-4,0.0009900990099009901,0.999009900990099,3030,
1,32,16,16,2-3-3-5,0.07142857142857142,0.9285714285714286,357,
1,32,16,16,2-3-3-6,0.029411764705882353,0.9705882352941176,17,
1,32,16,16,2-3-4-4,0.032219570405727926,0.9677804295942721,1676,
1,32,16,16,2-3-4-5,0.012679162072767364,0.9873208379272327,907,
1,32,16,16,2-3-4-6,0.2982456140350877,0.7017543859649122,57,
1,32,16,16,2-3-4-7,0.5,0.5,2,
1,32,16,16,2-3-5-5,0.004273504273504274,0.9957264957264957,117,
1,32,16,16,2-3-5-6,0.5,0.5,49,
1,32,16,16,2-3-5-7,0.5,0.5,1,
1,32,16,16,2-3-6-6,0.5,0.5,1,
1,32,16,16,2-4-4-4,0.04608294930875576,0.9539170506912442,217,
1,32,16,16,2-4-4-5,0.09967320261437909,0.9003267973856209,306,
1,32,16,16,2-4-4-6,0.1,0.9,10,
1,32,16,16,2-4-5-5,0.04746835443037975,0.9525316455696202,158,
1,32,16,16,2-4-5-6,0.5,0.5,22,
1,32,16,16,2-4-6-6,0.5,0.5,5,
1,32,16,16,2-4-6-7,0.5,0.5,1,
1,32,16,16,2-5-5-5,0.5,0.5,17,
1,32,16,16,2-5-5-6,0.5,0.5,4,
1,32,16,16,2-5-6-6,0.25,0.75,4,
1,32,16,16,2-5-6-7,0.5,0.5,1,
1,32,16,16,3-3-3-3,0.1962025316455696,0.8037974683544303,79,
1,32,16,16,3-3-3-4,0.10992217898832685,0.8900778210116731,514,
1,32,16,16,3-3-3-5,0.5,0.5,21,
1,32,16,16,3-3-4-4,0.03503184713375796,0.964968152866242,628,
1,32,16,16,3-3-4-5,0.08112094395280237,0.9188790560471977,339,
1,32,16,16,3-3-4-6,0.5,0.5,6,
1,32,16,16,3-3-5-5,0.5,0.5,54,
1,32,16,16,3-3-5-6,0.5,0.5,8,
1,32,16,16,3-3-6-6,0.5,0.5,1,
1,32,16,16,3-4-4-4,0.005263157894736842,0.9947368421052631,190,
1,32,16,16,3-4-4-5,0.026595744680851064,0.973404255319149,282,
1,32,16,16,3-4-4-6,0.5,0.5,11,
1,32,16,16,3-4-5-5,0.025477707006369428,0.9745222929936306,157,
1,32,16,16,3-4-5-6,0.5,0.5,35,
1,32,16,16,3-4-6-6,0.5,0.5,2,
1,32,16,16,3-5-5-5,0.5,0.5,7,
1,32,16,16,3-5-5-6,0.5,0.5,2,
1,32,16,16,3-5-6-6,0.5,0.5,1,
1,32,16,16,3-5-6-7,0.5,0.5,3,
1,32,16,16,3-5-7-7,0.5,0.5,1,
1,32,16,16,4-4-4-4,0.5,0.5,7,
1,32,16,16,4-4-4-5,0.5,0.5,45,
1,32,16,16,4-4-4-6,0.5,0.5,3,
1,32,16,16,4-4-5-5,0.5,0.5,42,
1,32,16,16,4-4-5-6,0.5,0.5,10,
1,32,16,16,4-4-6-6,0.5,0.5,1,
1,32,16,16,4-5-5-5,0.5,0.5,2,
1,32,16,16,4-5-5-6,0.5,0.5,5,
1,32,16,16,4-5-6-6,0.5,0.5,1,
1,32,16,16,4-5-6-7,0.5,0.5,1,
1,32,16,16,4-5-6-8,0.5,0.5,1,
1,32,16,16,6-7-7-7,0.0,1.0,1,DRAW
1,34,17,17,1-1-1-1,1.0,0.0,18,STOP
1,34,17,17,1-1-1-2,1.0,0.0,3999,STOP
1,34,17,17,1-1-1-3,1.0,0.0,765,STOP
1,34,17,17,1-1-1-4,0.14460296511883444,0.8553970348811655,406,
1,34,17,17,1-1-1-5,0.021739130434782608,0.9782608695652174,69,
1,34,17,17,1-1-2-2,0.9997931662116323,0.00020683378836766774,36261,
1,34,17,17,1-1-2-3,0.9455478347888997,0.05445216521110036,18038,
1,34,17,17,1-1-2-4,0.00022888532845044633,0.9997711146715496,4369,
1,34,17,17,1-1-2-5,0.10493119266055045,0.8950688073394495,436,
1,34,17,17,1-1-2-6,0.5,0.5,12,
1,34,17,17,1-1-3-3,0.001662829499481776,0.9983371705005183,5160,
1,34,17,17,1-1-3-4,0.0009319664492078285,0.9990680335507922,4292,
1,34,17,17,1-1-3-5,0.0022988505747126436,0.9977011494252873,435,
1,34,17,17,1-1-3-6,0.5,0.5,13,
1,34,17,17,1-1-4-4,0.0010548523206751054,0.9989451476793249,948,
1,34,17,17,1-1-4-5,0.01566265060240964,0.9843373493975903,415,
1,34,17,17,1-1-4-6,0.5,0.5,17,
1,34,17,17,1-1-5-5,0.16891891891891891,0.831081081081081,74,
1,34,17,17,1-1-5-6,0.5,0.5,21,
1,34,17,17,1-2-2-2,0.8123480997305432,0.18765190026945672,10525,
1,34,17,17,1-2-2-3,2.7595341906286218e-05,0.9999724046580937,18119,
1,34,17,17,1-2-2-4,0.0009168704156479218,0.9990831295843521,3272,
1,34,17,17,1-2-2-5,0.017027863777089782,0.9829721362229102,323,
1,34,17,17,1-2-2-6,0.16666666666666666,0.8333333333333334,12,
1,34,17,17,1-2-3-3,0.0036074444535541526,0.9963925555464459,12197,
1,34,17,17,1-2-3-4,0.0004582426394776034,0.9995417573605224,8729,
1,34,17,17,1-2-3-5,0.0006024096385542169,0.9993975903614458,830,
1,34,17,17,1-2-3-6,0.1875,0.8125,32,
1,34,17,17,1-2-4-4,0.0033112582781456954,0.9966887417218543,1812,
1,34,17,17,1-2-4-5,0.002442002442002442,0.9975579975579976,819,
1,34,17,17,1-2-4-6,0.2857142857142857,0.7142857142857143,28,
1,34,17,17,1-2-5-5,0.21120689655172414,0.7887931034482759,116,
1,34,17,17,1-2-5-6,0.27941176470588236,0.7205882352941176,34,
1,34,17,17,1-2-6-6,0.3125,0.6875,8,
1,34,17,17,1-3-3-3,0.003178639542275906,0.9968213604577241,1573,
1,34,17,17,1-3-3-4,0.013530927835051547,0.9864690721649485,3104,
1,34,17,17,1-3-3-5,0.020618556701030927,0.979381443298969,291,
1,34,17,17,1-3-3-6,0.5,0.5,10,
1,34,17,17,1-3-4-4,0.00946969696969697,0.990530303030303,1848,
1,34,17,17,1-3-4-5,0.13072289156626507,0.869277108433735,830,
1,34,17,17,1-3-4-6,0.5,0.5,16,
1,34,17,17,1-3-5-5,0.15425531914893617,0.8457446808510638,94,
1,34,17,17,1-3-5-6,0.5,0.5,21,
1,34,17,17,1-3-6-6,0.5,0.5,2,
1,34,17,17,1-4-4-4,0.14802631578947367,0.8519736842105263,152,
1,34,17,17,1-4-4-5,0.002,0.998,250,
1,34,17,17,1-4-4-6,0.5,0.5,8,
1,34,17,17,1-4-5-5,0.016,0.984,125,
1,34,17,17,1-4-5-6,0.5,0.5,12,
1,34,17,17,1-5-5-5,0.5,0.5,8,
1,34,17,17,1-5-5-6,0.5,0.5,2,
1,34,17,17,1-5-6-6,0.5,0.5,3,
1,34,17,17,1-5-6-7,0.5,0.5,2,
1,34,17,17,1-6-7-7,0.5,0.5,1,
1,34,17,17,2-2-2-2,0.9934776633183381,0.006522336681661898,434,
1,34,17,17,2-2-2-3,0.00020374898125509371,0.9997962510187449,2454,
1,34,17,17,2-2-2-4,0.0046875,0.9953125,320,
1,34,17,17,2-2-2-5,0.5,0.5,23,
1,34,17,17,2-2-3-3,0.0001457725947521866,0.9998542274052478,3430,
1,34,17,17,2-2-3-4,0.013662511984659636,0.9863374880153404,2086,
1,34,17,17,2-2-3-5,0.29894179894179895,0.701058201058201,189,
1,34,17,17,2-2-3-6,0.5,0.5,7,
1,34,17,17,2-2-4-4,0.0025,0.9975,400,
1,34,17,17,2-2-4-5,0.003205128205128205,0.9967948717948718,156,
1,34,17,17,2-2-4-6,0.5,0.5,6,
1,34,17,17,2-2-5-5,0.07352941176470588,0.9264705882352942,34,
1,34,17,17,2-2-5-6,0.5,0.5,3,
1,34,17,17,2-3-3-3,0.026545166402535656,0.9734548335974643,1262,
1,34,17,17,2-3-3-4,0.000716674629718108,0.9992833253702819,2093,
1,34,17,17,2-3-3-5,0.3586387434554974,0.6413612565445026,191,
1,34,17,17,2-3-3-6,0.5,0.5,7,
1,34,17,17,2-3-4-4,0.01912313432835821,0.9808768656716418,1072,
1,34,17,17,2-3-4-5,0.013157894736842105,0.9868421052631579,494,
1,34,17,17,2-3-4-6,0.5,0.5,19,
1,34,17,17,2-3-5-5,0.5,0.5,50,
1,34,17,17,2-3-5-6,0.5,0.5,12,
1,34,17,17,2-3-5-7,0.5,0.5,1,
1,34,17,17,2-4-4-4,0.1423841059602649,0.8576158940397351,151,
1,34,17,17,2-4-4-5,0.05862068965517241,0.9413793103448276,145,
1,34,17,17,2-4-4-6,0.5,0.5,1,
1,34,17,17,2-4-5-5,0.16666666666666666,0.8333333333333334,60,
1,34,17,17,2-4-5-6,0.5,0.5,6,
1,34,17,17,2-4-6-6,0.5,0.5,2,
1,34,17,17,2-5-5-5,0.5,0.5,1,
1,34,17,17,2-5-5-6,0.5,0.5,1,
1,34,17,17,2-5-6-6,0.5,0.5,1,
1,34,17,17,2-5-6-7,0.5,0.5,1,
1,34,17,17,3-3-3-3,0.3474576271186441,0.652542372881356,59,
1,34,17,17,3-3-3-4,0.08083832335329341,0.9191616766467066,334,
1,34,17,17,3-3-3-5,0.5,0.5,9,
1,34,17,17,3-3-4-4,0.024096385542168676,0.9759036144578314,415,
1,34,17,17,3-3-4-5,0.5,0.5,152,
1,34,17,17,3-3-4-6,0.5,0.5,2,
1,34,17,17,3-3-5-5,0.5,0.5,12,
1,34,17,17,3-3-5-6,0.5,0.5,2,
1,34,17,17,3-3-6-6,0.5,0.5,1,
1,34,17,17,3-4-4-4,0.5,0.5,107,
1,34,17,17,3-4-4-5,0.017605633802816902,0.9823943661971831,142,
1,34,17,17,3-4-4-6,0.5,0.5,2,
1,34,17,17,3-4-5-5,0.5,0.5,71,
1,34,17,17,3-4-5-6,0.5,0.5,9,
1,34,17,17,3-5-5-5,0.5,0.5,3,
1,34,17,17,3-5-5-6,0.5,0.5,1,
1,34,17,17,3-5-6-6,0.5,0.5,1,
1,34,17,17,3-5-7-7,0.5,0.5,1,
1,34,17,17,4-4-4-4,0.5,0.5,3,
1,34,17,17,4-4-4-5,0.5,0.5,19,
1,34,17,17,4-4-4-6,0.5,0.5,1,
1,34,17,17,4-4-5-5,0.5,0.5,9,
1,34,17,17,4-4-5-6,0.5,0.5,1,
1,34,17,17,4-5-5-5,0.5,0.5,2,
1,34,17,17,4-5-5-6,0.5,0.5,2,
1,34,17,17,4-5-6-8,0.5,0.5,1,
1,36,18,18,1-1-1-1,1.0,0.0,18,STOP
1,36,18,18,1-1-1-2,1.0,0.0,4157,STOP
1,36,18,18,1-1-1-3,1.0,0.0,696,STOP
1,36,18,18,1-1-1-4,0.015580736543909348,0.9844192634560907,353,
1,36,18,18,1-1-1-5,0.03488372093023256,0.9651162790697675,43,
1,36,18,18,1-1-2-2,0.999818148754319,0.0001818512456810329,38493,
1,36,18,18,1-1-2-3,0.8368130746532604,0.16318692534673965,16408,
1,36,18,18,1-1-2-4,0.00041782729805013927,0.9995821727019498,3590,
1,36,18,18,1-1-2-5,0.0021008403361344537,0.9978991596638656,238,
1,36,18,18,1-1-2-6,0.5,0.5,4,
1,36,18,18,1-1-3-3,0.0015309246785058174,0.9984690753214942,4899,
1,36,18,18,1-1-3-4,0.001279863481228669,0.9987201365187713,3516,
1,36,18,18,1-1-3-5,0.0390625,0.9609375,256,
1,36,18,18,1-1-3-6,0.5,0.5,5,
1,36,18,18,1-1-4-4,0.004285714285714286,0.9957142857142857,700,
1,36,18,18,1-1-4-5,0.009689922480620155,0.9903100775193798,258,
1,36,18,18,1-1-4-6,0.5,0.5,2,
1,36,18,18,1-1-5-5,0.5,0.5,37,
1,36,18,18,1-1-5-6,0.5,0.5,5,
1,36,18,18,1-2-2-2,0.00014651299081851925,0.9998534870091815,10238,
1,36,18,18,1-2-2-3,0.0006148260920482492,0.9993851739079518,17078,
1,36,18,18,1-2-2-4,0.007880547490667772,0.9921194525093322,2411,
1,36,18,18,1-2-2-5,0.03409090909090909,0.9659090909090909,176,
1,36,18,18,1-2-2-6,0.5,0.5,3,
1,36,18,18,1-2-3-3,0.0026450116009280743,0.9973549883990719,10775,
1,36,18,18,1-2-3-4,0.002297090352220521,0.9977029096477795,6530,
1,36,18,18,1-2-3-5,0.08665105386416862,0.9133489461358314,427,
1,36,18,18,1-2-3-6,0.5,0.5,8,
1,36,18,18,1-2-4-4,0.003257328990228013,0.996742671009772,1228,
1,36,18,18,1-2-4-5,0.16558441558441558,0.8344155844155844,462,
1,36,18,18,1-2-4-6,0.5,0.5,5,
1,36,18,18,1-2-5-5,0.5,0.5,53,
1,36,18,18,1-2-5-6,0.36363636363636365,0.6363636363636364,11,
1,36,18,18,1-2-6-6,0.5,0.5,2,
1,36,18,18,1-3-3-3,0.0022522522522522522,0.9977477477477478,1332,
1,36,18,18,1-3-3-4,0.009287925696594427,0.9907120743034056,2261,
1,36,18,18,1-3-3-5,0.02,0.98,175,
1,36,18,18,1-3-3-6,0.5,0.5,2,
1,36,18,18,1-3-4-4,0.013039934800325998,0.986960065199674,1227,
1,36,18,18,1-3-4-5,0.07888040712468193,0.9211195928753181,393,
1,36,18,18,1-3-4-6,0.5,0.5,4,
1,36,18,18,1-3-5-5,0.07446808510638298,0.925531914893617,47,
1,36,18,18,1-3-5-6,0.5,0.5,7,
1,36,18,18,1-4-4-4,0.12254901960784313,0.8774509803921569,102,
1,36,18,18,1-4-4-5,0.5,0.5,135,
1,36,18,18,1-4-4-6,0.5,0.5,2,
1,36,18,18,1-4-5-5,0.5,0.5,62,
1,36,18,18,1-4-5-6,0.5,0.5,2,
1,36,18,18,1-5-5-5,0.5,0.5,1,
1,36,18,18,1-5-6-6,0.5,0.5,2,
1,36,18,18,2-2-2-2,0.9090464622267599,0.09095353777324013,363,
1,36,18,18,2-2-2-3,0.0007792207792207792,0.9992207792207792,1925,
1,36,18,18,2-2-2-4,0.023923444976076555,0.9760765550239234,209,
1,36,18,18,2-2-2-5,0.5,0.5,5,
1,36,18,18,2-2-3-3,0.00037965072133637056,0.9996203492786636,2634,
1,36,18,18,2-2-3-4,0.01018808777429467,0.9898119122257053,1276,
1,36,18,18,2-2-3-5,0.5,0.5,71,
1,36,18,18,2-2-3-6,0.5,0.5,1,
1,36,18,18,2-2-4-4,0.00199203187250996,0.99800796812749,251,
1,36,18,18,2-2-4-5,0.07692307692307693,0.9230769230769231,78,
1,36,18,18,2-2-5-5,0.5,0.5,13,
1,36,18,18,2-2-5-6,0.5,0.5,1,
1,36,18,18,2-3-3-3,0.022962112514351322,0.9770378874856487,871,
1,36,18,18,2-3-3-4,0.3264,0.6736,1250,
1,36,18,18,2-3-3-5,0.3161764705882353,0.6838235294117647,68,
1,36,18,18,2-3-3-6,0.5,0.5,2,
1,36,18,18,2-3-4-4,0.040880503144654086,0.9591194968553459,636,
1,36,18,18,2-3-4-5,0.008620689655172414,0.9913793103448276,232,
1,36,18,18,2-3-4-6,0.5,0.5,6,
1,36,18,18,2-3-5-5,0.5,0.5,18,
1,36,18,18,2-3-5-6,0.5,0.5,1,
1,36,18,18,2-4-4-4,0.06716417910447761,0.9328358208955224,67,
1,36,18,18,2-4-4-5,0.5,0.5,65,
1,36,18,18,2-4-5-5,0.5,0.5,16,
1,36,18,18,2-5-5-6,0.5,0.5,1,
1,36,18,18,2-5-6-7,0.5,0.5,1,
1,36,18,18,3-3-3-3,0.5,0.5,42,
1,36,18,18,3-3-3-4,0.5,0.5,188,
1,36,18,18,3-3-3-5,0.5,0.5,4,
1,36,18,18,3-3-4-4,0.5,0.5,232,
1,36,18,18,3-3-4-5,0.5,0.5,46,
1,36,18,18,3-3-4-6,0.5,0.5,1,
1,36,18,18,3-3-5-5,0.5,0.5,3,
1,36,18,18,3-3-5-6,0.5,0.5,1,
1,36,18,18,3-3-6-6,0.5,0.5,1,
1,36,18,18,3-4-4-4,0.5,0.5,41,
1,36,18,18,3-4-4-5,0.01694915254237288,0.9830508474576272,59,
1,36,18,18,3-4-5-5,0.5,0.5,16,
1,36,18,18,3-4-5-6,0.5,0.5,2,
1,36,18,18,3-5-5-5,0.5,0.5,1,
1,36,18,18,3-5-5-6,0.5,0.5,1,
1,36,18,18,4-4-4-4,0.5,0.5,1,
1,36,18,18,4-4-4-5,0.5,0.5,2,
1,36,18,18,4-4-5-5,0.5,0.5,2,
1,36,18,18,4-5-5-6,0.5,0.5,1,
1,38,19,19,1-1-1-1,1.0,0.0,18,STOP
1,38,19,19,1-1-1-2,1.0,0.0,4198,STOP
1,38,19,19,1-1-1-3,1.0,0.0,641,STOP
1,38,19,19,1-1-1-4,0.49638924080849506,0.503610759191505,286,
1,38,19,19,1-1-1-5,0.5,0.5,22,
1,38,19,19,1-1-2-2,0.9996682313042196,0.0003317686957803937,40691,
1,38,19,19,1-1-2-3,0.0004269854824935952,0.9995730145175064,15223,
1,38,19,19,1-1-2-4,0.001047486033519553,0.9989525139664804,2864,
1,38,19,19,1-1-2-5,0.1357615894039735,0.8642384105960265,151,
1,38,19,19,1-1-2-6,0.5,0.5,1,
1,38,19,19,1-1-3-3,0.001161072408697488,0.9988389275913026,4737,
1,38,19,19,1-1-3-4,0.0014461315979754157,0.9985538684020245,2766,
1,38,19,19,1-1-3-5,0.017605633802816902,0.9823943661971831,142,
1,38,19,19,1-1-3-6,0.5,0.5,1,
1,38,19,19,1-1-4-4,0.015296367112810707,0.9847036328871893,523,
1,38,19,19,1-1-4-5,0.22556390977443608,0.7744360902255639,133,
1,38,19,19,1-1-5-5,0.5,0.5,9,
1,38,19,19,1-1-5-6,0.5,0.5,2,
1,38,19,19,1-2-2-2,0.0002562262990673363,0.9997437737009327,9757,
1,38,19,19,1-2-2-3,0.000499267740647051,0.999500732259353,15022,
1,38,19,19,1-2-2-4,0.00273224043715847,0.9972677595628415,1647,
1,38,19,19,1-2-2-5,0.027777777777777776,0.9722222222222222,90,
1,38,19,19,1-2-3-3,0.0021859180855959503,0.997814081914404,8692,
1,38,19,19,1-2-3-4,0.013151927437641724,0.9868480725623583,4410,
1,38,19,19,1-2-3-5,0.16350710900473933,0.8364928909952607,211,
1,38,19,19,1-2-3-6,0.5,0.5,2,
1,38,19,19,1-2-4-4,0.029485570890840654,0.9705144291091593,797,
1,38,19,19,1-2-4-5,0.5,0.5,211,
1,38,19,19,1-2-4-6,0.5,0.5,1,
1,38,19,19,1-2-5-5,0.5,0.5,18,
1,38,19,19,1-3-3-3,0.10494402985074627,0.8950559701492538,1072,
1,38,19,19,1-3-3-4,0.010721247563352826,0.9892787524366472,1539,
1,38,19,19,1-3-3-5,0.027472527472527472,0.9725274725274725,91,
1,38,19,19,1-3-3-6,0.5,0.5,3,
1,38,19,19,1-3-4-4,0.03875968992248062,0.9612403100775194,774,
1,38,19,19,1-3-4-5,0.5,0.5,181,
1,38,19,19,1-3-4-6,0.5,0.5,1,
1,38,19,19,1-3-5-5,0.5,0.5,16,
1,38,19,19,1-3-5-6,0.5,0.5,1,
1,38,19,19,1-4-4-4,0.5,0.5,50,
1,38,19,19,1-4-4-5,0.5,0.5,38,
1,38,19,19,1-4-5-5,0.5,0.5,12,
1,38,19,19,1-5-6-6,0.5,0.5,1,
1,38,19,19,2-2-2-2,0.8352941176470589,0.16470588235294117,255,
1,38,19,19,2-2-2-3,0.0014684287812041115,0.9985315712187959,1362,
1,38,19,19,2-2-2-4,0.075,0.925,100,
1,38,19,19,2-2-2-5,0.5,0.5,1,
1,38,19,19,2-2-3-3,0.009428223844282239,0.9905717761557178,1644,
1,38,19,19,2-2-3-4,0.004922644163150493,0.9950773558368495,711,
1,38,19,19,2-2-3-5,0.5,0.5,18,
1,38,19,19,2-2-3-6,0.5,0.5,1,
1,38,19,19,2-2-4-4,0.11023622047244094,0.889763779527559,127,
1,38,19,19,2-2-4-5,0.5,0.5,31,
1,38,19,19,2-2-5-5,0.5,0.5,2,
1,38,19,19,2-3-3-3,0.46254681647940077,0.5374531835205992,534,
1,38,19,19,2-3-3-4,0.5,0.5,507,
1,38,19,19,2-3-3-5,0.5,0.5,21,
1,38,19,19,2-3-3-6,0.5,0.5,1,
1,38,19,19,2-3-4-4,0.3722044728434505,0.6277955271565495,313,
1,38,19,19,2-3-4-5,0.5,0.5,91,
1,38,19,19,2-3-4-6,0.5,0.5,2,
1,38,19,19,2-3-5-5,0.5,0.5,2,
1,38,19,19,2-3-5-6,0.5,0.5,1,
1,38,19,19,2-4-4-4,0.5,0.5,24,
1,38,19,19,2-4-4-5,0.5,0.5,19,
1,38,19,19,2-4-5-5,0.5,0.5,4,
1,38,19,19,2-5-6-6,0.5,0.5,1,
1,38,19,19,3-3-3-3,0.5,0.5,21,
1,38,19,19,3-3-3-4,0.5,0.5,64,
1,38,19,19,3-3-4-4,0.5,0.5,64,
1,38,19,19,3-3-4-5,0.5,0.5,12,
1,38,19,19,3-3-5-5,0.5,0.5,3,
1,38,19,19,3-4-4-4,0.5,0.5,15,
1,38,19,19,3-4-4-5,0.5,0.5,23,
1,38,19,19,3-4-5-5,0.5,0.5,4,
1,38,19,19,4-4-5-5,0.5,0.5,1,
1,38,19,19,4-5-5-6,0.5,0.5,1,
1,40,20,20,1-1-1-1,1.0,0.0,8,STOP
1,40,20,20,1-1-1-2,1.0,0.0,4270,STOP
1,40,20,20,1-1-1-3,1.0,0.0,546,STOP
1,40,20,20,1-1-1-4,0.06687898089171974,0.9331210191082803,157,
1,40,20,20,1-1-1-5,0.5,0.5,7,
1,40,20,20,1-1-2-2,0.9995932850776884,0.00040671492231155533,42413,
1,40,20,20,1-1-2-3,0.0009489466691971911,0.9990510533308028,15807,
1,40,20,20,1-1-2-4,0.0011205737337516809,0.9988794262662484,2231,
1,40,20,20,1-1-2-5,0.35333333333333333,0.6466666666666666,75,
1,40,20,20,1-1-3-3,0.0024965955515206537,0.9975034044484793,4406,
1,40,20,20,1-1-3-4,0.015984955336154207,0.9840150446638458,2127,
1,40,20,20,1-1-3-5,0.5,0.5,81,
1,40,20,20,1-1-4-4,0.008695652173913044,0.991304347826087,345,
1,40,20,20,1-1-4-5,0.13829787234042554,0.8617021276595744,47,
1,40,20,20,1-1-5-5,0.5,0.5,2,
1,40,20,20,1-1-5-6,0.5,0.5,1,
1,40,20,20,1-2-2-2,0.00023263929277654997,0.9997673607072235,8597,
1,40,20,20,1-2-2-3,0.0007248230579005714,0.9992751769420994,11727,
1,40,20,20,1-2-2-4,0.01806640625,0.98193359375,1024,
1,40,20,20,1-2-2-5,0.16176470588235295,0.8382352941176471,34,
1,40,20,20,1-2-3-3,0.013817891373801917,0.986182108626198,6260,
1,40,20,20,1-2-3-4,0.024951644100580272,0.9750483558994197,2585,
1,40,20,20,1-2-3-5,0.5,0.5,76,
1,40,20,20,1-2-4-4,0.5,0.5,450,
1,40,20,20,1-2-4-5,0.5,0.5,55,
1,40,20,20,1-2-4-6,0.5,0.5,1,
1,40,20,20,1-2-5-5,0.5,0.5,4,
1,40,20,20,1-3-3-3,0.13963328631875882,0.8603667136812412,709,
1,40,20,20,1-3-3-4,0.25239107332624866,0.7476089266737513,941,
1,40,20,20,1-3-3-5,0.5,0.5,47,
1,40,20,20,1-3-4-4,0.04826732673267327,0.9517326732673267,404,
1,40,20,20,1-3-4-5,0.5,0.5,42,
1,40,20,20,1-3-5-5,0.5,0.5,4,
1,40,20,20,1-4-4-4,0.5,0.5,12,
1,40,20,20,1-4-4-5,0.5,0.5,11,
1,40,20,20,1-4-5-5,0.5,0.5,3,
1,40,20,20,2-2-2-2,0.1593914681254006,0.8406085318745994,147,
1,40,20,20,2-2-2-3,0.013368983957219251,0.9866310160427807,748,
1,40,20,20,2-2-2-4,0.5,0.5,33,
1,40,20,20,2-2-3-3,0.29141835518474374,0.7085816448152562,839,
1,40,20,20,2-2-3-4,0.5,0.5,288,
1,40,20,20,2-2-3-5,0.5,0.5,9,
1,40,20,20,2-2-4-4,0.5,0.5,50,
1,40,20,20,2-2-4-5,0.5,0.5,8,
1,40,20,20,2-3-3-3,0.5,0.5,185,
1,40,20,20,2-3-3-4,0.5,0.5,159,
1,40,20,20,2-3-3-5,0.5,0.5,6,
1,40,20,20,2-3-4-4,0.5,0.5,79,
1,40,20,20,2-3-4-5,0.5,0.5,21,
1,40,20,20,2-3-5-5,0.5,0.5,1,
1,40,20,20,2-4-4-4,0.5,0.5,8,
1,40,20,20,2-4-4-5,0.5,0.5,2,
1,40,20,20,3-3-3-3,0.5,0.5,11,
1,40,20,20,3-3-3-4,0.5,0.5,28,
1,40,20,20,3-3-4-4,0.5,0.5,16,
1,40,20,20,3-3-4-5,0.5,0.5,2,
1,40,20,20,3-3-5-5,0.5,0.5,2,
1,40,20,20,3-4-4-4,0.5,0.5,7,
1,40,20,20,3-4-4-5,0.5,0.5,2,
1,42,21,21,1-1-1-1,1.0,0.0,4,STOP
1,42,21,21,1-1-1-2,1.0,0.0,4515,STOP
1,42,21,21,1-1-1-3,1.0,0.0,462,STOP
1,42,21,21,1-1-1-4,0.05303030303030303,0.946969696969697,132,
1,42,21,21,1-1-1-5,0.5,0.5,1,
1,42,21,21,1-1-2-2,0.36499254227994116,0.6350074577200587,44301,
1,42,21,21,1-1-2-3,0.0023140810245355988,0.9976859189754644,15773,
1,42,21,21,1-1-2-4,0.0009179926560587516,0.9990820073439413,1634,
1,42,21,21,1-1-2-5,0.5,0.5,25,
1,42,21,21,1-1-3-3,0.007729966503478485,0.9922700334965215,3881,
1,42,21,21,1-1-3-4,0.0516270337922403,0.9483729662077597,1598,
1,42,21,21,1-1-3-5,0.5,0.5,24,
1,42,21,21,1-1-4-4,0.5,0.5,231,
1,42,21,21,1-1-4-5,0.5,0.5,18,
1,42,21,21,1-2-2-2,0.0002442598925256473,0.9997557401074744,6141,
1,42,21,21,1-2-2-3,0.0009401020682245501,0.9990598979317754,7446,
1,42,21,21,1-2-2-4,0.5,0.5,502,
1,42,21,21,1-2-2-5,0.5,0.5,7,
1,42,21,21,1-2-3-3,0.5,0.5,3637,
1,42,21,21,1-2-3-4,0.5,0.5,1241,
1,42,21,21,1-2-3-5,0.5,0.5,11,
1,42,21,21,1-2-4-4,0.5,0.5,110,
1,42,21,21,1-2-4-5,0.5,0.5,7,
1,42,21,21,1-2-5-5,0.5,0.5,2,
1,42,21,21,1-3-3-3,0.5,0.5,386,
1,42,21,21,1-3-3-4,0.5,0.5,368,
1,42,21,21,1-3-3-5,0.5,0.5,11,
1,42,21,21,1-3-4-4,0.5,0.5,163,
1,42,21,21,1-3-4-5,0.5,0.5,5,
1,42,21,21,1-3-5-5,0.5,0.5,1,
1,42,21,21,1-4-4-4,0.5,0.5,2,
1,42,21,21,1-4-4-5,0.5,0.5,2,
1,42,21,21,2-2-2-2,0.03076923076923077,0.9692307692307692,65,
1,42,21,21,2-2-2-3,0.5,0.5,239,
1,42,21,21,2-2-2-4,0.5,0.5,7,
1,42,21,21,2-2-3-3,0.5,0.5,239,
1,42,21,21,2-2-3-4,0.5,0.5,43,
1,42,21,21,2-2-3-5,0.5,0.5,1,
1,42,21,21,2-2-4-4,0.5,0.5,6,
1,42,21,21,2-3-3-3,0.5,0.5,32,
1,42,21,21,2-3-3-4,0.5,0.5,27,
1,42,21,21,2-3-4-4,0.5,0.5,17,
1,42,21,21,2-4-4-4,0.5,0.5,1,
1,42,21,21,3-3-3-3,0.5,0.5,5,
1,42,21,21,3-3-3-4,0.5,0.5,4,
1,42,21,21,3-3-4-4,0.5,0.5,1,
2,1,1,0,1-1-1-10,0.28091397849462363,0.7190860215053764,186,
2,1,1,0,1-1-1-2,1.0,0.0,45,STOP
2,1,1,0,1-1-1-3,1.0,0.0,57,STOP
2,1,1,0,1-1-1-4,0.5,0.5,50,
2,1,1,0,1-1-1-5,0.5,0.5,71,
2,1,1,0,1-1-1-6,0.5,0.5,38,
2,1,1,0,1-1-1-7,0.5,0.5,52,
2,1,1,0,1-1-1-8,0.5923076923076923,0.4076923076923077,65,
2,1,1,0,1-1-1-9,0.8656716417910447,0.13432835820895522,67,
2,1,1,0,1-1-10-10,0.0008064516129032258,0.9991935483870967,2480,
2,1,1,0,1-1-2-10,0.045433507316202715,0.9545664926837973,1401,
2,1,1,0,1-1-2-2,0.0,1.0,124,DRAW
2,1,1,0,1-1-2-3,0.5,0.5,350,
2,1,1,0,1-1-2-4,0.6010362694300518,0.39896373056994816,386,
2,1,1,0,1-1-2-5,0.13912425758775004,0.86087574241225,366,
2,1,1,0,1-1-2-6,0.006389776357827476,0.9936102236421726,313,
2,1,1,0,1-1-2-7,0.5905292479108635,0.40947075208913647,359,
2,1,1,0,1-1-2-8,0.06865671641791045,0.9313432835820895,335,
2,1,1,0,1-1-2-9,0.2940434870760385,0.7059565129239614,345,
2,1,1,0,1-1-3-10,0.09457958792148566,0.9054204120785143,1385,
2,1,1,0,1-1-3-3,0.5,0.5,131,
2,1,1,0,1-1-3-4,0.21750663129973474,0.7824933687002652,377,
2,1,1,0,1-1-3-5,0.5199936124036123,0.48000638759638775,353,
2,1,1,0,1-1-3-6,0.9941348973607038,0.005865102639296188,341,
2,1,1,0,1-1-3-7,0.06070287539936102,0.939297124600639,313,
2,1,1,0,1-1-3-8,0.09720471623867627,0.9027952837613238,328,
2,1,1,0,1-1-3-9,0.14338235294117646,0.8566176470588235,340,
2,1,1,0,1-1-4-10,0.10738418075150077,0.8926158192484992,1374,
2,1,1,0,1-1-4-4,0.01968503937007874,0.9803149606299213,127,
2,1,1,0,1-1-4-5,0.9972144846796658,0.002785515320334262,359,
2,1,1,0,1-1-4-6,0.05228083389054374,0.9477191661094562,349,
2,1,1,0,1-1-4-7,0.686600242033491,0.3133997579665089,294,
2,1,1,0,1-1-4-8,0.38567799042627077,0.6143220095737292,365,
2,1,1,0,1-1-4-9,0.3573590098679951,0.6426409901320049,342,
2,1,1,0,1-1-5-10,0.010423945958537155,0.9895760540414628,1431,
2,1,1,0,1-1-5-5,0.8467741935483871,0.1532258064516129,124,
2,1,1,0,1-1-5-6,0.17454445242137168,0.8254555475786283,371,
2,1,1,0,1-1-5-7,0.402036421219742,0.597963578780258,304,
2,1,1,0,1-1-5-8,0.1248729863842407,0.8751270136157593,363,
2,1,1,0,1-1-5-9,0.1074804640855356,0.8925195359144644,326,
2,1,1,0,1-1-6-10,0.005152671755725191,0.9948473282442748,1310,
2,1,1,0,1-1-6-6,0.25206611570247933,0.7479338842975206,121,
2,1,1,0,1-1-6-7,0.29800733767170645,0.7019926623282936,358,
2,1,1,0,1-1-6-8,0.04532163742690058,0.9546783625730995,342,
2,1,1,0,1-1-6-9,0.037169056125170685,0.9628309438748294,363,
2,1,1,0,1-1-7-10,0.0011337868480725624,0.9988662131519275,1323,
2,1,1,0,1-1-7-7,0.1875,0.8125,120,
2,1,1,0,1-1-7-8,0.16874860230489017,0.8312513976951099,315,
2,1,1,0,1-1-7-9,0.01705547969800697,0.9829445203019931,389,
2,1,1,0,1-1-8-10,0.016363450347913547,0.9836365496520865,1376,
2,1,1,0,1-1-8-8,0.016129032258064516,0.9838709677419355,124,
2,1,1,0,1-1-8-9,0.044146112236928006,0.955853887763072,307,
2,1,1,0,1-1-9-10,0.0007363770250368188,0.9992636229749632,1358,
2,1,1,0,1-1-9-9,0.007633587786259542,0.9923664122137404,131,
2,1,1,0,1-10-10-10,0.0,1.0,8019,DRAW
2,1,1,0,1-2-10-10,0.0008658690176322418,0.9991341309823678,6749,
2,1,1,0,1-2-2-10,0.00303951367781155,0.9969604863221885,1316,
2,1,1,0,1-2-2-2,0.5,0.5,51,
2,1,1,0,1-2-2-3,0.3115236963252592,0.6884763036747409,384,
2,1,1,0,1-2-2-4,0.9768392370572208,0.02316076294277929,367,
2,1,1,0,1-2-2-5,0.04844290657439446,0.9515570934256056,289,
2,1,1,0,1-2-2-6,0.5508720930232558,0.4491279069767442,344,
2,1,1,0,1-2-2-7,0.1514469677630117,0.8485530322369882,358,
2,1,1,0,1-2-2-8,0.1765987239337082,0.8234012760662918,337,
2,1,1,0,1-2-2-9,0.006329113924050633,0.9936708860759493,316,
2,1,1,0,1-2-3-10,0.0024316423585249054,0.9975683576414751,3503,
2,1,1,0,1-2-3-3,0.07335329341317365,0.9266467065868264,334,
2,1,1,0,1-2-3-4,0.9809386415801894,0.019061358419810534,982,
2,1,1,0,1-2-3-5,0.9142838708687178,0.08571612913128224,906,
2,1,1,0,1-2-3-6,0.20656001706797394,0.7934399829320261,932,
2,1,1,0,1-2-3-7,0.9978142076502732,0.002185792349726776,915,
2,1,1,0,1-2-3-8,0.048262662340407644,0.9517373376595925,950,
2,1,1,0,1-2-3-9,0.023005322274120454,0.9769946777258796,882,
2,1,1,0,1-2-4-10,0.0015686033010930101,0.998431396698907,3523,
2,1,1,0,1-2-4-4,0.6490951586484961,0.3509048413515039,324,
2,1,1,0,1-2-4-5,0.9577613516367476,0.042238648363252376,947,
2,1,1,0,1-2-4-6,0.9914529914529915,0.008547008547008548,936,
2,1,1,0,1-2-4-7,0.2380835177626971,0.7619164822373029,880,
2,1,1,0,1-2-4-8,0.0646415488632764,0.9353584511367237,867,
2,1,1,0,1-2-4-9,0.018135873362318276,0.9818641266376817,873,
2,1,1,0,1-2-5-10,0.0010970927043335162,0.9989029072956664,3646,
2,1,1,0,1-2-5-5,0.5579206749409186,0.4420793250590813,334,
2,1,1,0,1-2-5-6,0.9982497082847142,0.001750291715285881,857,
2,1,1,0,1-2-5-7,0.7760192103409497,0.22398078965905027,969,
2,1,1,0,1-2-5-8,0.33596870306444654,0.6640312969355535,1054,
2,1,1,0,1-2-5-9,0.011135857461024499,0.9888641425389755,898,
2,1,1,0,1-2-6-10,0.0007487113344945728,0.9992512886655054,3784,
2,1,1,0,1-2-6-6,0.7869399472350715,0.2130600527649284,327,
2,1,1,0,1-2-6-7,0.09115216225811192,0.9088478377418882,885,
2,1,1,0,1-2-6-8,0.009944751381215469,0.9900552486187846,905,
2,1,1,0,1-2-6-9,0.0019880715705765406,0.9980119284294234,1006,
2,1,1,0,1-2-7-10,0.0010965330081837772,0.9989034669918162,3662,
2,1,1,0,1-2-7-7,0.03370146806226166,0.9662985319377383,326,
2,1,1,0,1-2-7-8,0.15599948473352995,0.8440005152664701,889,
2,1,1,0,1-2-7-9,0.002799552071668533,0.9972004479283315,893,
2,1,1,0,1-2-8-10,0.0002685284640171858,0.9997314715359829,3724,
2,1,1,0,1-2-8-8,0.08287125863121107,0.917128741368789,327,
2,1,1,0,1-2-8-9,0.0010787486515641855,0.9989212513484358,927,
2,1,1,0,1-2-9-10,0.0002751031636863824,0.9997248968363136,3635,
2,1,1,0,1-2-9-9,0.013623978201634877,0.9863760217983651,367,
2,1,1,0,1-3-10-10,0.002202654267856643,0.9977973457321433,6858,
2,1,1,0,1-3-3-10,0.06315541298095427,0.9368445870190457,1367,
2,1,1,0,1-3-3-3,0.5,0.5,39,
2,1,1,0,1-3-3-4,0.37746329790002386,0.622536702099976,368,
2,1,1,0,1-3-3-5,0.38916270909069334,0.6108372909093067,330,
2,1,1,0,1-3-3-6,0.8193595185723304,0.18064048142766972,344,
2,1,1,0,1-3-3-7,0.4831829192461192,0.5168170807538808,339,
2,1,1,0,1-3-3-8,0.07487881283202782,0.9251211871679722,358,
2,1,1,0,1-3-3-9,0.0841764229533806,0.9158235770466195,332,
2,1,1,0,1-3-4-10,0.016544563473679982,0.98345543652632,3720,
2,1,1,0,1-3-4-4,0.8375022293561619,0.16249777064383814,356,
2,1,1,0,1-3-4-5,0.9411112864740079,0.05888871352599215,937,
2,1,1,0,1-3-4-6,0.90675061555959,0.09324938444040992,893,
2,1,1,0,1-3-4-7,0.7336965031554077,0.26630349684459237,908,
2,1,1,0,1-3-4-8,0.9988344988344988,0.0011655011655011655,858,
2,1,1,0,1-3-4-9,0.001184834123222749,0.9988151658767772,844,
2,1,1,0,1-3-5-10,0.0002797202797202797,0.9997202797202798,3575,
2,1,1,0,1-3-5-5,0.33345407435052166,0.6665459256494783,299,
2,1,1,0,1-3-5-6,0.9644220672104762,0.035577932789523835,885,
2,1,1,0,1-3-5-7,0.5099812734973567,0.4900187265026434,869,
2,1,1,0,1-3-5-8,0.015743756786102063,0.9842562432138979,921,
2,1,1,0,1-3-5-9,0.4063089204863712,0.5936910795136289,910,
2,1,1,0,1-3-6-10,0.0009923447689254325,0.9990076552310746,3527,
2,1,1,0,1-3-6-6,0.45284024968825615,0.5471597503117439,323,
2,1,1,0,1-3-6-7,0.6655418366839954,0.33445816331600464,910,
2,1,1,0,1-3-6-8,0.01232394366197183,0.9876760563380281,852,
2,1,1,0,1-3-6-9,0.07192721930917055,0.9280727806908294,901,
2,1,1,0,1-3-7-10,0.00038802660753880266,0.9996119733924612,3608,
2,1,1,0,1-3-7-7,0.11934302281912862,0.8806569771808714,371,
2,1,1,0,1-3-7-8,0.008181818181818182,0.9918181818181818,825,
2,1,1,0,1-3-7-9,0.0033444816053511705,0.9966555183946488,897,
2,1,1,0,1-3-8-10,0.0002663825253063399,0.9997336174746937,3754,
2,1,1,0,1-3-8-8,0.010344827586206896,0.9896551724137931,290,
2,1,1,0,1-3-8-9,0.0011185682326621924,0.9988814317673378,894,
2,1,1,0,1-3-9-10,0.0002735229759299781,0.99972647702407,3656,
2,1,1,0,1-3-9-9,0.023668639053254437,0.9763313609467456,338,
2,1,1,0,1-4-10-10,0.0004895750210099182,0.9995104249789901,6834,
2,1,1,0,1-4-4-10,0.004141566265060241,0.9958584337349398,1328,
2,1,1,0,1-4-4-4,0.9111111111111111,0.08888888888888889,45,
2,1,1,0,1-4-4-5,0.9851973684210527,0.014802631578947368,304,
2,1,1,0,1-4-4-6,0.9728915662650602,0.02710843373493976,332,
2,1,1,0,1-4-4-7,0.4347311967055203,0.5652688032944797,372,
2,1,1,0,1-4-4-8,0.0029585798816568047,0.9970414201183432,338,
2,1,1,0,1-4-4-9,0.12244433661016241,0.8775556633898376,375,
2,1,1,0,1-4-5-10,0.0006765899864682003,0.9993234100135318,3695,
2,1,1,0,1-4-5-5,0.806451333712502,0.19354866628749798,329,
2,1,1,0,1-4-5-6,0.9944196428571429,0.005580357142857143,896,
2,1,1,0,1-4-5-7,0.936768050694777,0.06323194930522291,873,
2,1,1,0,1-4-5-8,0.25156172365092094,0.7484382763490791,884,
2,1,1,0,1-4-5-9,0.021244605791370278,0.9787553942086297,900,
2,1,1,0,1-4-6-10,0.009049885441003245,0.9909501145589967,3450,
2,1,1,0,1-4-6-6,0.06616139181380838,0.9338386081861917,345,
2,1,1,0,1-4-6-7,0.6110382154125568,0.38896178458744324,1007,
2,1,1,0,1-4-6-8,0.025649895890267522,0.9743501041097324,917,
2,1,1,0,1-4-6-9,0.017601322616845192,0.9823986773831549,912,
2,1,1,0,1-4-7-10,0.0033617907645367606,0.9966382092354633,3900,
2,1,1,0,1-4-7-7,0.3557455460186534,0.6442544539813466,340,
2,1,1,0,1-4-7-8,0.0032397408207343412,0.9967602591792657,926,
2,1,1,0,1-4-7-9,0.029527973173405858,0.9704720268265941,923,
2,1,1,0,1-4-8-10,0.00027925160569673273,0.9997207483943032,3581,
2,1,1,0,1-4-8-8,0.026006288184272617,0.9739937118157275,300,
2,1,1,0,1-4-8-9,0.01466598847066803,0.985334011529332,983,
2,1,1,0,1-4-9-10,0.0002740476842970677,0.9997259523157029,3649,
2,1,1,0,1-4-9-9,0.002688172043010753,0.9973118279569892,372,
2,1,1,0,1-5-10-10,0.0,1.0,6851,DRAW
2,1,1,0,1-5-5-10,0.005241090146750524,0.9947589098532494,1431,
2,1,1,0,1-5-5-5,0.510937185190184,0.48906281480981595,67,
2,1,1,0,1-5-5-6,0.9959349593495935,0.0040650406504065045,369,
2,1,1,0,1-5-5-7,0.9910714285714286,0.008928571428571428,336,
2,1,1,0,1-5-5-8,0.022222222222222223,0.9777777777777777,360,
2,1,1,0,1-5-5-9,0.0030581039755351682,0.9969418960244648,327,
2,1,1,0,1-5-6-10,0.0002830455703368242,0.9997169544296631,3533,
2,1,1,0,1-5-6-6,0.9328782188916951,0.06712178110830488,352,
2,1,1,0,1-5-6-7,0.040308768733275144,0.9596912312667248,894,
2,1,1,0,1-5-6-8,0.0012345679012345679,0.9987654320987654,810,
2,1,1,0,1-5-6-9,0.018581659797467773,0.9814183402025322,941,
2,1,1,0,1-5-7-10,0.0002785515320334262,0.9997214484679666,3590,
2,1,1,0,1-5-7-7,0.06040698837268676,0.9395930116273132,307,
2,1,1,0,1-5-7-8,0.0057145613583740665,0.9942854386416259,845,
2,1,1,0,1-5-7-9,0.0065632458233890216,0.9934367541766109,838,
2,1,1,0,1-5-8-10,0.004091653027823241,0.9959083469721768,3666,
2,1,1,0,1-5-8-8,0.003115264797507788,0.9968847352024922,321,
2,1,1,0,1-5-8-9,0.009792626728110598,0.9902073732718893,868,
2,1,1,0,1-5-9-10,0.0008246289169873557,0.9991753710830127,3638,
2,1,1,0,1-5-9-9,0.018404907975460124,0.9815950920245399,326,
2,1,1,0,1-6-10-10,0.0,1.0,6655,DRAW
2,1,1,0,1-6-6-10,0.0007336757153338225,0.9992663242846662,1363,
2,1,1,0,1-6-6-6,0.9568965517241379,0.04310344827586207,58,
2,1,1,0,1-6-6-7,0.2933366671602344,0.7066633328397656,352,
2,1,1,0,1-6-6-8,0.02540106951871658,0.9745989304812834,374,
2,1,1,0,1-6-6-9,0.13482704402515724,0.8651729559748428,318,
2,1,1,0,1-6-7-10,0.0005452562704471102,0.9994547437295529,3668,
2,1,1,0,1-6-7-7,0.038228436466446594,0.9617715635335533,360,
2,1,1,0,1-6-7-8,0.0018544186893481329,0.9981455813106518,937,
2,1,1,0,1-6-7-9,0.017714285714285714,0.9822857142857143,875,
2,1,1,0,1-6-8-10,0.0005535566011624688,0.9994464433988375,3613,
2,1,1,0,1-6-8-8,0.007287887019673439,0.9927121129803265,292,
2,1,1,0,1-6-8-9,0.005393743257820928,0.9946062567421791,927,
2,1,1,0,1-6-9-10,0.0,1.0,3540,DRAW
2,1,1,0,1-6-9-9,0.04149269941171904,0.9585073005882808,295,
2,1,1,0,1-7-10-10,0.0,1.0,6797,DRAW
2,1,1,0,1-7-7-10,0.010973583771325415,0.9890264162286746,1359,
2,1,1,0,1-7-7-7,0.03571428571428571,0.9642857142857143,56,
2,1,1,0,1-7-7-8,0.011717912337149005,0.988282087662851,324,
2,1,1,0,1-7-7-9,0.008547008547008548,0.9914529914529915,351,
2,1,1,0,1-7-8-10,0.0,1.0,3492,DRAW
2,1,1,0,1-7-8-8,0.04846153846153846,0.9515384615384616,325,
2,1,1,0,1-7-8-9,0.0019455252918287938,0.9980544747081712,1028,
2,1,1,0,1-7-9-10,0.0,1.0,3788,DRAW
2,1,1,0,1-7-9-9,0.0,1.0,324,DRAW
2,1,1,0,1-8-10-10,0.0,1.0,6757,DRAW
2,1,1,0,1-8-8-10,0.0,1.0,1406,DRAW
2,1,1,0,1-8-8-8,0.041666666666666664,0.9583333333333334,36,
2,1,1,0,1-8-8-9,0.0,1.0,314,DRAW
2,1,1,0,1-8-9-10,0.0,1.0,3606,DRAW
2,1,1,0,1-8-9-9,0.0,1.0,337,DRAW
2,1,1,0,1-9-10-10,0.0,1.0,6617,DRAW
2,1,1,0,1-9-9-10,0.0,1.0,1382,DRAW
2,1,1,0,1-9-9-9,0.0,1.0,67,DRAW
2,1,1,0,10-10-10-10,0.0,1.0,6258,DRAW
2,1,1,0,2-10-10-10,0.0,1.0,7820,DRAW
2,1,1,0,2-2-10-10,0.002026753141467369,0.9979732468585326,2467,
2,1,1,0,2-2-2-10,0.05204081632653061,0.9479591836734694,245,
2,1,1,0,2-2-2-2,0.5,0.5,4,
2,1,1,0,2-2-2-3,0.5,0.5,47,
2,1,1,0,2-2-2-4,0.5,0.5,52,
2,1,1,0,2-2-2-5,0.95,0.05,50,
2,1,1,0,2-2-2-6,0.5741103526566415,0.4258896473433585,63,
2,1,1,0,2-2-2-7,0.31491824547149977,0.6850817545285003,46,
2,1,1,0,2-2-2-8,0.04477611940298507,0.9552238805970149,67,
2,1,1,0,2-2-2-9,0.07111835360659582,0.9288816463934042,50,
2,1,1,0,2-2-3-10,0.012808166409861325,0.9871918335901386,1298,
2,1,1,0,2-2-3-3,0.9917355371900827,0.008264462809917356,121,
2,1,1,0,2-2-3-4,0.19131783481094264,0.8086821651890573,324,
2,1,1,0,2-2-3-5,0.958514806378637,0.041485193621363055,390,
2,1,1,0,2-2-3-6,0.08735795454545454,0.9126420454545454,352,
2,1,1,0,2-2-3-7,0.37445845073733114,0.6255415492626689,381,
2,1,1,0,2-2-3-8,0.03643581257310659,0.9635641874268933,367,
2,1,1,0,2-2-3-9,0.009146341463414634,0.9908536585365854,328,
2,1,1,0,2-2-4-10,0.002304147465437788,0.9976958525345622,1302,
2,1,1,0,2-2-4-4,0.9858156028368794,0.014184397163120567,141,
2,1,1,0,2-2-4-5,0.9973045822102425,0.0026954177897574125,371,
2,1,1,0,2-2-4-6,0.8515509124272435,0.14844908757275654,374,
2,1,1,0,2-2-4-7,0.9862258953168044,0.013774104683195593,363,
2,1,1,0,2-2-4-8,0.08764134202276941,0.9123586579772306,377,
2,1,1,0,2-2-4-9,0.010277208285891877,0.989722791714108,336,
2,1,1,0,2-2-5-10,0.04930783662325054,0.9506921633767494,1309,
2,1,1,0,2-2-5-5,0.8943906982626241,0.10560930173737597,103,
2,1,1,0,2-2-5-6,0.9523935166236113,0.04760648337638874,353,
2,1,1,0,2-2-5-7,0.9969879518072289,0.0030120481927710845,332,
2,1,1,0,2-2-5-8,0.1724523381318942,0.8275476618681059,290,
2,1,1,0,2-2-5-9,0.20865945555383367,0.7913405444461663,329,
2,1,1,0,2-2-6-10,0.01097389273413611,0.9890261072658639,1327,
2,1,1,0,2-2-6-6,0.6909115826098675,0.3090884173901325,117,
2,1,1,0,2-2-6-7,0.08881895955946366,0.9111810404405364,299,
2,1,1,0,2-2-6-8,0.014121540175596676,0.9858784598244034,363,
2,1,1,0,2-2-6-9,0.006006006006006006,0.993993993993994,333,
2,1,1,0,2-2-7-10,0.005353759450946885,0.994646240549053,1335,
2,1,1,0,2-2-7-7,0.7189759595511074,0.2810240404488926,145,
2,1,1,0,2-2-7-8,0.013350559862187767,0.9866494401378122,387,
2,1,1,0,2-2-7-9,0.003205128205128205,0.9967948717948718,312,
2,1,1,0,2-2-8-10,0.003477306002928258,0.9965226939970717,1366,
2,1,1,0,2-2-8-8,0.022058823529411766,0.9779411764705882,136,
2,1,1,0,2-2-8-9,0.04641716579711579,0.9535828342028843,338,
2,1,1,0,2-2-9-10,0.0007457121551081282,0.9992542878448919,1341,
2,1,1,0,2-2-9-9,0.036885245901639344,0.9631147540983607,122,
2,1,1,0,2-3-10-10,0.00014874312063067083,0.9998512568793694,6723,
2,1,1,0,2-3-3-10,0.0186454828345182,0.9813545171654817,1363,
2,1,1,0,2-3-3-3,0.21428571428571427,0.7857142857142857,49,
2,1,1,0,2-3-3-4,0.49229029558918846,0.5077097044108115,375,
2,1,1,0,2-3-3-5,0.9595989721838153,0.04040102781618469,395,
2,1,1,0,2-3-3-6,0.5050658274575904,0.4949341725424095,367,
2,1,1,0,2-3-3-7,0.9296875,0.0703125,384,
2,1,1,0,2-3-3-8,0.08836531614045494,0.911634683859545,322,
2,1,1,0,2-3-3-9,0.005992996043007421,0.9940070039569926,349,
2,1,1,0,2-3-4-10,0.004792742634582832,0.9952072573654172,3637,
2,1,1,0,2-3-4-4,0.9831932773109243,0.01680672268907563,357,
2,1,1,0,2-3-4-5,0.9808195549169827,0.01918044508301731,873,
2,1,1,0,2-3-4-6,0.8952234193675248,0.10477658063247518,912,
2,1,1,0,2-3-4-7,0.6972914448932946,0.3027085551067053,946,
2,1,1,0,2-3-4-8,0.18368143168446288,0.8163185683155372,854,
2,1,1,0,2-3-4-9,0.012401352874859073,0.9875986471251409,887,
2,1,1,0,2-3-5-10,0.0032910110609129153,0.9967089889390871,3668,
2,1,1,0,2-3-5-5,0.9154093950657516,0.08459060493424843,352,
2,1,1,0,2-3-5-6,0.9123044586037894,0.08769554139621072,924,
2,1,1,0,2-3-5-7,0.7293440794935044,0.2706559205064956,937,
2,1,1,0,2-3-5-8,0.01330418069173647,0.9866958193082636,974,
2,1,1,0,2-3-5-9,0.009122006841505131,0.9908779931584949,877,
2,1,1,0,2-3-6-10,0.011705905601978353,0.9882940943980216,3632,
2,1,1,0,2-3-6-6,0.9601275720759993,0.03987242792400062,330,
2,1,1,0,2-3-6-7,0.6567124441735404,0.3432875558264597,949,
2,1,1,0,2-3-6-8,0.0010683760683760685,0.9989316239316239,936,
2,1,1,0,2-3-6-9,0.21143626144112546,0.7885637385588746,936,
2,1,1,0,2-3-7-10,0.00026504108136761196,0.9997349589186324,3773,
2,1,1,0,2-3-7-7,0.35329277559220656,0.6467072244077934,321,
2,1,1,0,2-3-7-8,0.0021436227224008574,0.9978563772775991,933,
2,1,1,0,2-3-7-9,0.003820960698689956,0.99617903930131,916,
2,1,1,0,2-3-8-10,0.00026925148088314486,0.9997307485191168,3714,
2,1,1,0,2-3-8-8,0.005934718100890208,0.9940652818991098,337,
2,1,1,0,2-3-8-9,0.019724240978188704,0.9802757590218113,830,
2,1,1,0,2-3-9-10,0.0005715918833952558,0.9994284081166047,3499,
2,1,1,0,2-3-9-9,0.009036144578313253,0.9909638554216867,332,
2,1,1,0,2-4-10-10,0.0,1.0,6775,DRAW
2,1,1,0,2-4-4-10,0.014385844307943981,0.985614155692056,1387,
2,1,1,0,2-4-4-4,0.46,0.54,50,
2,1,1,0,2-4-4-5,0.9760628656156751,0.023937134384324814,335,
2,1,1,0,2-4-4-6,0.9969418960244648,0.0030581039755351682,327,
2,1,1,0,2-4-4-7,0.4235760198105462,0.5764239801894538,303,
2,1,1,0,2-4-4-8,0.2064585464875782,0.7935414535124219,357,
2,1,1,0,2-4-4-9,0.003003003003003003,0.996996996996997,333,
2,1,1,0,2-4-5-10,0.0020189791442969856,0.997981020855703,3638,
2,1,1,0,2-4-5-5,0.8584450532031183,0.1415549467968818,328,
2,1,1,0,2-4-5-6,0.8538126575666966,0.14618734243330342,1009,
2,1,1,0,2-4-5-7,0.7266588631930226,0.2733411368069773,885,
2,1,1,0,2-4-5-8,0.2352739991727643,0.7647260008272357,924,
2,1,1,0,2-4-5-9,0.00913978494623656,0.9908602150537634,930,
2,1,1,0,2-4-6-10,0.0004289940828402366,0.9995710059171597,3640,
2,1,1,0,2-4-6-6,0.9723489644917613,0.02765103550823859,339,
2,1,1,0,2-4-6-7,0.8709516625920983,0.12904833740790164,888,
2,1,1,0,2-4-6-8,0.024264340272045423,0.9757356597279546,876,
2,1,1,0,2-4-6-9,0.04490129988050563,0.9550987001194944,897,
2,1,1,0,2-4-7-10,0.00027800945232137893,0.9997219905476786,3597,
2,1,1,0,2-4-7-7,0.010144927536231883,0.9898550724637681,345,
2,1,1,0,2-4-7-8,0.06843466507283569,0.9315653349271643,908,
2,1,1,0,2-4-7-9,0.0011210762331838565,0.9988789237668162,892,
2,1,1,0,2-4-8-10,0.0002797985450475658,0.9997202014549524,3574,
2,1,1,0,2-4-8-8,0.04958994892242022,0.9504100510775797,299,
2,1,1,0,2-4-8-9,0.0011273957158962795,0.9988726042841037,887,
2,1,1,0,2-4-9-10,0.0005812263876780006,0.999418773612322,3441,
2,1,1,0,2-4-9-9,0.003246753246753247,0.9967532467532467,308,
2,1,1,0,2-5-10-10,0.0,1.0,6625,DRAW
2,1,1,0,2-5-5-10,0.0011664074650077762,0.9988335925349923,1286,
2,1,1,0,2-5-5-5,0.9333333333333333,0.06666666666666667,75,
2,1,1,0,2-5-5-6,0.9946808510638298,0.005319148936170213,376,
2,1,1,0,2-5-5-7,0.647368984065095,0.3526310159349049,300,
2,1,1,0,2-5-5-8,0.7652753509533698,0.23472464904663018,363,
2,1,1,0,2-5-5-9,0.06782334384858044,0.9321766561514195,317,
2,1,1,0,2-5-6-10,0.0009036448207831109,0.9990963551792168,3516,
2,1,1,0,2-5-6-6,0.986764705882353,0.013235294117647059,340,
2,1,1,0,2-5-6-7,0.7693080066870407,0.2306919933129594,929,
2,1,1,0,2-5-6-8,0.13299343465600902,0.8670065653439909,964,
2,1,1,0,2-5-6-9,0.00487012987012987,0.9951298701298701,924,
2,1,1,0,2-5-7-10,0.00028145229383619476,0.9997185477061638,3553,
2,1,1,0,2-5-7-7,0.14936478188170932,0.8506352181182907,321,
2,1,1,0,2-5-7-8,0.04918307369944395,0.950816926300556,957,
2,1,1,0,2-5-7-9,0.03043937936728604,0.9695606206327141,773,
2,1,1,0,2-5-8-10,0.00027056277056277056,0.9997294372294372,3696,
2,1,1,0,2-5-8-8,0.009036144578313253,0.9909638554216867,332,
2,1,1,0,2-5-8-9,0.0010905125408942203,0.9989094874591058,917,
2,1,1,0,2-5-9-10,0.0,1.0,3621,DRAW
2,1,1,0,2-5-9-9,0.0061162079510703364,0.9938837920489296,327,
2,1,1,0,2-6-10-10,0.0,1.0,6751,DRAW
2,1,1,0,2-6-6-10,0.0158794863096111,0.9841205136903889,1260,
2,1,1,0,2-6-6-6,0.9021739130434783,0.09782608695652174,46,
2,1,1,0,2-6-6-7,0.9427244582043344,0.05727554179566564,323,
2,1,1,0,2-6-6-8,0.035536565956240405,0.9644634340437597,345,
2,1,1,0,2-6-6-9,0.07400018040496295,0.9259998195950371,378,
2,1,1,0,2-6-7-10,0.00028555111364934324,0.9997144488863506,3502,
2,1,1,0,2-6-7-7,0.04628437035521479,0.9537156296447852,335,
2,1,1,0,2-6-7-8,0.13318573114225704,0.866814268857743,894,
2,1,1,0,2-6-7-9,0.002176278563656148,0.9978237214363439,919,
2,1,1,0,2-6-8-10,0.0,1.0,3643,DRAW
2,1,1,0,2-6-8-8,0.015197568389057751,0.9848024316109423,329,
2,1,1,0,2-6-8-9,0.0010775862068965517,0.9989224137931034,928,
2,1,1,0,2-6-9-10,0.0,1.0,3483,DRAW
2,1,1,0,2-6-9-9,0.0,1.0,347,DRAW
2,1,1,0,2-7-10-10,0.0,1.0,6892,DRAW
2,1,1,0,2-7-7-10,0.0,1.0,1343,DRAW
2,1,1,0,2-7-7-7,0.01818181818181818,0.9818181818181818,55,
2,1,1,0,2-7-7-8,0.015625,0.984375,320,
2,1,1,0,2-7-7-9,0.011363636363636364,0.9886363636363636,352,
2,1,1,0,2-7-8-10,0.0,1.0,3513,DRAW
2,1,1,0,2-7-8-8,0.011396011396011397,0.9886039886039886,351,
2,1,1,0,2-7-8-9,0.0,1.0,960,DRAW
2,1,1,0,2-7-9-10,0.0,1.0,3578,DRAW
2,1,1,0,2-7-9-9,0.0,1.0,309,DRAW
2,1,1,0,2-8-10-10,0.0,1.0,6794,DRAW
2,1,1,0,2-8-8-10,0.0,1.0,1307,DRAW
2,1,1,0,2-8-8-8,0.0,1.0,48,DRAW
2,1,1,0,2-8-8-9,0.0,1.0,325,DRAW
2,1,1,0,2-8-9-10,0.0,1.0,3630,DRAW
2,1,1,0,2-8-9-9,0.0,1.0,300,DRAW
2,1,1,0,2-9-10-10,0.0,1.0,6640,DRAW
2,1,1,0,2-9-9-10,0.0,1.0,1455,DRAW
2,1,1,0,2-9-9-9,0.0,1.0,33,DRAW
2,1,1,0,3-10-10-10,0.0,1.0,7884,DRAW
2,1,1,0,3-3-10-10,0.0,1.0,2490,DRAW
2,1,1,0,3-3-3-10,0.04597461325471082,0.9540253867452891,234,
2,1,1,0,3-3-3-3,0.5,0.5,4,
2,1,1,0,3-3-3-4,0.647487101356273,0.3525128986437271,48,
2,1,1,0,3-3-3-5,0.16304347826086957,0.8369565217391305,69,
2,1,1,0,3-3-3-6,0.12985152308274495,0.870148476917255,51,
2,1,1,0,3-3-3-7,0.7551929069810009,0.24480709301899908,54,
2,1,1,0,3-3-3-8,0.1637959231788908,0.8362040768211092,63,
2,1,1,0,3-3-3-9,0.015151515151515152,0.9848484848484849,66,
2,1,1,0,3-3-4-10,0.021380412626943776,0.9786195873730562,1369,
2,1,1,0,3-3-4-4,0.9834710743801653,0.01652892561983471,121,
2,1,1,0,3-3-4-5,0.789281886747368,0.21071811325263204,332,
2,1,1,0,3-3-4-6,0.9383327272972327,0.06166727270276724,403,
2,1,1,0,3-3-4-7,0.12718403057645497,0.8728159694235451,358,
2,1,1,0,3-3-4-8,0.26076484213590373,0.7392351578640963,340,
2,1,1,0,3-3-4-9,0.4186077043234908,0.5813922956765092,357,
2,1,1,0,3-3-5-10,0.002275260029717682,0.9977247399702823,1346,
2,1,1,0,3-3-5-5,0.21814013880601524,0.7818598611939848,96,
2,1,1,0,3-3-5-6,0.850844365929875,0.14915563407012505,344,
2,1,1,0,3-3-5-7,0.24415359658097327,0.7558464034190266,334,
2,1,1,0,3-3-5-8,0.0056657223796034,0.9943342776203966,353,
2,1,1,0,3-3-5-9,0.21154829736431655,0.7884517026356834,330,
2,1,1,0,3-3-6-10,0.002288329519450801,0.9977116704805492,1311,
2,1,1,0,3-3-6-6,0.01327433628318584,0.9867256637168141,113,
2,1,1,0,3-3-6-7,0.3149623390920038,0.6850376609079962,340,
2,1,1,0,3-3-6-8,0.09570848343112263,0.9042915165688773,367,
2,1,1,0,3-3-6-9,0.0033003300330033004,0.9966996699669967,303,
2,1,1,0,3-3-7-10,0.005837487369150354,0.9941625126308496,1411,
2,1,1,0,3-3-7-7,0.199102742118746,0.800897257881254,120,
2,1,1,0,3-3-7-8,0.4745790361666319,0.525420963833368,313,
2,1,1,0,3-3-7-9,0.006006006006006006,0.993993993993994,333,
2,1,1,0,3-3-8-10,0.0007874015748031496,0.9992125984251968,1270,
2,1,1,0,3-3-8-8,0.7594239943105111,0.24057600568948884,107,
2,1,1,0,3-3-8-9,0.14602169608982873,0.8539783039101712,315,
2,1,1,0,3-3-9-10,0.0014914243102162564,0.9985085756897838,1341,
2,1,1,0,3-3-9-9,0.045454545454545456,0.9545454545454546,110,
2,1,1,0,3-4-10-10,0.0,1.0,6673,DRAW
2,1,1,0,3-4-4-10,0.00954728099120873,0.9904527190087913,1364,
2,1,1,0,3-4-4-4,0.9375,0.0625,64,
2,1,1,0,3-4-4-5,0.8647584995507679,0.13524150044923208,381,
2,1,1,0,3-4-4-6,0.11672141577788149,0.8832785842221186,320,
2,1,1,0,3-4-4-7,0.9948453608247423,0.005154639175257732,388,
2,1,1,0,3-4-4-8,0.04492996952492685,0.9550700304750731,330,
2,1,1,0,3-4-4-9,0.07237561631576019,0.9276243836842397,312,
2,1,1,0,3-4-5-10,0.0008207934336525309,0.9991792065663475,3655,
2,1,1,0,3-4-5-5,0.9972375690607734,0.0027624309392265192,362,
2,1,1,0,3-4-5-6,0.9614594940842768,0.03854050591572332,946,
2,1,1,0,3-4-5-7,0.7652809862679988,0.23471901373200127,910,
2,1,1,0,3-4-5-8,0.0010834236186348862,0.9989165763813651,923,
2,1,1,0,3-4-5-9,0.004449388209121246,0.9955506117908788,899,
2,1,1,0,3-4-6-10,0.0027818496801705755,0.9972181503198294,3752,
2,1,1,0,3-4-6-6,0.8229394868823515,0.1770605131176485,311,
2,1,1,0,3-4-6-7,0.3459834343154542,0.6540165656845458,863,
2,1,1,0,3-4-6-8,0.05473704067276922,0.9452629593272308,924,
2,1,1,0,3-4-6-9,0.029542519274033605,0.9704574807259665,982,
2,1,1,0,3-4-7-10,0.0005393743257820927,0.9994606256742179,3708,
2,1,1,0,3-4-7-7,0.13762731724507268,0.8623726827549274,333,
2,1,1,0,3-4-7-8,0.0033519553072625698,0.9966480446927374,895,
2,1,1,0,3-4-7-9,0.007099391480730223,0.9929006085192698,986,
2,1,1,0,3-4-8-10,0.0011430642951928427,0.9988569357048073,3594,
2,1,1,0,3-4-8-8,0.0359799330731402,0.9640200669268598,336,
2,1,1,0,3-4-8-9,0.0010548523206751054,0.9989451476793249,948,
2,1,1,0,3-4-9-10,0.0,1.0,3542,DRAW
2,1,1,0,3-4-9-9,0.0030581039755351682,0.9969418960244648,327,
2,1,1,0,3-5-10-10,0.0,1.0,6763,DRAW
2,1,1,0,3-5-5-10,0.0007692307692307692,0.9992307692307693,1300,
2,1,1,0,3-5-5-5,0.7941176470588235,0.20588235294117646,51,
2,1,1,0,3-5-5-6,0.9893899204244032,0.010610079575596816,377,
2,1,1,0,3-5-5-7,0.6648839676781874,0.3351160323218125,292,
2,1,1,0,3-5-5-8,0.944881789360819,0.05511821063918098,348,
2,1,1,0,3-5-5-9,0.03563411146062378,0.9643658885393762,336,
2,1,1,0,3-5-6-10,0.0005395198273536552,0.9994604801726463,3707,
2,1,1,0,3-5-6-6,0.9920927004693602,0.007907299530639815,330,
2,1,1,0,3-5-6-7,0.01211658226928196,0.9878834177307181,844,
2,1,1,0,3-5-6-8,0.09708467638113667,0.9029153236188633,936,
2,1,1,0,3-5-6-9,0.0040091638029782365,0.9959908361970218,873,
2,1,1,0,3-5-7-10,0.001081665765278529,0.9989183342347214,3698,
2,1,1,0,3-5-7-7,0.6079365244280343,0.3920634755719657,356,
2,1,1,0,3-5-7-8,0.06947790476716922,0.9305220952328308,974,
2,1,1,0,3-5-7-9,0.032530863537223266,0.9674691364627768,963,
2,1,1,0,3-5-8-10,0.0,1.0,3491,DRAW
2,1,1,0,3-5-8-8,0.06886122586411111,0.9311387741358889,326,
2,1,1,0,3-5-8-9,0.004561003420752566,0.9954389965792474,877,
2,1,1,0,3-5-9-10,0.0,1.0,3661,DRAW
2,1,1,0,3-5-9-9,0.0,1.0,324,DRAW
2,1,1,0,3-6-10-10,0.0,1.0,6645,DRAW
2,1,1,0,3-6-6-10,0.0007513148009015778,0.9992486851990984,1331,
2,1,1,0,3-6-6-6,0.3984374950469993,0.6015625049530007,53,
2,1,1,0,3-6-6-7,0.9969418960244648,0.0030581039755351682,327,
2,1,1,0,3-6-6-8,0.0217579537428449,0.978242046257155,308,
2,1,1,0,3-6-6-9,0.010520487264673311,0.9894795127353267,387,
2,1,1,0,3-6-7-10,0.0,1.0,3395,DRAW
2,1,1,0,3-6-7-7,0.09792796141520489,0.9020720385847951,343,
2,1,1,0,3-6-7-8,0.031841284706667826,0.9681587152933321,953,
2,1,1,0,3-6-7-9,0.007567158531971245,0.9924328414680288,881,
2,1,1,0,3-6-8-10,0.0,1.0,3589,DRAW
2,1,1,0,3-6-8-8,0.00906344410876133,0.9909365558912386,331,
2,1,1,0,3-6-8-9,0.0,1.0,915,DRAW
2,1,1,0,3-6-9-10,0.0,1.0,3387,DRAW
2,1,1,0,3-6-9-9,0.0,1.0,283,DRAW
2,1,1,0,3-7-10-10,0.0,1.0,6688,DRAW
2,1,1,0,3-7-7-10,0.0,1.0,1346,DRAW
2,1,1,0,3-7-7-7,0.5932203389830508,0.4067796610169492,59,
2,1,1,0,3-7-7-8,0.020538748749931383,0.9794612512500686,329,
2,1,1,0,3-7-7-9,0.0,1.0,406,DRAW
2,1,1,0,3-7-8-10,0.0,1.0,3498,DRAW
2,1,1,0,3-7-8-8,0.0,1.0,343,DRAW
2,1,1,0,3-7-8-9,0.0,1.0,900,DRAW
2,1,1,0,3-7-9-10,0.0,1.0,3646,DRAW
2,1,1,0,3-7-9-9,0.0,1.0,341,DRAW
2,1,1,0,3-8-10-10,0.0,1.0,6677,DRAW
2,1,1,0,3-8-8-10,0.0,1.0,1363,DRAW
2,1,1,0,3-8-8-8,0.0,1.0,52,DRAW
2,1,1,0,3-8-8-9,0.0,1.0,368,DRAW
2,1,1,0,3-8-9-10,0.0,1.0,3683,DRAW
2,1,1,0,3-8-9-9,0.0,1.0,323,DRAW
2,1,1,0,3-9-10-10,0.0,1.0,6623,DRAW
2,1,1,0,3-9-9-10,0.0,1.0,1356,DRAW
2,1,1,0,3-9-9-9,0.0,1.0,66,DRAW
2,1,1,0,4-10-10-10,0.0,1.0,7636,DRAW
2,1,1,0,4-4-10-10,0.0,1.0,2555,DRAW
2,1,1,0,4-4-4-10,0.014634146341463415,0.9853658536585366,205,
2,1,1,0,4-4-4-4,0.5,0.5,2,
2,1,1,0,4-4-4-5,0.9523809523809523,0.047619047619047616,42,
2,1,1,0,4-4-4-6,0.8571428571428571,0.14285714285714285,42,
2,1,1,0,4-4-4-7,0.06382978723404255,0.9361702127659575,47,
2,1,1,0,4-4-4-8,0.8877016250772186,0.11229837492278143,54,
2,1,1,0,4-4-4-9,0.7105119163256307,0.28948808367436923,45,
2,1,1,0,4-4-5-10,0.0007552870090634441,0.9992447129909365,1324,
2,1,1,0,4-4-5-5,0.8943089430894309,0.10569105691056911,123,
2,1,1,0,4-4-5-6,0.989041095890411,0.010958904109589041,365,
2,1,1,0,4-4-5-7,0.9264041645755333,0.07359583542446675,364,
2,1,1,0,4-4-5-8,0.24232780564522075,0.7576721943547792,357,
2,1,1,0,4-4-5-9,0.19809315584897344,0.8019068441510265,350,
2,1,1,0,4-4-6-10,0.0007283321194464676,0.9992716678805535,1373,
2,1,1,0,4-4-6-6,0.20608547949025544,0.7939145205097446,135,
2,1,1,0,4-4-6-7,0.06794734670675412,0.9320526532932458,319,
2,1,1,0,4-4-6-8,0.04263122636871147,0.9573687736312886,339,
2,1,1,0,4-4-6-9,0.37550148435258696,0.624498515647413,350,
2,1,1,0,4-4-7-10,0.0008123476848090983,0.9991876523151909,1231,
2,1,1,0,4-4-7-7,0.014814814814814815,0.9851851851851852,135,
2,1,1,0,4-4-7-8,0.6993027395123113,0.3006972604876888,333,
2,1,1,0,4-4-7-9,0.0026041666666666665,0.9973958333333334,384,
2,1,1,0,4-4-8-10,0.0,1.0,1309,DRAW
2,1,1,0,4-4-8-8,0.03007518796992481,0.9699248120300752,133,
2,1,1,0,4-4-8-9,0.08129266492562755,0.9187073350743724,356,
2,1,1,0,4-4-9-10,0.0,1.0,1398,DRAW
2,1,1,0,4-4-9-9,0.0,1.0,132,DRAW
2,1,1,0,4-5-10-10,0.0,1.0,6692,DRAW
2,1,1,0,4-5-5-10,0.0007320644216691069,0.9992679355783309,1366,
2,1,1,0,4-5-5-5,0.8586956521739131,0.14130434782608695,46,
2,1,1,0,4-5-5-6,0.91103543681327,0.08896456318673003,327,
2,1,1,0,4-5-5-7,0.8549811752307677,0.14501882476923228,305,
2,1,1,0,4-5-5-8,0.02024561559926331,0.9797543844007367,353,
2,1,1,0,4-5-5-9,0.003424657534246575,0.9965753424657534,292,
2,1,1,0,4-5-6-10,0.00040871934604904634,0.999591280653951,3670,
2,1,1,0,4-5-6-6,0.9417387043831547,0.05826129561684545,328,
2,1,1,0,4-5-6-7,0.3704768023752828,0.6295231976247172,954,
2,1,1,0,4-5-6-8,0.0010515247108307045,0.9989484752891693,951,
2,1,1,0,4-5-6-9,0.0621555811809717,0.9378444188190284,883,
2,1,1,0,4-5-7-10,0.0,1.0,3495,DRAW
2,1,1,0,4-5-7-7,0.6534108873462112,0.34658911265378883,335,
2,1,1,0,4-5-7-8,0.10087615140063046,0.8991238485993696,928,
2,1,1,0,4-5-7-9,0.002944640753828033,0.997055359246172,849,
2,1,1,0,4-5-8-10,0.0,1.0,3805,DRAW
2,1,1,0,4-5-8-8,0.1428715045290954,0.8571284954709045,326,
2,1,1,0,4-5-8-9,0.0,1.0,940,DRAW
2,1,1,0,4-5-9-10,0.0,1.0,3573,DRAW
2,1,1,0,4-5-9-9,0.0,1.0,361,DRAW
2,1,1,0,4-6-10-10,0.0,1.0,6641,DRAW
2,1,1,0,4-6-6-10,0.0,1.0,1352,DRAW
2,1,1,0,4-6-6-6,0.5075155952114383,0.4924844047885617,50,
2,1,1,0,4-6-6-7,0.9875776397515528,0.012422360248447204,322,
2,1,1,0,4-6-6-8,0.11619719929747378,0.8838028007025263,351,
2,1,1,0,4-6-6-9,0.023121387283236993,0.976878612716763,346,
2,1,1,0,4-6-7-10,0.0,1.0,3742,DRAW
2,1,1,0,4-6-7-7,0.1851379830027734,0.8148620169972265,340,
2,1,1,0,4-6-7-8,0.03911598070992605,0.9608840192900739,929,
2,1,1,0,4-6-7-9,0.0,1.0,839,DRAW
2,1,1,0,4-6-8-10,0.0,1.0,3610,DRAW
2,1,1,0,4-6-8-8,0.0,1.0,381,DRAW
2,1,1,0,4-6-8-9,0.0,1.0,834,DRAW
2,1,1,0,4-6-9-10,0.0,1.0,3721,DRAW
2,1,1,0,4-6-9-9,0.0,1.0,358,DRAW
2,1,1,0,4-7-10-10,0.0,1.0,6846,DRAW
2,1,1,0,4-7-7-10,0.0,1.0,1344,DRAW
2,1,1,0,4-7-7-7,0.14383561643835616,0.8561643835616438,73,
2,1,1,0,4-7-7-8,0.0,1.0,375,DRAW
2,1,1,0,4-7-7-9,0.0,1.0,359,DRAW
2,1,1,0,4-7-8-10,0.0,1.0,3563,DRAW
2,1,1,0,4-7-8-8,0.0,1.0,342,DRAW
2,1,1,0,4-7-8-9,0.0,1.0,946,DRAW
2,1,1,0,4-7-9-10,0.0,1.0,3597,DRAW
2,1,1,0,4-7-9-9,0.0,1.0,322,DRAW
2,1,1,0,4-8-10-10,0.0,1.0,6737,DRAW
2,1,1,0,4-8-8-10,0.0,1.0,1348,DRAW
2,1,1,0,4-8-8-8,0.0,1.0,52,DRAW
2,1,1,0,4-8-8-9,0.0,1.0,372,DRAW
2,1,1,0,4-8-9-10,0.0,1.0,3584,DRAW
2,1,1,0,4-8-9-9,0.0,1.0,342,DRAW
2,1,1,0,4-9-10-10,0.0,1.0,6755,DRAW
2,1,1,0,4-9-9-10,0.0,1.0,1324,DRAW
2,1,1,0,4-9-9-9,0.0,1.0,75,DRAW
2,1,1,0,5-10-10-10,0.0,1.0,7537,DRAW
2,1,1,0,5-5-10-10,0.0,1.0,2479,DRAW
2,1,1,0,5-5-5-10,0.060072191587415724,0.9399278084125843,215,
2,1,1,0,5-5-5-5,0.5,0.5,6,
2,1,1,0,5-5-5-6,0.6655263998641046,0.3344736001358955,62,
2,1,1,0,5-5-5-7,0.05263157894736842,0.9473684210526315,57,
2,1,1,0,5-5-5-8,0.2435770570173131,0.756422942982687,56,
2,1,1,0,5-5-5-9,0.2263028468697039,0.7736971531302962,55,
2,1,1,0,5-5-6-10,0.0,1.0,1361,DRAW
2,1,1,0,5-5-6-6,0.9832999392316875,0.01670006076831259,118,
2,1,1,0,5-5-6-7,0.6340798858746345,0.36592011412536557,358,
2,1,1,0,5-5-6-8,0.03333333333333333,0.9666666666666667,330,
2,1,1,0,5-5-6-9,0.03589262871935866,0.9641073712806414,304,
2,1,1,0,5-5-7-10,0.0,1.0,1424,DRAW
2,1,1,0,5-5-7-7,0.01680672268907563,0.9831932773109243,119,
2,1,1,0,5-5-7-8,0.10807491828372906,0.8919250817162709,347,
2,1,1,0,5-5-7-9,0.0,1.0,311,DRAW
2,1,1,0,5-5-8-10,0.0,1.0,1283,DRAW
2,1,1,0,5-5-8-8,0.0,1.0,152,DRAW
2,1,1,0,5-5-8-9,0.0,1.0,336,DRAW
2,1,1,0,5-5-9-10,0.0,1.0,1331,DRAW
2,1,1,0,5-5-9-9,0.0,1.0,150,DRAW
2,1,1,0,5-6-10-10,0.0,1.0,6745,DRAW
2,1,1,0,5-6-6-10,0.0,1.0,1393,DRAW
2,1,1,0,5-6-6-6,0.24999988070541995,0.7500001192945801,51,
2,1,1,0,5-6-6-7,0.6856244702777303,0.3143755297222697,302,
2,1,1,0,5-6-6-8,0.01440922190201729,0.9855907780979827,347,
2,1,1,0,5-6-6-9,0.0,1.0,315,DRAW
2,1,1,0,5-6-7-10,0.0,1.0,3504,DRAW
2,1,1,0,5-6-7-7,0.2998922431784581,0.7001077568215418,354,
2,1,1,0,5-6-7-8,0.0,1.0,917,DRAW
2,1,1,0,5-6-7-9,0.0,1.0,937,DRAW
2,1,1,0,5-6-8-10,0.0,1.0,3504,DRAW
2,1,1,0,5-6-8-8,0.0,1.0,368,DRAW
2,1,1,0,5-6-8-9,0.0,1.0,905,DRAW
2,1,1,0,5-6-9-10,0.0,1.0,3644,DRAW
2,1,1,0,5-6-9-9,0.0,1.0,334,DRAW
2,1,1,0,5-7-10-10,0.0,1.0,6718,DRAW
2,1,1,0,5-7-7-10,0.0,1.0,1270,DRAW
2,1,1,0,5-7-7-7,0.0,1.0,52,DRAW
2,1,1,0,5-7-7-8,0.0,1.0,375,DRAW
2,1,1,0,5-7-7-9,0.0,1.0,316,DRAW
2,1,1,0,5-7-8-10,0.0,1.0,3722,DRAW
2,1,1,0,5-7-8-8,0.0,1.0,396,DRAW
2,1,1,0,5-7-8-9,0.0,1.0,829,DRAW
2,1,1,0,5-7-9-10,0.0,1.0,3429,DRAW
2,1,1,0,5-7-9-9,0.0,1.0,330,DRAW
2,1,1,0,5-8-10-10,0.0,1.0,6634,DRAW
2,1,1,0,5-8-8-10,0.0,1.0,1345,DRAW
2,1,1,0,5-8-8-8,0.0,1.0,56,DRAW
2,1,1,0,5-8-8-9,0.0,1.0,322,DRAW
2,1,1,0,5-8-9-10,0.0,1.0,3457,DRAW
2,1,1,0,5-8-9-9,0.0,1.0,338,DRAW
2,1,1,0,5-9-10-10,0.0,1.0,6642,DRAW
2,1,1,0,5-9-9-10,0.0,1.0,1318,DRAW
2,1,1,0,5-9-9-9,0.0,1.0,74,DRAW
2,1,1,0,6-10-10-10,0.0,1.0,7807,DRAW
2,1,1,0,6-6-10-10,0.0,1.0,2590,DRAW
2,1,1,0,6-6-6-10,0.0,1.0,239,DRAW
2,1,1,0,6-6-6-6,0.5,0.5,2,
2,1,1,0,6-6-6-7,0.5989428726055713,0.40105712739442867,56,
2,1,1,0,6-6-6-8,0.0,1.0,51,DRAW
2,1,1,0,6-6-6-9,0.0,1.0,62,DRAW
2,1,1,0,6-6-7-10,0.0,1.0,1293,DRAW
2,1,1,0,6-6-7-7,0.0,1.0,111,DRAW
2,1,1,0,6-6-7-8,0.0,1.0,344,DRAW
2,1,1,0,6-6-7-9,0.0,1.0,340,DRAW
2,1,1,0,6-6-8-10,0.0,1.0,1401,DRAW
2,1,1,0,6-6-8-8,0.0,1.0,120,DRAW
2,1,1,0,6-6-8-9,0.0,1.0,325,DRAW
2,1,1,0,6-6-9-10,0.0,1.0,1290,DRAW
2,1,1,0,6-6-9-9,0.0,1.0,138,DRAW
2,1,1,0,6-7-10-10,0.0,1.0,6666,DRAW
2,1,1,0,6-7-7-10,0.0,1.0,1338,DRAW
2,1,1,0,6-7-7-7,0.0,1.0,55,DRAW
2,1,1,0,6-7-7-8,0.0,1.0,384,DRAW
2,1,1,0,6-7-7-9,0.0,1.0,347,DRAW
2,1,1,0,6-7-8-10,0.0,1.0,3668,DRAW
2,1,1,0,6-7-8-8,0.0,1.0,339,DRAW
2,1,1,0,6-7-8-9,0.0,1.0,912,DRAW
2,1,1,0,6-7-9-10,0.0,1.0,3592,DRAW
2,1,1,0,6-7-9-9,0.0,1.0,404,DRAW
2,1,1,0,6-8-10-10,0.0,1.0,6770,DRAW
2,1,1,0,6-8-8-10,0.0,1.0,1424,DRAW
2,1,1,0,6-8-8-8,0.0,1.0,44,DRAW
2,1,1,0,6-8-8-9,0.0,1.0,323,DRAW
2,1,1,0,6-8-9-10,0.0,1.0,3601,DRAW
2,1,1,0,6-8-9-9,0.0,1.0,343,DRAW
2,1,1,0,6-9-10-10,0.0,1.0,6712,DRAW
2,1,1,0,6-9-9-10,0.0,1.0,1350,DRAW
2,1,1,0,6-9-9-9,0.0,1.0,39,DRAW
2,1,1,0,7-10-10-10,0.0,1.0,7721,DRAW
2,1,1,0,7-7-10-10,0.0,1.0,2617,DRAW
2,1,1,0,7-7-7-10,0.0,1.0,217,DRAW
2,1,1,0,7-7-7-8,0.0,1.0,53,DRAW
2,1,1,0,7-7-7-9,0.0,1.0,45,DRAW
2,1,1,0,7-7-8-10,0.0,1.0,1385,DRAW
2,1,1,0,7-7-8-8,0.0,1.0,95,DRAW
2,1,1,0,7-7-8-9,0.0,1.0,312,DRAW
2,1,1,0,7-7-9-10,0.0,1.0,1445,DRAW
2,1,1,0,7-7-9-9,0.0,1.0,124,DRAW
2,1,1,0,7-8-10-10,0.0,1.0,6628,DRAW
2,1,1,0,7-8-8-10,0.0,1.0,1281,DRAW
2,1,1,0,7-8-8-8,0.0,1.0,55,DRAW
2,1,1,0,7-8-8-9,0.0,1.0,345,DRAW
2,1,1,0,7-8-9-10,0.0,1.0,3687,DRAW
2,1,1,0,7-8-9-9,0.0,1.0,325,DRAW
2,1,1,0,7-9-10-10,0.0,1.0,6907,DRAW
2,1,1,0,7-9-9-10,0.0,1.0,1252,DRAW
2,1,1,0,7-9-9-9,0.0,1.0,74,DRAW
2,1,1,0,8-10-10-10,0.0,1.0,7871,DRAW
2,1,1,0,8-8-10-10,0.0,1.0,2508,DRAW
2,1,1,0,8-8-8-10,0.0,1.0,237,DRAW
2,1,1,0,8-8-8-8,0.0,1.0,4,DRAW
2,1,1,0,8-8-8-9,0.0,1.0,58,DRAW
2,1,1,0,8-8-9-10,0.0,1.0,1387,DRAW
2,1,1,0,8-8-9-9,0.0,1.0,120,DRAW
2,1,1,0,8-9-10-10,0.0,1.0,6600,DRAW
2,1,1,0,8-9-9-10,0.0,1.0,1366,DRAW
2,1,1,0,8-9-9-9,0.0,1.0,68,DRAW
2,1,1,0,9-10-10-10,0.0,1.0,7905,DRAW
2,1,1,0,9-9-10-10,0.0,1.0,2396,DRAW
2,1,1,0,9-9-9-10,0.0,1.0,222,DRAW
2,1,1,0,9-9-9-9,0.0,1.0,4,DRAW
2,3,2,1,1-1-1-1,1.0,0.0,8,STOP
2,3,2,1,1-1-1-10,0.06369426751592357,0.9363057324840764,157,
2,3,2,1,1-1-1-2,1.0,0.0,189,STOP
2,3,2,1,1-1-1-3,1.0,0.0,148,STOP
2,3,2,1,1-1-1-4,0.5,0.5,170,
2,3,2,1,1-1-1-5,0.6051136363636364,0.39488636363636365,176,
2,3,2,1,1-1-1-6,0.5,0.5,129,
2,3,2,1,1-1-1-7,0.5,0.5,132,
2,3,2,1,1-1-1-8,0.3191489361702128,0.6808510638297872,94,
2,3,2,1,1-1-1-9,0.13372093023255813,0.8662790697674418,86,
2,3,2,1,1-1-10-10,0.0013192612137203166,0.9986807387862797,1137,
2,3,2,1,1-1-2-10,0.0028462998102466793,0.9971537001897534,1054,
2,3,2,1,1-1-2-2,0.0,1.0,508,DRAW
2,3,2,1,1-1-2-3,0.5206953642384106,0.4793046357615894,1208,
2,3,2,1,1-1-2-4,0.11804250975943269,0.8819574902405675,1049,
2,3,2,1,1-1-2-5,0.057340180338447434,0.9426598196615524,1025,
2,3,2,1,1-1-2-6,0.5510621542547328,0.4489378457452672,957,
2,3,2,1,1-1-2-7,0.02406417112299465,0.9759358288770054,748,
2,3,2,1,1-1-2-8,0.046008119079837616,0.9539918809201624,739,
2,3,2,1,1-1-2-9,0.008849557522123894,0.9911504424778761,565,
2,3,2,1,1-1-3-10,0.03718672834546561,0.9628132716545343,1008,
2,3,2,1,1-1-3-3,0.8647450110864745,0.1352549889135255,451,
2,3,2,1,1-1-3-4,0.9990732159406858,0.0009267840593141798,1079,
2,3,2,1,1-1-3-5,0.14330781319072952,0.8566921868092705,961,
2,3,2,1,1-1-3-6,0.9965277777777778,0.003472222222222222,864,
2,3,2,1,1-1-3-7,0.06754409479548319,0.9324559052045167,808,
2,3,2,1,1-1-3-8,0.08850580772328528,0.9114941922767148,702,
2,3,2,1,1-1-3-9,0.005782918149466192,0.9942170818505338,562,
2,3,2,1,1-1-4-10,0.02422680412371134,0.9757731958762886,970,
2,3,2,1,1-1-4-4,0.799607254207344,0.2003927457926559,400,
2,3,2,1,1-1-4-5,0.9178321092472662,0.0821678907527338,940,
2,3,2,1,1-1-4-6,0.9337727427066886,0.0662272572933113,944,
2,3,2,1,1-1-4-7,0.059142826246115845,0.9408571737538841,782,
2,3,2,1,1-1-4-8,0.0029850746268656717,0.9970149253731343,670,
2,3,2,1,1-1-4-9,0.026205565268065268,0.9737944347319346,572,
2,3,2,1,1-1-5-10,0.0049800796812749,0.9950199203187251,1004,
2,3,2,1,1-1-5-5,0.9445315732593017,0.05546842674069836,364,
2,3,2,1,1-1-5-6,0.7406173097898417,0.2593826902101583,962,
2,3,2,1,1-1-5-7,0.1411123910313654,0.8588876089686347,783,
2,3,2,1,1-1-5-8,0.14243118494712095,0.8575688150528791,694,
2,3,2,1,1-1-5-9,0.0008710801393728223,0.9991289198606271,574,
2,3,2,1,1-1-6-10,0.0005561735261401557,0.9994438264738599,899,
2,3,2,1,1-1-6-6,0.9747115089248773,0.025288491075122647,321,
2,3,2,1,1-1-6-7,0.0012531328320802004,0.9987468671679198,798,
2,3,2,1,1-1-6-8,0.0006830601092896175,0.9993169398907104,732,
2,3,2,1,1-1-6-9,0.020401757689893288,0.9795982423101066,531,
2,3,2,1,1-1-7-10,0.002008032128514056,0.9979919678714859,996,
2,3,2,1,1-1-7-7,0.019417475728155338,0.9805825242718447,309,
2,3,2,1,1-1-7-8,0.07144766467601248,0.9285523353239875,734,
2,3,2,1,1-1-7-9,0.0008375209380234506,0.9991624790619765,597,
2,3,2,1,1-1-8-10,0.0005,0.9995,1000,
2,3,2,1,1-1-8-8,0.001851851851851852,0.9981481481481481,270,
2,3,2,1,1-1-8-9,0.003629764065335753,0.9963702359346642,551,
2,3,2,1,1-1-9-10,0.005518763796909493,0.9944812362030905,906,
2,3,2,1,1-1-9-9,0.0025,0.9975,200,
2,3,2,1,1-10-10-10,0.0,1.0,2476,DRAW
2,3,2,1,1-2-10-10,0.0004837149306675266,0.9995162850693324,3101,
2,3,2,1,1-2-2-10,0.0010131712259371835,0.9989868287740629,987,
2,3,2,1,1-2-2-2,0.5,0.5,190,
2,3,2,1,1-2-2-3,0.8769792680759317,0.12302073192406833,1266,
2,3,2,1,1-2-2-4,0.9394735251311156,0.060526474868884426,951,
2,3,2,1,1-2-2-5,0.985966735966736,0.014033264033264034,962,
2,3,2,1,1-2-2-6,0.9977578475336323,0.002242152466367713,892,
2,3,2,1,1-2-2-7,0.058430277780257736,0.9415697222197422,874,
2,3,2,1,1-2-2-8,0.06155385542401326,0.9384461445759869,702,
2,3,2,1,1-2-2-9,0.015454545454545455,0.9845454545454545,550,
2,3,2,1,1-2-3-10,0.018111498435848344,0.9818885015641517,2608,
2,3,2,1,1-2-3-3,0.9774034511092852,0.02259654889071487,1217,
2,3,2,1,1-2-3-4,0.9855355746677091,0.014464425332290852,2558,
2,3,2,1,1-2-3-5,0.9903176904472605,0.009682309552739419,2343,
2,3,2,1,1-2-3-6,0.04535980619434855,0.9546401938056515,2468,
2,3,2,1,1-2-3-7,0.0038694503706009115,0.9961305496293992,2018,
2,3,2,1,1-2-3-8,0.0005141388174807198,0.9994858611825193,1945,
2,3,2,1,1-2-3-9,0.011463152676801057,0.9885368473231989,1513,
2,3,2,1,1-2-4-10,0.003561053043584954,0.996438946956415,2602,
2,3,2,1,1-2-4-4,0.7796061561016048,0.2203938438983952,1008,
2,3,2,1,1-2-4-5,0.9909542201577598,0.009045779842240165,2369,
2,3,2,1,1-2-4-6,0.7907835281405396,0.20921647185946043,2361,
2,3,2,1,1-2-4-7,0.015772027999747237,0.9842279720002528,2229,
2,3,2,1,1-2-4-8,0.021081143257960358,0.9789188567420396,1866,
2,3,2,1,1-2-4-9,0.028037089174192606,0.9719629108258074,1568,
2,3,2,1,1-2-5-10,0.0031446540880503146,0.9968553459119497,2703,
2,3,2,1,1-2-5-5,0.9948400412796697,0.005159958720330237,969,
2,3,2,1,1-2-5-6,0.6902887366282234,0.3097112633717765,2302,
2,3,2,1,1-2-5-7,0.017829110972495402,0.9821708890275046,2040,
2,3,2,1,1-2-5-8,0.0005189413596263622,0.9994810586403736,1927,
2,3,2,1,1-2-5-9,0.0006426735218508997,0.9993573264781491,1556,
2,3,2,1,1-2-6-10,0.0020291499389073135,0.9979708500610927,2696,
2,3,2,1,1-2-6-6,0.05599222361575749,0.9440077763842425,856,
2,3,2,1,1-2-6-7,0.03562224324345018,0.9643777567565498,2238,
2,3,2,1,1-2-6-8,0.0010235414534288639,0.9989764585465711,1954,
2,3,2,1,1-2-6-9,0.0051854179761156504,0.9948145820238844,1591,
2,3,2,1,1-2-7-10,0.0005586592178770949,0.9994413407821229,2685,
2,3,2,1,1-2-7-7,0.0012853470437017994,0.9987146529562982,778,
2,3,2,1,1-2-7-8,0.007739082365948038,0.992260917634052,1809,
2,3,2,1,1-2-7-9,0.009645301804604853,0.9903546981953951,1607,
2,3,2,1,1-2-8-10,0.0009214891264283082,0.9990785108735717,2713,
2,3,2,1,1-2-8-8,0.0014925373134328358,0.9985074626865672,670,
2,3,2,1,1-2-8-9,0.0006165228113440197,0.9993834771886559,1622,
2,3,2,1,1-2-9-10,0.006851922344880091,0.9931480776551199,2627,
2,3,2,1,1-2-9-9,0.022526501766784453,0.9774734982332155,566,
2,3,2,1,1-3-10-10,0.00031959092361776926,0.9996804090763822,3129,
2,3,2,1,1-3-3-10,0.006070513993049204,0.9939294860069509,994,
2,3,2,1,1-3-3-3,0.012755102040816327,0.9872448979591837,196,
2,3,2,1,1-3-3-4,0.8198758005543895,0.18012419944561056,1104,
2,3,2,1,1-3-3-5,0.8492480412627413,0.15075195873725866,953,
2,3,2,1,1-3-3-6,0.8677607156469529,0.1322392843530471,878,
2,3,2,1,1-3-3-7,0.06405645844192126,0.9359435415580787,752,
2,3,2,1,1-3-3-8,0.0007451564828614009,0.9992548435171386,671,
2,3,2,1,1-3-3-9,0.023919402350729268,0.9760805976492707,538,
2,3,2,1,1-3-4-10,0.005259405856315969,0.9947405941436841,2670,
2,3,2,1,1-3-4-4,0.9335487140639978,0.06645128593600222,952,
2,3,2,1,1-3-4-5,0.9777033844816846,0.02229661551831544,2297,
2,3,2,1,1-3-4-6,0.9894793481200079,0.010520651879992016,2206,
2,3,2,1,1-3-4-7,0.017524916368916094,0.982475083631084,2073,
2,3,2,1,1-3-4-8,0.0003045066991473812,0.9996954933008526,1642,
2,3,2,1,1-3-4-9,0.004953560371517028,0.9950464396284829,1615,
2,3,2,1,1-3-5-10,0.003058103975535168,0.9969418960244648,2725,
2,3,2,1,1-3-5-5,0.9994469026548672,0.0005530973451327434,904,
2,3,2,1,1-3-5-6,0.9553753289834768,0.044624671016523176,2224,
2,3,2,1,1-3-5-7,0.0015286780830188313,0.9984713219169812,2134,
2,3,2,1,1-3-5-8,0.032429114154869765,0.9675708858451303,1930,
2,3,2,1,1-3-5-9,0.022042108021073436,0.9779578919789266,1512,
2,3,2,1,1-3-6-10,0.0005607476635514019,0.9994392523364486,2675,
2,3,2,1,1-3-6-6,0.65445686565881,0.34554313434119005,847,
2,3,2,1,1-3-6-7,0.01586296547811231,0.9841370345218876,2037,
2,3,2,1,1-3-6-8,0.004841312533620226,0.9951586874663798,1859,
2,3,2,1,1-3-6-9,0.023487086575728795,0.9765129134242712,1491,
2,3,2,1,1-3-7-10,0.00108499095840868,0.9989150090415914,2765,
2,3,2,1,1-3-7-7,0.001722158438576349,0.9982778415614236,871,
2,3,2,1,1-3-7-8,0.0008893632159373887,0.9991106367840625,1874,
2,3,2,1,1-3-7-9,0.002652519893899204,0.9973474801061007,1508,
2,3,2,1,1-3-8-10,0.0007178750897343862,0.9992821249102656,2786,
2,3,2,1,1-3-8-8,0.02468580841166586,0.9753141915883341,668,
2,3,2,1,1-3-8-9,0.00030358227079538557,0.9996964177292046,1647,
2,3,2,1,1-3-9-10,0.00018573551263001485,0.99981426448737,2692,
2,3,2,1,1-3-9-9,0.0035335689045936395,0.9964664310954063,566,
2,3,2,1,1-4-10-10,0.00046656298600311044,0.9995334370139969,3215,
2,3,2,1,1-4-4-10,0.005046797965251108,0.9949532020347488,1035,
2,3,2,1,1-4-4-4,0.8246290064502545,0.1753709935497455,132,
2,3,2,1,1-4-4-5,0.9956728425158459,0.004327157484154072,879,
2,3,2,1,1-4-4-6,0.9993694829760403,0.0006305170239596469,793,
2,3,2,1,1-4-4-7,0.13656604771642092,0.863433952283579,809,
2,3,2,1,1-4-4-8,0.07462586724591526,0.9253741327540846,738,
2,3,2,1,1-4-4-9,0.10208600910358333,0.8979139908964165,583,
2,3,2,1,1-4-5-10,0.000533997864008544,0.9994660021359915,2809,
2,3,2,1,1-4-5-5,0.820519573260728,0.179480426739272,890,
2,3,2,1,1-4-5-6,0.7761037446139841,0.22389625538601585,2258,
2,3,2,1,1-4-5-7,0.34645308791158036,0.6535469120884195,1956,
2,3,2,1,1-4-5-8,0.002681197024736204,0.9973188029752638,1927,
2,3,2,1,1-4-5-9,0.009447625217084091,0.9905523747829159,1567,
2,3,2,1,1-4-6-10,0.001524390243902439,0.9984756097560976,2624,
2,3,2,1,1-4-6-6,0.9951820128479657,0.004817987152034261,934,
2,3,2,1,1-4-6-7,0.0009242144177449168,0.9990757855822551,2164,
2,3,2,1,1-4-6-8,0.0005274261603375527,0.9994725738396625,1896,
2,3,2,1,1-4-6-9,0.004431668463289016,0.995568331536711,1518,
2,3,2,1,1-4-7-10,0.0016048408313601686,0.9983951591686399,2715,
2,3,2,1,1-4-7-7,0.03638819968152397,0.963611800318476,817,
2,3,2,1,1-4-7-8,0.0032646911099949772,0.9967353088900051,1991,
2,3,2,1,1-4-7-9,0.0003170577045022194,0.9996829422954978,1577,
2,3,2,1,1-4-8-10,0.0007388252678241596,0.9992611747321758,2707,
2,3,2,1,1-4-8-8,0.0007530120481927711,0.9992469879518072,664,
2,3,2,1,1-4-8-9,0.0003248862897985705,0.9996751137102015,1539,
2,3,2,1,1-4-9-10,0.00018463810930576072,0.9998153618906942,2708,
2,3,2,1,1-4-9-9,0.0026455026455026454,0.9973544973544973,567,
2,3,2,1,1-5-10-10,0.0,1.0,3165,DRAW
2,3,2,1,1-5-5-10,0.023613840869919498,0.9763861591300805,1054,
2,3,2,1,1-5-5-5,0.9942528735632183,0.005747126436781609,174,
2,3,2,1,1-5-5-6,0.788133338862969,0.2118666611370311,884,
2,3,2,1,1-5-5-7,0.757799341659624,0.242200658340376,750,
2,3,2,1,1-5-5-8,0.0007072135785007072,0.9992927864214993,707,
2,3,2,1,1-5-5-9,0.013020833333333334,0.9869791666666666,576,
2,3,2,1,1-5-6-10,0.00201450443190975,0.9979854955680902,2482,
2,3,2,1,1-5-6-6,0.20942513720596395,0.7905748627940361,849,
2,3,2,1,1-5-6-7,0.00021805494984736154,0.9997819450501526,2293,
2,3,2,1,1-5-6-8,0.0008640552995391706,0.9991359447004609,1736,
2,3,2,1,1-5-6-9,0.005042931577920841,0.9949570684220792,1566,
2,3,2,1,1-5-7-10,0.000569692366122294,0.9994303076338777,2633,
2,3,2,1,1-5-7-7,0.038984340670260575,0.9610156593297393,777,
2,3,2,1,1-5-7-8,0.0005305039787798408,0.9994694960212201,1885,
2,3,2,1,1-5-7-9,0.002347417840375587,0.9976525821596244,1491,
2,3,2,1,1-5-8-10,0.003506787330316741,0.9964932126696832,2652,
2,3,2,1,1-5-8-8,0.01188707280832095,0.9881129271916791,673,
2,3,2,1,1-5-8-9,0.0029431000654022237,0.9970568999345978,1529,
2,3,2,1,1-5-9-10,0.0011542901115813775,0.9988457098884186,2599,
2,3,2,1,1-5-9-9,0.007867132867132868,0.9921328671328671,572,
2,3,2,1,1-6-10-10,0.0,1.0,3023,DRAW
2,3,2,1,1-6-6-10,0.0004901960784313725,0.9995098039215686,1020,
2,3,2,1,1-6-6-6,0.6708147103912616,0.3291852896087384,156,
2,3,2,1,1-6-6-7,0.0006075334143377885,0.9993924665856622,823,
2,3,2,1,1-6-6-8,0.023924798784659564,0.9760752012153405,732,
2,3,2,1,1-6-6-9,0.005199306759098787,0.9948006932409013,577,
2,3,2,1,1-6-7-10,0.00038226299694189603,0.9996177370030581,2616,
2,3,2,1,1-6-7-7,0.0011173184357541898,0.9988826815642458,895,
2,3,2,1,1-6-7-8,0.004167748613208188,0.9958322513867919,1968,
2,3,2,1,1-6-7-9,0.01393777711213312,0.9860622228878668,1536,
2,3,2,1,1-6-8-10,0.0007352941176470588,0.9992647058823529,2720,
2,3,2,1,1-6-8-8,0.0015384615384615385,0.9984615384615385,650,
2,3,2,1,1-6-8-9,0.0021766169154228856,0.9978233830845771,1608,
2,3,2,1,1-6-9-10,0.0,1.0,2585,DRAW
2,3,2,1,1-6-9-9,0.0008741258741258741,0.9991258741258742,572,
2,3,2,1,1-7-10-10,0.0,1.0,3134,DRAW
2,3,2,1,1-7-7-10,0.0056179775280898875,0.9943820224719101,979,
2,3,2,1,1-7-7-7,0.040983606557377046,0.9590163934426229,122,
2,3,2,1,1-7-7-8,0.002124645892351275,0.9978753541076487,706,
2,3,2,1,1-7-7-9,0.0008403361344537816,0.9991596638655462,595,
2,3,2,1,1-7-8-10,0.0,1.0,2577,DRAW
2,3,2,1,1-7-8-8,0.007149190866770119,0.9928508091332299,694,
2,3,2,1,1-7-8-9,0.0060864890859142215,0.9939135109140859,1601,
2,3,2,1,1-7-9-10,0.0,1.0,2714,DRAW
2,3,2,1,1-7-9-9,0.0,1.0,533,DRAW
2,3,2,1,1-8-10-10,0.0,1.0,3096,DRAW
2,3,2,1,1-8-8-10,0.0,1.0,981,DRAW
2,3,2,1,1-8-8-8,0.057692307692307696,0.9423076923076923,104,
2,3,2,1,1-8-8-9,0.0,1.0,608,DRAW
2,3,2,1,1-8-9-10,0.0,1.0,2622,DRAW
2,3,2,1,1-8-9-9,0.0,1.0,549,DRAW
2,3,2,1,1-9-10-10,0.0,1.0,3040,DRAW
2,3,2,1,1-9-9-10,0.0,1.0,982,DRAW
2,3,2,1,1-9-9-9,0.0,1.0,93,DRAW
2,3,2,1,10-10-10-10,0.0,1.0,1463,DRAW
2,3,2,1,2-10-10-10,0.0,1.0,2440,DRAW
2,3,2,1,2-2-10-10,0.006092254134029591,0.9939077458659704,1149,
2,3,2,1,2-2-2-10,0.08407738095238096,0.9159226190476191,168,
2,3,2,1,2-2-2-2,0.5,0.5,15,
2,3,2,1,2-2-2-3,0.47821100917431186,0.5217889908256882,218,
2,3,2,1,2-2-2-4,0.9125,0.0875,160,
2,3,2,1,2-2-2-5,0.6293632436065351,0.3706367563934651,143,
2,3,2,1,2-2-2-6,0.10004895907200119,0.8999510409279988,148,
2,3,2,1,2-2-2-7,0.28689502665630773,0.7131049733436922,151,
2,3,2,1,2-2-2-8,0.24122728666445978,0.7587727133355403,113,
2,3,2,1,2-2-2-9,0.020833333333333332,0.9791666666666666,96,
2,3,2,1,2-2-3-10,0.0015337423312883436,0.9984662576687117,978,
2,3,2,1,2-2-3-3,0.7725916172920785,0.22740838270792152,434,
2,3,2,1,2-2-3-4,0.9039984140598362,0.0960015859401638,1117,
2,3,2,1,2-2-3-5,0.7821178861048096,0.2178821138951905,924,
2,3,2,1,2-2-3-6,0.1950688015689362,0.8049311984310638,938,
2,3,2,1,2-2-3-7,0.08844392969754845,0.9115560703024516,808,
2,3,2,1,2-2-3-8,0.001402524544179523,0.9985974754558204,713,
2,3,2,1,2-2-3-9,0.035768834741343895,0.9642311652586562,571,
2,3,2,1,2-2-4-10,0.0014677103718199608,0.9985322896281801,1022,
2,3,2,1,2-2-4-4,0.7491649575567257,0.25083504244327415,358,
2,3,2,1,2-2-4-5,0.7655423783320839,0.23445762166791617,873,
2,3,2,1,2-2-4-6,0.9982876712328768,0.0017123287671232876,876,
2,3,2,1,2-2-4-7,0.08334437658933735,0.9166556234106626,780,
2,3,2,1,2-2-4-8,0.21371537636571214,0.7862846236342879,696,
2,3,2,1,2-2-4-9,0.04222590209456151,0.9577740979054384,572,
2,3,2,1,2-2-5-10,0.002634843016622318,0.9973651569833777,959,
2,3,2,1,2-2-5-5,0.9036229744815337,0.09637702551846629,317,
2,3,2,1,2-2-5-6,0.5084226326758764,0.4915773673241236,819,
2,3,2,1,2-2-5-7,0.1294793357741318,0.8705206642258683,725,
2,3,2,1,2-2-5-8,0.06198541055060881,0.9380145894493913,671,
2,3,2,1,2-2-5-9,0.03492393673838052,0.9650760632616195,552,
2,3,2,1,2-2-6-10,0.005187374245472837,0.9948126257545271,994,
2,3,2,1,2-2-6-6,0.935522540560248,0.06447745943975192,312,
2,3,2,1,2-2-6-7,0.0012804097311139564,0.998719590268886,781,
2,3,2,1,2-2-6-8,0.00916550279329609,0.9908344972067039,716,
2,3,2,1,2-2-6-9,0.0008960573476702509,0.9991039426523297,558,
2,3,2,1,2-2-7-10,0.0010695187165775401,0.9989304812834224,935,
2,3,2,1,2-2-7-7,0.005376344086021506,0.9946236559139785,279,
2,3,2,1,2-2-7-8,0.007169576059850374,0.9928304239401496,802,
2,3,2,1,2-2-7-9,0.0017035775127768314,0.9982964224872232,587,
2,3,2,1,2-2-8-10,0.0009852216748768472,0.9990147783251232,1015,
2,3,2,1,2-2-8-8,0.005494505494505495,0.9945054945054945,273,
2,3,2,1,2-2-8-9,0.0018248175182481751,0.9981751824817519,548,
2,3,2,1,2-2-9-10,0.008629441624365483,0.9913705583756345,985,
2,3,2,1,2-2-9-9,0.007075471698113208,0.9929245283018868,212,
2,3,2,1,2-3-10-10,0.0020322580645161293,0.9979677419354838,3100,
2,3,2,1,2-3-3-10,0.0015384615384615385,0.9984615384615385,975,
2,3,2,1,2-3-3-3,0.4472283264878992,0.5527716735121008,192,
2,3,2,1,2-3-3-4,0.9258474576271186,0.07415254237288135,1062,
2,3,2,1,2-3-3-5,0.4756836309707161,0.5243163690292839,948,
2,3,2,1,2-3-3-6,0.4689342291873929,0.531065770812607,910,
2,3,2,1,2-3-3-7,0.6973297194091348,0.30267028059086526,770,
2,3,2,1,2-3-3-8,0.05550652690324337,0.9444934730967567,698,
2,3,2,1,2-3-3-9,0.03860513458601275,0.9613948654139872,563,
2,3,2,1,2-3-4-10,0.0001926782273603083,0.9998073217726396,2595,
2,3,2,1,2-3-4-4,0.871028348991062,0.12897165100893804,1001,
2,3,2,1,2-3-4-5,0.8374643308970076,0.1625356691029925,2387,
2,3,2,1,2-3-4-6,0.7607138298172264,0.23928617018277365,2284,
2,3,2,1,2-3-4-7,0.6343590241936483,0.3656409758063517,2180,
2,3,2,1,2-3-4-8,0.0015881418740074113,0.9984118581259925,1889,
2,3,2,1,2-3-4-9,0.00033738191632928474,0.9996626180836707,1482,
2,3,2,1,2-3-5-10,0.0007251631617113851,0.9992748368382887,2758,
2,3,2,1,2-3-5-5,0.687109952114911,0.312890047885089,820,
2,3,2,1,2-3-5-6,0.9908117426645242,0.009188257335475743,2189,
2,3,2,1,2-3-5-7,0.040492157880423714,0.9595078421195763,2140,
2,3,2,1,2-3-5-8,0.0021691865300029057,0.9978308134699971,1957,
2,3,2,1,2-3-5-9,0.021041003370631205,0.9789589966293688,1517,
2,3,2,1,2-3-6-10,0.003510082150858851,0.9964899178491411,2678,
2,3,2,1,2-3-6-6,0.7670721671866536,0.2329278328133464,832,
2,3,2,1,2-3-6-7,0.0833498979210156,0.9166501020789843,2014,
2,3,2,1,2-3-6-8,0.0002570694087403599,0.9997429305912596,1945,
2,3,2,1,2-3-6-9,0.0016711229946524064,0.9983288770053476,1496,
2,3,2,1,2-3-7-10,0.0029996250468691415,0.9970003749531309,2667,
2,3,2,1,2-3-7-7,0.0012531328320802004,0.9987468671679198,798,
2,3,2,1,2-3-7-8,0.0005246589716684155,0.9994753410283316,1906,
2,3,2,1,2-3-7-9,0.00033200531208499334,0.999667994687915,1506,
2,3,2,1,2-3-8-10,0.0018953752843062926,0.9981046247156937,2638,
2,3,2,1,2-3-8-8,0.02374621677140183,0.9762537832285982,644,
2,3,2,1,2-3-8-9,0.0016244314489928524,0.9983755685510072,1539,
2,3,2,1,2-3-9-10,0.00019305019305019305,0.9998069498069498,2590,
2,3,2,1,2-3-9-9,0.009831460674157303,0.9901685393258427,534,
2,3,2,1,2-4-10-10,0.0,1.0,3103,DRAW
2,3,2,1,2-4-4-10,0.002066115702479339,0.9979338842975206,968,
2,3,2,1,2-4-4-4,0.9966887417218543,0.0033112582781456954,151,
2,3,2,1,2-4-4-5,0.9409107672201763,0.05908923277982372,944,
2,3,2,1,2-4-4-6,0.2516834785467531,0.7483165214532469,819,
2,3,2,1,2-4-4-7,0.009111222692450861,0.9908887773075492,840,
2,3,2,1,2-4-4-8,0.019392730496453917,0.980607269503546,752,
2,3,2,1,2-4-4-9,0.0017857142857142857,0.9982142857142857,560,
2,3,2,1,2-4-5-10,0.014295506433784298,0.9857044935662157,2618,
2,3,2,1,2-4-5-5,0.8507664257704313,0.14923357422956865,881,
2,3,2,1,2-4-5-6,0.9402345582430183,0.0597654417569817,2292,
2,3,2,1,2-4-5-7,0.10075114460582882,0.8992488553941712,1997,
2,3,2,1,2-4-5-8,0.0008073196986006459,0.9991926803013994,1858,
2,3,2,1,2-4-5-9,0.0019096117122851686,0.9980903882877148,1571,
2,3,2,1,2-4-6-10,0.0015210295884576187,0.9984789704115424,2627,
2,3,2,1,2-4-6-6,0.5378934404572212,0.4621065595427789,803,
2,3,2,1,2-4-6-7,0.003272910372608258,0.9967270896273918,1986,
2,3,2,1,2-4-6-8,0.003641816623821765,0.9963581833761783,1945,
2,3,2,1,2-4-6-9,0.0003313452617627568,0.9996686547382373,1509,
2,3,2,1,2-4-7-10,0.0014776505356483192,0.9985223494643517,2707,
2,3,2,1,2-4-7-7,0.0005868544600938967,0.9994131455399061,852,
2,3,2,1,2-4-7-8,0.0010183299389002036,0.9989816700610998,1964,
2,3,2,1,2-4-7-9,0.00190235227671689,0.9980976477232831,1506,
2,3,2,1,2-4-8-10,0.0001864975755315181,0.9998135024244685,2681,
2,3,2,1,2-4-8-8,0.0040192926045016075,0.9959807073954984,622,
2,3,2,1,2-4-8-9,0.00265017667844523,0.9973498233215548,1415,
2,3,2,1,2-4-9-10,0.010296352583586629,0.9897036474164134,2632,
2,3,2,1,2-4-9-9,0.003952569169960474,0.9960474308300395,506,
2,3,2,1,2-5-10-10,0.0,1.0,2999,DRAW
2,3,2,1,2-5-5-10,0.0010672358591248667,0.9989327641408752,937,
2,3,2,1,2-5-5-5,0.9940476190476191,0.005952380952380952,168,
2,3,2,1,2-5-5-6,0.6345412700729328,0.3654587299270671,775,
2,3,2,1,2-5-5-7,0.032319181899626834,0.9676808181003732,752,
2,3,2,1,2-5-5-8,0.01664145234493192,0.983358547655068,661,
2,3,2,1,2-5-5-9,0.019827586206896553,0.9801724137931035,580,
2,3,2,1,2-5-6-10,0.0005764796310530361,0.999423520368947,2602,
2,3,2,1,2-5-6-6,0.9673352607544069,0.03266473924559305,767,
2,3,2,1,2-5-6-7,0.009732360097323601,0.9902676399026764,2055,
2,3,2,1,2-5-6-8,0.00027056277056277056,0.9997294372294372,1848,
2,3,2,1,2-5-6-9,0.0016297262059973925,0.9983702737940026,1534,
2,3,2,1,2-5-7-10,0.00018726591760299626,0.999812734082397,2670,
2,3,2,1,2-5-7-7,0.005082592121982211,0.9949174078780177,787,
2,3,2,1,2-5-7-8,0.003026846444769226,0.9969731535552308,1959,
2,3,2,1,2-5-7-9,0.003436426116838488,0.9965635738831615,1455,
2,3,2,1,2-5-8-10,0.00018083182640144665,0.9998191681735985,2765,
2,3,2,1,2-5-8-8,0.006138240653915736,0.9938617593460843,663,
2,3,2,1,2-5-8-9,0.002256608639587363,0.9977433913604127,1551,
2,3,2,1,2-5-9-10,0.0,1.0,2658,DRAW
2,3,2,1,2-5-9-9,0.0008849557522123894,0.9991150442477876,565,
2,3,2,1,2-6-10-10,0.0,1.0,3007,DRAW
2,3,2,1,2-6-6-10,0.017305621059493098,0.9826943789405069,992,
2,3,2,1,2-6-6-6,0.5029417732262473,0.49705822677375266,126,
2,3,2,1,2-6-6-7,0.001303780964797914,0.9986962190352021,767,
2,3,2,1,2-6-6-8,0.03345784171132895,0.9665421582886711,724,
2,3,2,1,2-6-6-9,0.0008880994671403197,0.9991119005328597,563,
2,3,2,1,2-6-7-10,0.0007695267410542517,0.9992304732589458,2599,
2,3,2,1,2-6-7-7,0.005108173076923077,0.9948918269230769,832,
2,3,2,1,2-6-7-8,0.0038950761184108704,0.9961049238815891,1850,
2,3,2,1,2-6-7-9,0.010012515644555697,0.9899874843554443,1598,
2,3,2,1,2-6-8-10,0.0,1.0,2685,DRAW
2,3,2,1,2-6-8-8,0.0007163323782234957,0.9992836676217765,698,
2,3,2,1,2-6-8-9,0.0003123048094940662,0.9996876951905059,1601,
2,3,2,1,2-6-9-10,0.0,1.0,2581,DRAW
2,3,2,1,2-6-9-9,0.0,1.0,565,DRAW
2,3,2,1,2-7-10-10,0.0,1.0,3068,DRAW
2,3,2,1,2-7-7-10,0.0,1.0,993,DRAW
2,3,2,1,2-7-7-7,0.05555555555555555,0.9444444444444444,144,
2,3,2,1,2-7-7-8,0.03397020504593262,0.9660297949540675,661,
2,3,2,1,2-7-7-9,0.0008169934640522876,0.9991830065359477,612,
2,3,2,1,2-7-8-10,0.0,1.0,2617,DRAW
2,3,2,1,2-7-8-8,0.03852282955828109,0.9614771704417189,677,
2,3,2,1,2-7-8-9,0.0,1.0,1537,DRAW
2,3,2,1,2-7-9-10,0.0,1.0,2671,DRAW
2,3,2,1,2-7-9-9,0.0,1.0,524,DRAW
2,3,2,1,2-8-10-10,0.0,1.0,2922,DRAW
2,3,2,1,2-8-8-10,0.0,1.0,1018,DRAW
2,3,2,1,2-8-8-8,0.0,1.0,106,DRAW
2,3,2,1,2-8-8-9,0.0,1.0,605,DRAW
2,3,2,1,2-8-9-10,0.0,1.0,2617,DRAW
2,3,2,1,2-8-9-9,0.0,1.0,557,DRAW
2,3,2,1,2-9-10-10,0.0,1.0,3032,DRAW
2,3,2,1,2-9-9-10,0.0,1.0,1001,DRAW
2,3,2,1,2-9-9-9,0.0,1.0,74,DRAW
2,3,2,1,3-10-10-10,0.0,1.0,2379,DRAW
2,3,2,1,3-3-10-10,0.0,1.0,1173,DRAW
2,3,2,1,3-3-3-10,0.002976190476190476,0.9970238095238095,168,
2,3,2,1,3-3-3-3,0.5,0.5,11,
2,3,2,1,3-3-3-4,0.9066697638504566,0.09333023614954333,174,
2,3,2,1,3-3-3-5,0.9945054945054945,0.005494505494505495,182,
2,3,2,1,3-3-3-6,0.7341010169113937,0.2658989830886062,146,
2,3,2,1,3-3-3-7,0.35895357609782974,0.6410464239021704,141,
2,3,2,1,3-3-3-8,0.21600780291497435,0.7839921970850257,127,
2,3,2,1,3-3-3-9,0.12061292925008656,0.8793870707499135,80,
2,3,2,1,3-3-4-10,0.010692464358452138,0.9893075356415478,982,
2,3,2,1,3-3-4-4,0.8805987741779352,0.11940122582206478,389,
2,3,2,1,3-3-4-5,0.9519572108651239,0.04804278913487611,921,
2,3,2,1,3-3-4-6,0.5430313161866485,0.4569686838133515,875,
2,3,2,1,3-3-4-7,0.681562114711113,0.31843788528888683,878,
2,3,2,1,3-3-4-8,0.024733897379912665,0.9752661026200873,687,
2,3,2,1,3-3-4-9,0.12294842080289355,0.8770515791971064,563,
2,3,2,1,3-3-5-10,0.023093083288094493,0.9769069167119055,1018,
2,3,2,1,3-3-5-5,0.8613774357909211,0.1386225642090788,335,
2,3,2,1,3-3-5-6,0.7056028126622079,0.29439718733779197,912,
2,3,2,1,3-3-5-7,0.4011663954469027,0.5988336045530973,815,
2,3,2,1,3-3-5-8,0.0205458765995215,0.9794541234004784,717,
2,3,2,1,3-3-5-9,0.0009090909090909091,0.9990909090909091,550,
2,3,2,1,3-3-6-10,0.0010695187165775401,0.9989304812834224,935,
2,3,2,1,3-3-6-6,0.9952681388012619,0.00473186119873817,317,
2,3,2,1,3-3-6-7,0.2977097678143475,0.7022902321856526,799,
2,3,2,1,3-3-6-8,0.001394700139470014,0.99860529986053,717,
2,3,2,1,3-3-6-9,0.019626168224299065,0.9803738317757009,535,
2,3,2,1,3-3-7-10,0.007506029766938545,0.9924939702330614,978,
2,3,2,1,3-3-7-7,0.20482327913672596,0.7951767208632741,295,
2,3,2,1,3-3-7-8,0.03679380805241572,0.9632061919475843,648,
2,3,2,1,3-3-7-9,0.0008417508417508417,0.9991582491582491,594,
2,3,2,1,3-3-8-10,0.0054133858267716535,0.9945866141732284,1016,
2,3,2,1,3-3-8-8,0.0022935779816513763,0.9977064220183486,218,
2,3,2,1,3-3-8-9,0.006088613786240745,0.9939113862137593,562,
2,3,2,1,3-3-9-10,0.0024390243902439024,0.9975609756097561,1025,
2,3,2,1,3-3-9-9,0.0024630541871921183,0.9975369458128078,203,
2,3,2,1,3-4-10-10,0.0,1.0,3044,DRAW
2,3,2,1,3-4-4-10,0.0034482758620689655,0.996551724137931,1015,
2,3,2,1,3-4-4-4,0.4772605688163357,0.5227394311836642,169,
2,3,2,1,3-4-4-5,0.9163673598086036,0.08363264019139637,928,
2,3,2,1,3-4-4-6,0.9930102459010961,0.006989754098903883,993,
2,3,2,1,3-4-4-7,0.6703310923353465,0.32966890766465345,713,
2,3,2,1,3-4-4-8,0.0007042253521126761,0.9992957746478873,710,
2,3,2,1,3-4-4-9,0.016231951887658684,0.9837680481123414,552,
2,3,2,1,3-4-5-10,0.0014964459408903852,0.9985035540591096,2673,
2,3,2,1,3-4-5-5,0.9067307977525941,0.093269202247406,860,
2,3,2,1,3-4-5-6,0.7798108420010892,0.22018915799891078,2378,
2,3,2,1,3-4-5-7,0.40044845673421553,0.5995515432657845,2066,
2,3,2,1,3-4-5-8,0.05123602203272307,0.9487639779672769,1843,
2,3,2,1,3-4-5-9,0.0035783994795055302,0.9964216005204944,1537,
2,3,2,1,3-4-6-10,0.0010814708002883922,0.9989185291997116,2774,
2,3,2,1,3-4-6-6,0.9684923903947883,0.03150760960521173,844,
2,3,2,1,3-4-6-7,0.32218057009657947,0.6778194299034206,2128,
2,3,2,1,3-4-6-8,0.028836073676621717,0.9711639263233783,1887,
2,3,2,1,3-4-6-9,0.0036385688295936932,0.9963614311704063,1649,
2,3,2,1,3-4-7-10,0.0003672420124862284,0.9996327579875137,2723,
2,3,2,1,3-4-7-7,0.009057971014492754,0.9909420289855072,828,
2,3,2,1,3-4-7-8,0.000502008032128514,0.9994979919678715,1992,
2,3,2,1,3-4-7-9,0.000946969696969697,0.9990530303030303,1584,
2,3,2,1,3-4-8-10,0.0007707129094412332,0.9992292870905588,2595,
2,3,2,1,3-4-8-8,0.031587057010785825,0.9684129429892142,649,
2,3,2,1,3-4-8-9,0.000664451827242525,0.9993355481727575,1505,
2,3,2,1,3-4-9-10,0.0,1.0,2619,DRAW
2,3,2,1,3-4-9-9,0.004553734061930784,0.9954462659380692,549,
2,3,2,1,3-5-10-10,0.0,1.0,3092,DRAW
2,3,2,1,3-5-5-10,0.001002004008016032,0.998997995991984,998,
2,3,2,1,3-5-5-5,0.9892086330935251,0.01079136690647482,139,
2,3,2,1,3-5-5-6,0.5892777497444714,0.4107222502555285,845,
2,3,2,1,3-5-5-7,0.007063927608518426,0.9929360723914816,760,
2,3,2,1,3-5-5-8,0.008375209380234505,0.9916247906197655,597,
2,3,2,1,3-5-5-9,0.003472222222222222,0.9965277777777778,576,
2,3,2,1,3-5-6-10,0.008272412466333205,0.9917275875336667,2599,
2,3,2,1,3-5-6-6,0.4362225732911621,0.5637774267088379,836,
2,3,2,1,3-5-6-7,0.00045558086560364467,0.9995444191343964,2195,
2,3,2,1,3-5-6-8,0.0010471204188481676,0.9989528795811519,1910,
2,3,2,1,3-5-6-9,0.002905100064557779,0.9970948999354422,1549,
2,3,2,1,3-5-7-10,0.00038804811796662784,0.9996119518820333,2577,
2,3,2,1,3-5-7-7,0.002560819462227913,0.9974391805377721,781,
2,3,2,1,3-5-7-8,0.0012926577042399173,0.9987073422957601,1934,
2,3,2,1,3-5-7-9,0.02445746597653461,0.9755425340234654,1638,
2,3,2,1,3-5-8-10,0.0,1.0,2632,DRAW
2,3,2,1,3-5-8-8,0.0007267441860465116,0.9992732558139535,688,
2,3,2,1,3-5-8-9,0.0057901907356948225,0.9942098092643051,1468,
2,3,2,1,3-5-9-10,0.0,1.0,2616,DRAW
2,3,2,1,3-5-9-9,0.0,1.0,581,DRAW
2,3,2,1,3-6-10-10,0.0,1.0,3099,DRAW
2,3,2,1,3-6-6-10,0.0030241935483870967,0.9969758064516129,992,
2,3,2,1,3-6-6-6,0.6893285414427707,0.3106714585572292,155,
2,3,2,1,3-6-6-7,0.08016301621178433,0.9198369837882158,715,
2,3,2,1,3-6-6-8,0.0049157303370786515,0.9950842696629213,712,
2,3,2,1,3-6-6-9,0.02502224199288256,0.9749777580071174,562,
2,3,2,1,3-6-7-10,0.0,1.0,2571,DRAW
2,3,2,1,3-6-7-7,0.0019157088122605363,0.9980842911877394,783,
2,3,2,1,3-6-7-8,0.0019083969465648854,0.9980916030534351,1834,
2,3,2,1,3-6-7-9,0.0041900594451783355,0.9958099405548216,1514,
2,3,2,1,3-6-8-10,0.0,1.0,2598,DRAW
2,3,2,1,3-6-8-8,0.0007342143906020558,0.9992657856093979,681,
2,3,2,1,3-6-8-9,0.0,1.0,1575,DRAW
2,3,2,1,3-6-9-10,0.0,1.0,2578,DRAW
2,3,2,1,3-6-9-9,0.0,1.0,527,DRAW
2,3,2,1,3-7-10-10,0.0,1.0,3022,DRAW
2,3,2,1,3-7-7-10,0.0,1.0,1015,DRAW
2,3,2,1,3-7-7-7,0.08695652173913043,0.9130434782608695,115,
2,3,2,1,3-7-7-8,0.015041710114702811,0.9849582898852972,685,
2,3,2,1,3-7-7-9,0.0,1.0,586,DRAW
2,3,2,1,3-7-8-10,0.0,1.0,2572,DRAW
2,3,2,1,3-7-8-8,0.0,1.0,680,DRAW
2,3,2,1,3-7-8-9,0.0,1.0,1525,DRAW
2,3,2,1,3-7-9-10,0.0,1.0,2785,DRAW
2,3,2,1,3-7-9-9,0.0,1.0,554,DRAW
2,3,2,1,3-8-10-10,0.0,1.0,3093,DRAW
2,3,2,1,3-8-8-10,0.0,1.0,938,DRAW
2,3,2,1,3-8-8-8,0.0,1.0,112,DRAW
2,3,2,1,3-8-8-9,0.0,1.0,580,DRAW
2,3,2,1,3-8-9-10,0.0,1.0,2519,DRAW
2,3,2,1,3-8-9-9,0.0,1.0,552,DRAW
2,3,2,1,3-9-10-10,0.0,1.0,3006,DRAW
2,3,2,1,3-9-9-10,0.0,1.0,952,DRAW
2,3,2,1,3-9-9-9,0.0,1.0,95,DRAW
2,3,2,1,4-10-10-10,0.0,1.0,2391,DRAW
2,3,2,1,4-4-10-10,0.0,1.0,1138,DRAW
2,3,2,1,4-4-4-10,0.012578616352201259,0.9874213836477987,159,
2,3,2,1,4-4-4-4,0.5,0.5,8,
2,3,2,1,4-4-4-5,0.7173002858621856,0.28269971413781436,140,
2,3,2,1,4-4-4-6,0.4853442348665456,0.5146557651334543,125,
2,3,2,1,4-4-4-7,0.5751815098587919,0.4248184901412081,124,
2,3,2,1,4-4-4-8,0.8795707408560621,0.12042925914393791,99,
2,3,2,1,4-4-4-9,0.054878048780487805,0.9451219512195121,82,
2,3,2,1,4-4-5-10,0.0033460803059273425,0.9966539196940727,1046,
2,3,2,1,4-4-5-5,0.9969135802469136,0.0030864197530864196,324,
2,3,2,1,4-4-5-6,0.8444355135144886,0.15556448648551133,807,
2,3,2,1,4-4-5-7,0.0013550135501355014,0.9986449864498645,738,
2,3,2,1,4-4-5-8,0.045560587802932526,0.9544394121970675,649,
2,3,2,1,4-4-5-9,0.09063841488799439,0.9093615851120057,558,
2,3,2,1,4-4-6-10,0.0009900990099009901,0.999009900990099,1010,
2,3,2,1,4-4-6-6,0.7512849942559975,0.24871500574400263,346,
2,3,2,1,4-4-6-7,0.35566878366724913,0.6443312163327509,794,
2,3,2,1,4-4-6-8,0.4236739810801732,0.5763260189198268,786,
2,3,2,1,4-4-6-9,0.15434658875788637,0.8456534112421137,530,
2,3,2,1,4-4-7-10,0.004540867810292634,0.9954591321897074,991,
2,3,2,1,4-4-7-7,0.030644142808945517,0.9693558571910544,310,
2,3,2,1,4-4-7-8,0.009674298643643095,0.9903257013563569,666,
2,3,2,1,4-4-7-9,0.00539568345323741,0.9946043165467626,556,
2,3,2,1,4-4-8-10,0.0,1.0,976,DRAW
2,3,2,1,4-4-8-8,0.031426565977454766,0.9685734340225453,234,
2,3,2,1,4-4-8-9,0.09678258419039164,0.9032174158096083,593,
2,3,2,1,4-4-9-10,0.0,1.0,1031,DRAW
2,3,2,1,4-4-9-9,0.0,1.0,215,DRAW
2,3,2,1,4-5-10-10,0.0,1.0,3007,DRAW
2,3,2,1,4-5-5-10,0.00048590864917395527,0.999514091350826,1029,
2,3,2,1,4-5-5-5,0.9803149606299213,0.01968503937007874,127,
2,3,2,1,4-5-5-6,0.9068042816839146,0.09319571831608538,864,
2,3,2,1,4-5-5-7,0.5410656820368199,0.4589343179631802,712,
2,3,2,1,4-5-5-8,0.019293256083674756,0.9807067439163252,733,
2,3,2,1,4-5-5-9,0.0194493006993007,0.9805506993006993,572,
2,3,2,1,4-5-6-10,0.004695717505634861,0.9953042824943651,2662,
2,3,2,1,4-5-6-6,0.7296916169242375,0.2703083830757626,797,
2,3,2,1,4-5-6-7,0.021159697624587286,0.9788403023754128,2194,
2,3,2,1,4-5-6-8,0.0002527805864509606,0.999747219413549,1978,
2,3,2,1,4-5-6-9,0.0006389776357827476,0.9993610223642172,1565,
2,3,2,1,4-5-7-10,0.0,1.0,2677,DRAW
2,3,2,1,4-5-7-7,0.004074415744157442,0.9959255842558425,813,
2,3,2,1,4-5-7-8,0.0005260389268805891,0.9994739610731194,1901,
2,3,2,1,4-5-7-9,0.0003248862897985705,0.9996751137102015,1539,
2,3,2,1,4-5-8-10,0.0,1.0,2712,DRAW
2,3,2,1,4-5-8-8,0.005698005698005698,0.9943019943019943,702,
2,3,2,1,4-5-8-9,0.0,1.0,1575,DRAW
2,3,2,1,4-5-9-10,0.0,1.0,2633,DRAW
2,3,2,1,4-5-9-9,0.0,1.0,573,DRAW
2,3,2,1,4-6-10-10,0.0,1.0,3072,DRAW
2,3,2,1,4-6-6-10,0.0,1.0,1009,DRAW
2,3,2,1,4-6-6-6,0.2246540918755366,0.7753459081244635,135,
2,3,2,1,4-6-6-7,0.07056148021421942,0.9294385197857805,749,
2,3,2,1,4-6-6-8,0.04116923396830567,0.9588307660316944,741,
2,3,2,1,4-6-6-9,0.008050089445438283,0.9919499105545617,559,
2,3,2,1,4-6-7-10,0.0,1.0,2700,DRAW
2,3,2,1,4-6-7-7,0.0038314176245210726,0.9961685823754789,783,
2,3,2,1,4-6-7-8,0.004067107269954245,0.9959328927300457,1967,
2,3,2,1,4-6-7-9,0.0,1.0,1602,DRAW
2,3,2,1,4-6-8-10,0.0,1.0,2736,DRAW
2,3,2,1,4-6-8-8,0.0,1.0,682,DRAW
2,3,2,1,4-6-8-9,0.0,1.0,1523,DRAW
2,3,2,1,4-6-9-10,0.0,1.0,2677,DRAW
2,3,2,1,4-6-9-9,0.0,1.0,590,DRAW
2,3,2,1,4-7-10-10,0.0,1.0,3047,DRAW
2,3,2,1,4-7-7-10,0.0,1.0,1067,DRAW
2,3,2,1,4-7-7-7,0.03007518796992481,0.9699248120300752,133,
2,3,2,1,4-7-7-8,0.0,1.0,732,DRAW
2,3,2,1,4-7-7-9,0.0,1.0,592,DRAW
2,3,2,1,4-7-8-10,0.0,1.0,2649,DRAW
2,3,2,1,4-7-8-8,0.0,1.0,678,DRAW
2,3,2,1,4-7-8-9,0.0,1.0,1573,DRAW
2,3,2,1,4-7-9-10,0.0,1.0,2599,DRAW
2,3,2,1,4-7-9-9,0.0,1.0,538,DRAW
2,3,2,1,4-8-10-10,0.0,1.0,2995,DRAW
2,3,2,1,4-8-8-10,0.0,1.0,975,DRAW
2,3,2,1,4-8-8-8,0.0,1.0,121,DRAW
2,3,2,1,4-8-8-9,0.0,1.0,601,DRAW
2,3,2,1,4-8-9-10,0.0,1.0,2555,DRAW
2,3,2,1,4-8-9-9,0.0,1.0,548,DRAW
2,3,2,1,4-9-10-10,0.0,1.0,3133,DRAW
2,3,2,1,4-9-9-10,0.0,1.0,945,DRAW
2,3,2,1,4-9-9-9,0.0,1.0,84,DRAW
2,3,2,1,5-10-10-10,0.0,1.0,2390,DRAW
2,3,2,1,5-5-10-10,0.0,1.0,1119,DRAW
2,3,2,1,5-5-5-10,0.01079136690647482,0.9892086330935251,139,
2,3,2,1,5-5-5-5,0.6153846153846154,0.38461538461538464,13,
2,3,2,1,5-5-5-6,0.3168644879198861,0.6831355120801138,144,
2,3,2,1,5-5-5-7,0.453448275862069,0.5465517241379311,145,
2,3,2,1,5-5-5-8,0.0769169221944866,0.9230830778055134,103,
2,3,2,1,5-5-5-9,0.3812070236514806,0.6187929763485194,96,
2,3,2,1,5-5-6-10,0.0,1.0,997,DRAW
2,3,2,1,5-5-6-6,0.7234120838054683,0.27658791619453177,296,
2,3,2,1,5-5-6-7,0.0033154504307024526,0.9966845495692975,831,
2,3,2,1,5-5-6-8,0.008354955570497341,0.9916450444295026,730,
2,3,2,1,5-5-6-9,0.005376344086021506,0.9946236559139785,558,
2,3,2,1,5-5-7-10,0.0,1.0,1001,DRAW
2,3,2,1,5-5-7-7,0.29085821211481705,0.709141787885183,293,
2,3,2,1,5-5-7-8,0.0007132667617689016,0.9992867332382311,701,
2,3,2,1,5-5-7-9,0.0,1.0,578,DRAW
2,3,2,1,5-5-8-10,0.0,1.0,946,DRAW
2,3,2,1,5-5-8-8,0.0,1.0,262,DRAW
2,3,2,1,5-5-8-9,0.0,1.0,592,DRAW
2,3,2,1,5-5-9-10,0.0,1.0,983,DRAW
2,3,2,1,5-5-9-9,0.0,1.0,230,DRAW
2,3,2,1,5-6-10-10,0.0,1.0,3129,DRAW
2,3,2,1,5-6-6-10,0.0,1.0,988,DRAW
2,3,2,1,5-6-6-6,0.6946892811798171,0.30531071882018285,161,
2,3,2,1,5-6-6-7,0.10079560151974881,0.8992043984802512,741,
2,3,2,1,5-6-6-8,0.04965603466585572,0.9503439653341442,703,
2,3,2,1,5-6-6-9,0.0,1.0,588,DRAW
2,3,2,1,5-6-7-10,0.0,1.0,2522,DRAW
2,3,2,1,5-6-7-7,0.005063291139240506,0.9949367088607595,790,
2,3,2,1,5-6-7-8,0.0,1.0,1943,DRAW
2,3,2,1,5-6-7-9,0.0,1.0,1550,DRAW
2,3,2,1,5-6-8-10,0.0,1.0,2749,DRAW
2,3,2,1,5-6-8-8,0.0,1.0,680,DRAW
2,3,2,1,5-6-8-9,0.0,1.0,1469,DRAW
2,3,2,1,5-6-9-10,0.0,1.0,2730,DRAW
2,3,2,1,5-6-9-9,0.0,1.0,553,DRAW
2,3,2,1,5-7-10-10,0.0,1.0,3105,DRAW
2,3,2,1,5-7-7-10,0.0,1.0,934,DRAW
2,3,2,1,5-7-7-7,0.0,1.0,122,DRAW
2,3,2,1,5-7-7-8,0.0,1.0,700,DRAW
2,3,2,1,5-7-7-9,0.0,1.0,547,DRAW
2,3,2,1,5-7-8-10,0.0,1.0,2606,DRAW
2,3,2,1,5-7-8-8,0.0,1.0,711,DRAW
2,3,2,1,5-7-8-9,0.0,1.0,1502,DRAW
2,3,2,1,5-7-9-10,0.0,1.0,2650,DRAW
2,3,2,1,5-7-9-9,0.0,1.0,539,DRAW
2,3,2,1,5-8-10-10,0.0,1.0,2976,DRAW
2,3,2,1,5-8-8-10,0.0,1.0,973,DRAW
2,3,2,1,5-8-8-8,0.0,1.0,88,DRAW
2,3,2,1,5-8-8-9,0.0,1.0,576,DRAW
2,3,2,1,5-8-9-10,0.0,1.0,2549,DRAW
2,3,2,1,5-8-9-9,0.0,1.0,548,DRAW
2,3,2,1,5-9-10-10,0.0,1.0,3021,DRAW
2,3,2,1,5-9-9-10,0.0,1.0,928,DRAW
2,3,2,1,5-9-9-9,0.0,1.0,109,DRAW
2,3,2,1,6-10-10-10,0.0,1.0,2431,DRAW
2,3,2,1,6-6-10-10,0.0,1.0,1150,DRAW
2,3,2,1,6-6-6-10,0.0,1.0,165,DRAW
2,3,2,1,6-6-6-6,0.5,0.5,7,
2,3,2,1,6-6-6-7,0.0035211267605633804,0.9964788732394366,142,
2,3,2,1,6-6-6-8,0.0,1.0,112,DRAW
2,3,2,1,6-6-6-9,0.0,1.0,82,DRAW
2,3,2,1,6-6-7-10,0.0,1.0,976,DRAW
2,3,2,1,6-6-7-7,0.0,1.0,313,DRAW
2,3,2,1,6-6-7-8,0.0,1.0,715,DRAW
2,3,2,1,6-6-7-9,0.0,1.0,568,DRAW
2,3,2,1,6-6-8-10,0.0,1.0,1035,DRAW
2,3,2,1,6-6-8-8,0.0,1.0,258,DRAW
2,3,2,1,6-6-8-9,0.0,1.0,600,DRAW
2,3,2,1,6-6-9-10,0.0,1.0,987,DRAW
2,3,2,1,6-6-9-9,0.0,1.0,197,DRAW
2,3,2,1,6-7-10-10,0.0,1.0,3057,DRAW
2,3,2,1,6-7-7-10,0.0,1.0,977,DRAW
2,3,2,1,6-7-7-7,0.0,1.0,127,DRAW
2,3,2,1,6-7-7-8,0.0,1.0,720,DRAW
2,3,2,1,6-7-7-9,0.0,1.0,608,DRAW
2,3,2,1,6-7-8-10,0.0,1.0,2749,DRAW
2,3,2,1,6-7-8-8,0.0,1.0,690,DRAW
2,3,2,1,6-7-8-9,0.0,1.0,1476,DRAW
2,3,2,1,6-7-9-10,0.0,1.0,2650,DRAW
2,3,2,1,6-7-9-9,0.0,1.0,557,DRAW
2,3,2,1,6-8-10-10,0.0,1.0,2981,DRAW
2,3,2,1,6-8-8-10,0.0,1.0,1031,DRAW
2,3,2,1,6-8-8-8,0.0,1.0,115,DRAW
2,3,2,1,6-8-8-9,0.0,1.0,583,DRAW
2,3,2,1,6-8-9-10,0.0,1.0,2568,DRAW
2,3,2,1,6-8-9-9,0.0,1.0,532,DRAW
2,3,2,1,6-9-10-10,0.0,1.0,3056,DRAW
2,3,2,1,6-9-9-10,0.0,1.0,996,DRAW
2,3,2,1,6-9-9-9,0.0,1.0,80,DRAW
2,3,2,1,7-10-10-10,0.0,1.0,2374,DRAW
2,3,2,1,7-7-10-10,0.0,1.0,1110,DRAW
2,3,2,1,7-7-7-10,0.0,1.0,182,DRAW
2,3,2,1,7-7-7-7,0.0,1.0,6,DRAW
2,3,2,1,7-7-7-8,0.0,1.0,110,DRAW
2,3,2,1,7-7-7-9,0.0,1.0,84,DRAW
2,3,2,1,7-7-8-10,0.0,1.0,1004,DRAW
2,3,2,1,7-7-8-8,0.0,1.0,230,DRAW
2,3,2,1,7-7-8-9,0.0,1.0,560,DRAW
2,3,2,1,7-7-9-10,0.0,1.0,1060,DRAW
2,3,2,1,7-7-9-9,0.0,1.0,220,DRAW
2,3,2,1,7-8-10-10,0.0,1.0,3036,DRAW
2,3,2,1,7-8-8-10,0.0,1.0,937,DRAW
2,3,2,1,7-8-8-8,0.0,1.0,99,DRAW
2,3,2,1,7-8-8-9,0.0,1.0,597,DRAW
2,3,2,1,7-8-9-10,0.0,1.0,2574,DRAW
2,3,2,1,7-8-9-9,0.0,1.0,522,DRAW
2,3,2,1,7-9-10-10,0.0,1.0,3081,DRAW
2,3,2,1,7-9-9-10,0.0,1.0,948,DRAW
2,3,2,1,7-9-9-9,0.0,1.0,88,DRAW
2,3,2,1,8-10-10-10,0.0,1.0,2441,DRAW
2,3,2,1,8-8-10-10,0.0,1.0,1146,DRAW
2,3,2,1,8-8-8-10,0.0,1.0,138,DRAW
2,3,2,1,8-8-8-8,0.0,1.0,9,DRAW
2,3,2,1,8-8-8-9,0.0,1.0,107,DRAW
2,3,2,1,8-8-9-10,0.0,1.0,939,DRAW
2,3,2,1,8-8-9-9,0.0,1.0,219,DRAW
2,3,2,1,8-9-10-10,0.0,1.0,2997,DRAW
2,3,2,1,8-9-9-10,0.0,1.0,938,DRAW
2,3,2,1,8-9-9-9,0.0,1.0,103,DRAW
2,3,2,1,9-10-10-10,0.0,1.0,2567,DRAW
2,3,2,1,9-9-10-10,0.0,1.0,1063,DRAW
2,3,2,1,9-9-9-10,0.0,1.0,152,DRAW
2,3,2,1,9-9-9-9,0.0,1.0,6,DRAW
2,5,3,2,1-1-1-1,1.0,0.0,16,STOP
2,5,3,2,1-1-1-10,0.6049382716049383,0.3950617283950617,81,
2,5,3,2,1-1-1-2,1.0,0.0,341,STOP
2,5,3,2,1-1-1-3,1.0,0.0,279,STOP
2,5,3,2,1-1-1-4,0.5,0.5,306,
2,5,3,2,1-1-1-5,0.5852272727272727,0.4147727272727273,264,
2,5,3,2,1-1-1-6,0.5279187817258884,0.4720812182741117,197,
2,5,3,2,1-1-1-7,0.16062176165803108,0.8393782383419689,193,
2,5,3,2,1-1-1-8,0.5563063063063063,0.4436936936936937,148,
2,5,3,2,1-1-1-9,0.011627906976744186,0.9883720930232558,86,
2,5,3,2,1-1-10-10,0.00773430391264786,0.992265696087352,471,
2,5,3,2,1-1-2-10,0.052595293136571894,0.947404706863428,554,
2,5,3,2,1-1-2-2,0.0,1.0,1238,DRAW
2,5,3,2,1-1-2-3,0.9718,0.0282,2500,
2,5,3,2,1-1-2-4,0.38209466694938016,0.6179053330506199,2217,
2,5,3,2,1-1-2-5,0.8255411192771352,0.17445888072286486,1926,
2,5,3,2,1-1-2-6,0.023528157834059083,0.9764718421659409,1514,
2,5,3,2,1-1-2-7,0.24907884161239408,0.750921158387606,1205,
2,5,3,2,1-1-2-8,0.003264417845484222,0.9967355821545157,919,
2,5,3,2,1-1-2-9,0.004409171075837742,0.9955908289241623,567,
2,5,3,2,1-1-3-10,0.1525129204376513,0.8474870795623488,524,
2,5,3,2,1-1-3-3,0.8710826452698088,0.12891735473019114,821,
2,5,3,2,1-1-3-4,0.971986644822706,0.02801335517729408,1834,
2,5,3,2,1-1-3-5,0.9808223616374367,0.01917763836256322,1755,
2,5,3,2,1-1-3-6,0.3808895583589436,0.6191104416410563,1251,
2,5,3,2,1-1-3-7,0.0068548387096774195,0.9931451612903226,1240,
2,5,3,2,1-1-3-8,0.009254591683156434,0.9907454083168435,853,
2,5,3,2,1-1-3-9,0.01706644117143299,0.9829335588285669,550,
2,5,3,2,1-1-4-10,0.032688830157184635,0.9673111698428154,553,
2,5,3,2,1-1-4-4,0.04947827480880323,0.9505217251911967,703,
2,5,3,2,1-1-4-5,0.829763516598954,0.17023648340104602,1607,
2,5,3,2,1-1-4-6,0.16068927067231376,0.8393107293276862,1319,
2,5,3,2,1-1-4-7,0.001694915254237288,0.9983050847457627,1180,
2,5,3,2,1-1-4-8,0.0011627906976744186,0.9988372093023256,860,
2,5,3,2,1-1-4-9,0.01076158940397351,0.9892384105960265,604,
2,5,3,2,1-1-5-10,0.003629764065335753,0.9963702359346642,551,
2,5,3,2,1-1-5-5,0.9982817869415808,0.001718213058419244,582,
2,5,3,2,1-1-5-6,0.31135022092014797,0.688649779079852,1347,
2,5,3,2,1-1-5-7,0.0077825493395721765,0.9922174506604279,1163,
2,5,3,2,1-1-5-8,0.02601380774531469,0.9739861922546853,812,
2,5,3,2,1-1-5-9,0.058294322331151456,0.9417056776688486,587,
2,5,3,2,1-1-6-10,0.000931098696461825,0.9990689013035382,537,
2,5,3,2,1-1-6-6,0.08790692139325945,0.9120930786067405,472,
2,5,3,2,1-1-6-7,0.0007886435331230284,0.999211356466877,1268,
2,5,3,2,1-1-6-8,0.004395604395604396,0.9956043956043956,910,
2,5,3,2,1-1-6-9,0.070879453190879,0.929120546809121,574,
2,5,3,2,1-1-7-10,0.007079646017699115,0.9929203539823008,565,
2,5,3,2,1-1-7-7,0.0012165450121654502,0.9987834549878345,411,
2,5,3,2,1-1-7-8,0.0005733944954128441,0.9994266055045872,872,
2,5,3,2,1-1-7-9,0.0034071550255536627,0.9965928449744463,587,
2,5,3,2,1-1-8-10,0.006578947368421051,0.993421052631579,570,
2,5,3,2,1-1-8-8,0.006153846153846154,0.9938461538461538,325,
2,5,3,2,1-1-8-9,0.013786764705882353,0.9862132352941176,544,
2,5,3,2,1-1-9-10,0.0009689922480620155,0.999031007751938,516,
2,5,3,2,1-1-9-9,0.005681818181818182,0.9943181818181818,176,
2,5,3,2,1-10-10-10,0.0,1.0,693,DRAW
2,5,3,2,1-2-10-10,0.0050704922087558765,0.9949295077912441,1244,
2,5,3,2,1-2-2-10,0.006386861313868613,0.9936131386861314,548,
2,5,3,2,1-2-2-2,0.9863636363636363,0.013636363636363636,440,
2,5,3,2,1-2-2-3,0.7946708773454236,0.20532912265457634,2303,
2,5,3,2,1-2-2-4,0.5145098084379967,0.48549019156200346,1751,
2,5,3,2,1-2-2-5,0.8803671217431481,0.11963287825685186,1538,
2,5,3,2,1-2-2-6,0.03993069033268808,0.960069309667312,1302,
2,5,3,2,1-2-2-7,0.025960125294285888,0.9740398747057141,1247,
2,5,3,2,1-2-2-8,0.003409090909090909,0.9965909090909091,880,
2,5,3,2,1-2-2-9,0.02732183668265383,0.9726781633173462,572,
2,5,3,2,1-2-3-10,0.0006422607578676942,0.9993577392421323,1557,
2,5,3,2,1-2-3-3,0.8167886357142422,0.18321136428575774,2155,
2,5,3,2,1-2-3-4,0.9992027107833367,0.0007972892166633447,5017,
2,5,3,2,1-2-3-5,0.850439352035263,0.14956064796473711,4232,
2,5,3,2,1-2-3-6,0.7043678372833773,0.29563216271662285,4298,
2,5,3,2,1-2-3-7,0.004524180967238689,0.9954758190327613,3205,
2,5,3,2,1-2-3-8,0.0006345177664974619,0.9993654822335025,2364,
2,5,3,2,1-2-3-9,0.0028625954198473282,0.9971374045801527,1572,
2,5,3,2,1-2-4-10,0.00034722222222222224,0.9996527777777777,1440,
2,5,3,2,1-2-4-4,0.9868004223864836,0.013199577613516367,1894,
2,5,3,2,1-2-4-5,0.9207769809701738,0.07922301902982622,4126,
2,5,3,2,1-2-4-6,0.9860481286079567,0.013951871392043314,3789,
2,5,3,2,1-2-4-7,0.03358506825152241,0.9664149317484776,3351,
2,5,3,2,1-2-4-8,0.0022661722290894105,0.9977338277709106,2427,
2,5,3,2,1-2-4-9,0.0113971150104745,0.9886028849895255,1578,
2,5,3,2,1-2-5-10,0.001273074474856779,0.9987269255251432,1571,
2,5,3,2,1-2-5-5,0.946425021065096,0.05357497893490403,1585,
2,5,3,2,1-2-5-6,0.6679367028166949,0.332063297183305,3769,
2,5,3,2,1-2-5-7,0.001163151364764268,0.9988368486352357,3224,
2,5,3,2,1-2-5-8,0.004130524576621231,0.9958694754233788,2421,
2,5,3,2,1-2-5-9,0.0021820448877805485,0.9978179551122195,1604,
2,5,3,2,1-2-6-10,0.0006402048655569782,0.9993597951344431,1562,
2,5,3,2,1-2-6-6,0.0006565988181221273,0.9993434011818779,1523,
2,5,3,2,1-2-6-7,0.002044753086419753,0.9979552469135803,3240,
2,5,3,2,1-2-6-8,0.00042301184433164127,0.9995769881556683,2364,
2,5,3,2,1-2-6-9,0.0006414368184733803,0.9993585631815266,1559,
2,5,3,2,1-2-7-10,0.007796610169491526,0.9922033898305085,1475,
2,5,3,2,1-2-7-7,0.009832635983263598,0.9901673640167364,1195,
2,5,3,2,1-2-7-8,0.005049209573146183,0.9949507904268537,2290,
2,5,3,2,1-2-7-9,0.0028072364316905803,0.9971927635683094,1603,
2,5,3,2,1-2-8-10,0.00427143778207608,0.9957285622179239,1551,
2,5,3,2,1-2-8-8,0.0006265664160401002,0.9993734335839599,798,
2,5,3,2,1-2-8-9,0.0003255208333333333,0.9996744791666666,1536,
2,5,3,2,1-2-9-10,0.0017409470752089136,0.9982590529247911,1436,
2,5,3,2,1-2-9-9,0.009807126511932005,0.990192873488068,532,
2,5,3,2,1-3-10-10,0.00041597337770382697,0.9995840266222962,1202,
2,5,3,2,1-3-3-10,0.022915904331833537,0.9770840956681665,567,
2,5,3,2,1-3-3-3,0.997624703087886,0.0023752969121140144,421,
2,5,3,2,1-3-3-4,0.9296756783663304,0.07032432163366964,1861,
2,5,3,2,1-3-3-5,0.998395378690629,0.0016046213093709885,1558,
2,5,3,2,1-3-3-6,0.004662004662004662,0.9953379953379954,1287,
2,5,3,2,1-3-3-7,0.09368900512303216,0.9063109948769678,1180,
2,5,3,2,1-3-3-8,0.025938189845474614,0.9740618101545254,906,
2,5,3,2,1-3-3-9,0.01833333333333334,0.9816666666666667,600,
2,5,3,2,1-3-4-10,0.0037420382165605096,0.9962579617834395,1570,
2,5,3,2,1-3-4-4,0.9389292677733193,0.06107073222668065,1689,
2,5,3,2,1-3-4-5,0.7113441992603847,0.2886558007396154,4221,
2,5,3,2,1-3-4-6,0.7328193260107453,0.2671806739892547,3475,
2,5,3,2,1-3-4-7,0.000611807892321811,0.9993881921076782,3269,
2,5,3,2,1-3-4-8,0.0011215791834903544,0.9988784208165097,2229,
2,5,3,2,1-3-4-9,0.004693366708385482,0.9953066332916145,1598,
2,5,3,2,1-3-5-10,0.0009727626459143969,0.9990272373540856,1542,
2,5,3,2,1-3-5-5,0.9515060007410092,0.04849399925899067,1483,
2,5,3,2,1-3-5-6,0.5202015814443809,0.4797984185556191,3609,
2,5,3,2,1-3-5-7,0.0010479041916167664,0.9989520958083832,3340,
2,5,3,2,1-3-5-8,0.011459577996878098,0.9885404220031219,2324,
2,5,3,2,1-3-5-9,0.007725825372884194,0.9922741746271159,1530,
2,5,3,2,1-3-6-10,0.0013324450366422385,0.9986675549633578,1501,
2,5,3,2,1-3-6-6,0.018899672437473602,0.9811003275625264,1380,
2,5,3,2,1-3-6-7,0.0009416195856873823,0.9990583804143126,3186,
2,5,3,2,1-3-6-8,0.00020938023450586265,0.9997906197654941,2388,
2,5,3,2,1-3-6-9,0.003573749187784275,0.9964262508122157,1539,
2,5,3,2,1-3-7-10,0.0009966777408637873,0.9990033222591362,1505,
2,5,3,2,1-3-7-7,0.003842869342442357,0.9961571306575576,1171,
2,5,3,2,1-3-7-8,0.0019230769230769232,0.9980769230769231,2340,
2,5,3,2,1-3-7-9,0.00507409793814433,0.9949259020618557,1552,
2,5,3,2,1-3-8-10,0.003576072821846554,0.9964239271781534,1538,
2,5,3,2,1-3-8-8,0.021089223638470454,0.9789107763615295,863,
2,5,3,2,1-3-8-9,0.00032216494845360824,0.9996778350515464,1552,
2,5,3,2,1-3-9-10,0.0006863417982155113,0.9993136582017845,1457,
2,5,3,2,1-3-9-9,0.0009140767824497258,0.9990859232175503,547,
2,5,3,2,1-4-10-10,0.0004149377593360996,0.9995850622406639,1205,
2,5,3,2,1-4-4-10,0.0017391304347826088,0.9982608695652174,575,
2,5,3,2,1-4-4-4,0.6564769727004682,0.34352302729953177,247,
2,5,3,2,1-4-4-5,0.9937949052906597,0.0062050947093403004,1531,
2,5,3,2,1-4-4-6,0.5849210140268943,0.41507898597310566,1223,
2,5,3,2,1-4-4-7,0.0724954653872766,0.9275045346127234,1195,
2,5,3,2,1-4-4-8,0.013546913080599281,0.9864530869194008,905,
2,5,3,2,1-4-4-9,0.0017035775127768314,0.9982964224872232,587,
2,5,3,2,1-4-5-10,0.005644090305444887,0.9943559096945551,1506,
2,5,3,2,1-4-5-5,0.9966755319148937,0.003324468085106383,1504,
2,5,3,2,1-4-5-6,0.00027831895352073476,0.9997216810464793,3593,
2,5,3,2,1-4-5-7,0.0003270111183780249,0.9996729888816219,3058,
2,5,3,2,1-4-5-8,0.0004180602006688963,0.9995819397993311,2392,
2,5,3,2,1-4-5-9,0.0025380710659898475,0.9974619289340102,1576,
2,5,3,2,1-4-6-10,0.0017349063150589867,0.998265093684941,1441,
2,5,3,2,1-4-6-6,0.31814534555516194,0.6818546544448382,1257,
2,5,3,2,1-4-6-7,0.00045180722891566266,0.9995481927710843,3320,
2,5,3,2,1-4-6-8,0.003386960203217612,0.9966130397967824,2362,
2,5,3,2,1-4-6-9,0.0018999366687777073,0.9981000633312223,1579,
2,5,3,2,1-4-7-10,0.0016265452179570592,0.998373454782043,1537,
2,5,3,2,1-4-7-7,0.05362421924941589,0.9463757807505842,1159,
2,5,3,2,1-4-7-8,0.001637331150225133,0.9983626688497749,2443,
2,5,3,2,1-4-7-9,0.0010073875083948958,0.9989926124916051,1489,
2,5,3,2,1-4-8-10,0.002952755905511811,0.9970472440944882,1524,
2,5,3,2,1-4-8-8,0.02853846332626199,0.971461536673738,782,
2,5,3,2,1-4-8-9,0.002609262883235486,0.9973907371167645,1533,
2,5,3,2,1-4-9-10,0.0013157894736842105,0.9986842105263158,1520,
2,5,3,2,1-4-9-9,0.002717391304347826,0.9972826086956522,552,
2,5,3,2,1-5-10-10,0.0,1.0,1201,DRAW
2,5,3,2,1-5-5-10,0.03199644266434594,0.968003557335654,596,
2,5,3,2,1-5-5-5,0.9895397489539749,0.010460251046025104,239,
2,5,3,2,1-5-5-6,0.5943524255705408,0.4056475744294592,1281,
2,5,3,2,1-5-5-7,0.02873135756677645,0.9712686424332235,1008,
2,5,3,2,1-5-5-8,0.0017045454545454545,0.9982954545454545,880,
2,5,3,2,1-5-5-9,0.0015698587127158557,0.9984301412872841,637,
2,5,3,2,1-5-6-10,0.008060414682005019,0.991939585317995,1384,
2,5,3,2,1-5-6-6,0.002762907078399644,0.9972370929216003,1413,
2,5,3,2,1-5-6-7,0.019003056056126694,0.9809969439438733,3408,
2,5,3,2,1-5-6-8,0.0010984182776801407,0.9989015817223199,2276,
2,5,3,2,1-5-6-9,0.00032981530343007914,0.9996701846965699,1516,
2,5,3,2,1-5-7-10,0.0016108247422680412,0.998389175257732,1552,
2,5,3,2,1-5-7-7,0.042370373709295174,0.9576296262907049,1110,
2,5,3,2,1-5-7-8,0.00041736227045075126,0.9995826377295493,2396,
2,5,3,2,1-5-7-9,0.004279131007241606,0.9957208689927584,1519,
2,5,3,2,1-5-8-10,0.003793103448275862,0.9962068965517241,1450,
2,5,3,2,1-5-8-8,0.0044585987261146496,0.9955414012738854,785,
2,5,3,2,1-5-8-9,0.00099601593625498,0.999003984063745,1506,
2,5,3,2,1-5-9-10,0.0020604395604395605,0.9979395604395604,1456,
2,5,3,2,1-5-9-9,0.006111623616236162,0.9938883763837638,542,
2,5,3,2,1-6-10-10,0.0,1.0,1187,DRAW
2,5,3,2,1-6-6-10,0.008272058823529412,0.9917279411764706,544,
2,5,3,2,1-6-6-6,0.34844136862770553,0.6515586313722944,257,
2,5,3,2,1-6-6-7,0.004633204633204633,0.9953667953667954,1295,
2,5,3,2,1-6-6-8,0.01186308899030339,0.9881369110096966,884,
2,5,3,2,1-6-6-9,0.03781123306994939,0.9621887669300506,592,
2,5,3,2,1-6-7-10,0.001026694045174538,0.9989733059548255,1461,
2,5,3,2,1-6-7-7,0.0008278145695364238,0.9991721854304636,1208,
2,5,3,2,1-6-7-8,0.000628140703517588,0.9993718592964824,2388,
2,5,3,2,1-6-7-9,0.0006765899864682003,0.9993234100135318,1478,
2,5,3,2,1-6-8-10,0.0026560424966799467,0.99734395750332,1506,
2,5,3,2,1-6-8-8,0.0006031363088057901,0.9993968636911942,829,
2,5,3,2,1-6-8-9,0.0009953550099535502,0.9990046449900465,1507,
2,5,3,2,1-6-9-10,0.0,1.0,1421,DRAW
2,5,3,2,1-6-9-9,0.0009823182711198428,0.9990176817288802,509,
2,5,3,2,1-7-10-10,0.0,1.0,1182,DRAW
2,5,3,2,1-7-7-10,0.000925925925925926,0.9990740740740741,540,
2,5,3,2,1-7-7-7,0.0029069767441860465,0.997093023255814,172,
2,5,3,2,1-7-7-8,0.005518763796909493,0.9944812362030905,906,
2,5,3,2,1-7-7-9,0.0032520325203252032,0.9967479674796748,615,
2,5,3,2,1-7-8-10,0.0,1.0,1409,DRAW
2,5,3,2,1-7-8-8,0.006016847172081829,0.9939831528279182,831,
2,5,3,2,1-7-8-9,0.00899400399733511,0.9910059960026649,1501,
2,5,3,2,1-7-9-10,0.0,1.0,1482,DRAW
2,5,3,2,1-7-9-9,0.0,1.0,515,DRAW
2,5,3,2,1-8-10-10,0.0,1.0,1223,DRAW
2,5,3,2,1-8-8-10,0.0,1.0,567,DRAW
2,5,3,2,1-8-8-8,0.004464285714285714,0.9955357142857143,112,
2,5,3,2,1-8-8-9,0.0,1.0,596,DRAW
2,5,3,2,1-8-9-10,0.0,1.0,1462,DRAW
2,5,3,2,1-8-9-9,0.0,1.0,514,DRAW
2,5,3,2,1-9-10-10,0.0,1.0,1214,DRAW
2,5,3,2,1-9-9-10,0.0,1.0,520,DRAW
2,5,3,2,1-9-9-9,0.0,1.0,79,DRAW
2,5,3,2,10-10-10-10,0.0,1.0,335,DRAW
2,5,3,2,2-10-10-10,0.0,1.0,664,DRAW
2,5,3,2,2-2-10-10,0.00909090909090909,0.990909090909091,440,
2,5,3,2,2-2-2-10,0.010309278350515464,0.9896907216494846,97,
2,5,3,2,2-2-2-2,0.5,0.5,35,
2,5,3,2,2-2-2-3,0.9975669099756691,0.0024330900243309003,411,
2,5,3,2,2-2-2-4,0.3404846910935286,0.6595153089064714,282,
2,5,3,2,2-2-2-5,0.38123590263656665,0.6187640973634333,281,
2,5,3,2,2-2-2-6,0.4383205847701365,0.5616794152298635,233,
2,5,3,2,2-2-2-7,0.19904513111987185,0.8009548688801281,200,
2,5,3,2,2-2-2-8,0.003937007874015748,0.9960629921259843,127,
2,5,3,2,2-2-2-9,0.03,0.97,100,
2,5,3,2,2-2-3-10,0.0018148820326678765,0.9981851179673321,551,
2,5,3,2,2-2-3-3,0.31709169616675154,0.6829083038332484,896,
2,5,3,2,2-2-3-4,0.9596476239629277,0.040352376037072216,1896,
2,5,3,2,2-2-3-5,0.9640989872727441,0.03590101272725582,1679,
2,5,3,2,2-2-3-6,0.970094900337159,0.029905099662841043,1582,
2,5,3,2,2-2-3-7,0.002471169686985173,0.9975288303130149,1214,
2,5,3,2,2-2-3-8,0.022578799844031678,0.9774212001559682,897,
2,5,3,2,2-2-3-9,0.01965676564580183,0.9803432343541981,565,
2,5,3,2,2-2-4-10,0.00565156810139562,0.9943484318986043,533,
2,5,3,2,2-2-4-4,0.9726666666666667,0.027333333333333334,750,
2,5,3,2,2-2-4-5,0.9784732750734628,0.021526724926537198,1584,
2,5,3,2,2-2-4-6,0.718082516474482,0.281917483525518,1252,
2,5,3,2,2-2-4-7,0.0012427506213753107,0.9987572493786246,1207,
2,5,3,2,2-2-4-8,0.02136554481270446,0.9786344551872955,829,
2,5,3,2,2-2-4-9,0.003590664272890485,0.9964093357271095,557,
2,5,3,2,2-2-5-10,0.09311789195287944,0.9068821080471205,558,
2,5,3,2,2-2-5-5,0.9005019890350701,0.09949801096492981,579,
2,5,3,2,2-2-5-6,0.6540243889617448,0.3459756110382552,1396,
2,5,3,2,2-2-5-7,0.01697183407628959,0.9830281659237105,1190,
2,5,3,2,2-2-5-8,0.035213136794151695,0.9647868632058483,865,
2,5,3,2,2-2-5-9,0.0037105751391465678,0.9962894248608535,539,
2,5,3,2,2-2-6-10,0.05894391059953914,0.9410560894004609,543,
2,5,3,2,2-2-6-6,0.024355808561540085,0.9756441914384599,449,
2,5,3,2,2-2-6-7,0.0023847376788553257,0.9976152623211447,1258,
2,5,3,2,2-2-6-8,0.0011111111111111111,0.9988888888888889,900,
2,5,3,2,2-2-6-9,0.06046225255203987,0.9395377474479601,573,
2,5,3,2,2-2-7-10,0.001893939393939394,0.9981060606060606,528,
2,5,3,2,2-2-7-7,0.03647069357467878,0.9635293064253212,424,
2,5,3,2,2-2-7-8,0.0022123893805309734,0.9977876106194691,904,
2,5,3,2,2-2-7-9,0.0017064846416382253,0.9982935153583617,586,
2,5,3,2,2-2-8-10,0.014514896867838044,0.985485103132162,561,
2,5,3,2,2-2-8-8,0.0033222591362126247,0.9966777408637874,301,
2,5,3,2,2-2-8-9,0.0009009009009009009,0.9990990990990991,555,
2,5,3,2,2-2-9-10,0.013664283027969718,0.9863357169720304,547,
2,5,3,2,2-2-9-9,0.042986425945181296,0.9570135740548187,209,
2,5,3,2,2-3-10-10,0.0008756567425569177,0.999124343257443,1142,
2,5,3,2,2-3-3-10,0.002125075895567699,0.9978749241044323,549,
2,5,3,2,2-3-3-3,0.9578959820468325,0.04210401795316759,395,
2,5,3,2,2-3-3-4,0.9989077007099946,0.0010922992900054614,1831,
2,5,3,2,2-3-3-5,0.9950667440510738,0.004933255948926291,1723,
2,5,3,2,2-3-3-6,0.9168873870242795,0.08311261297572049,1426,
2,5,3,2,2-3-3-7,0.27952252902619734,0.7204774709738027,1008,
2,5,3,2,2-3-3-8,0.011417093623274548,0.9885829063767254,871,
2,5,3,2,2-3-3-9,0.012842465753424657,0.9871575342465754,584,
2,5,3,2,2-3-4-10,0.0003355704697986577,0.9996644295302013,1490,
2,5,3,2,2-3-4-4,0.9783854382426308,0.021614561757369127,1829,
2,5,3,2,2-3-4-5,0.9480662212568576,0.05193377874314249,4163,
2,5,3,2,2-3-4-6,0.779323913035604,0.22067608696439597,3479,
2,5,3,2,2-3-4-7,0.03411391882293165,0.9658860811770683,2868,
2,5,3,2,2-3-4-8,0.0014824227022448115,0.9985175772977551,2361,
2,5,3,2,2-3-4-9,0.0015842839036755386,0.9984157160963245,1578,
2,5,3,2,2-3-5-10,0.0006325110689437065,0.9993674889310563,1581,
2,5,3,2,2-3-5-5,0.936027121631272,0.06397287836872795,1544,
2,5,3,2,2-3-5-6,0.5512859349030573,0.4487140650969426,3495,
2,5,3,2,2-3-5-7,0.00045634317006388805,0.9995436568299361,3287,
2,5,3,2,2-3-5-8,0.004047322540473225,0.9959526774595268,2409,
2,5,3,2,2-3-5-9,0.00030998140111593303,0.9996900185988841,1613,
2,5,3,2,2-3-6-10,0.009290721912762631,0.9907092780872373,1545,
2,5,3,2,2-3-6-6,0.022707371749739292,0.9772926282502608,1265,
2,5,3,2,2-3-6-7,0.008545647558386412,0.9914543524416135,3140,
2,5,3,2,2-3-6-8,0.0006268282490597576,0.9993731717509402,2393,
2,5,3,2,2-3-6-9,0.0017064846416382253,0.9982935153583617,1465,
2,5,3,2,2-3-7-10,0.003129172229639519,0.9968708277703605,1498,
2,5,3,2,2-3-7-7,0.009978832976228518,0.9900211670237715,1158,
2,5,3,2,2-3-7-8,0.0016645859342488557,0.9983354140657511,2403,
2,5,3,2,2-3-7-9,0.0016600265604249668,0.998339973439575,1506,
2,5,3,2,2-3-8-10,0.0017985611510791368,0.9982014388489209,1390,
2,5,3,2,2-3-8-8,0.01809621975468398,0.981903780245316,793,
2,5,3,2,2-3-8-9,0.0013131976362442547,0.9986868023637557,1523,
2,5,3,2,2-3-9-10,0.002102312543798178,0.9978976874562018,1427,
2,5,3,2,2-3-9-9,0.0010706638115631692,0.9989293361884368,467,
2,5,3,2,2-4-10-10,0.0,1.0,1215,DRAW
2,5,3,2,2-4-4-10,0.001445086705202312,0.9985549132947977,519,
2,5,3,2,2-4-4-4,0.9712796808988046,0.02872031910119542,272,
2,5,3,2,2-4-4-5,0.9980582524271845,0.001941747572815534,1545,
2,5,3,2,2-4-4-6,0.9649641973691296,0.03503580263087029,1452,
2,5,3,2,2-4-4-7,0.06456972383395397,0.9354302761660461,1235,
2,5,3,2,2-4-4-8,0.0010718113612004287,0.9989281886387996,933,
2,5,3,2,2-4-4-9,0.0009009009009009009,0.9990990990990991,555,
2,5,3,2,2-4-5-10,0.0003465003465003465,0.9996534996534997,1443,
2,5,3,2,2-4-5-5,0.9508167329489913,0.04918326705100875,1515,
2,5,3,2,2-4-5-6,0.3802606544102403,0.6197393455897597,3581,
2,5,3,2,2-4-5-7,0.0014558395341313492,0.9985441604658687,3091,
2,5,3,2,2-4-5-8,0.002514668901927913,0.9974853310980721,2386,
2,5,3,2,2-4-5-9,0.00031969309462915604,0.9996803069053708,1564,
2,5,3,2,2-4-6-10,0.008485451104826743,0.9915145488951732,1499,
2,5,3,2,2-4-6-6,0.010060869909257305,0.9899391300907427,1458,
2,5,3,2,2-4-6-7,0.0001585288522511097,0.9998414711477489,3154,
2,5,3,2,2-4-6-8,0.00042354934349851756,0.9995764506565015,2361,
2,5,3,2,2-4-6-9,0.0016350555918901242,0.9983649444081099,1529,
2,5,3,2,2-4-7-10,0.0006693440428380187,0.999330655957162,1494,
2,5,3,2,2-4-7-7,0.0008032128514056225,0.9991967871485944,1245,
2,5,3,2,2-4-7-8,0.014633459969044608,0.9853665400309555,2369,
2,5,3,2,2-4-7-9,0.0019828155981493722,0.9980171844018506,1513,
2,5,3,2,2-4-8-10,0.015255905511811024,0.984744094488189,1524,
2,5,3,2,2-4-8-8,0.014725568942436412,0.9852744310575636,747,
2,5,3,2,2-4-8-9,0.000687757909215956,0.9993122420907841,1454,
2,5,3,2,2-4-9-10,0.0009966777408637873,0.9990033222591362,1505,
2,5,3,2,2-4-9-9,0.007172131147540984,0.992827868852459,488,
2,5,3,2,2-5-10-10,0.0,1.0,1184,DRAW
2,5,3,2,2-5-5-10,0.005494505494505495,0.9945054945054945,546,
2,5,3,2,2-5-5-5,0.9753224125705928,0.024677587429407198,224,
2,5,3,2,2-5-5-6,0.8976779163554819,0.10232208364451818,1389,
2,5,3,2,2-5-5-7,0.001702127659574468,0.9982978723404256,1175,
2,5,3,2,2-5-5-8,0.08999220024483037,0.9100077997551695,897,
2,5,3,2,2-5-5-9,0.0008928571428571428,0.9991071428571429,560,
2,5,3,2,2-5-6-10,0.00508130081300813,0.9949186991869918,1476,
2,5,3,2,2-5-6-6,0.08069377413148954,0.9193062258685105,1236,
2,5,3,2,2-5-6-7,0.0015683814303638645,0.9984316185696361,3188,
2,5,3,2,2-5-6-8,0.0002127659574468085,0.9997872340425532,2350,
2,5,3,2,2-5-6-9,0.0009966777408637873,0.9990033222591362,1505,
2,5,3,2,2-5-7-10,0.0023521505376344087,0.9976478494623656,1488,
2,5,3,2,2-5-7-7,0.0017699115044247787,0.9982300884955753,1130,
2,5,3,2,2-5-7-8,0.0021918935034283796,0.9978081064965716,2447,
2,5,3,2,2-5-7-9,0.000982961992136304,0.9990170380078637,1526,
2,5,3,2,2-5-8-10,0.0017301038062283738,0.9982698961937716,1445,
2,5,3,2,2-5-8-8,0.013496932515337423,0.9865030674846625,815,
2,5,3,2,2-5-8-9,0.0003184713375796178,0.9996815286624203,1570,
2,5,3,2,2-5-9-10,0.0,1.0,1412,DRAW
2,5,3,2,2-5-9-9,0.007936507936507936,0.9920634920634921,504,
2,5,3,2,2-6-10-10,0.0,1.0,1140,DRAW
2,5,3,2,2-6-6-10,0.0018214936247723133,0.9981785063752276,549,
2,5,3,2,2-6-6-6,0.049182168439559214,0.9508178315604408,222,
2,5,3,2,2-6-6-7,0.003316749585406302,0.9966832504145937,1206,
2,5,3,2,2-6-6-8,0.013038548752834467,0.9869614512471655,882,
2,5,3,2,2-6-6-9,0.0019120458891013384,0.9980879541108987,523,
2,5,3,2,2-6-7-10,0.003457814661134163,0.9965421853388658,1446,
2,5,3,2,2-6-7-7,0.0008169934640522876,0.9991830065359477,1224,
2,5,3,2,2-6-7-8,0.01046343604024965,0.9895365639597503,2331,
2,5,3,2,2-6-7-9,0.01919070512820513,0.9808092948717949,1560,
2,5,3,2,2-6-8-10,0.0,1.0,1503,DRAW
2,5,3,2,2-6-8-8,0.0024096385542168677,0.9975903614457832,830,
2,5,3,2,2-6-8-9,0.005483870967741935,0.9945161290322581,1550,
2,5,3,2,2-6-9-10,0.0,1.0,1498,DRAW
2,5,3,2,2-6-9-9,0.0,1.0,476,DRAW
2,5,3,2,2-7-10-10,0.0,1.0,1224,DRAW
2,5,3,2,2-7-7-10,0.0,1.0,537,DRAW
2,5,3,2,2-7-7-7,0.009202453987730062,0.99079754601227,163,
2,5,3,2,2-7-7-8,0.009883720930232558,0.9901162790697674,860,
2,5,3,2,2-7-7-9,0.00686106346483705,0.9931389365351629,583,
2,5,3,2,2-7-8-10,0.0,1.0,1382,DRAW
2,5,3,2,2-7-8-8,0.004478654749860506,0.9955213452501396,799,
2,5,3,2,2-7-8-9,0.0,1.0,1521,DRAW
2,5,3,2,2-7-9-10,0.0,1.0,1381,DRAW
2,5,3,2,2-7-9-9,0.0,1.0,471,DRAW
2,5,3,2,2-8-10-10,0.0,1.0,1134,DRAW
2,5,3,2,2-8-8-10,0.0,1.0,594,DRAW
2,5,3,2,2-8-8-8,0.0,1.0,135,DRAW
2,5,3,2,2-8-8-9,0.0,1.0,599,DRAW
2,5,3,2,2-8-9-10,0.0,1.0,1431,DRAW
2,5,3,2,2-8-9-9,0.0,1.0,516,DRAW
2,5,3,2,2-9-10-10,0.0,1.0,1157,DRAW
2,5,3,2,2-9-9-10,0.0,1.0,539,DRAW
2,5,3,2,2-9-9-9,0.0,1.0,75,DRAW
2,5,3,2,3-10-10-10,0.0,1.0,658,DRAW
2,5,3,2,3-3-10-10,0.0,1.0,465,DRAW
2,5,3,2,3-3-3-10,0.010638297872340425,0.9893617021276596,94,
2,5,3,2,3-3-3-3,0.13043478260869565,0.8695652173913043,23,
2,5,3,2,3-3-3-4,0.5593787806039732,0.44062121939602666,278,
2,5,3,2,3-3-3-5,0.998046875,0.001953125,256,
2,5,3,2,3-3-3-6,0.7509001347569851,0.24909986524301486,219,
2,5,3,2,3-3-3-7,0.10537918871252201,0.8946208112874781,189,
2,5,3,2,3-3-3-8,0.19853425559947296,0.801465744400527,138,
2,5,3,2,3-3-3-9,0.17202680435171694,0.8279731956482831,94,
2,5,3,2,3-3-4-10,0.028734347048300538,0.9712656529516994,559,
2,5,3,2,3-3-4-4,0.9504369326083268,0.04956306739167319,638,
2,5,3,2,3-3-4-5,0.834603533902567,0.165396466097433,1530,
2,5,3,2,3-3-4-6,0.8705967507890059,0.1294032492109941,1391,
2,5,3,2,3-3-4-7,0.14481057374824344,0.8551894262517566,1116,
2,5,3,2,3-3-4-8,0.004004576659038902,0.9959954233409611,874,
2,5,3,2,3-3-4-9,0.12525225538650117,0.8747477446134988,561,
2,5,3,2,3-3-5-10,0.0009057971014492754,0.9990942028985508,552,
2,5,3,2,3-3-5-5,0.8358142426333277,0.16418575736667224,552,
2,5,3,2,3-3-5-6,0.9906884891988968,0.009311510801103122,1384,
2,5,3,2,3-3-5-7,0.050479642577622975,0.9495203574223771,1146,
2,5,3,2,3-3-5-8,0.0005747126436781609,0.9994252873563219,870,
2,5,3,2,3-3-5-9,0.007933658686735926,0.992066341313264,558,
2,5,3,2,3-3-6-10,0.0033613445378151263,0.9966386554621849,595,
2,5,3,2,3-3-6-6,0.24682932901799257,0.7531706709820074,429,
2,5,3,2,3-3-6-7,0.03682966706876611,0.963170332931234,1146,
2,5,3,2,3-3-6-8,0.007233796296296296,0.9927662037037037,864,
2,5,3,2,3-3-6-9,0.0009380863039399625,0.99906191369606,533,
2,5,3,2,3-3-7-10,0.0028846153846153848,0.9971153846153846,520,
2,5,3,2,3-3-7-7,0.002386634844868735,0.9976133651551312,419,
2,5,3,2,3-3-7-8,0.02513553476030267,0.9748644652396974,774,
2,5,3,2,3-3-7-9,0.0007911392405063291,0.9992088607594937,632,
2,5,3,2,3-3-8-10,0.010299503187618481,0.9897004968123816,564,
2,5,3,2,3-3-8-8,0.009505703422053232,0.9904942965779467,263,
2,5,3,2,3-3-8-9,0.002640845070422535,0.9973591549295775,568,
2,5,3,2,3-3-9-10,0.0008605851979345956,0.9991394148020654,581,
2,5,3,2,3-3-9-9,0.024271844660194174,0.9757281553398058,206,
2,5,3,2,3-4-10-10,0.0,1.0,1209,DRAW
2,5,3,2,3-4-4-10,0.002707581227436823,0.9972924187725631,554,
2,5,3,2,3-4-4-4,0.9015803242308356,0.09841967576916437,297,
2,5,3,2,3-4-4-5,0.952335930194289,0.047664069805711105,1565,
2,5,3,2,3-4-4-6,0.8963968947082122,0.10360310529178776,1279,
2,5,3,2,3-4-4-7,0.16343669475978734,0.8365633052402127,1092,
2,5,3,2,3-4-4-8,0.0030450669914738123,0.9969549330085262,821,
2,5,3,2,3-4-4-9,0.0017064846416382253,0.9982935153583617,586,
2,5,3,2,3-4-5-10,0.0003403675970047651,0.9996596324029953,1469,
2,5,3,2,3-4-5-5,0.98913395093273,0.01086604906726998,1457,
2,5,3,2,3-4-5-6,0.03861763665830392,0.961382363341696,3650,
2,5,3,2,3-4-5-7,0.00016139444803098772,0.999838605551969,3098,
2,5,3,2,3-4-5-8,0.00686106346483705,0.9931389365351629,2332,
2,5,3,2,3-4-5-9,0.001016949152542373,0.9989830508474576,1475,
2,5,3,2,3-4-6-10,0.0015933715742511153,0.9984066284257489,1569,
2,5,3,2,3-4-6-6,0.25198245858368906,0.7480175414163109,1243,
2,5,3,2,3-4-6-7,0.01006774177211908,0.989932258227881,3055,
2,5,3,2,3-4-6-8,0.005451208981001727,0.9945487910189983,2316,
2,5,3,2,3-4-6-9,0.0018159806295399517,0.9981840193704601,1652,
2,5,3,2,3-4-7-10,0.0035137034434293743,0.9964862965565706,1423,
2,5,3,2,3-4-7-7,0.04013771480774988,0.9598622851922501,1234,
2,5,3,2,3-4-7-8,0.008164413385825856,0.9918355866141741,2388,
2,5,3,2,3-4-7-9,0.005659609120521172,0.9943403908794788,1535,
2,5,3,2,3-4-8-10,0.002717391304347826,0.9972826086956522,1472,
2,5,3,2,3-4-8-8,0.005050505050505051,0.9949494949494949,792,
2,5,3,2,3-4-8-9,0.011943717277486911,0.9880562827225131,1528,
2,5,3,2,3-4-9-10,0.0,1.0,1527,DRAW
2,5,3,2,3-4-9-9,0.0009861932938856016,0.9990138067061144,507,
2,5,3,2,3-5-10-10,0.0,1.0,1125,DRAW
2,5,3,2,3-5-5-10,0.0025252525252525255,0.9974747474747475,594,
2,5,3,2,3-5-5-5,0.5364185237249887,0.46358147627501134,253,
2,5,3,2,3-5-5-6,0.0018102824040550326,0.998189717595945,1381,
2,5,3,2,3-5-5-7,0.006609849772189808,0.9933901502278101,1119,
2,5,3,2,3-5-5-8,0.003778337531486146,0.9962216624685138,794,
2,5,3,2,3-5-5-9,0.0008680555555555555,0.9991319444444444,576,
2,5,3,2,3-5-6-10,0.0031914893617021275,0.9968085106382979,1410,
2,5,3,2,3-5-6-6,0.002510760401721664,0.9974892395982783,1394,
2,5,3,2,3-5-6-7,0.0009253547193090684,0.9990746452806909,3242,
2,5,3,2,3-5-6-8,0.005000677729798811,0.9949993222702013,2402,
2,5,3,2,3-5-6-9,0.0015933715742511153,0.9984066284257489,1569,
2,5,3,2,3-5-7-10,0.0016891891891891893,0.9983108108108109,1480,
2,5,3,2,3-5-7-7,0.000877963125548727,0.9991220368744512,1139,
2,5,3,2,3-5-7-8,0.0010399334442595673,0.9989600665557404,2404,
2,5,3,2,3-5-7-9,0.0031685678073510772,0.9968314321926489,1578,
2,5,3,2,3-5-8-10,0.0,1.0,1531,DRAW
2,5,3,2,3-5-8-8,0.001989389920424403,0.9980106100795756,754,
2,5,3,2,3-5-8-9,0.00199203187250996,0.99800796812749,1506,
2,5,3,2,3-5-9-10,0.0,1.0,1452,DRAW
2,5,3,2,3-5-9-9,0.0,1.0,526,DRAW
2,5,3,2,3-6-10-10,0.0,1.0,1206,DRAW
2,5,3,2,3-6-6-10,0.0018248175182481751,0.9981751824817519,548,
2,5,3,2,3-6-6-6,0.007009345794392523,0.9929906542056075,214,
2,5,3,2,3-6-6-7,0.016650679828645952,0.983349320171354,1180,
2,5,3,2,3-6-6-8,0.002777777777777778,0.9972222222222222,900,
2,5,3,2,3-6-6-9,0.001718213058419244,0.9982817869415808,582,
2,5,3,2,3-6-7-10,0.0,1.0,1483,DRAW
2,5,3,2,3-6-7-7,0.0013009540329575022,0.9986990459670425,1153,
2,5,3,2,3-6-7-8,0.011384925781812938,0.988615074218187,2313,
2,5,3,2,3-6-7-9,0.0024006064690026956,0.9975993935309974,1484,
2,5,3,2,3-6-8-10,0.0,1.0,1432,DRAW
2,5,3,2,3-6-8-8,0.001875,0.998125,800,
2,5,3,2,3-6-8-9,0.0,1.0,1535,DRAW
2,5,3,2,3-6-9-10,0.0,1.0,1480,DRAW
2,5,3,2,3-6-9-9,0.0,1.0,490,DRAW
2,5,3,2,3-7-10-10,0.0,1.0,1154,DRAW
2,5,3,2,3-7-7-10,0.0,1.0,526,DRAW
2,5,3,2,3-7-7-7,0.10294550376647837,0.8970544962335215,177,
2,5,3,2,3-7-7-8,0.0028768699654775605,0.9971231300345225,869,
2,5,3,2,3-7-7-9,0.0,1.0,571,DRAW
2,5,3,2,3-7-8-10,0.0,1.0,1427,DRAW
2,5,3,2,3-7-8-8,0.0,1.0,803,DRAW
2,5,3,2,3-7-8-9,0.0,1.0,1533,DRAW
2,5,3,2,3-7-9-10,0.0,1.0,1515,DRAW
2,5,3,2,3-7-9-9,0.0,1.0,502,DRAW
2,5,3,2,3-8-10-10,0.0,1.0,1187,DRAW
2,5,3,2,3-8-8-10,0.0,1.0,537,DRAW
2,5,3,2,3-8-8-8,0.0,1.0,137,DRAW
2,5,3,2,3-8-8-9,0.0,1.0,564,DRAW
2,5,3,2,3-8-9-10,0.0,1.0,1448,DRAW
2,5,3,2,3-8-9-9,0.0,1.0,521,DRAW
2,5,3,2,3-9-10-10,0.0,1.0,1154,DRAW
2,5,3,2,3-9-9-10,0.0,1.0,489,DRAW
2,5,3,2,3-9-9-9,0.0,1.0,86,DRAW
2,5,3,2,4-10-10-10,0.0,1.0,680,DRAW
2,5,3,2,4-4-10-10,0.0,1.0,438,DRAW
2,5,3,2,4-4-4-10,0.26744186046511625,0.7325581395348837,86,
2,5,3,2,4-4-4-4,0.7153846153846154,0.2846153846153846,13,
2,5,3,2,4-4-4-5,0.9709302325581395,0.029069767441860465,258,
2,5,3,2,4-4-4-6,0.5355554234869689,0.464444576513031,227,
2,5,3,2,4-4-4-7,0.6052300632217205,0.39476993677827943,194,
2,5,3,2,4-4-4-8,0.16379465982809763,0.8362053401719024,133,
2,5,3,2,4-4-4-9,0.5189409985655966,0.4810590014344034,99,
2,5,3,2,4-4-5-10,0.001736111111111111,0.9982638888888888,576,
2,5,3,2,4-4-5-5,0.8305776551447115,0.1694223448552886,558,
2,5,3,2,4-4-5-6,0.07327294536620226,0.9267270546337978,1339,
2,5,3,2,4-4-5-7,0.007364921380604158,0.9926350786193958,1185,
2,5,3,2,4-4-5-8,0.042103768692501604,0.9578962313074983,904,
2,5,3,2,4-4-5-9,0.0078125,0.9921875,576,
2,5,3,2,4-4-6-10,0.01206896551724138,0.9879310344827587,580,
2,5,3,2,4-4-6-6,0.4382013245240224,0.5617986754759776,480,
2,5,3,2,4-4-6-7,0.0009182736455463728,0.9990817263544536,1089,
2,5,3,2,4-4-6-8,0.003666212338268515,0.9963337876617314,837,
2,5,3,2,4-4-6-9,0.002840909090909091,0.9971590909090909,528,
2,5,3,2,4-4-7-10,0.009251290877796902,0.9907487091222031,581,
2,5,3,2,4-4-7-7,0.14505666847594959,0.8549433315240503,477,
2,5,3,2,4-4-7-8,0.01186637629059375,0.9881336237094063,897,
2,5,3,2,4-4-7-9,0.010344827586206896,0.9896551724137931,580,
2,5,3,2,4-4-8-10,0.0,1.0,546,DRAW
2,5,3,2,4-4-8-8,0.027647367775513916,0.972352632224486,286,
2,5,3,2,4-4-8-9,0.005376344086021506,0.9946236559139785,558,
2,5,3,2,4-4-9-10,0.0,1.0,571,DRAW
2,5,3,2,4-4-9-9,0.0,1.0,192,DRAW
2,5,3,2,4-5-10-10,0.0,1.0,1173,DRAW
2,5,3,2,4-5-5-10,0.00831792975970425,0.9916820702402958,541,
2,5,3,2,4-5-5-5,0.9195686932803132,0.08043130671968685,233,
2,5,3,2,4-5-5-6,0.5065862909069633,0.49341370909303667,1329,
2,5,3,2,4-5-5-7,0.07400329367607555,0.9259967063239244,1086,
2,5,3,2,4-5-5-8,0.005302226935312832,0.9946977730646872,943,
2,5,3,2,4-5-5-9,0.0026086956521739132,0.9973913043478261,575,
2,5,3,2,4-5-6-10,0.004316069057104913,0.9956839309428951,1506,
2,5,3,2,4-5-6-6,0.03418816534392932,0.9658118346560707,1352,
2,5,3,2,4-5-6-7,0.0035835854765506807,0.9964164145234493,3305,
2,5,3,2,4-5-6-8,0.0002061855670103093,0.9997938144329896,2425,
2,5,3,2,4-5-6-9,0.0016160310277957336,0.9983839689722043,1547,
2,5,3,2,4-5-7-10,0.0,1.0,1442,DRAW
2,5,3,2,4-5-7-7,0.018446180555555556,0.9815538194444444,1152,
2,5,3,2,4-5-7-8,0.0012514861397910023,0.9987485138602091,2283,
2,5,3,2,4-5-7-9,0.0009658725048293626,0.9990341274951706,1553,
2,5,3,2,4-5-8-10,0.0,1.0,1504,DRAW
2,5,3,2,4-5-8-8,0.0017835909631391202,0.9982164090368609,841,
2,5,3,2,4-5-8-9,0.0,1.0,1551,DRAW
2,5,3,2,4-5-9-10,0.0,1.0,1446,DRAW
2,5,3,2,4-5-9-9,0.0,1.0,529,DRAW
2,5,3,2,4-6-10-10,0.0,1.0,1152,DRAW
2,5,3,2,4-6-6-10,0.0,1.0,552,DRAW
2,5,3,2,4-6-6-6,0.5684415944699849,0.4315584055300151,248,
2,5,3,2,4-6-6-7,0.053128018699521266,0.9468719813004788,1218,
2,5,3,2,4-6-6-8,0.003910614525139665,0.9960893854748604,895,
2,5,3,2,4-6-6-9,0.009532062391681109,0.9904679376083189,577,
2,5,3,2,4-6-7-10,0.0,1.0,1515,DRAW
2,5,3,2,4-6-7-7,0.013799216827784944,0.986200783172215,1142,
2,5,3,2,4-6-7-8,0.0026993355481727574,0.9973006644518272,2408,
2,5,3,2,4-6-7-9,0.0,1.0,1521,DRAW
2,5,3,2,4-6-8-10,0.0,1.0,1456,DRAW
2,5,3,2,4-6-8-8,0.0,1.0,810,DRAW
2,5,3,2,4-6-8-9,0.0,1.0,1564,DRAW
2,5,3,2,4-6-9-10,0.0,1.0,1506,DRAW
2,5,3,2,4-6-9-9,0.0,1.0,521,DRAW
2,5,3,2,4-7-10-10,0.0,1.0,1195,DRAW
2,5,3,2,4-7-7-10,0.0,1.0,575,DRAW
2,5,3,2,4-7-7-7,0.014367816091954023,0.985632183908046,174,
2,5,3,2,4-7-7-8,0.0,1.0,870,DRAW
2,5,3,2,4-7-7-9,0.0,1.0,621,DRAW
2,5,3,2,4-7-8-10,0.0,1.0,1479,DRAW
2,5,3,2,4-7-8-8,0.0,1.0,797,DRAW
2,5,3,2,4-7-8-9,0.0,1.0,1490,DRAW
2,5,3,2,4-7-9-10,0.0,1.0,1484,DRAW
2,5,3,2,4-7-9-9,0.0,1.0,505,DRAW
2,5,3,2,4-8-10-10,0.0,1.0,1128,DRAW
2,5,3,2,4-8-8-10,0.0,1.0,528,DRAW
2,5,3,2,4-8-8-8,0.0,1.0,123,DRAW
2,5,3,2,4-8-8-9,0.0,1.0,540,DRAW
2,5,3,2,4-8-9-10,0.0,1.0,1458,DRAW
2,5,3,2,4-8-9-9,0.0,1.0,509,DRAW
2,5,3,2,4-9-10-10,0.0,1.0,1199,DRAW
2,5,3,2,4-9-9-10,0.0,1.0,520,DRAW
2,5,3,2,4-9-9-9,0.0,1.0,79,DRAW
2,5,3,2,5-10-10-10,0.0,1.0,711,DRAW
2,5,3,2,5-5-10-10,0.0,1.0,444,DRAW
2,5,3,2,5-5-5-10,0.01020408163265306,0.9897959183673469,98,
2,5,3,2,5-5-5-5,0.5,0.5,19,
2,5,3,2,5-5-5-6,0.3822114417320346,0.6177885582679653,245,
2,5,3,2,5-5-5-7,0.038860103626943004,0.961139896373057,193,
2,5,3,2,5-5-5-8,0.12049122976633996,0.87950877023366,124,
2,5,3,2,5-5-5-9,0.013157894736842105,0.9868421052631579,76,
2,5,3,2,5-5-6-10,0.0,1.0,600,DRAW
2,5,3,2,5-5-6-6,0.01992171164748242,0.9800782883525175,507,
2,5,3,2,5-5-6-7,0.0007987220447284345,0.9992012779552716,1252,
2,5,3,2,5-5-6-8,0.002860411899313501,0.9971395881006865,874,
2,5,3,2,5-5-6-9,0.0075878594249201275,0.9924121405750799,626,
2,5,3,2,5-5-7-10,0.0,1.0,538,DRAW
2,5,3,2,5-5-7-7,0.05408653846153845,0.9459134615384616,416,
2,5,3,2,5-5-7-8,0.0005599104143337066,0.9994400895856663,893,
2,5,3,2,5-5-7-9,0.0,1.0,577,DRAW
2,5,3,2,5-5-8-10,0.0,1.0,507,DRAW
2,5,3,2,5-5-8-8,0.0,1.0,317,DRAW
2,5,3,2,5-5-8-9,0.0,1.0,576,DRAW
2,5,3,2,5-5-9-10,0.0,1.0,566,DRAW
2,5,3,2,5-5-9-9,0.0,1.0,199,DRAW
2,5,3,2,5-6-10-10,0.0,1.0,1208,DRAW
2,5,3,2,5-6-6-10,0.0,1.0,552,DRAW
2,5,3,2,5-6-6-6,0.030864197530864192,0.9691358024691359,216,
2,5,3,2,5-6-6-7,0.042260369556500095,0.9577396304434999,1176,
2,5,3,2,5-6-6-8,0.010373080195423384,0.9896269198045766,878,
2,5,3,2,5-6-6-9,0.0,1.0,553,DRAW
2,5,3,2,5-6-7-10,0.0,1.0,1415,DRAW
2,5,3,2,5-6-7-7,0.02810986040420573,0.9718901395957943,1111,
2,5,3,2,5-6-7-8,0.0,1.0,2312,DRAW
2,5,3,2,5-6-7-9,0.0,1.0,1503,DRAW
2,5,3,2,5-6-8-10,0.0,1.0,1454,DRAW
2,5,3,2,5-6-8-8,0.0,1.0,823,DRAW
2,5,3,2,5-6-8-9,0.0,1.0,1511,DRAW
2,5,3,2,5-6-9-10,0.0,1.0,1503,DRAW
2,5,3,2,5-6-9-9,0.0,1.0,552,DRAW
2,5,3,2,5-7-10-10,0.0,1.0,1189,DRAW
2,5,3,2,5-7-7-10,0.0,1.0,518,DRAW
2,5,3,2,5-7-7-7,0.0,1.0,187,DRAW
2,5,3,2,5-7-7-8,0.0,1.0,903,DRAW
2,5,3,2,5-7-7-9,0.0,1.0,543,DRAW
2,5,3,2,5-7-8-10,0.0,1.0,1432,DRAW
2,5,3,2,5-7-8-8,0.0,1.0,744,DRAW
2,5,3,2,5-7-8-9,0.0,1.0,1471,DRAW
2,5,3,2,5-7-9-10,0.0,1.0,1476,DRAW
2,5,3,2,5-7-9-9,0.0,1.0,525,DRAW
2,5,3,2,5-8-10-10,0.0,1.0,1140,DRAW
2,5,3,2,5-8-8-10,0.0,1.0,514,DRAW
2,5,3,2,5-8-8-8,0.0,1.0,103,DRAW
2,5,3,2,5-8-8-9,0.0,1.0,514,DRAW
2,5,3,2,5-8-9-10,0.0,1.0,1489,DRAW
2,5,3,2,5-8-9-9,0.0,1.0,486,DRAW
2,5,3,2,5-9-10-10,0.0,1.0,1164,DRAW
2,5,3,2,5-9-9-10,0.0,1.0,465,DRAW
2,5,3,2,5-9-9-9,0.0,1.0,91,DRAW
2,5,3,2,6-10-10-10,0.0,1.0,707,DRAW
2,5,3,2,6-6-10-10,0.0,1.0,429,DRAW
2,5,3,2,6-6-6-10,0.0,1.0,94,DRAW
2,5,3,2,6-6-6-6,0.058823529411764705,0.9411764705882353,17,
2,5,3,2,6-6-6-7,0.0047169811320754715,0.9952830188679245,212,
2,5,3,2,6-6-6-8,0.0,1.0,164,DRAW
2,5,3,2,6-6-6-9,0.0,1.0,79,DRAW
2,5,3,2,6-6-7-10,0.0,1.0,534,DRAW
2,5,3,2,6-6-7-7,0.0,1.0,415,DRAW
2,5,3,2,6-6-7-8,0.0,1.0,836,DRAW
2,5,3,2,6-6-7-9,0.0,1.0,575,DRAW
2,5,3,2,6-6-8-10,0.0,1.0,566,DRAW
2,5,3,2,6-6-8-8,0.0,1.0,308,DRAW
2,5,3,2,6-6-8-9,0.0,1.0,567,DRAW
2,5,3,2,6-6-9-10,0.0,1.0,520,DRAW
2,5,3,2,6-6-9-9,0.0,1.0,187,DRAW
2,5,3,2,6-7-10-10,0.0,1.0,1130,DRAW
2,5,3,2,6-7-7-10,0.0,1.0,579,DRAW
2,5,3,2,6-7-7-7,0.0,1.0,173,DRAW
2,5,3,2,6-7-7-8,0.0,1.0,804,DRAW
2,5,3,2,6-7-7-9,0.0,1.0,548,DRAW
2,5,3,2,6-7-8-10,0.0,1.0,1482,DRAW
2,5,3,2,6-7-8-8,0.0,1.0,820,DRAW
2,5,3,2,6-7-8-9,0.0,1.0,1470,DRAW
2,5,3,2,6-7-9-10,0.0,1.0,1502,DRAW
2,5,3,2,6-7-9-9,0.0,1.0,507,DRAW
2,5,3,2,6-8-10-10,0.0,1.0,1143,DRAW
2,5,3,2,6-8-8-10,0.0,1.0,557,DRAW
2,5,3,2,6-8-8-8,0.0,1.0,132,DRAW
2,5,3,2,6-8-8-9,0.0,1.0,575,DRAW
2,5,3,2,6-8-9-10,0.0,1.0,1438,DRAW
2,5,3,2,6-8-9-9,0.0,1.0,479,DRAW
2,5,3,2,6-9-10-10,0.0,1.0,1215,DRAW
2,5,3,2,6-9-9-10,0.0,1.0,526,DRAW
2,5,3,2,6-9-9-9,0.0,1.0,78,DRAW
2,5,3,2,7-10-10-10,0.0,1.0,694,DRAW
2,5,3,2,7-7-10-10,0.0,1.0,442,DRAW
2,5,3,2,7-7-7-10,0.0,1.0,88,DRAW
2,5,3,2,7-7-7-7,0.0,1.0,5,DRAW
2,5,3,2,7-7-7-8,0.0,1.0,137,DRAW
2,5,3,2,7-7-7-9,0.0,1.0,94,DRAW
2,5,3,2,7-7-8-10,0.0,1.0,547,DRAW
2,5,3,2,7-7-8-8,0.0,1.0,260,DRAW
2,5,3,2,7-7-8-9,0.0,1.0,564,DRAW
2,5,3,2,7-7-9-10,0.0,1.0,552,DRAW
2,5,3,2,7-7-9-9,0.0,1.0,193,DRAW
2,5,3,2,7-8-10-10,0.0,1.0,1198,DRAW
2,5,3,2,7-8-8-10,0.0,1.0,517,DRAW
2,5,3,2,7-8-8-8,0.0,1.0,123,DRAW
2,5,3,2,7-8-8-9,0.0,1.0,552,DRAW
2,5,3,2,7-8-9-10,0.0,1.0,1389,DRAW
2,5,3,2,7-8-9-9,0.0,1.0,483,DRAW
2,5,3,2,7-9-10-10,0.0,1.0,1186,DRAW
2,5,3,2,7-9-9-10,0.0,1.0,517,DRAW
2,5,3,2,7-9-9-9,0.0,1.0,78,DRAW
2,5,3,2,8-10-10-10,0.0,1.0,683,DRAW
2,5,3,2,8-8-10-10,0.0,1.0,472,DRAW
2,5,3,2,8-8-8-10,0.0,1.0,72,DRAW
2,5,3,2,8-8-8-8,0.0,1.0,10,DRAW
2,5,3,2,8-8-8-9,0.0,1.0,78,DRAW
2,5,3,2,8-8-9-10,0.0,1.0,517,DRAW
2,5,3,2,8-8-9-9,0.0,1.0,191,DRAW
2,5,3,2,8-9-10-10,0.0,1.0,1153,DRAW
2,5,3,2,8-9-9-10,0.0,1.0,486,DRAW
2,5,3,2,8-9-9-9,0.0,1.0,79,DRAW
2,5,3,2,9-10-10-10,0.0,1.0,724,DRAW
2,5,3,2,9-9-10-10,0.0,1.0,426,DRAW
2,5,3,2,9-9-9-10,0.0,1.0,82,DRAW
2,5,3,2,9-9-9-9,0.0,1.0,9,DRAW
2,7,4,3,1-1-1-1,1.0,0.0,15,STOP
2,7,4,3,1-1-1-10,0.7642857142857142,0.2357142857142857,35,
2,7,4,3,1-1-1-2,1.0,0.0,579,STOP
2,7,4,3,1-1-1-3,1.0,0.0,383,STOP
2,7,4,3,1-1-1-4,0.5,0.5,485,
2,7,4,3,1-1-1-5,0.26638176638176636,0.7336182336182336,351,
2,7,4,3,1-1-1-6,0.1559296840421352,0.8440703159578649,255,
2,7,4,3,1-1-1-7,0.17538744520078395,0.824612554799216,200,
2,7,4,3,1-1-1-8,0.3277310924369748,0.6722689075630253,119,
2,7,4,3,1-1-1-9,0.7730769230769231,0.22692307692307692,65,
2,7,4,3,1-1-10-10,0.04332591585386569,0.9566740841461342,149,
2,7,4,3,1-1-2-10,0.11057927571477152,0.8894207242852284,222,
2,7,4,3,1-1-2-2,0.0,1.0,2277,DRAW
2,7,4,3,1-1-2-3,0.7900485401660539,0.20995145983394617,3659,
2,7,4,3,1-1-2-4,0.9594777729823047,0.04052222701769526,3310,
2,7,4,3,1-1-2-5,0.1840154063334149,0.815984593666585,2341,
2,7,4,3,1-1-2-6,0.0007414730598121602,0.9992585269401878,2023,
2,7,4,3,1-1-2-7,0.005054151624548736,0.9949458483754513,1385,
2,7,4,3,1-1-2-8,0.1650543978842984,0.8349456021157016,847,
2,7,4,3,1-1-2-9,0.04174173003741277,0.9582582699625872,433,
2,7,4,3,1-1-3-10,0.11736263323030137,0.8826373667696986,260,
2,7,4,3,1-1-3-3,0.904014565437616,0.09598543456238401,1395,
2,7,4,3,1-1-3-4,0.4678272116239748,0.5321727883760253,2906,
2,7,4,3,1-1-3-5,0.8316113726139543,0.16838862738604574,2159,
2,7,4,3,1-1-3-6,0.01686589967247363,0.9831341003275264,1813,
2,7,4,3,1-1-3-7,0.0010830324909747292,0.9989169675090253,1385,
2,7,4,3,1-1-3-8,0.037192255652105856,0.9628077443478941,838,
2,7,4,3,1-1-3-9,0.0011961722488038277,0.9988038277511961,418,
2,7,4,3,1-1-4-10,0.01882530120481928,0.9811746987951807,249,
2,7,4,3,1-1-4-4,0.854054787356529,0.1459452126434711,1176,
2,7,4,3,1-1-4-5,0.4762652203188998,0.5237347796811003,2325,
2,7,4,3,1-1-4-6,0.003924646781789639,0.9960753532182104,1911,
2,7,4,3,1-1-4-7,0.0010877447425670776,0.9989122552574329,1379,
2,7,4,3,1-1-4-8,0.007624079185198472,0.9923759208148015,831,
2,7,4,3,1-1-4-9,0.0021598272138228943,0.9978401727861771,463,
2,7,4,3,1-1-5-10,0.010526315789473684,0.9894736842105263,285,
2,7,4,3,1-1-5-5,0.5721368084230835,0.4278631915769166,752,
2,7,4,3,1-1-5-6,0.0008025682182985554,0.9991974317817014,1869,
2,7,4,3,1-1-5-7,0.022778824895391424,0.9772211751046085,1393,
2,7,4,3,1-1-5-8,0.0030193236714975845,0.9969806763285024,828,
2,7,4,3,1-1-5-9,0.003676470588235294,0.9963235294117647,408,
2,7,4,3,1-1-6-10,0.00939643140460237,0.9906035685953977,271,
2,7,4,3,1-1-6-6,0.000744047619047619,0.9992559523809523,672,
2,7,4,3,1-1-6-7,0.000700770847932726,0.9992992291520673,1427,
2,7,4,3,1-1-6-8,0.0012391573729863693,0.9987608426270136,807,
2,7,4,3,1-1-6-9,0.006711409395973154,0.9932885906040269,447,
2,7,4,3,1-1-7-10,0.014388489208633094,0.9856115107913669,278,
2,7,4,3,1-1-7-7,0.010037939386054394,0.9899620606139456,430,
2,7,4,3,1-1-7-8,0.0005834305717619603,0.9994165694282381,857,
2,7,4,3,1-1-7-9,0.007228915662650603,0.9927710843373494,415,
2,7,4,3,1-1-8-10,0.0017857142857142857,0.9982142857142857,280,
2,7,4,3,1-1-8-8,0.0034482758620689655,0.996551724137931,290,
2,7,4,3,1-1-8-9,0.01006422305764411,0.9899357769423559,399,
2,7,4,3,1-1-9-10,0.02728544776119403,0.972714552238806,268,
2,7,4,3,1-1-9-9,0.06546544452197856,0.9345345554780214,137,
2,7,4,3,1-10-10-10,0.0,1.0,186,DRAW
2,7,4,3,1-2-10-10,0.008045977011494253,0.9919540229885058,435,
2,7,4,3,1-2-2-10,0.07348414834134662,0.9265158516586535,257,
2,7,4,3,1-2-2-2,0.08865489130434782,0.9113451086956522,736,
2,7,4,3,1-2-2-3,0.997864140898629,0.002135859101370981,3801,
2,7,4,3,1-2-2-4,0.9123016425281685,0.0876983574718315,2937,
2,7,4,3,1-2-2-5,0.39762853436370293,0.602371465636297,2127,
2,7,4,3,1-2-2-6,0.004205838693715982,0.9957941613062841,2021,
2,7,4,3,1-2-2-7,0.07104479946114928,0.9289552005388507,1425,
2,7,4,3,1-2-2-8,0.024281855797751842,0.9757181442022482,863,
2,7,4,3,1-2-2-9,0.05644713772646915,0.943552862273531,438,
2,7,4,3,1-2-3-10,0.002728512960436562,0.9972714870395635,733,
2,7,4,3,1-2-3-3,0.5350703265621369,0.4649296734378631,3541,
2,7,4,3,1-2-3-4,0.9861572365003386,0.013842763499661435,7433,
2,7,4,3,1-2-3-5,0.5457673600312266,0.4542326399687734,6051,
2,7,4,3,1-2-3-6,0.06821052383341619,0.9317894761665838,4857,
2,7,4,3,1-2-3-7,0.009005902479444435,0.9909940975205556,3812,
2,7,4,3,1-2-3-8,0.003930131004366812,0.9960698689956332,2290,
2,7,4,3,1-2-3-9,0.02699353448275862,0.9730064655172413,1160,
2,7,4,3,1-2-4-10,0.0030075187969924814,0.9969924812030075,665,
2,7,4,3,1-2-4-4,0.9856097369997139,0.01439026300028616,2595,
2,7,4,3,1-2-4-5,0.9242300757087135,0.07576992429128646,5886,
2,7,4,3,1-2-4-6,0.07618846884892806,0.923811531151072,4404,
2,7,4,3,1-2-4-7,0.007509598039952017,0.992490401960048,3791,
2,7,4,3,1-2-4-8,0.0008956560680698612,0.9991043439319302,2233,
2,7,4,3,1-2-4-9,0.0008849557522123894,0.9991150442477876,1130,
2,7,4,3,1-2-5-10,0.02823835348506401,0.971761646514936,703,
2,7,4,3,1-2-5-5,0.626787055462283,0.373212944537717,2021,
2,7,4,3,1-2-5-6,0.0027100271002710027,0.997289972899729,4797,
2,7,4,3,1-2-5-7,0.00026226068712300026,0.999737739312877,3813,
2,7,4,3,1-2-5-8,0.0006793478260869565,0.9993206521739131,2208,
2,7,4,3,1-2-5-9,0.0008382229673093043,0.9991617770326907,1193,
2,7,4,3,1-2-6-10,0.0006784260515603799,0.9993215739484396,737,
2,7,4,3,1-2-6-6,0.002297090352220521,0.9977029096477795,1959,
2,7,4,3,1-2-6-7,0.0001352447930754666,0.9998647552069245,3697,
2,7,4,3,1-2-6-8,0.000878348704435661,0.9991216512955643,2277,
2,7,4,3,1-2-6-9,0.0008787346221441124,0.9991212653778558,1138,
2,7,4,3,1-2-7-10,0.006024096385542169,0.9939759036144579,664,
2,7,4,3,1-2-7-7,0.0011406844106463879,0.9988593155893536,1315,
2,7,4,3,1-2-7-8,0.002273760800363802,0.9977262391996362,2199,
2,7,4,3,1-2-7-9,0.0013043478260869566,0.9986956521739131,1150,
2,7,4,3,1-2-8-10,0.00370919881305638,0.9962908011869436,674,
2,7,4,3,1-2-8-8,0.0020920502092050207,0.997907949790795,717,
2,7,4,3,1-2-8-9,0.0049504950495049506,0.995049504950495,1111,
2,7,4,3,1-2-9-10,0.006550218340611353,0.9934497816593887,687,
2,7,4,3,1-2-9-9,0.007204610951008645,0.9927953890489913,347,
2,7,4,3,1-3-10-10,0.0012531328320802004,0.9987468671679198,399,
2,7,4,3,1-3-3-10,0.001968503937007874,0.9980314960629921,254,
2,7,4,3,1-3-3-3,0.8647374933204258,0.13526250667957415,531,
2,7,4,3,1-3-3-4,0.9319988508119713,0.06800114918802862,2758,
2,7,4,3,1-3-3-5,0.7120914584745868,0.2879085415254132,2162,
2,7,4,3,1-3-3-6,0.0002536783358701167,0.9997463216641299,1971,
2,7,4,3,1-3-3-7,0.0017985611510791368,0.9982014388489209,1390,
2,7,4,3,1-3-3-8,0.03394049466309301,0.966059505336907,834,
2,7,4,3,1-3-3-9,0.003246753246753247,0.9967532467532467,462,
2,7,4,3,1-3-4-10,0.0007032348804500703,0.9992967651195499,711,
2,7,4,3,1-3-4-4,0.9948559756394186,0.0051440243605814055,2637,
2,7,4,3,1-3-4-5,0.8801627828772924,0.11983721712270758,6321,
2,7,4,3,1-3-4-6,0.002334801762114537,0.9976651982378854,4540,
2,7,4,3,1-3-4-7,0.00347633676521063,0.9965236632347894,3840,
2,7,4,3,1-3-4-8,0.011702996608957171,0.9882970033910428,2230,
2,7,4,3,1-3-4-9,0.0021168501270110076,0.997883149872989,1181,
2,7,4,3,1-3-5-10,0.0035714285714285713,0.9964285714285713,660,
2,7,4,3,1-3-5-5,0.8670915843347422,0.1329084156652578,2050,
2,7,4,3,1-3-5-6,0.0003061849357011635,0.9996938150642989,4899,
2,7,4,3,1-3-5-7,0.0005330490405117271,0.9994669509594882,3752,
2,7,4,3,1-3-5-8,0.001533272002453235,0.9984667279975467,2174,
2,7,4,3,1-3-5-9,0.002926421404682274,0.9970735785953178,1196,
2,7,4,3,1-3-6-10,0.005625879043600563,0.9943741209563994,711,
2,7,4,3,1-3-6-6,0.0012787723785166241,0.9987212276214834,1955,
2,7,4,3,1-3-6-7,0.0009575923392612859,0.9990424076607387,3655,
2,7,4,3,1-3-6-8,0.002896613190730838,0.9971033868092691,2244,
2,7,4,3,1-3-6-9,0.001694915254237288,0.9983050847457627,1180,
2,7,4,3,1-3-7-10,0.01083815028901734,0.9891618497109826,692,
2,7,4,3,1-3-7-7,0.0008156606851549756,0.9991843393148451,1226,
2,7,4,3,1-3-7-8,0.0018206645425580337,0.998179335457442,2197,
2,7,4,3,1-3-7-9,0.0016625103906899418,0.99833748960931,1203,
2,7,4,3,1-3-8-10,0.0013623978201634877,0.9986376021798365,734,
2,7,4,3,1-3-8-8,0.0026666666666666666,0.9973333333333333,750,
2,7,4,3,1-3-8-9,0.0034628378378378385,0.9965371621621623,1184,
2,7,4,3,1-3-9-10,0.0029498525073746312,0.9970501474926253,678,
2,7,4,3,1-3-9-9,0.0056657223796034,0.9943342776203966,353,
2,7,4,3,1-4-10-10,0.002570694087403599,0.9974293059125964,389,
2,7,4,3,1-4-4-10,0.025089605734767026,0.974910394265233,279,
2,7,4,3,1-4-4-4,0.8285325574274501,0.17146744257254984,408,
2,7,4,3,1-4-4-5,0.9979619565217391,0.0020380434782608695,2208,
2,7,4,3,1-4-4-6,0.19914619148603044,0.8008538085139696,1672,
2,7,4,3,1-4-4-7,0.015398937262309056,0.9846010627376909,1385,
2,7,4,3,1-4-4-8,0.003132832080200501,0.9968671679197995,798,
2,7,4,3,1-4-4-9,0.0010638297872340426,0.9989361702127659,470,
2,7,4,3,1-4-5-10,0.003012228390925625,0.9969877716090744,674,
2,7,4,3,1-4-5-5,0.8904782339735031,0.10952176602649678,2067,
2,7,4,3,1-4-5-6,0.005612395881659308,0.9943876041183407,5273,
2,7,4,3,1-4-5-7,0.0001385809312638581,0.9998614190687362,3608,
2,7,4,3,1-4-5-8,0.00022232103156958648,0.9997776789684304,2249,
2,7,4,3,1-4-5-9,0.003826530612244898,0.9961734693877551,1176,
2,7,4,3,1-4-6-10,0.001430615164520744,0.9985693848354793,699,
2,7,4,3,1-4-6-6,0.008688098384227315,0.9913119016157727,1710,
2,7,4,3,1-4-6-7,0.011807210889322507,0.9881927891106775,3714,
2,7,4,3,1-4-6-8,0.004091928251121076,0.995908071748879,2230,
2,7,4,3,1-4-6-9,0.002206531332744925,0.997793468667255,1133,
2,7,4,3,1-4-7-10,0.0007062146892655367,0.9992937853107344,708,
2,7,4,3,1-4-7-7,0.004766792236195361,0.9952332077638046,1222,
2,7,4,3,1-4-7-8,0.0013410818059901655,0.9986589181940099,2237,
2,7,4,3,1-4-7-9,0.000432152117545376,0.9995678478824547,1157,
2,7,4,3,1-4-8-10,0.0021551724137931034,0.9978448275862069,696,
2,7,4,3,1-4-8-8,0.005361930294906166,0.9946380697050938,746,
2,7,4,3,1-4-8-9,0.001323918799646955,0.998676081200353,1133,
2,7,4,3,1-4-9-10,0.004178272980501393,0.9958217270194986,718,
2,7,4,3,1-4-9-9,0.003826530612244898,0.9961734693877551,392,
2,7,4,3,1-5-10-10,0.0,1.0,403,DRAW
2,7,4,3,1-5-5-10,0.001838235294117647,0.9981617647058824,272,
2,7,4,3,1-5-5-5,0.40830737490798913,0.5916926250920108,310,
2,7,4,3,1-5-5-6,0.00027218290691344586,0.9997278170930866,1837,
2,7,4,3,1-5-5-7,0.0011511895625479663,0.998848810437452,1303,
2,7,4,3,1-5-5-8,0.0023781212841854932,0.9976218787158145,841,
2,7,4,3,1-5-5-9,0.0010964912280701754,0.9989035087719298,456,
2,7,4,3,1-5-6-10,0.0007598784194528875,0.9992401215805471,658,
2,7,4,3,1-5-6-6,0.0015120967741935483,0.9984879032258065,1984,
2,7,4,3,1-5-6-7,0.0018776824034334764,0.9981223175965666,3728,
2,7,4,3,1-5-6-8,0.01243811221263012,0.9875618877873698,2262,
2,7,4,3,1-5-6-9,0.0035971223021582736,0.9964028776978417,1112,
2,7,4,3,1-5-7-10,0.0035511363636363635,0.9964488636363636,704,
2,7,4,3,1-5-7-7,0.0040650406504065045,0.9959349593495935,1230,
2,7,4,3,1-5-7-8,0.0009341429238673517,0.9990658570761326,2141,
2,7,4,3,1-5-7-9,0.000864304235090752,0.9991356957649092,1157,
2,7,4,3,1-5-8-10,0.0021008403361344537,0.9978991596638656,714,
2,7,4,3,1-5-8-8,0.007607192254495159,0.9923928077455049,723,
2,7,4,3,1-5-8-9,0.006404391582799634,0.9935956084172004,1093,
2,7,4,3,1-5-9-10,0.011922503725782414,0.9880774962742176,671,
2,7,4,3,1-5-9-9,0.0013054830287206266,0.9986945169712794,383,
2,7,4,3,1-6-10-10,0.0,1.0,367,DRAW
2,7,4,3,1-6-6-10,0.02727272727272727,0.9727272727272728,275,
2,7,4,3,1-6-6-6,0.13815046598507455,0.8618495340149255,304,
2,7,4,3,1-6-6-7,0.001056338028169014,0.9989436619718309,1420,
2,7,4,3,1-6-6-8,0.0012468827930174563,0.9987531172069826,802,
2,7,4,3,1-6-6-9,0.01126126126126126,0.9887387387387387,444,
2,7,4,3,1-6-7-10,0.0030165912518853697,0.9969834087481146,663,
2,7,4,3,1-6-7-7,0.000777000777000777,0.9992229992229992,1287,
2,7,4,3,1-6-7-8,0.0011301989150090416,0.9988698010849909,2212,
2,7,4,3,1-6-7-9,0.003147482014388489,0.9968525179856115,1112,
2,7,4,3,1-6-8-10,0.0007052186177715092,0.9992947813822285,709,
2,7,4,3,1-6-8-8,0.006224066390041493,0.9937759336099585,723,
2,7,4,3,1-6-8-9,0.0008968609865470852,0.9991031390134529,1115,
2,7,4,3,1-6-9-10,0.0,1.0,673,DRAW
2,7,4,3,1-6-9-9,0.0014619883040935672,0.9985380116959064,342,
2,7,4,3,1-7-10-10,0.0,1.0,402,DRAW
2,7,4,3,1-7-7-10,0.004048582995951417,0.9959514170040485,247,
2,7,4,3,1-7-7-7,0.007352941176470588,0.9926470588235294,204,
2,7,4,3,1-7-7-8,0.020807453416149067,0.9791925465838509,805,
2,7,4,3,1-7-7-9,0.006756756756756757,0.9932432432432432,444,
2,7,4,3,1-7-8-10,0.0,1.0,681,DRAW
2,7,4,3,1-7-8-8,0.000727802037845706,0.9992721979621543,687,
2,7,4,3,1-7-8-9,0.0035555555555555557,0.9964444444444445,1125,
2,7,4,3,1-7-9-10,0.0,1.0,708,DRAW
2,7,4,3,1-7-9-9,0.0,1.0,348,DRAW
2,7,4,3,1-8-10-10,0.0,1.0,371,DRAW
2,7,4,3,1-8-8-10,0.0,1.0,289,DRAW
2,7,4,3,1-8-8-8,0.005,0.995,100,
2,7,4,3,1-8-8-9,0.0,1.0,461,DRAW
2,7,4,3,1-8-9-10,0.0,1.0,660,DRAW
2,7,4,3,1-8-9-9,0.0,1.0,340,DRAW
2,7,4,3,1-9-10-10,0.0,1.0,445,DRAW
2,7,4,3,1-9-9-10,0.0,1.0,240,DRAW
2,7,4,3,1-9-9-9,0.0,1.0,47,DRAW
2,7,4,3,10-10-10-10,0.0,1.0,54,DRAW
2,7,4,3,2-10-10-10,0.0,1.0,172,DRAW
2,7,4,3,2-2-10-10,0.015037593984962405,0.9849624060150376,133,
2,7,4,3,2-2-2-10,0.7942180973535159,0.2057819026464841,48,
2,7,4,3,2-2-2-2,0.75,0.25,54,
2,7,4,3,2-2-2-3,0.5384407674109779,0.46155923258902215,581,
2,7,4,3,2-2-2-4,0.8681515958447543,0.13184840415524568,470,
2,7,4,3,2-2-2-5,0.9950248756218906,0.004975124378109453,402,
2,7,4,3,2-2-2-6,0.35083655701329725,0.6491634429867027,298,
2,7,4,3,2-2-2-7,0.07053268191408639,0.9294673180859137,246,
2,7,4,3,2-2-2-8,0.09181034482758621,0.9081896551724138,145,
2,7,4,3,2-2-2-9,0.012195121951219513,0.9878048780487805,82,
2,7,4,3,2-2-3-10,0.05970149253731343,0.9402985074626866,268,
2,7,4,3,2-2-3-3,0.9968487394957983,0.0031512605042016808,1428,
2,7,4,3,2-2-3-4,0.6812660824256738,0.31873391757432634,2707,
2,7,4,3,2-2-3-5,0.9990978800180425,0.0009021199819576004,2217,
2,7,4,3,2-2-3-6,0.3898977558710268,0.6101022441289732,1683,
2,7,4,3,2-2-3-7,0.014379935391241924,0.9856200646087581,1393,
2,7,4,3,2-2-3-8,0.01402439024390244,0.9859756097560975,820,
2,7,4,3,2-2-3-9,0.003432494279176201,0.9965675057208238,437,
2,7,4,3,2-2-4-10,0.001953125,0.998046875,256,
2,7,4,3,2-2-4-4,0.9994949494949495,0.000505050505050505,990,
2,7,4,3,2-2-4-5,0.9875692312929296,0.012430768707070411,2184,
2,7,4,3,2-2-4-6,0.08070234713145688,0.9192976528685431,1689,
2,7,4,3,2-2-4-7,0.021810899884444318,0.9781891001155557,1429,
2,7,4,3,2-2-4-8,0.001303780964797914,0.9986962190352021,767,
2,7,4,3,2-2-4-9,0.0022988505747126436,0.9977011494252873,435,
2,7,4,3,2-2-5-10,0.018315018315018316,0.9816849816849816,273,
2,7,4,3,2-2-5-5,0.9694300844170232,0.030569915582976802,745,
2,7,4,3,2-2-5-6,0.03106642553281624,0.9689335744671838,1771,
2,7,4,3,2-2-5-7,0.0038050591714817875,0.9961949408285183,1385,
2,7,4,3,2-2-5-8,0.009902031547498698,0.9900979684525013,801,
2,7,4,3,2-2-5-9,0.002583979328165375,0.9974160206718347,387,
2,7,4,3,2-2-6-10,0.003875968992248062,0.9961240310077519,258,
2,7,4,3,2-2-6-6,0.0038284839203675345,0.9961715160796325,653,
2,7,4,3,2-2-6-7,0.0014958863126402393,0.9985041136873598,1337,
2,7,4,3,2-2-6-8,0.0037128712871287127,0.9962871287128713,808,
2,7,4,3,2-2-6-9,0.0048543689320388345,0.9951456310679612,412,
2,7,4,3,2-2-7-10,0.025896414342629483,0.9741035856573705,251,
2,7,4,3,2-2-7-7,0.10157095960105879,0.8984290403989412,432,
2,7,4,3,2-2-7-8,0.0025348542458808617,0.9974651457541192,789,
2,7,4,3,2-2-7-9,0.02621449615351346,0.9737855038464865,434,
2,7,4,3,2-2-8-10,0.004291845493562232,0.9957081545064378,233,
2,7,4,3,2-2-8-8,0.02491103202846975,0.9750889679715302,281,
2,7,4,3,2-2-8-9,0.019392464450942806,0.9806075355490572,389,
2,7,4,3,2-2-9-10,0.04428558489439621,0.9557144151056037,228,
2,7,4,3,2-2-9-9,0.01048951048951049,0.9895104895104895,143,
2,7,4,3,2-3-10-10,0.002577319587628866,0.9974226804123711,388,
2,7,4,3,2-3-3-10,0.0072992700729927005,0.9927007299270073,274,
2,7,4,3,2-3-3-3,0.882503438748828,0.11749656125117208,527,
2,7,4,3,2-3-3-4,0.998717478930011,0.001282521069989007,2729,
2,7,4,3,2-3-3-5,0.9733970251082625,0.026602974891737494,2149,
2,7,4,3,2-3-3-6,0.0024906600249066002,0.9975093399750934,1606,
2,7,4,3,2-3-3-7,0.0024896265560165973,0.9975103734439834,1205,
2,7,4,3,2-3-3-8,0.011530292029453309,0.9884697079705468,758,
2,7,4,3,2-3-3-9,0.004310344827586207,0.9956896551724138,464,
2,7,4,3,2-3-4-10,0.004827586206896552,0.9951724137931034,725,
2,7,4,3,2-3-4-4,0.9250275036397334,0.07497249636026651,2605,
2,7,4,3,2-3-4-5,0.926479102911671,0.07352089708832905,5769,
2,7,4,3,2-3-4-6,0.0003354203935599284,0.9996645796064401,4472,
2,7,4,3,2-3-4-7,0.008959830477243413,0.9910401695227566,3618,
2,7,4,3,2-3-4-8,0.0036808541993221073,0.9963191458006778,2148,
2,7,4,3,2-3-4-9,0.004729148753224419,0.9952708512467756,1163,
2,7,4,3,2-3-5-10,0.0028089887640449437,0.9971910112359551,712,
2,7,4,3,2-3-5-5,0.933657896884477,0.06634210311552301,2076,
2,7,4,3,2-3-5-6,0.005268156696756875,0.994731843303243,4787,
2,7,4,3,2-3-5-7,0.001343713886748844,0.9986562861132512,3776,
2,7,4,3,2-3-5-8,0.0006504770164787511,0.9993495229835212,2306,
2,7,4,3,2-3-5-9,0.0004347826086956522,0.9995652173913043,1150,
2,7,4,3,2-3-6-10,0.04510384782464561,0.9548961521753544,732,
2,7,4,3,2-3-6-6,0.008432821678984279,0.9915671783210158,1759,
2,7,4,3,2-3-6-7,0.0011907912146070388,0.9988092087853929,3779,
2,7,4,3,2-3-6-8,0.0004514672686230248,0.999548532731377,2215,
2,7,4,3,2-3-6-9,0.03170214655083086,0.9682978534491692,1125,
2,7,4,3,2-3-7-10,0.0048052604957005566,0.9951947395042995,659,
2,7,4,3,2-3-7-7,0.004661656636089486,0.9953383433639105,1203,
2,7,4,3,2-3-7-8,0.001359311282283643,0.9986406887177164,2207,
2,7,4,3,2-3-7-9,0.0027149321266968325,0.9972850678733032,1105,
2,7,4,3,2-3-8-10,0.000794912559618442,0.9992050874403816,629,
2,7,4,3,2-3-8-8,0.0045045045045045045,0.9954954954954955,666,
2,7,4,3,2-3-8-9,0.001323918799646955,0.998676081200353,1133,
2,7,4,3,2-3-9-10,0.002962962962962963,0.997037037037037,675,
2,7,4,3,2-3-9-9,0.0014492753623188406,0.9985507246376811,345,
2,7,4,3,2-4-10-10,0.0,1.0,394,DRAW
2,7,4,3,2-4-4-10,0.005905511811023622,0.9940944881889764,254,
2,7,4,3,2-4-4-4,0.5386446980068553,0.4613553019931446,415,
2,7,4,3,2-4-4-5,0.9474608023437182,0.05253919765628171,2131,
2,7,4,3,2-4-4-6,0.8025523077513804,0.19744769224861963,1621,
2,7,4,3,2-4-4-7,0.0007037297677691766,0.9992962702322308,1421,
2,7,4,3,2-4-4-8,0.001201923076923077,0.9987980769230769,832,
2,7,4,3,2-4-4-9,0.0011135857461024498,0.9988864142538976,449,
2,7,4,3,2-4-5-10,0.005028735632183908,0.9949712643678161,696,
2,7,4,3,2-4-5-5,0.86235661433417,0.13764338566583006,2108,
2,7,4,3,2-4-5-6,0.0006987422639249351,0.999301257736075,5009,
2,7,4,3,2-4-5-7,0.002328767123287671,0.9976712328767123,3650,
2,7,4,3,2-4-5-8,0.001129177958446251,0.9988708220415538,2214,
2,7,4,3,2-4-5-9,0.0017467248908296944,0.9982532751091703,1145,
2,7,4,3,2-4-6-10,0.005539143279172821,0.9944608567208272,677,
2,7,4,3,2-4-6-6,0.0010465724751439038,0.998953427524856,1911,
2,7,4,3,2-4-6-7,0.015264586438790037,0.9847354135612099,3670,
2,7,4,3,2-4-6-8,0.001155802126675913,0.9988441978733241,2163,
2,7,4,3,2-4-6-9,0.004824561403508772,0.9951754385964913,1140,
2,7,4,3,2-4-7-10,0.0021770682148040637,0.997822931785196,689,
2,7,4,3,2-4-7-7,0.002329192546583851,0.9976708074534162,1288,
2,7,4,3,2-4-7-8,0.01032682705401725,0.9896731729459828,2203,
2,7,4,3,2-4-7-9,0.002334267040149393,0.9976657329598506,1071,
2,7,4,3,2-4-8-10,0.0050798258345428155,0.9949201741654572,689,
2,7,4,3,2-4-8-8,0.00523168908819133,0.9947683109118086,669,
2,7,4,3,2-4-8-9,0.0004393673110720562,0.9995606326889279,1138,
2,7,4,3,2-4-9-10,0.004137931034482759,0.9958620689655172,725,
2,7,4,3,2-4-9-9,0.00819672131147541,0.9918032786885246,366,
2,7,4,3,2-5-10-10,0.0,1.0,432,DRAW
2,7,4,3,2-5-5-10,0.010121457489878543,0.9898785425101214,247,
2,7,4,3,2-5-5-5,0.7205780606183371,0.27942193938166304,295,
2,7,4,3,2-5-5-6,0.004886737709906489,0.9951132622900936,1671,
2,7,4,3,2-5-5-7,0.0017946877243359654,0.998205312275664,1393,
2,7,4,3,2-5-5-8,0.0018610421836228288,0.9981389578163772,806,
2,7,4,3,2-5-5-9,0.02926829268292683,0.9707317073170731,410,
2,7,4,3,2-5-6-10,0.009461426491994178,0.9905385735080058,687,
2,7,4,3,2-5-6-6,0.01629303876239444,0.9837069612376056,1766,
2,7,4,3,2-5-6-7,0.002498611882287618,0.9975013881177124,3602,
2,7,4,3,2-5-6-8,0.00023596035865974517,0.9997640396413403,2119,
2,7,4,3,2-5-6-9,0.0026292725679228747,0.9973707274320771,1141,
2,7,4,3,2-5-7-10,0.008029197080291971,0.9919708029197081,685,
2,7,4,3,2-5-7-7,0.002916666666666667,0.9970833333333333,1200,
2,7,4,3,2-5-7-8,0.004565226071863124,0.995434773928137,2177,
2,7,4,3,2-5-7-9,0.001328609388839681,0.9986713906111603,1129,
2,7,4,3,2-5-8-10,0.0007342143906020558,0.9992657856093979,681,
2,7,4,3,2-5-8-8,0.0007022471910112359,0.9992977528089888,712,
2,7,4,3,2-5-8-9,0.0008904719501335708,0.9991095280498664,1123,
2,7,4,3,2-5-9-10,0.0,1.0,640,DRAW
2,7,4,3,2-5-9-9,0.02540106951871658,0.9745989304812834,374,
2,7,4,3,2-6-10-10,0.0,1.0,358,DRAW
2,7,4,3,2-6-6-10,0.002127659574468085,0.997872340425532,235,
2,7,4,3,2-6-6-6,0.006802721088435374,0.9931972789115646,294,
2,7,4,3,2-6-6-7,0.021779794375174362,0.9782202056248256,1371,
2,7,4,3,2-6-6-8,0.033247766365213614,0.9667522336347864,805,
2,7,4,3,2-6-6-9,0.0024390243902439024,0.9975609756097561,410,
2,7,4,3,2-6-7-10,0.002435064935064935,0.997564935064935,616,
2,7,4,3,2-6-7-7,0.0003946329913180742,0.999605367008682,1267,
2,7,4,3,2-6-7-8,0.002277904328018223,0.9977220956719818,2195,
2,7,4,3,2-6-7-9,0.003116651825467498,0.9968833481745325,1123,
2,7,4,3,2-6-8-10,0.0,1.0,652,DRAW
2,7,4,3,2-6-8-8,0.011643835616438357,0.9883561643835617,730,
2,7,4,3,2-6-8-9,0.00390625,0.99609375,1152,
2,7,4,3,2-6-9-10,0.0,1.0,696,DRAW
2,7,4,3,2-6-9-9,0.0,1.0,310,DRAW
2,7,4,3,2-7-10-10,0.0,1.0,437,DRAW
2,7,4,3,2-7-7-10,0.0,1.0,247,DRAW
2,7,4,3,2-7-7-7,0.002824858757062147,0.9971751412429378,177,
2,7,4,3,2-7-7-8,0.007634575569358181,0.9923654244306418,812,
2,7,4,3,2-7-7-9,0.016203703703703703,0.9837962962962963,432,
2,7,4,3,2-7-8-10,0.0,1.0,642,DRAW
2,7,4,3,2-7-8-8,0.005763688760806916,0.9942363112391931,694,
2,7,4,3,2-7-8-9,0.0,1.0,1083,DRAW
2,7,4,3,2-7-9-10,0.0,1.0,658,DRAW
2,7,4,3,2-7-9-9,0.0,1.0,318,DRAW
2,7,4,3,2-8-10-10,0.0,1.0,388,DRAW
2,7,4,3,2-8-8-10,0.0,1.0,269,DRAW
2,7,4,3,2-8-8-8,0.0,1.0,139,DRAW
2,7,4,3,2-8-8-9,0.0,1.0,447,DRAW
2,7,4,3,2-8-9-10,0.0,1.0,695,DRAW
2,7,4,3,2-8-9-9,0.0,1.0,365,DRAW
2,7,4,3,2-9-10-10,0.0,1.0,409,DRAW
2,7,4,3,2-9-9-10,0.0,1.0,211,DRAW
2,7,4,3,2-9-9-9,0.0,1.0,55,DRAW
2,7,4,3,3-10-10-10,0.0,1.0,173,DRAW
2,7,4,3,3-3-10-10,0.0,1.0,146,DRAW
2,7,4,3,3-3-3-10,0.011111111111111112,0.9888888888888889,45,
2,7,4,3,3-3-3-3,0.03125000000000003,0.96875,32,
2,7,4,3,3-3-3-4,0.969955299698166,0.030044700301834034,480,
2,7,4,3,3-3-3-5,0.8856420264059697,0.11435797359403037,345,
2,7,4,3,3-3-3-6,0.9651035494117847,0.03489645058821537,284,
2,7,4,3,3-3-3-7,0.02534562211981567,0.9746543778801844,217,
2,7,4,3,3-3-3-8,0.12173913043478261,0.8782608695652174,115,
2,7,4,3,3-3-3-9,0.011494252873563218,0.9885057471264368,87,
2,7,4,3,3-3-4-10,0.0038910505836575876,0.9961089494163424,257,
2,7,4,3,3-3-4-4,0.9764593651098883,0.023540634890111684,955,
2,7,4,3,3-3-4-5,0.9928550149042557,0.0071449850957443885,2206,
2,7,4,3,3-3-4-6,0.3215709748441614,0.6784290251558386,1603,
2,7,4,3,3-3-4-7,0.0026375282592313487,0.9973624717407686,1327,
2,7,4,3,3-3-4-8,0.011269674874830805,0.9887303251251691,817,
2,7,4,3,3-3-4-9,0.011737089201877934,0.9882629107981221,426,
2,7,4,3,3-3-5-10,0.0018587360594795538,0.9981412639405205,269,
2,7,4,3,3-3-5-5,0.9214089665692822,0.07859103343071791,756,
2,7,4,3,3-3-5-6,0.013911786543702204,0.9860882134562977,1568,
2,7,4,3,3-3-5-7,0.0056047946275183495,0.9943952053724816,1348,
2,7,4,3,3-3-5-8,0.007237635705669481,0.9927623642943305,829,
2,7,4,3,3-3-5-9,0.0011389521640091116,0.9988610478359908,439,
2,7,4,3,3-3-6-10,0.013745704467353952,0.9862542955326461,291,
2,7,4,3,3-3-6-6,0.09642215375753842,0.9035778462424615,630,
2,7,4,3,3-3-6-7,0.0015117157974300832,0.99848828420257,1323,
2,7,4,3,3-3-6-8,0.0012658227848101266,0.9987341772151899,790,
2,7,4,3,3-3-6-9,0.04360228198859007,0.9563977180114099,409,
2,7,4,3,3-3-7-10,0.004081632653061225,0.9959183673469387,245,
2,7,4,3,3-3-7-7,0.011727078891257996,0.988272921108742,469,
2,7,4,3,3-3-7-8,0.014415787792375677,0.9855842122076243,773,
2,7,4,3,3-3-7-9,0.001098901098901099,0.9989010989010989,455,
2,7,4,3,3-3-8-10,0.005415162454873646,0.9945848375451264,277,
2,7,4,3,3-3-8-8,0.04852320675105485,0.9514767932489452,237,
2,7,4,3,3-3-8-9,0.00591016548463357,0.9940898345153665,423,
2,7,4,3,3-3-9-10,0.0036900369003690036,0.996309963099631,271,
2,7,4,3,3-3-9-9,0.016,0.984,125,
2,7,4,3,3-4-10-10,0.0,1.0,433,DRAW
2,7,4,3,3-4-4-10,0.033185840707964605,0.9668141592920354,226,
2,7,4,3,3-4-4-4,0.9561112228125151,0.0438887771874849,389,
2,7,4,3,3-4-4-5,0.9940148563753,0.005985143624699985,2284,
2,7,4,3,3-4-4-6,0.2798977094588774,0.7201022905411226,1627,
2,7,4,3,3-4-4-7,0.022034185019056005,0.9779658149809439,1284,
2,7,4,3,3-4-4-8,0.0066344993968636915,0.9933655006031363,829,
2,7,4,3,3-4-4-9,0.007760532150776054,0.9922394678492239,451,
2,7,4,3,3-4-5-10,0.014558404426548618,0.9854415955734515,669,
2,7,4,3,3-4-5-5,0.9961965909087107,0.003803409091289309,2088,
2,7,4,3,3-4-5-6,0.0843394523632739,0.915660547636726,5427,
2,7,4,3,3-4-5-7,0.00013542795232936077,0.9998645720476707,3692,
2,7,4,3,3-4-5-8,0.020660457754270875,0.9793395422457292,2150,
2,7,4,3,3-4-5-9,0.0025188916876574307,0.9974811083123426,1191,
2,7,4,3,3-4-6-10,0.015290172227590522,0.9847098277724095,723,
2,7,4,3,3-4-6-6,0.03963007219352308,0.960369927806477,1700,
2,7,4,3,3-4-6-7,0.0023480662983425414,0.9976519337016575,3620,
2,7,4,3,3-4-6-8,0.005520273239097622,0.9944797267609023,2239,
2,7,4,3,3-4-6-9,0.0185168142085383,0.9814831857914618,1203,
2,7,4,3,3-4-7-10,0.0007246376811594203,0.9992753623188406,690,
2,7,4,3,3-4-7-7,0.014988244514106583,0.9850117554858934,1276,
2,7,4,3,3-4-7-8,0.004484304932735426,0.9955156950672646,2230,
2,7,4,3,3-4-7-9,0.0009057971014492754,0.9990942028985508,1104,
2,7,4,3,3-4-8-10,0.0036656891495601175,0.9963343108504399,682,
2,7,4,3,3-4-8-8,0.0012738853503184713,0.9987261146496815,785,
2,7,4,3,3-4-8-9,0.001256281407035176,0.9987437185929648,1194,
2,7,4,3,3-4-9-10,0.0,1.0,696,DRAW
2,7,4,3,3-4-9-9,0.06521739130434782,0.9347826086956522,345,
2,7,4,3,3-5-10-10,0.0,1.0,385,DRAW
2,7,4,3,3-5-5-10,0.0020325203252032522,0.9979674796747967,246,
2,7,4,3,3-5-5-5,0.998587570621469,0.0014124293785310734,354,
2,7,4,3,3-5-5-6,0.0012141816415735794,0.9987858183584264,2059,
2,7,4,3,3-5-5-7,0.007263110267423273,0.9927368897325767,1346,
2,7,4,3,3-5-5-8,0.0024906600249066002,0.9975093399750934,803,
2,7,4,3,3-5-5-9,0.0023148148148148147,0.9976851851851852,432,
2,7,4,3,3-5-6-10,0.00546875,0.99453125,640,
2,7,4,3,3-5-6-6,0.0005449591280653951,0.9994550408719346,1835,
2,7,4,3,3-5-6-7,0.0010652463382157123,0.9989347536617843,3755,
2,7,4,3,3-5-6-8,0.002489814395654142,0.9975101856043459,2209,
2,7,4,3,3-5-6-9,0.0012787723785166241,0.9987212276214834,1173,
2,7,4,3,3-5-7-10,0.010670731707317074,0.989329268292683,656,
2,7,4,3,3-5-7-7,0.0012224938875305623,0.9987775061124694,1227,
2,7,4,3,3-5-7-8,0.0011327594019030357,0.998867240598097,2207,
2,7,4,3,3-5-7-9,0.001728608470181504,0.9982713915298185,1157,
2,7,4,3,3-5-8-10,0.0,1.0,740,DRAW
2,7,4,3,3-5-8-8,0.015360983102918587,0.9846390168970814,651,
2,7,4,3,3-5-8-9,0.0008695652173913044,0.9991304347826087,1150,
2,7,4,3,3-5-9-10,0.0,1.0,686,DRAW
2,7,4,3,3-5-9-9,0.0,1.0,362,DRAW
2,7,4,3,3-6-10-10,0.0,1.0,402,DRAW
2,7,4,3,3-6-6-10,0.0017857142857142857,0.9982142857142857,280,
2,7,4,3,3-6-6-6,0.14898114166116855,0.8510188583388314,304,
2,7,4,3,3-6-6-7,0.0022304832713754648,0.9977695167286246,1345,
2,7,4,3,3-6-6-8,0.002466091245376079,0.9975339087546239,811,
2,7,4,3,3-6-6-9,0.021788990825688075,0.9782110091743119,436,
2,7,4,3,3-6-7-10,0.0,1.0,688,DRAW
2,7,4,3,3-6-7-7,0.001652892561983471,0.9983471074380166,1210,
2,7,4,3,3-6-7-8,0.0007035647279549719,0.999296435272045,2132,
2,7,4,3,3-6-7-9,0.005111111111111111,0.9948888888888889,1125,
2,7,4,3,3-6-8-10,0.0,1.0,685,DRAW
2,7,4,3,3-6-8-8,0.01572798694010816,0.9842720130598918,726,
2,7,4,3,3-6-8-9,0.0,1.0,1072,DRAW
2,7,4,3,3-6-9-10,0.0,1.0,658,DRAW
2,7,4,3,3-6-9-9,0.0,1.0,355,DRAW
2,7,4,3,3-7-10-10,0.0,1.0,404,DRAW
2,7,4,3,3-7-7-10,0.0,1.0,241,DRAW
2,7,4,3,3-7-7-7,0.12542121131506603,0.874578788684934,179,
2,7,4,3,3-7-7-8,0.019689945861930087,0.9803100541380698,825,
2,7,4,3,3-7-7-9,0.0,1.0,395,DRAW
2,7,4,3,3-7-8-10,0.0,1.0,665,DRAW
2,7,4,3,3-7-8-8,0.0,1.0,672,DRAW
2,7,4,3,3-7-8-9,0.0,1.0,1123,DRAW
2,7,4,3,3-7-9-10,0.0,1.0,696,DRAW
2,7,4,3,3-7-9-9,0.0,1.0,364,DRAW
2,7,4,3,3-8-10-10,0.0,1.0,419,DRAW
2,7,4,3,3-8-8-10,0.0,1.0,230,DRAW
2,7,4,3,3-8-8-8,0.0,1.0,123,DRAW
2,7,4,3,3-8-8-9,0.0,1.0,411,DRAW
2,7,4,3,3-8-9-10,0.0,1.0,681,DRAW
2,7,4,3,3-8-9-9,0.0,1.0,340,DRAW
2,7,4,3,3-9-10-10,0.0,1.0,413,DRAW
2,7,4,3,3-9-9-10,0.0,1.0,239,DRAW
2,7,4,3,3-9-9-9,0.0,1.0,51,DRAW
2,7,4,3,4-10-10-10,0.0,1.0,186,DRAW
2,7,4,3,4-4-10-10,0.0,1.0,136,DRAW
2,7,4,3,4-4-4-10,0.15853658536585366,0.8414634146341463,41,
2,7,4,3,4-4-4-4,0.6428571428571429,0.35714285714285715,21,
2,7,4,3,4-4-4-5,0.9977005220782021,0.0022994779217978345,356,
2,7,4,3,4-4-4-6,0.30823938732573214,0.6917606126742678,278,
2,7,4,3,4-4-4-7,0.08717999892914527,0.9128200010708547,209,
2,7,4,3,4-4-4-8,0.004201680672268907,0.9957983193277311,119,
2,7,4,3,4-4-4-9,0.48101156856206456,0.5189884314379355,60,
2,7,4,3,4-4-5-10,0.0049833887043189366,0.9950166112956811,301,
2,7,4,3,4-4-5-5,0.9807959047730509,0.019204095226949037,797,
2,7,4,3,4-4-5-6,0.0005058168942842691,0.9994941831057157,1977,
2,7,4,3,4-4-5-7,0.0051660516605166054,0.9948339483394834,1355,
2,7,4,3,4-4-5-8,0.014947244199340059,0.98505275580066,836,
2,7,4,3,4-4-5-9,0.01020408163265306,0.9897959183673469,441,
2,7,4,3,4-4-6-10,0.005681818181818182,0.9943181818181818,264,
2,7,4,3,4-4-6-6,0.09637562712675103,0.903624372873249,606,
2,7,4,3,4-4-6-7,0.01983371731884903,0.980166282681151,1401,
2,7,4,3,4-4-6-8,0.03661862824510953,0.9633813717548904,816,
2,7,4,3,4-4-6-9,0.014634146341463415,0.9853658536585366,410,
2,7,4,3,4-4-7-10,0.0018656716417910447,0.9981343283582089,268,
2,7,4,3,4-4-7-7,0.035188023105033606,0.9648119768949664,499,
2,7,4,3,4-4-7-8,0.009646740682360735,0.9903532593176393,847,
2,7,4,3,4-4-7-9,0.0011086474501108647,0.9988913525498891,451,
2,7,4,3,4-4-8-10,0.0,1.0,235,DRAW
2,7,4,3,4-4-8-8,0.01556420233463035,0.9844357976653697,257,
2,7,4,3,4-4-8-9,0.003605769230769231,0.9963942307692307,416,
2,7,4,3,4-4-9-10,0.0,1.0,256,DRAW
2,7,4,3,4-4-9-9,0.0,1.0,138,DRAW
2,7,4,3,4-5-10-10,0.0,1.0,408,DRAW
2,7,4,3,4-5-5-10,0.027896995708154508,0.9721030042918455,233,
2,7,4,3,4-5-5-5,0.03248444703571337,0.9675155529642866,314,
2,7,4,3,4-5-5-6,0.0008165487207403375,0.9991834512792597,1837,
2,7,4,3,4-5-5-7,0.002250562640660165,0.9977494373593399,1333,
2,7,4,3,4-5-5-8,0.0005701254275940707,0.999429874572406,877,
2,7,4,3,4-5-5-9,0.0022123893805309734,0.9977876106194691,452,
2,7,4,3,4-5-6-10,0.0014184397163120568,0.9985815602836879,705,
2,7,4,3,4-5-6-6,0.002972972972972973,0.9970270270270271,1850,
2,7,4,3,4-5-6-7,0.0027423338359405273,0.9972576661640595,3703,
2,7,4,3,4-5-6-8,0.00022104332449160034,0.9997789566755084,2262,
2,7,4,3,4-5-6-9,0.001272264631043257,0.9987277353689568,1179,
2,7,4,3,4-5-7-10,0.0,1.0,713,DRAW
2,7,4,3,4-5-7-7,0.007211538461538462,0.9927884615384616,1248,
2,7,4,3,4-5-7-8,0.001392757660167131,0.9986072423398329,2154,
2,7,4,3,4-5-7-9,0.003094606542882405,0.9969053934571176,1131,
2,7,4,3,4-5-8-10,0.0,1.0,671,DRAW
2,7,4,3,4-5-8-8,0.0013531799729364006,0.9986468200270636,739,
2,7,4,3,4-5-8-9,0.0,1.0,1159,DRAW
2,7,4,3,4-5-9-10,0.0,1.0,639,DRAW
2,7,4,3,4-5-9-9,0.0,1.0,334,DRAW
2,7,4,3,4-6-10-10,0.0,1.0,427,DRAW
2,7,4,3,4-6-6-10,0.0,1.0,240,DRAW
2,7,4,3,4-6-6-6,0.011538461538461539,0.9884615384615385,260,
2,7,4,3,4-6-6-7,0.008664259927797834,0.9913357400722022,1385,
2,7,4,3,4-6-6-8,0.01720047449584816,0.9827995255041518,843,
2,7,4,3,4-6-6-9,0.013888888888888888,0.9861111111111112,432,
2,7,4,3,4-6-7-10,0.0,1.0,673,DRAW
2,7,4,3,4-6-7-7,0.0162609736632083,0.9837390263367917,1253,
2,7,4,3,4-6-7-8,0.0008984725965858042,0.9991015274034142,2226,
2,7,4,3,4-6-7-9,0.0,1.0,1087,DRAW
2,7,4,3,4-6-8-10,0.0,1.0,654,DRAW
2,7,4,3,4-6-8-8,0.0,1.0,741,DRAW
2,7,4,3,4-6-8-9,0.0,1.0,1107,DRAW
2,7,4,3,4-6-9-10,0.0,1.0,675,DRAW
2,7,4,3,4-6-9-9,0.0,1.0,364,DRAW
2,7,4,3,4-7-10-10,0.0,1.0,422,DRAW
2,7,4,3,4-7-7-10,0.0,1.0,268,DRAW
2,7,4,3,4-7-7-7,0.018421052631578946,0.9815789473684211,190,
2,7,4,3,4-7-7-8,0.0,1.0,770,DRAW
2,7,4,3,4-7-7-9,0.0,1.0,433,DRAW
2,7,4,3,4-7-8-10,0.0,1.0,661,DRAW
2,7,4,3,4-7-8-8,0.0,1.0,690,DRAW
2,7,4,3,4-7-8-9,0.0,1.0,1071,DRAW
2,7,4,3,4-7-9-10,0.0,1.0,697,DRAW
2,7,4,3,4-7-9-9,0.0,1.0,345,DRAW
2,7,4,3,4-8-10-10,0.0,1.0,401,DRAW
2,7,4,3,4-8-8-10,0.0,1.0,260,DRAW
2,7,4,3,4-8-8-8,0.0,1.0,117,DRAW
2,7,4,3,4-8-8-9,0.0,1.0,430,DRAW
2,7,4,3,4-8-9-10,0.0,1.0,640,DRAW
2,7,4,3,4-8-9-9,0.0,1.0,368,DRAW
2,7,4,3,4-9-10-10,0.0,1.0,395,DRAW
2,7,4,3,4-9-9-10,0.0,1.0,243,DRAW
2,7,4,3,4-9-9-9,0.0,1.0,51,DRAW
2,7,4,3,5-10-10-10,0.0,1.0,183,DRAW
2,7,4,3,5-5-10-10,0.0,1.0,144,DRAW
2,7,4,3,5-5-5-10,0.022222222222222223,0.9777777777777777,45,
2,7,4,3,5-5-5-5,0.8157894736842105,0.18421052631578946,19,
2,7,4,3,5-5-5-6,0.011182108626198083,0.9888178913738019,313,
2,7,4,3,5-5-5-7,0.01072961373390558,0.9892703862660944,233,
2,7,4,3,5-5-5-8,0.017857142857142856,0.9821428571428571,112,
2,7,4,3,5-5-5-9,0.045454545454545456,0.9545454545454546,66,
2,7,4,3,5-5-6-10,0.0,1.0,242,DRAW
2,7,4,3,5-5-6-6,0.03700234999770119,0.9629976500022988,691,
2,7,4,3,5-5-6-7,0.0014695077149155032,0.9985304922850845,1361,
2,7,4,3,5-5-6-8,0.011235955056179775,0.9887640449438202,801,
2,7,4,3,5-5-6-9,0.002074688796680498,0.9979253112033195,482,
2,7,4,3,5-5-7-10,0.0,1.0,243,DRAW
2,7,4,3,5-5-7-7,0.0033632286995515697,0.9966367713004485,446,
2,7,4,3,5-5-7-8,0.0005889281507656066,0.9994110718492344,849,
2,7,4,3,5-5-7-9,0.0,1.0,427,DRAW
2,7,4,3,5-5-8-10,0.0,1.0,239,DRAW
2,7,4,3,5-5-8-8,0.0,1.0,279,DRAW
2,7,4,3,5-5-8-9,0.0,1.0,442,DRAW
2,7,4,3,5-5-9-10,0.0,1.0,268,DRAW
2,7,4,3,5-5-9-9,0.0,1.0,140,DRAW
2,7,4,3,5-6-10-10,0.0,1.0,395,DRAW
2,7,4,3,5-6-6-10,0.0,1.0,268,DRAW
2,7,4,3,5-6-6-6,0.04484335385729809,0.9551566461427019,251,
2,7,4,3,5-6-6-7,0.018833617726691305,0.9811663822733088,1326,
2,7,4,3,5-6-6-8,0.013513513513513514,0.9864864864864865,851,
2,7,4,3,5-6-6-9,0.0,1.0,427,DRAW
2,7,4,3,5-6-7-10,0.0,1.0,661,DRAW
2,7,4,3,5-6-7-7,0.002943650126156434,0.9970563498738436,1189,
2,7,4,3,5-6-7-8,0.0,1.0,2121,DRAW
2,7,4,3,5-6-7-9,0.0,1.0,1145,DRAW
2,7,4,3,5-6-8-10,0.0,1.0,661,DRAW
2,7,4,3,5-6-8-8,0.0,1.0,675,DRAW
2,7,4,3,5-6-8-9,0.0,1.0,1080,DRAW
2,7,4,3,5-6-9-10,0.0,1.0,690,DRAW
2,7,4,3,5-6-9-9,0.0,1.0,360,DRAW
2,7,4,3,5-7-10-10,0.0,1.0,414,DRAW
2,7,4,3,5-7-7-10,0.0,1.0,258,DRAW
2,7,4,3,5-7-7-7,0.0,1.0,213,DRAW
2,7,4,3,5-7-7-8,0.0,1.0,803,DRAW
2,7,4,3,5-7-7-9,0.0,1.0,440,DRAW
2,7,4,3,5-7-8-10,0.0,1.0,675,DRAW
2,7,4,3,5-7-8-8,0.0,1.0,681,DRAW
2,7,4,3,5-7-8-9,0.0,1.0,1105,DRAW
2,7,4,3,5-7-9-10,0.0,1.0,633,DRAW
2,7,4,3,5-7-9-9,0.0,1.0,378,DRAW
2,7,4,3,5-8-10-10,0.0,1.0,392,DRAW
2,7,4,3,5-8-8-10,0.0,1.0,232,DRAW
2,7,4,3,5-8-8-8,0.0,1.0,93,DRAW
2,7,4,3,5-8-8-9,0.0,1.0,416,DRAW
2,7,4,3,5-8-9-10,0.0,1.0,696,DRAW
2,7,4,3,5-8-9-9,0.0,1.0,340,DRAW
2,7,4,3,5-9-10-10,0.0,1.0,383,DRAW
2,7,4,3,5-9-9-10,0.0,1.0,229,DRAW
2,7,4,3,5-9-9-9,0.0,1.0,57,DRAW
2,7,4,3,6-10-10-10,0.0,1.0,187,DRAW
2,7,4,3,6-6-10-10,0.0,1.0,145,DRAW
2,7,4,3,6-6-6-10,0.0,1.0,32,DRAW
2,7,4,3,6-6-6-6,0.029411764705882353,0.9705882352941176,17,
2,7,4,3,6-6-6-7,0.0022123893805309734,0.9977876106194691,226,
2,7,4,3,6-6-6-8,0.0,1.0,141,DRAW
2,7,4,3,6-6-6-9,0.0,1.0,67,DRAW
2,7,4,3,6-6-7-10,0.0,1.0,262,DRAW
2,7,4,3,6-6-7-7,0.0,1.0,462,DRAW
2,7,4,3,6-6-7-8,0.0,1.0,792,DRAW
2,7,4,3,6-6-7-9,0.0,1.0,446,DRAW
2,7,4,3,6-6-8-10,0.0,1.0,245,DRAW
2,7,4,3,6-6-8-8,0.0,1.0,259,DRAW
2,7,4,3,6-6-8-9,0.0,1.0,418,DRAW
2,7,4,3,6-6-9-10,0.0,1.0,231,DRAW
2,7,4,3,6-6-9-9,0.0,1.0,137,DRAW
2,7,4,3,6-7-10-10,0.0,1.0,413,DRAW
2,7,4,3,6-7-7-10,0.0,1.0,247,DRAW
2,7,4,3,6-7-7-7,0.0,1.0,172,DRAW
2,7,4,3,6-7-7-8,0.0,1.0,747,DRAW
2,7,4,3,6-7-7-9,0.0,1.0,424,DRAW
2,7,4,3,6-7-8-10,0.0,1.0,637,DRAW
2,7,4,3,6-7-8-8,0.0,1.0,738,DRAW
2,7,4,3,6-7-8-9,0.0,1.0,1126,DRAW
2,7,4,3,6-7-9-10,0.0,1.0,703,DRAW
2,7,4,3,6-7-9-9,0.0,1.0,349,DRAW
2,7,4,3,6-8-10-10,0.0,1.0,350,DRAW
2,7,4,3,6-8-8-10,0.0,1.0,266,DRAW
2,7,4,3,6-8-8-8,0.0,1.0,92,DRAW
2,7,4,3,6-8-8-9,0.0,1.0,427,DRAW
2,7,4,3,6-8-9-10,0.0,1.0,610,DRAW
2,7,4,3,6-8-9-9,0.0,1.0,353,DRAW
2,7,4,3,6-9-10-10,0.0,1.0,406,DRAW
2,7,4,3,6-9-9-10,0.0,1.0,231,DRAW
2,7,4,3,6-9-9-9,0.0,1.0,62,DRAW
2,7,4,3,7-10-10-10,0.0,1.0,193,DRAW
2,7,4,3,7-7-10-10,0.0,1.0,132,DRAW
2,7,4,3,7-7-7-10,0.0,1.0,36,DRAW
2,7,4,3,7-7-7-7,0.0,1.0,6,DRAW
2,7,4,3,7-7-7-8,0.0,1.0,130,DRAW
2,7,4,3,7-7-7-9,0.0,1.0,65,DRAW
2,7,4,3,7-7-8-10,0.0,1.0,234,DRAW
2,7,4,3,7-7-8-8,0.0,1.0,249,DRAW
2,7,4,3,7-7-8-9,0.0,1.0,376,DRAW
2,7,4,3,7-7-9-10,0.0,1.0,251,DRAW
2,7,4,3,7-7-9-9,0.0,1.0,135,DRAW
2,7,4,3,7-8-10-10,0.0,1.0,421,DRAW
2,7,4,3,7-8-8-10,0.0,1.0,283,DRAW
2,7,4,3,7-8-8-8,0.0,1.0,109,DRAW
2,7,4,3,7-8-8-9,0.0,1.0,402,DRAW
2,7,4,3,7-8-9-10,0.0,1.0,635,DRAW
2,7,4,3,7-8-9-9,0.0,1.0,324,DRAW
2,7,4,3,7-9-10-10,0.0,1.0,373,DRAW
2,7,4,3,7-9-9-10,0.0,1.0,216,DRAW
2,7,4,3,7-9-9-9,0.0,1.0,62,DRAW
2,7,4,3,8-10-10-10,0.0,1.0,181,DRAW
2,7,4,3,8-8-10-10,0.0,1.0,179,DRAW
2,7,4,3,8-8-8-10,0.0,1.0,40,DRAW
2,7,4,3,8-8-8-8,0.0,1.0,7,DRAW
2,7,4,3,8-8-8-9,0.0,1.0,44,DRAW
2,7,4,3,8-8-9-10,0.0,1.0,211,DRAW
2,7,4,3,8-8-9-9,0.0,1.0,139,DRAW
2,7,4,3,8-9-10-10,0.0,1.0,413,DRAW
2,7,4,3,8-9-9-10,0.0,1.0,252,DRAW
2,7,4,3,8-9-9-9,0.0,1.0,57,DRAW
2,7,4,3,9-10-10-10,0.0,1.0,183,DRAW
2,7,4,3,9-9-10-10,0.0,1.0,155,DRAW
2,7,4,3,9-9-9-10,0.0,1.0,51,DRAW
2,7,4,3,9-9-9-9,0.0,1.0,1,DRAW
2,9,5,4,1-1-1-1,1.0,0.0,28,STOP
2,9,5,4,1-1-1-10,0.041666666666666664,0.9583333333333334,12,
2,9,5,4,1-1-1-2,1.0,0.0,716,STOP
2,9,5,4,1-1-1-3,1.0,0.0,554,STOP
2,9,5,4,1-1-1-4,0.5,0.5,640,
2,9,5,4,1-1-1-5,0.6266094420600858,0.37339055793991416,466,
2,9,5,4,1-1-1-6,0.42770854707267053,0.5722914529273295,336,
2,9,5,4,1-1-1-7,0.8171181114752516,0.18288188852474835,185,
2,9,5,4,1-1-1-8,0.05128205128205128,0.9487179487179487,78,
2,9,5,4,1-1-1-9,0.25,0.75,26,
2,9,5,4,1-1-10-10,0.0196078431372549,0.9803921568627451,51,
2,9,5,4,1-1-2-10,0.022123893805309734,0.9778761061946902,113,
2,9,5,4,1-1-2-2,0.0,1.0,3721,DRAW
2,9,5,4,1-1-2-3,0.9992864787727435,0.0007135212272565109,5606,
2,9,5,4,1-1-2-4,0.011428757488929409,0.9885712425110705,3839,
2,9,5,4,1-1-2-5,0.018422474216249034,0.981577525783751,3186,
2,9,5,4,1-1-2-6,0.05046855551706486,0.949531444482935,2322,
2,9,5,4,1-1-2-7,0.07263264554163597,0.927367354458364,1357,
2,9,5,4,1-1-2-8,0.011651804089764248,0.9883481959102357,634,
2,9,5,4,1-1-2-9,0.01282051282051282,0.9871794871794872,234,
2,9,5,4,1-1-3-10,0.014563106796116505,0.9854368932038835,103,
2,9,5,4,1-1-3-3,0.14953151065230239,0.8504684893476976,2002,
2,9,5,4,1-1-3-4,0.975162484238447,0.02483751576155312,4271,
2,9,5,4,1-1-3-5,0.3417363772714394,0.6582636227285606,2723,
2,9,5,4,1-1-3-6,0.0016674606955693187,0.9983325393044307,2099,
2,9,5,4,1-1-3-7,0.013462976813762155,0.9865370231862378,1337,
2,9,5,4,1-1-3-8,0.0007496251874062968,0.9992503748125937,667,
2,9,5,4,1-1-3-9,0.06304194806863012,0.9369580519313698,253,
2,9,5,4,1-1-4-10,0.013157894736842105,0.9868421052631579,114,
2,9,5,4,1-1-4-4,0.4189936780547989,0.581006321945201,1354,
2,9,5,4,1-1-4-5,0.7722299024540467,0.22777009754595326,2994,
2,9,5,4,1-1-4-6,0.08951770606795784,0.9104822939320423,2270,
2,9,5,4,1-1-4-7,0.0010980966325036604,0.9989019033674963,1366,
2,9,5,4,1-1-4-8,0.0016181229773462784,0.9983818770226537,618,
2,9,5,4,1-1-4-9,0.0574198337125964,0.9425801662874035,309,
2,9,5,4,1-1-5-10,0.02252252252252252,0.9774774774774775,111,
2,9,5,4,1-1-5-5,0.007905138339920948,0.9920948616600791,1012,
2,9,5,4,1-1-5-6,0.04147047913624804,0.958529520863752,2244,
2,9,5,4,1-1-5-7,0.015126027495419659,0.9848739725045804,1329,
2,9,5,4,1-1-5-8,0.0056360708534621586,0.9943639291465378,621,
2,9,5,4,1-1-5-9,0.0055762081784386614,0.9944237918215614,269,
2,9,5,4,1-1-6-10,0.03690248476465265,0.9630975152353474,111,
2,9,5,4,1-1-6-6,0.014817548268753518,0.9851824517312464,728,
2,9,5,4,1-1-6-7,0.003450920245398773,0.9965490797546013,1304,
2,9,5,4,1-1-6-8,0.05622894793040936,0.9437710520695907,653,
2,9,5,4,1-1-6-9,0.005681818181818182,0.9943181818181818,264,
2,9,5,4,1-1-7-10,0.015625,0.984375,96,
2,9,5,4,1-1-7-7,0.0012345679012345679,0.9987654320987654,405,
2,9,5,4,1-1-7-8,0.0007062146892655367,0.9992937853107344,708,
2,9,5,4,1-1-7-9,0.00205761316872428,0.9979423868312757,243,
2,9,5,4,1-1-8-10,0.014705882352941176,0.9852941176470589,102,
2,9,5,4,1-1-8-8,0.01699029126213592,0.9830097087378641,206,
2,9,5,4,1-1-8-9,0.02634169523744866,0.9736583047625514,267,
2,9,5,4,1-1-9-10,0.01485148514851485,0.9851485148514851,101,
2,9,5,4,1-1-9-9,0.015625,0.984375,64,
2,9,5,4,1-10-10-10,0.0,1.0,36,DRAW
2,9,5,4,1-2-10-10,0.004347826086956522,0.9956521739130435,115,
2,9,5,4,1-2-2-10,0.03164556962025317,0.9683544303797469,79,
2,9,5,4,1-2-2-2,0.10073449055500246,0.8992655094449975,1338,
2,9,5,4,1-2-2-3,0.7900948131707695,0.20990518682923048,5489,
2,9,5,4,1-2-2-4,0.08349983370849567,0.9165001662915043,3907,
2,9,5,4,1-2-2-5,0.014743636147989864,0.9852563638520102,2914,
2,9,5,4,1-2-2-6,0.02531577476453992,0.9746842252354602,2389,
2,9,5,4,1-2-2-7,0.033930920441213513,0.9660690795587865,1290,
2,9,5,4,1-2-2-8,0.0038402457757296467,0.9961597542242704,651,
2,9,5,4,1-2-2-9,0.026690391459074734,0.9733096085409253,281,
2,9,5,4,1-2-3-10,0.032534246575342464,0.9674657534246576,292,
2,9,5,4,1-2-3-3,0.9972717351764278,0.002728264823572208,5498,
2,9,5,4,1-2-3-4,0.9790756622750457,0.02092433772495423,10237,
2,9,5,4,1-2-3-5,0.4083942290401646,0.5916057709598355,7881,
2,9,5,4,1-2-3-6,0.02040684117245266,0.9795931588275473,5870,
2,9,5,4,1-2-3-7,0.0024014305054396116,0.9975985694945604,3710,
2,9,5,4,1-2-3-8,0.00953808845206131,0.9904619115479387,1785,
2,9,5,4,1-2-3-9,0.005442176870748299,0.9945578231292517,735,
2,9,5,4,1-2-4-10,0.015625000000000003,0.984375,272,
2,9,5,4,1-2-4-4,0.9619145083681773,0.03808549163182269,3338,
2,9,5,4,1-2-4-5,0.2851819384021228,0.7148180615978772,7219,
2,9,5,4,1-2-4-6,0.005043050519115567,0.9949569494808843,5592,
2,9,5,4,1-2-4-7,0.0001416029453412631,0.9998583970546587,3531,
2,9,5,4,1-2-4-8,0.0008741258741258741,0.9991258741258742,1716,
2,9,5,4,1-2-4-9,0.004178272980501393,0.9958217270194986,718,
2,9,5,4,1-2-5-10,0.005747126436781609,0.9942528735632183,261,
2,9,5,4,1-2-5-5,0.012828395967029945,0.98717160403297,2612,
2,9,5,4,1-2-5-6,0.001441899915182358,0.9985581000848176,5895,
2,9,5,4,1-2-5-7,0.004023813680705934,0.9959761863192941,3609,
2,9,5,4,1-2-5-8,0.002815315315315315,0.9971846846846847,1776,
2,9,5,4,1-2-5-9,0.006189821182943604,0.9938101788170564,727,
2,9,5,4,1-2-6-10,0.0017421602787456446,0.9982578397212544,287,
2,9,5,4,1-2-6-6,0.002384358607534573,0.9976156413924654,2097,
2,9,5,4,1-2-6-7,0.0001422879908935686,0.9998577120091064,3514,
2,9,5,4,1-2-6-8,0.01972761778141302,0.980272382218587,1734,
2,9,5,4,1-2-6-9,0.007541478129713424,0.9924585218702866,663,
2,9,5,4,1-2-7-10,0.010714285714285714,0.9892857142857143,280,
2,9,5,4,1-2-7-7,0.0021551724137931034,0.9978448275862069,1160,
2,9,5,4,1-2-7-8,0.0014594279042615295,0.9985405720957384,1713,
2,9,5,4,1-2-7-9,0.0029069767441860465,0.997093023255814,688,
2,9,5,4,1-2-8-10,0.012727272727272728,0.9872727272727273,275,
2,9,5,4,1-2-8-8,0.035977859778597784,0.9640221402214022,542,
2,9,5,4,1-2-8-9,0.00361794500723589,0.9963820549927641,691,
2,9,5,4,1-2-9-10,0.0017421602787456446,0.9982578397212544,287,
2,9,5,4,1-2-9-9,0.005128205128205128,0.9948717948717949,195,
2,9,5,4,1-3-10-10,0.018115942028985508,0.9818840579710145,138,
2,9,5,4,1-3-3-10,0.004132231404958678,0.9958677685950413,121,
2,9,5,4,1-3-3-3,0.5577141167955417,0.44228588320445816,815,
2,9,5,4,1-3-3-4,0.9981358189081225,0.0018641810918774966,3755,
2,9,5,4,1-3-3-5,0.9652744386048767,0.034725561395123394,2792,
2,9,5,4,1-3-3-6,0.0006418485237483953,0.9993581514762516,2337,
2,9,5,4,1-3-3-7,0.0003756574004507889,0.9996243425995492,1331,
2,9,5,4,1-3-3-8,0.020145145145145146,0.9798548548548549,666,
2,9,5,4,1-3-3-9,0.008,0.992,250,
2,9,5,4,1-3-4-10,0.0017985611510791368,0.9982014388489209,278,
2,9,5,4,1-3-4-4,0.999858276643991,0.0001417233560090703,3528,
2,9,5,4,1-3-4-5,0.9610683313263237,0.038931668673676235,7375,
2,9,5,4,1-3-4-6,0.0002608695652173913,0.9997391304347826,5750,
2,9,5,4,1-3-4-7,0.0014521910364470858,0.9985478089635529,3676,
2,9,5,4,1-3-4-8,0.0005431830526887561,0.9994568169473113,1841,
2,9,5,4,1-3-4-9,0.0006915629322268327,0.9993084370677732,723,
2,9,5,4,1-3-5-10,0.013358778625954198,0.9866412213740458,262,
2,9,5,4,1-3-5-5,0.15349664535362276,0.8465033546463773,2526,
2,9,5,4,1-3-5-6,0.0004990850108135085,0.9995009149891865,6011,
2,9,5,4,1-3-5-7,0.0002794076557697681,0.9997205923442303,3579,
2,9,5,4,1-3-5-8,0.0023054755043227667,0.9976945244956772,1735,
2,9,5,4,1-3-5-9,0.002094972067039106,0.9979050279329609,716,
2,9,5,4,1-3-6-10,0.0036101083032490976,0.9963898916967509,277,
2,9,5,4,1-3-6-6,0.0032817627754336614,0.9967182372245663,2133,
2,9,5,4,1-3-6-7,0.0049728037298676885,0.9950271962701324,3512,
2,9,5,4,1-3-6-8,0.004123144584936778,0.9958768554150632,1819,
2,9,5,4,1-3-6-9,0.001443001443001443,0.9985569985569985,693,
2,9,5,4,1-3-7-10,0.006493506493506494,0.9935064935064936,231,
2,9,5,4,1-3-7-7,0.0026362038664323375,0.9973637961335676,1138,
2,9,5,4,1-3-7-8,0.0017709563164108619,0.9982290436835891,1694,
2,9,5,4,1-3-7-9,0.006056527590847914,0.993943472409152,743,
2,9,5,4,1-3-8-10,0.016245487364620937,0.983754512635379,277,
2,9,5,4,1-3-8-8,0.0009276437847866419,0.9990723562152134,539,
2,9,5,4,1-3-8-9,0.002785515320334262,0.9972144846796658,718,
2,9,5,4,1-3-9-10,0.0035087719298245615,0.9964912280701754,285,
2,9,5,4,1-3-9-9,0.006607929515418502,0.9933920704845814,227,
2,9,5,4,1-4-10-10,0.0037593984962406013,0.9962406015037594,133,
2,9,5,4,1-4-4-10,0.025252525252525252,0.9747474747474747,99,
2,9,5,4,1-4-4-4,0.9962049335863378,0.003795066413662239,527,
2,9,5,4,1-4-4-5,0.2167736096088169,0.783226390391183,2654,
2,9,5,4,1-4-4-6,0.010969326866994391,0.9890306731330056,2041,
2,9,5,4,1-4-4-7,0.028290454884414618,0.9717095451155854,1341,
2,9,5,4,1-4-4-8,0.010385756676557863,0.9896142433234422,674,
2,9,5,4,1-4-4-9,0.00641025641025641,0.9935897435897436,312,
2,9,5,4,1-4-5-10,0.014705882352941176,0.9852941176470589,238,
2,9,5,4,1-4-5-5,0.24878606891763175,0.7512139310823683,2579,
2,9,5,4,1-4-5-6,0.00016066838046272492,0.9998393316195373,6224,
2,9,5,4,1-4-5-7,0.0015845577643330453,0.9984154422356669,3471,
2,9,5,4,1-4-5-8,0.0008615738081562321,0.9991384261918438,1741,
2,9,5,4,1-4-5-9,0.002797202797202797,0.9972027972027973,715,
2,9,5,4,1-4-6-10,0.011904761904761904,0.9880952380952381,252,
2,9,5,4,1-4-6-6,0.026583311272302238,0.9734166887276977,1890,
2,9,5,4,1-4-6-7,0.0013900472616068947,0.9986099527383931,3597,
2,9,5,4,1-4-6-8,0.0005770340450086555,0.9994229659549914,1733,
2,9,5,4,1-4-6-9,0.0014044943820224719,0.9985955056179775,712,
2,9,5,4,1-4-7-10,0.005119453924914676,0.9948805460750854,293,
2,9,5,4,1-4-7-7,0.004778119507908612,0.9952218804920914,1138,
2,9,5,4,1-4-7-8,0.0017931858936043037,0.9982068141063957,1673,
2,9,5,4,1-4-7-9,0.01394700139470014,0.9860529986052998,717,
2,9,5,4,1-4-8-10,0.005016722408026756,0.9949832775919732,299,
2,9,5,4,1-4-8-8,0.0049504950495049506,0.995049504950495,505,
2,9,5,4,1-4-8-9,0.0006925207756232687,0.9993074792243767,722,
2,9,5,4,1-4-9-10,0.012027491408934709,0.9879725085910653,291,
2,9,5,4,1-4-9-9,0.02252252252252252,0.9774774774774775,222,
2,9,5,4,1-5-10-10,0.0,1.0,101,DRAW
2,9,5,4,1-5-5-10,0.028455284552845527,0.9715447154471545,123,
2,9,5,4,1-5-5-5,0.12889662912134373,0.8711033708786563,441,
2,9,5,4,1-5-5-6,0.00023084025854108956,0.9997691597414589,2166,
2,9,5,4,1-5-5-7,0.03643667757805315,0.9635633224219469,1288,
2,9,5,4,1-5-5-8,0.003869969040247678,0.9961300309597523,646,
2,9,5,4,1-5-5-9,0.0035087719298245615,0.9964912280701754,285,
2,9,5,4,1-5-6-10,0.003875968992248062,0.9961240310077519,258,
2,9,5,4,1-5-6-6,0.011830443005513525,0.9881695569944864,2127,
2,9,5,4,1-5-6-7,0.0032203103285685926,0.9967796896714314,3504,
2,9,5,4,1-5-6-8,0.002292263610315186,0.9977077363896848,1745,
2,9,5,4,1-5-6-9,0.019667170953101363,0.9803328290468987,661,
2,9,5,4,1-5-7-10,0.005474452554744526,0.9945255474452555,274,
2,9,5,4,1-5-7-7,0.0195822454308094,0.9804177545691906,1149,
2,9,5,4,1-5-7-8,0.003325272067714631,0.9966747279322854,1654,
2,9,5,4,1-5-7-9,0.0007163323782234957,0.9992836676217765,698,
2,9,5,4,1-5-8-10,0.011111111111111112,0.9888888888888889,270,
2,9,5,4,1-5-8-8,0.00186219739292365,0.9981378026070763,537,
2,9,5,4,1-5-8-9,0.00357653791130186,0.9964234620886981,699,
2,9,5,4,1-5-9-10,0.05653625954198473,0.9434637404580153,262,
2,9,5,4,1-5-9-9,0.013824884792626729,0.9861751152073732,217,
2,9,5,4,1-6-10-10,0.0,1.0,119,DRAW
2,9,5,4,1-6-6-10,0.04017857142857143,0.9598214285714286,112,
2,9,5,4,1-6-6-6,0.001597444089456869,0.9984025559105432,313,
2,9,5,4,1-6-6-7,0.005267118133935289,0.9947328818660647,1329,
2,9,5,4,1-6-6-8,0.00718849840255591,0.9928115015974441,626,
2,9,5,4,1-6-6-9,0.0055762081784386614,0.9944237918215614,269,
2,9,5,4,1-6-7-10,0.03968253968253968,0.9603174603174603,252,
2,9,5,4,1-6-7-7,0.0009124087591240876,0.9990875912408759,1096,
2,9,5,4,1-6-7-8,0.005136986301369863,0.9948630136986302,1752,
2,9,5,4,1-6-7-9,0.025,0.975,640,
2,9,5,4,1-6-8-10,0.0037174721189591076,0.9962825278810409,269,
2,9,5,4,1-6-8-8,0.0036101083032490976,0.9963898916967509,554,
2,9,5,4,1-6-8-9,0.004559270516717325,0.9954407294832827,658,
2,9,5,4,1-6-9-10,0.0,1.0,281,DRAW
2,9,5,4,1-6-9-9,0.0026041666666666665,0.9973958333333334,192,
2,9,5,4,1-7-10-10,0.0,1.0,121,DRAW
2,9,5,4,1-7-7-10,0.047872340425531915,0.9521276595744681,94,
2,9,5,4,1-7-7-7,0.011904761904761904,0.9880952380952381,126,
2,9,5,4,1-7-7-8,0.005520504731861199,0.9944794952681388,634,
2,9,5,4,1-7-7-9,0.02734375,0.97265625,256,
2,9,5,4,1-7-8-10,0.0,1.0,278,DRAW
2,9,5,4,1-7-8-8,0.008403361344537815,0.9915966386554622,476,
2,9,5,4,1-7-8-9,0.0007288629737609329,0.999271137026239,686,
2,9,5,4,1-7-9-10,0.0,1.0,275,DRAW
2,9,5,4,1-7-9-9,0.0,1.0,194,DRAW
2,9,5,4,1-8-10-10,0.0,1.0,140,DRAW
2,9,5,4,1-8-8-10,0.0,1.0,113,DRAW
2,9,5,4,1-8-8-8,0.05128205128205128,0.9487179487179487,78,
2,9,5,4,1-8-8-9,0.0,1.0,300,DRAW
2,9,5,4,1-8-9-10,0.0,1.0,244,DRAW
2,9,5,4,1-8-9-9,0.0,1.0,203,DRAW
2,9,5,4,1-9-10-10,0.0,1.0,144,DRAW
2,9,5,4,1-9-9-10,0.0,1.0,93,DRAW
2,9,5,4,1-9-9-9,0.0,1.0,29,DRAW
2,9,5,4,10-10-10-10,0.0,1.0,7,DRAW
2,9,5,4,2-10-10-10,0.0,1.0,43,DRAW
2,9,5,4,2-2-10-10,0.07446808510638298,0.925531914893617,47,
2,9,5,4,2-2-2-10,0.09375,0.90625,16,
2,9,5,4,2-2-2-2,0.419921875,0.580078125,64,
2,9,5,4,2-2-2-3,0.9988738738738738,0.0011261261261261261,888,
2,9,5,4,2-2-2-4,0.8983965557377476,0.10160344426225237,594,
2,9,5,4,2-2-2-5,0.15827195373047892,0.841728046269521,412,
2,9,5,4,2-2-2-6,0.3922375602882251,0.6077624397117749,316,
2,9,5,4,2-2-2-7,0.13771372246244118,0.8622862775375587,234,
2,9,5,4,2-2-2-8,0.16024657229916453,0.8397534277008355,112,
2,9,5,4,2-2-2-9,0.022222222222222223,0.9777777777777777,45,
2,9,5,4,2-2-3-10,0.017241379310344827,0.9827586206896551,87,
2,9,5,4,2-2-3-3,0.9609560348439402,0.03904396515605978,1878,
2,9,5,4,2-2-3-4,0.9925984215649047,0.007401578435095266,3824,
2,9,5,4,2-2-3-5,0.949480871459206,0.05051912854079393,2561,
2,9,5,4,2-2-3-6,0.4750990425696234,0.5249009574303767,1961,
2,9,5,4,2-2-3-7,0.00039154267815191856,0.9996084573218481,1277,
2,9,5,4,2-2-3-8,0.0029717682020802376,0.9970282317979198,673,
2,9,5,4,2-2-3-9,0.011824324324324325,0.9881756756756757,296,
2,9,5,4,2-2-4-10,0.01327433628318584,0.9867256637168141,113,
2,9,5,4,2-2-4-4,0.9593310153197004,0.04066898468029949,1317,
2,9,5,4,2-2-4-5,0.9878707590306266,0.01212924096937341,2690,
2,9,5,4,2-2-4-6,0.006859382655560999,0.993140617344439,2041,
2,9,5,4,2-2-4-7,0.0026435045317220545,0.997356495468278,1324,
2,9,5,4,2-2-4-8,0.0008223684210526315,0.9991776315789473,608,
2,9,5,4,2-2-4-9,0.005172413793103448,0.9948275862068966,290,
2,9,5,4,2-2-5-10,0.03508771929824561,0.9649122807017544,114,
2,9,5,4,2-2-5-5,0.6254721841370404,0.3745278158629597,942,
2,9,5,4,2-2-5-6,0.04299905117250333,0.9570009488274968,2153,
2,9,5,4,2-2-5-7,0.0036618857358837395,0.9963381142641163,1292,
2,9,5,4,2-2-5-8,0.0032679738562091504,0.9967320261437909,612,
2,9,5,4,2-2-5-9,0.002,0.998,250,
2,9,5,4,2-2-6-10,0.008928571428571428,0.9910714285714286,112,
2,9,5,4,2-2-6-6,0.0021216407355021216,0.9978783592644979,707,
2,9,5,4,2-2-6-7,0.0003885003885003885,0.9996114996114996,1287,
2,9,5,4,2-2-6-8,0.005785123966942148,0.9942148760330578,605,
2,9,5,4,2-2-6-9,0.0019455252918287938,0.9980544747081712,257,
2,9,5,4,2-2-7-10,0.02,0.98,125,
2,9,5,4,2-2-7-7,0.018263585050140183,0.9817364149498599,400,
2,9,5,4,2-2-7-8,0.006984950353978361,0.9930150496460216,607,
2,9,5,4,2-2-7-9,0.01859504132231405,0.981404958677686,242,
2,9,5,4,2-2-8-10,0.03608247422680412,0.9639175257731959,97,
2,9,5,4,2-2-8-8,0.014150943396226415,0.9858490566037735,212,
2,9,5,4,2-2-8-9,0.004132231404958678,0.9958677685950413,242,
2,9,5,4,2-2-9-10,0.019230769230769232,0.9807692307692307,78,
2,9,5,4,2-2-9-9,0.03205128205128205,0.967948717948718,78,
2,9,5,4,2-3-10-10,0.023148148148148147,0.9768518518518519,108,
2,9,5,4,2-3-3-10,0.018691588785046728,0.9813084112149533,107,
2,9,5,4,2-3-3-3,0.7755167412027315,0.2244832587972686,790,
2,9,5,4,2-3-3-4,0.9515593200234289,0.04844067997657105,3800,
2,9,5,4,2-3-3-5,0.8916632890799933,0.10833671092000666,2645,
2,9,5,4,2-3-3-6,0.011995313649509249,0.9880046863504908,1985,
2,9,5,4,2-3-3-7,0.011716710632603704,0.9882832893673962,1248,
2,9,5,4,2-3-3-8,0.0015147984152878117,0.9984852015847122,613,
2,9,5,4,2-3-3-9,0.0057251908396946565,0.9942748091603053,262,
2,9,5,4,2-3-4-10,0.028145695364238412,0.9718543046357616,302,
2,9,5,4,2-3-4-4,0.9913744740532958,0.008625525946704066,3450,
2,9,5,4,2-3-4-5,0.9011891161340663,0.09881088386593373,7113,
2,9,5,4,2-3-4-6,0.0011361611121012297,0.9988638388878988,5611,
2,9,5,4,2-3-4-7,0.0001437607820586544,0.9998562392179413,3478,
2,9,5,4,2-3-4-8,0.0016787912702853946,0.9983212087297146,1787,
2,9,5,4,2-3-4-9,0.01221504321872973,0.9877849567812702,723,
2,9,5,4,2-3-5-10,0.018835616438356163,0.9811643835616438,292,
2,9,5,4,2-3-5-5,0.00040064102564102563,0.9995993589743589,2496,
2,9,5,4,2-3-5-6,0.001293103448275862,0.9987068965517242,5800,
2,9,5,4,2-3-5-7,0.0016896648831315122,0.9983103351168685,3551,
2,9,5,4,2-3-5-8,0.01149916138785144,0.9885008386121485,1790,
2,9,5,4,2-3-5-9,0.002086230876216968,0.997913769123783,719,
2,9,5,4,2-3-6-10,0.003484320557491289,0.9965156794425087,287,
2,9,5,4,2-3-6-6,0.00225,0.99775,2000,
2,9,5,4,2-3-6-7,0.0009741163373225717,0.9990258836626774,3593,
2,9,5,4,2-3-6-8,0.02416854839041711,0.975831451609583,1728,
2,9,5,4,2-3-6-9,0.0106467816757556,0.9893532183242445,645,
2,9,5,4,2-3-7-10,0.0019083969465648854,0.9980916030534351,262,
2,9,5,4,2-3-7-7,0.0027958993476234857,0.9972041006523765,1073,
2,9,5,4,2-3-7-8,0.0008705745792222867,0.9991294254207778,1723,
2,9,5,4,2-3-7-9,0.004978662873399715,0.9950213371266002,703,
2,9,5,4,2-3-8-10,0.0018726591760299626,0.99812734082397,267,
2,9,5,4,2-3-8-8,0.0009652509652509653,0.999034749034749,518,
2,9,5,4,2-3-8-9,0.002962962962962963,0.997037037037037,675,
2,9,5,4,2-3-9-10,0.029197080291970802,0.9708029197080292,274,
2,9,5,4,2-3-9-9,0.03365384615384615,0.9663461538461539,208,
2,9,5,4,2-4-10-10,0.0,1.0,129,DRAW
2,9,5,4,2-4-4-10,0.0449438202247191,0.9550561797752809,89,
2,9,5,4,2-4-4-4,0.6850102199493643,0.31498978005063566,548,
2,9,5,4,2-4-4-5,0.6639020978450012,0.3360979021549988,2598,
2,9,5,4,2-4-4-6,0.018008471220722532,0.9819915287792774,1741,
2,9,5,4,2-4-4-7,0.0022271714922048997,0.9977728285077951,1347,
2,9,5,4,2-4-4-8,0.0022624434389140274,0.997737556561086,663,
2,9,5,4,2-4-4-9,0.014705882352941176,0.9852941176470589,272,
2,9,5,4,2-4-5-10,0.0035971223021582736,0.9964028776978417,278,
2,9,5,4,2-4-5-5,0.02269839400710495,0.977301605992895,2509,
2,9,5,4,2-4-5-6,0.0005709487825356843,0.9994290512174644,5955,
2,9,5,4,2-4-5-7,0.00028256569652444194,0.9997174343034756,3539,
2,9,5,4,2-4-5-8,0.004151838671411625,0.9958481613285883,1686,
2,9,5,4,2-4-5-9,0.0064285714285714285,0.9935714285714285,700,
2,9,5,4,2-4-6-10,0.02610441767068273,0.9738955823293173,249,
2,9,5,4,2-4-6-6,0.001443001443001443,0.9985569985569985,2079,
2,9,5,4,2-4-6-7,0.0034736209724132343,0.9965263790275868,3557,
2,9,5,4,2-4-6-8,0.002408187838651415,0.9975918121613486,1661,
2,9,5,4,2-4-6-9,0.002890173410404624,0.9971098265895953,692,
2,9,5,4,2-4-7-10,0.013307984790874524,0.9866920152091255,263,
2,9,5,4,2-4-7-7,0.017711962833914057,0.982288037166086,1148,
2,9,5,4,2-4-7-8,0.008636092912447886,0.9913639070875521,1679,
2,9,5,4,2-4-7-9,0.002861230329041488,0.9971387696709585,699,
2,9,5,4,2-4-8-10,0.005813953488372093,0.9941860465116279,258,
2,9,5,4,2-4-8-8,0.0018832391713747645,0.9981167608286252,531,
2,9,5,4,2-4-8-9,0.0006915629322268327,0.9993084370677732,723,
2,9,5,4,2-4-9-10,0.005791505791505791,0.9942084942084942,259,
2,9,5,4,2-4-9-9,0.007177033492822967,0.992822966507177,209,
2,9,5,4,2-5-10-10,0.0,1.0,120,DRAW
2,9,5,4,2-5-5-10,0.05714285714285714,0.9428571428571428,105,
2,9,5,4,2-5-5-5,0.03134722694751508,0.9686527730524849,403,
2,9,5,4,2-5-5-6,0.0007218479307025986,0.9992781520692974,2078,
2,9,5,4,2-5-5-7,0.00038255547054322876,0.9996174445294568,1307,
2,9,5,4,2-5-5-8,0.0038580246913580245,0.996141975308642,648,
2,9,5,4,2-5-5-9,0.05224538968977618,0.9477546103102239,263,
2,9,5,4,2-5-6-10,0.02142857142857143,0.9785714285714285,280,
2,9,5,4,2-5-6-6,0.008016565991956775,0.9919834340080432,2026,
2,9,5,4,2-5-6-7,0.00014723203769140164,0.9998527679623086,3396,
2,9,5,4,2-5-6-8,0.007033639143730887,0.9929663608562691,1635,
2,9,5,4,2-5-6-9,0.0075445816186556925,0.9924554183813443,729,
2,9,5,4,2-5-7-10,0.0034482758620689655,0.996551724137931,290,
2,9,5,4,2-5-7-7,0.004595588235294118,0.9954044117647058,1088,
2,9,5,4,2-5-7-8,0.006269994036866055,0.9937300059631339,1725,
2,9,5,4,2-5-7-9,0.0022900763358778627,0.9977099236641221,655,
2,9,5,4,2-5-8-10,0.005474452554744526,0.9945255474452555,274,
2,9,5,4,2-5-8-8,0.0010183299389002036,0.9989816700610998,491,
2,9,5,4,2-5-8-9,0.004373177842565598,0.9956268221574344,686,
2,9,5,4,2-5-9-10,0.0,1.0,258,DRAW
2,9,5,4,2-5-9-9,0.03626943005181347,0.9637305699481865,193,
2,9,5,4,2-6-10-10,0.0,1.0,96,DRAW
2,9,5,4,2-6-6-10,0.06666666666666667,0.9333333333333333,90,
2,9,5,4,2-6-6-6,0.050037755254063634,0.9499622447459363,300,
2,9,5,4,2-6-6-7,0.002021018593371059,0.997978981406629,1237,
2,9,5,4,2-6-6-8,0.00078125,0.99921875,640,
2,9,5,4,2-6-6-9,0.061342592592592594,0.9386574074074074,216,
2,9,5,4,2-6-7-10,0.09607378031875699,0.903926219681243,254,
2,9,5,4,2-6-7-7,0.0018399264029438822,0.9981600735970562,1087,
2,9,5,4,2-6-7-8,0.0062056737588652485,0.9937943262411347,1692,
2,9,5,4,2-6-7-9,0.0069124423963133645,0.9930875576036866,651,
2,9,5,4,2-6-8-10,0.0,1.0,250,DRAW
2,9,5,4,2-6-8-8,0.0008992805755395684,0.9991007194244604,556,
2,9,5,4,2-6-8-9,0.002158273381294964,0.9978417266187051,695,
2,9,5,4,2-6-9-10,0.0,1.0,271,DRAW
2,9,5,4,2-6-9-9,0.0,1.0,186,DRAW
2,9,5,4,2-7-10-10,0.0,1.0,126,DRAW
2,9,5,4,2-7-7-10,0.0,1.0,97,DRAW
2,9,5,4,2-7-7-7,0.0030303030303030303,0.996969696969697,165,
2,9,5,4,2-7-7-8,0.002365930599369085,0.9976340694006309,634,
2,9,5,4,2-7-7-9,0.05241935483870968,0.9475806451612904,248,
2,9,5,4,2-7-8-10,0.0,1.0,269,DRAW
2,9,5,4,2-7-8-8,0.011022044088176353,0.9889779559118237,499,
2,9,5,4,2-7-8-9,0.0,1.0,658,DRAW
2,9,5,4,2-7-9-10,0.0,1.0,260,DRAW
2,9,5,4,2-7-9-9,0.0,1.0,203,DRAW
2,9,5,4,2-8-10-10,0.0,1.0,112,DRAW
2,9,5,4,2-8-8-10,0.0,1.0,102,DRAW
2,9,5,4,2-8-8-8,0.0,1.0,89,DRAW
2,9,5,4,2-8-8-9,0.0,1.0,246,DRAW
2,9,5,4,2-8-9-10,0.0,1.0,288,DRAW
2,9,5,4,2-8-9-9,0.0,1.0,216,DRAW
2,9,5,4,2-9-10-10,0.0,1.0,138,DRAW
2,9,5,4,2-9-9-10,0.0,1.0,96,DRAW
2,9,5,4,2-9-9-9,0.0,1.0,22,DRAW
2,9,5,4,3-10-10-10,0.0,1.0,47,DRAW
2,9,5,4,3-3-10-10,0.0,1.0,45,DRAW
2,9,5,4,3-3-3-10,0.07142857142857142,0.9285714285714286,14,
2,9,5,4,3-3-3-3,0.15217391304347827,0.8478260869565217,46,
2,9,5,4,3-3-3-4,0.734602425945301,0.265397574054699,622,
2,9,5,4,3-3-3-5,0.9917452830188679,0.008254716981132075,424,
2,9,5,4,3-3-3-6,0.49248393390041506,0.5075160660995849,249,
2,9,5,4,3-3-3-7,0.025821596244131457,0.9741784037558685,213,
2,9,5,4,3-3-3-8,0.03333333333333333,0.9666666666666667,90,
2,9,5,4,3-3-3-9,0.009615384615384616,0.9903846153846154,52,
2,9,5,4,3-3-4-10,0.02066115702479339,0.9793388429752066,121,
2,9,5,4,3-3-4-4,0.8538171157272905,0.14618288427270953,1306,
2,9,5,4,3-3-4-5,0.6031564430473185,0.3968435569526815,2548,
2,9,5,4,3-3-4-6,0.003656914706326914,0.996343085293673,1858,
2,9,5,4,3-3-4-7,0.012241277907515441,0.9877587220924846,1333,
2,9,5,4,3-3-4-8,0.0007518796992481203,0.9992481203007518,665,
2,9,5,4,3-3-4-9,0.00390625,0.99609375,256,
2,9,5,4,3-3-5-10,0.004273504273504274,0.9957264957264957,117,
2,9,5,4,3-3-5-5,0.05857247345988098,0.941427526540119,934,
2,9,5,4,3-3-5-6,0.005693069306930693,0.9943069306930693,2020,
2,9,5,4,3-3-5-7,0.027261026035675123,0.9727389739643248,1296,
2,9,5,4,3-3-5-8,0.004552352048558422,0.9954476479514416,659,
2,9,5,4,3-3-5-9,0.0020161290322580645,0.9979838709677419,248,
2,9,5,4,3-3-6-10,0.008403361344537815,0.9915966386554622,119,
2,9,5,4,3-3-6-6,0.041494727260198795,0.9585052727398011,674,
2,9,5,4,3-3-6-7,0.0026778882938026014,0.9973221117061974,1307,
2,9,5,4,3-3-6-8,0.0171875,0.9828125,640,
2,9,5,4,3-3-6-9,0.003816793893129771,0.9961832061068703,262,
2,9,5,4,3-3-7-10,0.0189873417721519,0.9810126582278481,79,
2,9,5,4,3-3-7-7,0.03698951460795882,0.9630104853920413,411,
2,9,5,4,3-3-7-8,0.01219095038151506,0.987809049618485,585,
2,9,5,4,3-3-7-9,0.001984126984126984,0.998015873015873,252,
2,9,5,4,3-3-8-10,0.008547008547008548,0.9914529914529915,117,
2,9,5,4,3-3-8-8,0.011363636363636364,0.9886363636363636,176,
2,9,5,4,3-3-8-9,0.003355704697986577,0.9966442953020134,298,
2,9,5,4,3-3-9-10,0.005376344086021506,0.9946236559139785,93,
2,9,5,4,3-3-9-9,0.007246376811594203,0.9927536231884058,69,
2,9,5,4,3-4-10-10,0.0,1.0,117,DRAW
2,9,5,4,3-4-4-10,0.030612244897959183,0.9693877551020408,98,
2,9,5,4,3-4-4-4,0.8771966527052623,0.12280334729473773,545,
2,9,5,4,3-4-4-5,0.17262638856218246,0.8273736114378175,2687,
2,9,5,4,3-4-4-6,0.010868402558850737,0.9891315974411492,1974,
2,9,5,4,3-4-4-7,0.0056134723336006415,0.9943865276663993,1247,
2,9,5,4,3-4-4-8,0.0037821482602118004,0.9962178517397882,661,
2,9,5,4,3-4-4-9,0.03389830508474576,0.9661016949152542,236,
2,9,5,4,3-4-5-10,0.019011406844106463,0.9809885931558935,263,
2,9,5,4,3-4-5-5,0.45302032212350213,0.5469796778764979,2420,
2,9,5,4,3-4-5-6,0.00024477806788511747,0.9997552219321149,6128,
2,9,5,4,3-4-5-7,0.001426126640045636,0.9985738733599544,3506,
2,9,5,4,3-4-5-8,0.005195253443613986,0.994804746556386,1704,
2,9,5,4,3-4-5-9,0.019039718979209294,0.9809602810207907,741,
2,9,5,4,3-4-6-10,0.007142857142857143,0.9928571428571429,280,
2,9,5,4,3-4-6-6,0.0007792207792207792,0.9992207792207792,1925,
2,9,5,4,3-4-6-7,0.0009974351667141636,0.9990025648332859,3509,
2,9,5,4,3-4-6-8,0.0039017341040462426,0.9960982658959537,1730,
2,9,5,4,3-4-6-9,0.001451378809869376,0.9985486211901307,689,
2,9,5,4,3-4-7-10,0.009328358208955223,0.9906716417910447,268,
2,9,5,4,3-4-7-7,0.00044603033006244426,0.9995539696699376,1121,
2,9,5,4,3-4-7-8,0.0005920663114268798,0.9994079336885732,1689,
2,9,5,4,3-4-7-9,0.0014858841010401188,0.9985141158989599,673,
2,9,5,4,3-4-8-10,0.0040650406504065045,0.9959349593495935,246,
2,9,5,4,3-4-8-8,0.007352941176470588,0.9926470588235294,544,
2,9,5,4,3-4-8-9,0.005369127516778523,0.9946308724832215,745,
2,9,5,4,3-4-9-10,0.0,1.0,266,DRAW
2,9,5,4,3-4-9-9,0.015151515151515152,0.9848484848484849,198,
2,9,5,4,3-5-10-10,0.0,1.0,110,DRAW
2,9,5,4,3-5-5-10,0.011764705882352941,0.9882352941176471,85,
2,9,5,4,3-5-5-5,0.358379677806603,0.6416203221933969,422,
2,9,5,4,3-5-5-6,0.0010822510822510823,0.9989177489177489,2310,
2,9,5,4,3-5-5-7,0.002609992542878449,0.9973900074571216,1341,
2,9,5,4,3-5-5-8,0.0014577259475218659,0.9985422740524781,686,
2,9,5,4,3-5-5-9,0.004310344827586207,0.9956896551724138,232,
2,9,5,4,3-5-6-10,0.005836575875486381,0.9941634241245136,257,
2,9,5,4,3-5-6-6,0.008381351492928235,0.9916186485070718,1909,
2,9,5,4,3-5-6-7,0.003401360544217687,0.9965986394557823,3528,
2,9,5,4,3-5-6-8,0.022863598829925374,0.9771364011700746,1649,
2,9,5,4,3-5-6-9,0.015277777777777777,0.9847222222222223,720,
2,9,5,4,3-5-7-10,0.022968197879858657,0.9770318021201413,283,
2,9,5,4,3-5-7-7,0.0071174377224199285,0.9928825622775801,1124,
2,9,5,4,3-5-7-8,0.0005973715651135006,0.9994026284348865,1674,
2,9,5,4,3-5-7-9,0.014522821576763486,0.9854771784232366,723,
2,9,5,4,3-5-8-10,0.0,1.0,260,DRAW
2,9,5,4,3-5-8-8,0.010956175298804782,0.9890438247011952,502,
2,9,5,4,3-5-8-9,0.0007042253521126761,0.9992957746478873,710,
2,9,5,4,3-5-9-10,0.0,1.0,268,DRAW
2,9,5,4,3-5-9-9,0.0,1.0,194,DRAW
2,9,5,4,3-6-10-10,0.0,1.0,118,DRAW
2,9,5,4,3-6-6-10,0.11616161616161616,0.8838383838383839,99,
2,9,5,4,3-6-6-6,0.001597444089456869,0.9984025559105432,313,
2,9,5,4,3-6-6-7,0.0038669760247486465,0.9961330239752514,1293,
2,9,5,4,3-6-6-8,0.003003003003003003,0.996996996996997,666,
2,9,5,4,3-6-6-9,0.005415162454873646,0.9945848375451264,277,
2,9,5,4,3-6-7-10,0.0,1.0,300,DRAW
2,9,5,4,3-6-7-7,0.004686035613870665,0.9953139643861293,1067,
2,9,5,4,3-6-7-8,0.003233392122281011,0.996766607877719,1701,
2,9,5,4,3-6-7-9,0.0037257824143070045,0.996274217585693,671,
2,9,5,4,3-6-8-10,0.0,1.0,250,DRAW
2,9,5,4,3-6-8-8,0.0009765625,0.9990234375,512,
2,9,5,4,3-6-8-9,0.0,1.0,637,DRAW
2,9,5,4,3-6-9-10,0.0,1.0,274,DRAW
2,9,5,4,3-6-9-9,0.0,1.0,213,DRAW
2,9,5,4,3-7-10-10,0.0,1.0,124,DRAW
2,9,5,4,3-7-7-10,0.0,1.0,108,DRAW
2,9,5,4,3-7-7-7,0.052980132450331126,0.9470198675496688,151,
2,9,5,4,3-7-7-8,0.00882825040128411,0.9911717495987159,623,
2,9,5,4,3-7-7-9,0.0,1.0,256,DRAW
2,9,5,4,3-7-8-10,0.0,1.0,270,DRAW
2,9,5,4,3-7-8-8,0.0,1.0,519,DRAW
2,9,5,4,3-7-8-9,0.0,1.0,637,DRAW
2,9,5,4,3-7-9-10,0.0,1.0,270,DRAW
2,9,5,4,3-7-9-9,0.0,1.0,214,DRAW
2,9,5,4,3-8-10-10,0.0,1.0,128,DRAW
2,9,5,4,3-8-8-10,0.0,1.0,109,DRAW
2,9,5,4,3-8-8-8,0.0,1.0,73,DRAW
2,9,5,4,3-8-8-9,0.0,1.0,241,DRAW
2,9,5,4,3-8-9-10,0.0,1.0,259,DRAW
2,9,5,4,3-8-9-9,0.0,1.0,199,DRAW
2,9,5,4,3-9-10-10,0.0,1.0,126,DRAW
2,9,5,4,3-9-9-10,0.0,1.0,99,DRAW
2,9,5,4,3-9-9-9,0.0,1.0,29,DRAW
2,9,5,4,4-10-10-10,0.0,1.0,45,DRAW
2,9,5,4,4-4-10-10,0.0,1.0,47,DRAW
2,9,5,4,4-4-4-10,0.15384615384615385,0.8461538461538461,13,
2,9,5,4,4-4-4-4,0.7486075121740171,0.25139248782598295,25,
2,9,5,4,4-4-4-5,0.3181537897613492,0.6818462102386507,430,
2,9,5,4,4-4-4-6,0.3817732759035762,0.6182267240964239,313,
2,9,5,4,4-4-4-7,0.37487807151312197,0.6251219284868781,203,
2,9,5,4,4-4-4-8,0.2375654334513926,0.7624345665486075,92,
2,9,5,4,4-4-4-9,0.22727272727272727,0.7727272727272727,33,
2,9,5,4,4-4-5-10,0.415929203539823,0.584070796460177,113,
2,9,5,4,4-4-5-5,0.052266365729940874,0.9477336342700591,933,
2,9,5,4,4-4-5-6,0.010087490417106082,0.989912509582894,2291,
2,9,5,4,4-4-5-7,0.00039032006245121,0.9996096799375488,1281,
2,9,5,4,4-4-5-8,0.012539184952978056,0.987460815047022,638,
2,9,5,4,4-4-5-9,0.0740269131610388,0.9259730868389613,279,
2,9,5,4,4-4-6-10,0.22671591719385284,0.7732840828061471,109,
2,9,5,4,4-4-6-6,0.0006925207756232687,0.9993074792243767,722,
2,9,5,4,4-4-6-7,0.0072540353574173716,0.9927459646425826,1301,
2,9,5,4,4-4-6-8,0.02974123434796891,0.9702587656520311,630,
2,9,5,4,4-4-6-9,0.06485355648535565,0.9351464435146444,239,
2,9,5,4,4-4-7-10,0.06315789473684211,0.9368421052631579,95,
2,9,5,4,4-4-7-7,0.0035629453681710215,0.996437054631829,421,
2,9,5,4,4-4-7-8,0.0007352941176470588,0.9992647058823529,680,
2,9,5,4,4-4-7-9,0.013651877133105802,0.9863481228668942,293,
2,9,5,4,4-4-8-10,0.0,1.0,95,DRAW
2,9,5,4,4-4-8-8,0.008021390374331552,0.9919786096256684,187,
2,9,5,4,4-4-8-9,0.01020408163265306,0.9897959183673469,245,
2,9,5,4,4-4-9-10,0.0,1.0,100,DRAW
2,9,5,4,4-4-9-9,0.0,1.0,85,DRAW
2,9,5,4,4-5-10-10,0.0,1.0,118,DRAW
2,9,5,4,4-5-5-10,0.015789473684210527,0.9842105263157894,95,
2,9,5,4,4-5-5-5,0.012958963282937365,0.9870410367170627,463,
2,9,5,4,4-5-5-6,0.005494797196857077,0.994505202803143,2216,
2,9,5,4,4-5-5-7,0.009033778476040848,0.9909662215239592,1273,
2,9,5,4,4-5-5-8,0.011838440111420613,0.9881615598885793,718,
2,9,5,4,4-5-5-9,0.045627376425855515,0.9543726235741445,263,
2,9,5,4,4-5-6-10,0.014492753623188406,0.9855072463768116,276,
2,9,5,4,4-5-6-6,0.004922216820612542,0.9950777831793874,2057,
2,9,5,4,4-5-6-7,0.011736756082207816,0.9882632439177922,3565,
2,9,5,4,4-5-6-8,0.005917159763313609,0.9940828402366864,1690,
2,9,5,4,4-5-6-9,0.0056179775280898875,0.9943820224719101,712,
2,9,5,4,4-5-7-10,0.0,1.0,268,DRAW
2,9,5,4,4-5-7-7,0.0017730496453900709,0.99822695035461,1128,
2,9,5,4,4-5-7-8,0.009068923821039904,0.9909310761789601,1654,
2,9,5,4,4-5-7-9,0.00382262996941896,0.996177370030581,654,
2,9,5,4,4-5-8-10,0.0,1.0,263,DRAW
2,9,5,4,4-5-8-8,0.02962962962962963,0.9703703703703703,540,
2,9,5,4,4-5-8-9,0.0,1.0,699,DRAW
2,9,5,4,4-5-9-10,0.0,1.0,259,DRAW
2,9,5,4,4-5-9-9,0.0,1.0,205,DRAW
2,9,5,4,4-6-10-10,0.0,1.0,130,DRAW
2,9,5,4,4-6-6-10,0.0,1.0,94,DRAW
2,9,5,4,4-6-6-6,0.012367491166077738,0.9876325088339223,283,
2,9,5,4,4-6-6-7,0.0015432098765432098,0.9984567901234568,1296,
2,9,5,4,4-6-6-8,0.011591962905718702,0.9884080370942813,647,
2,9,5,4,4-6-6-9,0.08052434456928839,0.9194756554307116,267,
2,9,5,4,4-6-7-10,0.0,1.0,268,DRAW
2,9,5,4,4-6-7-7,0.010446343779677113,0.9895536562203229,1053,
2,9,5,4,4-6-7-8,0.00030048076923076925,0.9996995192307693,1664,
2,9,5,4,4-6-7-9,0.0,1.0,682,DRAW
2,9,5,4,4-6-8-10,0.0,1.0,256,DRAW
2,9,5,4,4-6-8-8,0.0,1.0,508,DRAW
2,9,5,4,4-6-8-9,0.0,1.0,696,DRAW
2,9,5,4,4-6-9-10,0.0,1.0,251,DRAW
2,9,5,4,4-6-9-9,0.0,1.0,227,DRAW
2,9,5,4,4-7-10-10,0.0,1.0,139,DRAW
2,9,5,4,4-7-7-10,0.0,1.0,94,DRAW
2,9,5,4,4-7-7-7,0.19594594594594594,0.8040540540540541,148,
2,9,5,4,4-7-7-8,0.0,1.0,598,DRAW
2,9,5,4,4-7-7-9,0.0,1.0,240,DRAW
2,9,5,4,4-7-8-10,0.0,1.0,261,DRAW
2,9,5,4,4-7-8-8,0.0,1.0,518,DRAW
2,9,5,4,4-7-8-9,0.0,1.0,666,DRAW
2,9,5,4,4-7-9-10,0.0,1.0,288,DRAW
2,9,5,4,4-7-9-9,0.0,1.0,220,DRAW
2,9,5,4,4-8-10-10,0.0,1.0,106,DRAW
2,9,5,4,4-8-8-10,0.0,1.0,104,DRAW
2,9,5,4,4-8-8-8,0.0,1.0,85,DRAW
2,9,5,4,4-8-8-9,0.0,1.0,221,DRAW
2,9,5,4,4-8-9-10,0.0,1.0,282,DRAW
2,9,5,4,4-8-9-9,0.0,1.0,193,DRAW
2,9,5,4,4-9-10-10,0.0,1.0,127,DRAW
2,9,5,4,4-9-9-10,0.0,1.0,100,DRAW
2,9,5,4,4-9-9-9,0.0,1.0,29,DRAW
2,9,5,4,5-10-10-10,0.0,1.0,35,DRAW
2,9,5,4,5-5-10-10,0.0,1.0,49,DRAW
2,9,5,4,5-5-5-10,0.15625,0.84375,16,
2,9,5,4,5-5-5-5,0.5690243259937503,0.4309756740062496,24,
2,9,5,4,5-5-5-6,0.06317116592264369,0.9368288340773563,371,
2,9,5,4,5-5-5-7,0.0091324200913242,0.9908675799086758,219,
2,9,5,4,5-5-5-8,0.09195402298850575,0.9080459770114943,87,
2,9,5,4,5-5-5-9,0.057692307692307696,0.9423076923076923,52,
2,9,5,4,5-5-6-10,0.0,1.0,82,DRAW
2,9,5,4,5-5-6-6,0.0013123359580052493,0.9986876640419947,762,
2,9,5,4,5-5-6-7,0.0015479876160990713,0.9984520123839009,1292,
2,9,5,4,5-5-6-8,0.012539184952978056,0.987460815047022,638,
2,9,5,4,5-5-6-9,0.07818181818181819,0.9218181818181819,275,
2,9,5,4,5-5-7-10,0.0,1.0,100,DRAW
2,9,5,4,5-5-7-7,0.011306532663316583,0.9886934673366834,398,
2,9,5,4,5-5-7-8,0.003993610223642172,0.9960063897763578,626,
2,9,5,4,5-5-7-9,0.0,1.0,295,DRAW
2,9,5,4,5-5-8-10,0.0,1.0,97,DRAW
2,9,5,4,5-5-8-8,0.0,1.0,197,DRAW
2,9,5,4,5-5-8-9,0.0,1.0,256,DRAW
2,9,5,4,5-5-9-10,0.0,1.0,94,DRAW
2,9,5,4,5-5-9-9,0.0,1.0,76,DRAW
2,9,5,4,5-6-10-10,0.0,1.0,115,DRAW
2,9,5,4,5-6-6-10,0.0,1.0,102,DRAW
2,9,5,4,5-6-6-6,0.08217806762450851,0.9178219323754915,258,
2,9,5,4,5-6-6-7,0.023444436736958913,0.9765555632630412,1280,
2,9,5,4,5-6-6-8,0.007075471698113208,0.9929245283018868,636,
2,9,5,4,5-6-6-9,0.0,1.0,261,DRAW
2,9,5,4,5-6-7-10,0.0,1.0,278,DRAW
2,9,5,4,5-6-7-7,0.010994263862332695,0.9890057361376673,1046,
2,9,5,4,5-6-7-8,0.0,1.0,1596,DRAW
2,9,5,4,5-6-7-9,0.0,1.0,692,DRAW
2,9,5,4,5-6-8-10,0.0,1.0,260,DRAW
2,9,5,4,5-6-8-8,0.0,1.0,499,DRAW
2,9,5,4,5-6-8-9,0.0,1.0,702,DRAW
2,9,5,4,5-6-9-10,0.0,1.0,269,DRAW
2,9,5,4,5-6-9-9,0.0,1.0,209,DRAW
2,9,5,4,5-7-10-10,0.0,1.0,122,DRAW
2,9,5,4,5-7-7-10,0.0,1.0,108,DRAW
2,9,5,4,5-7-7-7,0.0,1.0,174,DRAW
2,9,5,4,5-7-7-8,0.0,1.0,612,DRAW
2,9,5,4,5-7-7-9,0.0,1.0,267,DRAW
2,9,5,4,5-7-8-10,0.0,1.0,250,DRAW
2,9,5,4,5-7-8-8,0.0,1.0,515,DRAW
2,9,5,4,5-7-8-9,0.0,1.0,695,DRAW
2,9,5,4,5-7-9-10,0.0,1.0,246,DRAW
2,9,5,4,5-7-9-9,0.0,1.0,216,DRAW
2,9,5,4,5-8-10-10,0.0,1.0,127,DRAW
2,9,5,4,5-8-8-10,0.0,1.0,93,DRAW
2,9,5,4,5-8-8-8,0.0,1.0,79,DRAW
2,9,5,4,5-8-8-9,0.0,1.0,238,DRAW
2,9,5,4,5-8-9-10,0.0,1.0,250,DRAW
2,9,5,4,5-8-9-9,0.0,1.0,217,DRAW
2,9,5,4,5-9-10-10,0.0,1.0,111,DRAW
2,9,5,4,5-9-9-10,0.0,1.0,90,DRAW
2,9,5,4,5-9-9-9,0.0,1.0,30,DRAW
2,9,5,4,6-10-10-10,0.0,1.0,44,DRAW
2,9,5,4,6-6-10-10,0.0,1.0,47,DRAW
2,9,5,4,6-6-6-10,0.0,1.0,14,DRAW
2,9,5,4,6-6-6-6,0.03571428571428571,0.9642857142857143,14,
2,9,5,4,6-6-6-7,0.02914798206278027,0.9708520179372198,223,
2,9,5,4,6-6-6-8,0.0,1.0,109,DRAW
2,9,5,4,6-6-6-9,0.0,1.0,39,DRAW
2,9,5,4,6-6-7-10,0.0,1.0,91,DRAW
2,9,5,4,6-6-7-7,0.0,1.0,400,DRAW
2,9,5,4,6-6-7-8,0.0,1.0,605,DRAW
2,9,5,4,6-6-7-9,0.0,1.0,262,DRAW
2,9,5,4,6-6-8-10,0.0,1.0,93,DRAW
2,9,5,4,6-6-8-8,0.0,1.0,176,DRAW
2,9,5,4,6-6-8-9,0.0,1.0,243,DRAW
2,9,5,4,6-6-9-10,0.0,1.0,106,DRAW
2,9,5,4,6-6-9-9,0.0,1.0,76,DRAW
2,9,5,4,6-7-10-10,0.0,1.0,134,DRAW
2,9,5,4,6-7-7-10,0.0,1.0,100,DRAW
2,9,5,4,6-7-7-7,0.0,1.0,167,DRAW
2,9,5,4,6-7-7-8,0.0,1.0,572,DRAW
2,9,5,4,6-7-7-9,0.0,1.0,238,DRAW
2,9,5,4,6-7-8-10,0.0,1.0,255,DRAW
2,9,5,4,6-7-8-8,0.0,1.0,534,DRAW
2,9,5,4,6-7-8-9,0.0,1.0,692,DRAW
2,9,5,4,6-7-9-10,0.0,1.0,266,DRAW
2,9,5,4,6-7-9-9,0.0,1.0,204,DRAW
2,9,5,4,6-8-10-10,0.0,1.0,109,DRAW
2,9,5,4,6-8-8-10,0.0,1.0,111,DRAW
2,9,5,4,6-8-8-8,0.0,1.0,74,DRAW
2,9,5,4,6-8-8-9,0.0,1.0,260,DRAW
2,9,5,4,6-8-9-10,0.0,1.0,227,DRAW
2,9,5,4,6-8-9-9,0.0,1.0,215,DRAW
2,9,5,4,6-9-10-10,0.0,1.0,126,DRAW
2,9,5,4,6-9-9-10,0.0,1.0,93,DRAW
2,9,5,4,6-9-9-9,0.0,1.0,28,DRAW
2,9,5,4,7-10-10-10,0.0,1.0,50,DRAW
2,9,5,4,7-7-10-10,0.0,1.0,23,DRAW
2,9,5,4,7-7-7-10,0.0,1.0,16,DRAW
2,9,5,4,7-7-7-7,0.0,1.0,8,DRAW
2,9,5,4,7-7-7-8,0.0,1.0,111,DRAW
2,9,5,4,7-7-7-9,0.0,1.0,34,DRAW
2,9,5,4,7-7-8-10,0.0,1.0,103,DRAW
2,9,5,4,7-7-8-8,0.0,1.0,181,DRAW
2,9,5,4,7-7-8-9,0.0,1.0,229,DRAW
2,9,5,4,7-7-9-10,0.0,1.0,90,DRAW
2,9,5,4,7-7-9-9,0.0,1.0,76,DRAW
2,9,5,4,7-8-10-10,0.0,1.0,128,DRAW
2,9,5,4,7-8-8-10,0.0,1.0,105,DRAW
2,9,5,4,7-8-8-8,0.0,1.0,66,DRAW
2,9,5,4,7-8-8-9,0.0,1.0,241,DRAW
2,9,5,4,7-8-9-10,0.0,1.0,239,DRAW
2,9,5,4,7-8-9-9,0.0,1.0,169,DRAW
2,9,5,4,7-9-10-10,0.0,1.0,123,DRAW
2,9,5,4,7-9-9-10,0.0,1.0,90,DRAW
2,9,5,4,7-9-9-9,0.0,1.0,33,DRAW
2,9,5,4,8-10-10-10,0.0,1.0,38,DRAW
2,9,5,4,8-8-10-10,0.0,1.0,56,DRAW
2,9,5,4,8-8-8-10,0.0,1.0,17,DRAW
2,9,5,4,8-8-8-8,0.0,1.0,4,DRAW
2,9,5,4,8-8-8-9,0.0,1.0,34,DRAW
2,9,5,4,8-8-9-10,0.0,1.0,80,DRAW
2,9,5,4,8-8-9-9,0.0,1.0,69,DRAW
2,9,5,4,8-9-10-10,0.0,1.0,133,DRAW
2,9,5,4,8-9-9-10,0.0,1.0,91,DRAW
2,9,5,4,8-9-9-9,0.0,1.0,52,DRAW
2,9,5,4,9-10-10-10,0.0,1.0,51,DRAW
2,9,5,4,9-9-10-10,0.0,1.0,48,DRAW
2,9,5,4,9-9-9-10,0.0,1.0,23,DRAW
2,9,5,4,9-9-9-9,0.0,1.0,2,DRAW
2,11,6,5,1-1-1-1,1.0,0.0,36,STOP
2,11,6,5,1-1-1-10,0.2727272727272727,0.7272727272727273,11,
2,11,6,5,1-1-1-2,1.0,0.0,959,STOP
2,11,6,5,1-1-1-3,1.0,0.0,640,STOP
2,11,6,5,1-1-1-4,0.5,0.5,793,
2,11,6,5,1-1-1-5,0.8951271186440678,0.1048728813559322,472,
2,11,6,5,1-1-1-6,0.6988454930646697,0.30115450693533047,288,
2,11,6,5,1-1-1-7,0.9120247107705141,0.08797528922948597,144,
2,11,6,5,1-1-1-8,0.38636363636363635,0.6136363636363636,66,
2,11,6,5,1-1-1-9,0.36363636363636365,0.6363636363636364,11,
2,11,6,5,1-1-10-10,0.2777777777777778,0.7222222222222222,9,
2,11,6,5,1-1-2-10,0.5454545454545454,0.45454545454545453,44,
2,11,6,5,1-1-2-2,0.0,1.0,5604,DRAW
2,11,6,5,1-1-2-3,0.9997345719973457,0.00026542800265428,7535,
2,11,6,5,1-1-2-4,0.9980086893555394,0.0019913106444605358,5524,
2,11,6,5,1-1-2-5,0.593804538116944,0.40619546188305605,3897,
2,11,6,5,1-1-2-6,0.0017167381974248926,0.9982832618025751,2330,
2,11,6,5,1-1-2-7,0.021091771565222916,0.9789082284347772,1128,
2,11,6,5,1-1-2-8,0.01597051597051597,0.984029484029484,407,
2,11,6,5,1-1-2-9,0.03179397215754402,0.968206027842456,150,
2,11,6,5,1-1-3-10,0.1346153846153846,0.8653846153846154,26,
2,11,6,5,1-1-3-3,0.9985994397759104,0.0014005602240896359,2856,
2,11,6,5,1-1-3-4,0.6450018602712485,0.3549981397287513,4719,
2,11,6,5,1-1-3-5,0.46822951374330807,0.5317704862566919,3263,
2,11,6,5,1-1-3-6,0.057127013532356954,0.9428729864676432,2222,
2,11,6,5,1-1-3-7,0.002204585537918871,0.9977954144620811,1134,
2,11,6,5,1-1-3-8,0.10874616205706251,0.8912538379429374,463,
2,11,6,5,1-1-3-9,0.02239484653277757,0.9776051534672225,156,
2,11,6,5,1-1-4-10,0.046511627906976744,0.9534883720930233,43,
2,11,6,5,1-1-4-4,0.9706987000021654,0.02930129999783464,1687,
2,11,6,5,1-1-4-5,0.0021746403479424555,0.9978253596520575,2989,
2,11,6,5,1-1-4-6,0.005480848395657728,0.9945191516043422,2254,
2,11,6,5,1-1-4-7,0.00043554006968641115,0.9995644599303136,1148,
2,11,6,5,1-1-4-8,0.013513513513513514,0.9864864864864865,444,
2,11,6,5,1-1-4-9,0.0036231884057971015,0.9963768115942029,138,
2,11,6,5,1-1-5-10,0.06944444444444445,0.9305555555555556,36,
2,11,6,5,1-1-5-5,0.006019261637239166,0.9939807383627608,1246,
2,11,6,5,1-1-5-6,0.005998286203941732,0.9940017137960583,2334,
2,11,6,5,1-1-5-7,0.0008984725965858042,0.9991015274034142,1113,
2,11,6,5,1-1-5-8,0.008083140877598153,0.9919168591224018,433,
2,11,6,5,1-1-5-9,0.010948905109489052,0.9890510948905109,137,
2,11,6,5,1-1-6-10,0.125,0.875,28,
2,11,6,5,1-1-6-6,0.026978874483326174,0.9730211255166737,711,
2,11,6,5,1-1-6-7,0.016722482308952142,0.9832775176910479,1072,
2,11,6,5,1-1-6-8,0.006172839506172839,0.9938271604938271,405,
2,11,6,5,1-1-6-9,0.003424657534246575,0.9965753424657534,146,
2,11,6,5,1-1-7-10,0.15151515151515152,0.8484848484848485,33,
2,11,6,5,1-1-7-7,0.0016339869281045752,0.9983660130718954,306,
2,11,6,5,1-1-7-8,0.009555785123966942,0.9904442148760331,484,
2,11,6,5,1-1-7-9,0.036585365853658534,0.9634146341463414,123,
2,11,6,5,1-1-8-10,0.010869565217391304,0.9891304347826086,46,
2,11,6,5,1-1-8-8,0.034482758620689655,0.9655172413793104,145,
2,11,6,5,1-1-8-9,0.02608695652173913,0.9739130434782609,115,
2,11,6,5,1-1-9-10,0.011904761904761904,0.9880952380952381,42,
2,11,6,5,1-1-9-9,0.013888888888888888,0.9861111111111112,36,
2,11,6,5,1-10-10-10,0.0,1.0,10,DRAW
2,11,6,5,1-2-10-10,0.1724137931034483,0.8275862068965517,29,
2,11,6,5,1-2-2-10,0.08333333333333333,0.9166666666666666,30,
2,11,6,5,1-2-2-2,0.9457615664998623,0.05423843350013776,2028,
2,11,6,5,1-2-2-3,0.9931750226551469,0.00682497734485317,7704,
2,11,6,5,1-2-2-4,0.9614644926285505,0.0385355073714495,5465,
2,11,6,5,1-2-2-5,0.14139652920039034,0.8586034707996096,3723,
2,11,6,5,1-2-2-6,0.008815601950148378,0.9911843980498516,2378,
2,11,6,5,1-2-2-7,0.0078125,0.9921875,1136,
2,11,6,5,1-2-2-8,0.01808785529715762,0.9819121447028424,387,
2,11,6,5,1-2-2-9,0.03293413173652695,0.9670658682634731,167,
2,11,6,5,1-2-3-10,0.21495327102803738,0.7850467289719626,107,
2,11,6,5,1-2-3-3,0.998383066294282,0.0016169337057180655,6803,
2,11,6,5,1-2-3-4,0.9992788461538461,0.0007211538461538462,12480,
2,11,6,5,1-2-3-5,0.00774175624554919,0.9922582437544508,9114,
2,11,6,5,1-2-3-6,0.011659473259383395,0.9883405267406167,6021,
2,11,6,5,1-2-3-7,0.0006533812479581836,0.9993466187520418,3061,
2,11,6,5,1-2-3-8,0.0008340283569641367,0.9991659716430359,1199,
2,11,6,5,1-2-3-9,0.00395778364116095,0.996042216358839,379,
2,11,6,5,1-2-4-10,0.010752688172043012,0.989247311827957,93,
2,11,6,5,1-2-4-4,0.8080461088777594,0.19195389112224068,4235,
2,11,6,5,1-2-4-5,0.0001665741254858412,0.9998334258745142,9005,
2,11,6,5,1-2-4-6,0.005824494903419988,0.99417550509658,5946,
2,11,6,5,1-2-4-7,0.0018481182795698926,0.9981518817204301,2976,
2,11,6,5,1-2-4-8,0.0075440067057837385,0.9924559932942163,1193,
2,11,6,5,1-2-4-9,0.002617801047120419,0.9973821989528796,382,
2,11,6,5,1-2-5-10,0.0125,0.9875,80,
2,11,6,5,1-2-5-5,0.005710068583078097,0.9942899314169219,3328,
2,11,6,5,1-2-5-6,0.0011417387049420975,0.998858261295058,6131,
2,11,6,5,1-2-5-7,0.0008341675008341675,0.9991658324991658,2997,
2,11,6,5,1-2-5-8,0.005957446808510639,0.9940425531914894,1175,
2,11,6,5,1-2-5-9,0.012162162162162163,0.9878378378378379,370,
2,11,6,5,1-2-6-10,0.03,0.97,100,
2,11,6,5,1-2-6-6,0.001708984375,0.998291015625,2048,
2,11,6,5,1-2-6-7,0.0010298661174047373,0.9989701338825953,2913,
2,11,6,5,1-2-6-8,0.0004329004329004329,0.9995670995670995,1155,
2,11,6,5,1-2-6-9,0.07142857142857142,0.9285714285714286,357,
2,11,6,5,1-2-7-10,0.005747126436781609,0.9942528735632183,87,
2,11,6,5,1-2-7-7,0.005681818181818182,0.9943181818181818,880,
2,11,6,5,1-2-7-8,0.0012853470437017994,0.9987146529562982,1167,
2,11,6,5,1-2-7-9,0.009358288770053475,0.9906417112299465,374,
2,11,6,5,1-2-8-10,0.05909090909090909,0.9409090909090909,110,
2,11,6,5,1-2-8-8,0.0043859649122807015,0.9956140350877193,342,
2,11,6,5,1-2-8-9,0.010869565217391304,0.9891304347826086,368,
2,11,6,5,1-2-9-10,0.021505376344086023,0.978494623655914,93,
2,11,6,5,1-2-9-9,0.01327433628318584,0.9867256637168141,113,
2,11,6,5,1-3-10-10,0.06521739130434782,0.9347826086956522,46,
2,11,6,5,1-3-3-10,0.10606060606060606,0.8939393939393939,33,
2,11,6,5,1-3-3-3,0.9980544747081712,0.0019455252918287938,1028,
2,11,6,5,1-3-3-4,0.9617452616876304,0.038254738312369585,4590,
2,11,6,5,1-3-3-5,0.08945266774300317,0.9105473322569968,2917,
2,11,6,5,1-3-3-6,0.01211400046436034,0.9878859995356396,2360,
2,11,6,5,1-3-3-7,0.00045495905368516835,0.9995450409463148,1099,
2,11,6,5,1-3-3-8,0.002127659574468085,0.997872340425532,470,
2,11,6,5,1-3-3-9,0.018115942028985508,0.9818840579710145,138,
2,11,6,5,1-3-4-10,0.005263157894736842,0.9947368421052631,95,
2,11,6,5,1-3-4-4,0.9933371094045873,0.006662890595412681,4124,
2,11,6,5,1-3-4-5,0.11123315221164148,0.8887668477883586,7870,
2,11,6,5,1-3-4-6,0.00041404438555813183,0.9995859556144419,6038,
2,11,6,5,1-3-4-7,0.0014985014985014985,0.9985014985014985,3003,
2,11,6,5,1-3-4-8,0.006832797427652733,0.9931672025723473,1244,
2,11,6,5,1-3-4-9,0.011111111111111112,0.9888888888888889,405,
2,11,6,5,1-3-5-10,0.024752475247524754,0.9752475247524752,101,
2,11,6,5,1-3-5-5,0.011557013291169396,0.9884429867088306,3148,
2,11,6,5,1-3-5-6,0.0054062534214306,0.9945937465785694,6123,
2,11,6,5,1-3-5-7,0.00016479894528675015,0.9998352010547132,3034,
2,11,6,5,1-3-5-8,0.0016313213703099511,0.99836867862969,1226,
2,11,6,5,1-3-5-9,0.0027548209366391185,0.9972451790633609,363,
2,11,6,5,1-3-6-10,0.005319148936170213,0.9946808510638298,94,
2,11,6,5,1-3-6-6,0.0017031630170316302,0.9982968369829683,2055,
2,11,6,5,1-3-6-7,0.004865771812080537,0.9951342281879194,2980,
2,11,6,5,1-3-6-8,0.004248088360237893,0.9957519116397621,1177,
2,11,6,5,1-3-6-9,0.0013550135501355014,0.9986449864498645,369,
2,11,6,5,1-3-7-10,0.03296703296703297,0.967032967032967,91,
2,11,6,5,1-3-7-7,0.0016703786191536749,0.9983296213808464,898,
2,11,6,5,1-3-7-8,0.0013111888111888112,0.9986888111888111,1144,
2,11,6,5,1-3-7-9,0.006631299734748011,0.993368700265252,377,
2,11,6,5,1-3-8-10,0.03571428571428571,0.9642857142857143,98,
2,11,6,5,1-3-8-8,0.0058309037900874635,0.9941690962099126,343,
2,11,6,5,1-3-8-9,0.004032258064516129,0.9959677419354839,372,
2,11,6,5,1-3-9-10,0.014563106796116505,0.9854368932038835,103,
2,11,6,5,1-3-9-9,0.0045871559633027525,0.9954128440366973,109,
2,11,6,5,1-4-10-10,0.01020408163265306,0.9897959183673469,49,
2,11,6,5,1-4-4-10,0.0625,0.9375,40,
2,11,6,5,1-4-4-4,0.9956496666871637,0.0043503333128362175,610,
2,11,6,5,1-4-4-5,0.0010130246020260492,0.998986975397974,3455,
2,11,6,5,1-4-4-6,0.0006744604316546763,0.9993255395683454,2224,
2,11,6,5,1-4-4-7,0.011263250883392226,0.9887367491166078,1132,
2,11,6,5,1-4-4-8,0.0033259423503325942,0.9966740576496674,451,
2,11,6,5,1-4-4-9,0.003355704697986577,0.9966442953020134,149,
2,11,6,5,1-4-5-10,0.021739130434782608,0.9782608695652174,92,
2,11,6,5,1-4-5-5,0.005334903387103198,0.9946650966128967,3089,
2,11,6,5,1-4-5-6,0.0017733354828308884,0.9982266645171691,6203,
2,11,6,5,1-4-5-7,0.0005107252298263534,0.9994892747701737,2937,
2,11,6,5,1-4-5-8,0.005897219882055603,0.9941027801179444,1187,
2,11,6,5,1-4-5-9,0.007633587786259542,0.9923664122137404,393,
2,11,6,5,1-4-6-10,0.030927835051546393,0.9690721649484536,97,
2,11,6,5,1-4-6-6,0.01428171654558163,0.9857182834544184,1885,
2,11,6,5,1-4-6-7,0.0015161725067385444,0.9984838274932615,2968,
2,11,6,5,1-4-6-8,0.008288530465949821,0.9917114695340502,1116,
2,11,6,5,1-4-6-9,0.0013850415512465374,0.9986149584487535,361,
2,11,6,5,1-4-7-10,0.0392156862745098,0.9607843137254902,102,
2,11,6,5,1-4-7-7,0.003937007874015748,0.9960629921259843,889,
2,11,6,5,1-4-7-8,0.00045955882352941176,0.9995404411764706,1088,
2,11,6,5,1-4-7-9,0.00390625,0.99609375,384,
2,11,6,5,1-4-8-10,0.061946902654867256,0.9380530973451328,113,
2,11,6,5,1-4-8-8,0.0015822784810126582,0.9984177215189873,316,
2,11,6,5,1-4-8-9,0.020053475935828877,0.9799465240641712,374,
2,11,6,5,1-4-9-10,0.005494505494505495,0.9945054945054945,91,
2,11,6,5,1-4-9-9,0.013392857142857142,0.9866071428571429,112,
2,11,6,5,1-5-10-10,0.0,1.0,27,DRAW
2,11,6,5,1-5-5-10,0.09302325581395349,0.9069767441860465,43,
2,11,6,5,1-5-5-5,0.11247904321554336,0.8875209567844567,545,
2,11,6,5,1-5-5-6,0.00022512381809995497,0.9997748761819001,2221,
2,11,6,5,1-5-5-7,0.0019175455417066154,0.9980824544582934,1043,
2,11,6,5,1-5-5-8,0.012222222222222223,0.9877777777777778,450,
2,11,6,5,1-5-5-9,0.06785714285714285,0.9321428571428572,140,
2,11,6,5,1-5-6-10,0.006578947368421052,0.993421052631579,76,
2,11,6,5,1-5-6-6,0.0038109756097560975,0.9961890243902439,1968,
2,11,6,5,1-5-6-7,0.0025951557093425604,0.9974048442906575,2890,
2,11,6,5,1-5-6-8,0.007491789819376027,0.992508210180624,1218,
2,11,6,5,1-5-6-9,0.009433962264150943,0.9905660377358491,318,
2,11,6,5,1-5-7-10,0.02127659574468085,0.9787234042553191,94,
2,11,6,5,1-5-7-7,0.002207505518763797,0.9977924944812362,906,
2,11,6,5,1-5-7-8,0.0008802816901408451,0.9991197183098591,1136,
2,11,6,5,1-5-7-9,0.013227513227513227,0.9867724867724867,378,
2,11,6,5,1-5-8-10,0.010101010101010102,0.98989898989899,99,
2,11,6,5,1-5-8-8,0.0028328611898017,0.9971671388101983,353,
2,11,6,5,1-5-8-9,0.012328767123287671,0.9876712328767123,365,
2,11,6,5,1-5-9-10,0.027777777777777776,0.9722222222222222,90,
2,11,6,5,1-5-9-9,0.022935779816513763,0.9770642201834863,109,
2,11,6,5,1-6-10-10,0.0,1.0,36,DRAW
2,11,6,5,1-6-6-10,0.12857142857142856,0.8714285714285714,35,
2,11,6,5,1-6-6-6,0.005244755244755245,0.9947552447552448,286,
2,11,6,5,1-6-6-7,0.0036363636363636364,0.9963636363636363,1100,
2,11,6,5,1-6-6-8,0.02142857142857143,0.9785714285714285,420,
2,11,6,5,1-6-6-9,0.0070921985815602835,0.9929078014184397,141,
2,11,6,5,1-6-7-10,0.16025641025641027,0.8397435897435898,78,
2,11,6,5,1-6-7-7,0.0017647058823529412,0.9982352941176471,850,
2,11,6,5,1-6-7-8,0.01743119266055046,0.9825688073394495,1090,
2,11,6,5,1-6-7-9,0.01729106628242075,0.9827089337175793,347,
2,11,6,5,1-6-8-10,0.047872340425531915,0.9521276595744681,94,
2,11,6,5,1-6-8-8,0.002824858757062147,0.9971751412429378,354,
2,11,6,5,1-6-8-9,0.00141643059490085,0.9985835694050992,353,
2,11,6,5,1-6-9-10,0.0,1.0,83,DRAW
2,11,6,5,1-6-9-9,0.07425742574257425,0.9257425742574258,101,
2,11,6,5,1-7-10-10,0.0,1.0,30,DRAW
2,11,6,5,1-7-7-10,0.04838709677419355,0.9516129032258065,31,
2,11,6,5,1-7-7-7,0.007633587786259542,0.9923664122137404,131,
2,11,6,5,1-7-7-8,0.0034482758620689655,0.996551724137931,435,
2,11,6,5,1-7-7-9,0.007692307692307693,0.9923076923076923,130,
2,11,6,5,1-7-8-10,0.0,1.0,112,DRAW
2,11,6,5,1-7-8-8,0.0016286644951140066,0.998371335504886,307,
2,11,6,5,1-7-8-9,0.010174418604651164,0.9898255813953488,344,
2,11,6,5,1-7-9-10,0.0,1.0,98,DRAW
2,11,6,5,1-7-9-9,0.0,1.0,90,DRAW
2,11,6,5,1-8-10-10,0.0,1.0,34,DRAW
2,11,6,5,1-8-8-10,0.0,1.0,45,DRAW
2,11,6,5,1-8-8-8,0.05357142857142857,0.9464285714285714,56,
2,11,6,5,1-8-8-9,0.0,1.0,174,DRAW
2,11,6,5,1-8-9-10,0.0,1.0,98,DRAW
2,11,6,5,1-8-9-9,0.0,1.0,104,DRAW
2,11,6,5,1-9-10-10,0.0,1.0,38,DRAW
2,11,6,5,1-9-9-10,0.0,1.0,42,DRAW
2,11,6,5,1-9-9-9,0.0,1.0,9,DRAW
2,11,6,5,2-10-10-10,0.0,1.0,10,DRAW
2,11,6,5,2-2-10-10,0.11538461538461539,0.8846153846153846,13,
2,11,6,5,2-2-2-10,0.125,0.875,4,
2,11,6,5,2-2-2-2,0.5725000000000002,0.42749999999999977,100,
2,11,6,5,2-2-2-3,0.9991460290350128,0.0008539709649871904,1171,
2,11,6,5,2-2-2-4,0.47137918982037513,0.5286208101796248,749,
2,11,6,5,2-2-2-5,0.01970208706997457,0.9802979129300253,548,
2,11,6,5,2-2-2-6,0.03722179387320108,0.962778206126799,308,
2,11,6,5,2-2-2-7,0.07847954782831194,0.9215204521716881,178,
2,11,6,5,2-2-2-8,0.15234362152142672,0.8476563784785732,67,
2,11,6,5,2-2-2-9,0.04732510288065844,0.9526748971193415,27,
2,11,6,5,2-2-3-10,0.03225806451612903,0.967741935483871,31,
2,11,6,5,2-2-3-3,0.9863059707017467,0.013694029298253295,2527,
2,11,6,5,2-2-3-4,0.9569372841795389,0.043062715820461124,4475,
2,11,6,5,2-2-3-5,0.9236980872361747,0.07630191276382521,2883,
2,11,6,5,2-2-3-6,0.10631079109405651,0.8936892089059435,1785,
2,11,6,5,2-2-3-7,0.08242987269573161,0.9175701273042685,1077,
2,11,6,5,2-2-3-8,0.017671517671517672,0.9823284823284824,481,
2,11,6,5,2-2-3-9,0.04591836734693878,0.9540816326530612,147,
2,11,6,5,2-2-4-10,0.03333333333333333,0.9666666666666667,45,
2,11,6,5,2-2-4-4,0.9649860400400471,0.035013959959952934,1564,
2,11,6,5,2-2-4-5,0.011369184106482065,0.9886308158935179,2902,
2,11,6,5,2-2-4-6,0.001413094677343382,0.9985869053226566,2123,
2,11,6,5,2-2-4-7,0.002240143369175627,0.9977598566308243,1116,
2,11,6,5,2-2-4-8,0.0011389521640091116,0.9988610478359908,439,
2,11,6,5,2-2-4-9,0.006666666666666667,0.9933333333333333,150,
2,11,6,5,2-2-5-10,0.08888888888888889,0.9111111111111111,45,
2,11,6,5,2-2-5-5,0.05653756240884081,0.9434624375911592,1005,
2,11,6,5,2-2-5-6,0.0016121602947950253,0.998387839705205,2171,
2,11,6,5,2-2-5-7,0.006950880444856348,0.9930491195551436,1079,
2,11,6,5,2-2-5-8,0.0035294117647058825,0.9964705882352941,425,
2,11,6,5,2-2-5-9,0.012605042016806723,0.9873949579831933,119,
2,11,6,5,2-2-6-10,0.014705882352941176,0.9852941176470589,34,
2,11,6,5,2-2-6-6,0.0007396449704142012,0.9992603550295858,676,
2,11,6,5,2-2-6-7,0.0024224806201550387,0.997577519379845,1032,
2,11,6,5,2-2-6-8,0.006188118811881188,0.9938118811881188,404,
2,11,6,5,2-2-6-9,0.0078125,0.9921875,128,
2,11,6,5,2-2-7-10,0.07142857142857142,0.9285714285714286,42,
2,11,6,5,2-2-7-7,0.005780346820809248,0.9942196531791907,346,
2,11,6,5,2-2-7-8,0.0036319612590799033,0.9963680387409201,413,
2,11,6,5,2-2-7-9,0.136,0.864,125,
2,11,6,5,2-2-8-10,0.16666666666666666,0.8333333333333334,42,
2,11,6,5,2-2-8-8,0.08333333333333333,0.9166666666666666,126,
2,11,6,5,2-2-8-9,0.021929824561403508,0.9780701754385965,114,
2,11,6,5,2-2-9-10,0.027777777777777776,0.9722222222222222,36,
2,11,6,5,2-2-9-9,0.07575757575757576,0.9242424242424242,33,
2,11,6,5,2-3-10-10,0.05,0.95,20,
2,11,6,5,2-3-3-10,0.022727272727272728,0.9772727272727273,44,
2,11,6,5,2-3-3-3,0.9931906614785992,0.006809338521400778,1028,
2,11,6,5,2-3-3-4,0.9959956106795758,0.004004389320424308,4527,
2,11,6,5,2-3-3-5,0.32506699238640696,0.6749330076135931,2841,
2,11,6,5,2-3-3-6,0.00046533271288971617,0.9995346672871103,2149,
2,11,6,5,2-3-3-7,0.01344939615600645,0.9865506038439935,1076,
2,11,6,5,2-3-3-8,0.0011210762331838565,0.9988789237668162,446,
2,11,6,5,2-3-3-9,0.0037593984962406013,0.9962406015037594,133,
2,11,6,5,2-3-4-10,0.1093037104265552,0.8906962895734447,105,
2,11,6,5,2-3-4-4,0.9500686537989762,0.049931346201023734,4161,
2,11,6,5,2-3-4-5,0.001043379284178576,0.9989566207158215,7907,
2,11,6,5,2-3-4-6,0.001123848055742863,0.998876151944257,5932,
2,11,6,5,2-3-4-7,0.00034164673727365904,0.9996583532627263,2927,
2,11,6,5,2-3-4-8,0.00041322314049586776,0.9995867768595041,1210,
2,11,6,5,2-3-4-9,0.002717391304347826,0.9972826086956522,368,
2,11,6,5,2-3-5-10,0.07526881720430108,0.9247311827956989,93,
2,11,6,5,2-3-5-5,0.0004591368227731864,0.9995408631772268,3267,
2,11,6,5,2-3-5-6,0.0011627906976744186,0.9988372093023256,6020,
2,11,6,5,2-3-5-7,0.0005168849069607167,0.9994831150930393,2902,
2,11,6,5,2-3-5-8,0.012295786758383494,0.9877042132416165,1163,
2,11,6,5,2-3-5-9,0.0025380710659898475,0.9974619289340102,394,
2,11,6,5,2-3-6-10,0.022727272727272728,0.9772727272727273,88,
2,11,6,5,2-3-6-6,0.0018498942917547568,0.9981501057082452,1892,
2,11,6,5,2-3-6-7,0.00016823687752355316,0.9998317631224765,2972,
2,11,6,5,2-3-6-8,0.0008547008547008547,0.9991452991452991,1170,
2,11,6,5,2-3-6-9,0.00909090909090909,0.990909090909091,330,
2,11,6,5,2-3-7-10,0.005376344086021506,0.9946236559139785,93,
2,11,6,5,2-3-7-7,0.013187961021550006,0.9868120389784499,867,
2,11,6,5,2-3-7-8,0.005366726296958855,0.9946332737030411,1118,
2,11,6,5,2-3-7-9,0.0013297872340425532,0.9986702127659575,376,
2,11,6,5,2-3-8-10,0.02830188679245283,0.9716981132075472,106,
2,11,6,5,2-3-8-8,0.01592356687898089,0.9840764331210191,314,
2,11,6,5,2-3-8-9,0.002638522427440633,0.9973614775725593,379,
2,11,6,5,2-3-9-10,0.06043956043956044,0.9395604395604396,91,
2,11,6,5,2-3-9-9,0.005813953488372093,0.9941860465116279,86,
2,11,6,5,2-4-10-10,0.0,1.0,33,DRAW
2,11,6,5,2-4-4-10,0.04054054054054054,0.9594594594594594,37,
2,11,6,5,2-4-4-4,0.9196108193317318,0.08038918066826818,669,
2,11,6,5,2-4-4-5,0.001817127608457396,0.9981828723915426,3077,
2,11,6,5,2-4-4-6,0.009877073411093716,0.9901229265889062,1964,
2,11,6,5,2-4-4-7,0.0008680555555555555,0.9991319444444444,1152,
2,11,6,5,2-4-4-8,0.01222651102130911,0.9877734889786909,443,
2,11,6,5,2-4-4-9,0.10648148148148148,0.8935185185185185,108,
2,11,6,5,2-4-5-10,0.06,0.94,100,
2,11,6,5,2-4-5-5,0.00047095761381475666,0.9995290423861852,3185,
2,11,6,5,2-4-5-6,0.00040426908150064685,0.9995957309184994,6184,
2,11,6,5,2-4-5-7,0.003815469996531391,0.9961845300034686,2883,
2,11,6,5,2-4-5-8,0.004212299915754001,0.995787700084246,1187,
2,11,6,5,2-4-5-9,0.003968253968253968,0.996031746031746,378,
2,11,6,5,2-4-6-10,0.22727272727272727,0.7727272727272727,88,
2,11,6,5,2-4-6-6,0.002894703018050065,0.9971052969819499,1916,
2,11,6,5,2-4-6-7,0.0023640661938534274,0.9976359338061466,2961,
2,11,6,5,2-4-6-8,0.009485094850948509,0.9905149051490515,1107,
2,11,6,5,2-4-6-9,0.012953367875647668,0.9870466321243523,386,
2,11,6,5,2-4-7-10,0.01904761904761905,0.9809523809523809,105,
2,11,6,5,2-4-7-7,0.010714285714285714,0.9892857142857143,840,
2,11,6,5,2-4-7-8,0.004745470232959448,0.9952545297670405,1159,
2,11,6,5,2-4-7-9,0.0014245014245014246,0.9985754985754985,351,
2,11,6,5,2-4-8-10,0.010869565217391304,0.9891304347826086,92,
2,11,6,5,2-4-8-8,0.007374631268436578,0.9926253687315634,339,
2,11,6,5,2-4-8-9,0.005025125628140704,0.9949748743718593,398,
2,11,6,5,2-4-9-10,0.04040404040404041,0.9595959595959596,99,
2,11,6,5,2-4-9-9,0.014563106796116505,0.9854368932038835,103,
2,11,6,5,2-5-10-10,0.0,1.0,39,DRAW
2,11,6,5,2-5-5-10,0.21428571428571427,0.7857142857142857,35,
2,11,6,5,2-5-5-5,0.0048638132295719845,0.995136186770428,514,
2,11,6,5,2-5-5-6,0.009085554263736514,0.9909144457362635,2147,
2,11,6,5,2-5-5-7,0.0052986512524084775,0.9947013487475915,1038,
2,11,6,5,2-5-5-8,0.016930022573363433,0.9830699774266366,443,
2,11,6,5,2-5-5-9,0.023741060980091294,0.9762589390199087,143,
2,11,6,5,2-5-6-10,0.017045454545454544,0.9829545454545454,88,
2,11,6,5,2-5-6-6,0.0021085925144965737,0.9978914074855034,1897,
2,11,6,5,2-5-6-7,0.0014079549454417458,0.9985920450545582,2841,
2,11,6,5,2-5-6-8,0.019001208824418244,0.9809987911755819,1103,
2,11,6,5,2-5-6-9,0.005076142131979695,0.9949238578680203,394,
2,11,6,5,2-5-7-10,0.08152173913043478,0.9184782608695652,92,
2,11,6,5,2-5-7-7,0.0005753739930955121,0.9994246260069045,869,
2,11,6,5,2-5-7-8,0.003810330228619814,0.9961896697713802,1181,
2,11,6,5,2-5-7-9,0.005714285714285714,0.9942857142857143,350,
2,11,6,5,2-5-8-10,0.03409090909090909,0.9659090909090909,88,
2,11,6,5,2-5-8-8,0.010263929618768328,0.9897360703812317,341,
2,11,6,5,2-5-8-9,0.002785515320334262,0.9972144846796658,359,
2,11,6,5,2-5-9-10,0.0,1.0,98,DRAW
2,11,6,5,2-5-9-9,0.09415584415584416,0.9058441558441559,77,
2,11,6,5,2-6-10-10,0.0,1.0,24,DRAW
2,11,6,5,2-6-6-10,0.06944444444444445,0.9305555555555556,36,
2,11,6,5,2-6-6-6,0.007272727272727273,0.9927272727272727,275,
2,11,6,5,2-6-6-7,0.002455795677799607,0.9975442043222004,1018,
2,11,6,5,2-6-6-8,0.001201923076923077,0.9987980769230769,416,
2,11,6,5,2-6-6-9,0.04132231404958678,0.9586776859504132,121,
2,11,6,5,2-6-7-10,0.06172839506172839,0.9382716049382716,81,
2,11,6,5,2-6-7-7,0.003067484662576687,0.9969325153374233,815,
2,11,6,5,2-6-7-8,0.0008960573476702509,0.9991039426523297,1116,
2,11,6,5,2-6-7-9,0.01636904761904762,0.9836309523809523,336,
2,11,6,5,2-6-8-10,0.0,1.0,82,DRAW
2,11,6,5,2-6-8-8,0.011142061281337047,0.9888579387186629,359,
2,11,6,5,2-6-8-9,0.007853403141361256,0.9921465968586387,382,
2,11,6,5,2-6-9-10,0.0,1.0,100,DRAW
2,11,6,5,2-6-9-9,0.0,1.0,106,DRAW
2,11,6,5,2-7-10-10,0.0,1.0,33,DRAW
2,11,6,5,2-7-7-10,0.0,1.0,37,DRAW
2,11,6,5,2-7-7-7,0.013392857142857142,0.9866071428571429,112,
2,11,6,5,2-7-7-8,0.0012919896640826874,0.9987080103359173,387,
2,11,6,5,2-7-7-9,0.010948905109489052,0.9890510948905109,137,
2,11,6,5,2-7-8-10,0.0,1.0,85,DRAW
2,11,6,5,2-7-8-8,0.014240506329113924,0.9857594936708861,316,
2,11,6,5,2-7-8-9,0.0,1.0,310,DRAW
2,11,6,5,2-7-9-10,0.0,1.0,90,DRAW
2,11,6,5,2-7-9-9,0.0,1.0,85,DRAW
2,11,6,5,2-8-10-10,0.0,1.0,33,DRAW
2,11,6,5,2-8-8-10,0.0,1.0,32,DRAW
2,11,6,5,2-8-8-8,0.0,1.0,59,DRAW
2,11,6,5,2-8-8-9,0.0,1.0,131,DRAW
2,11,6,5,2-8-9-10,0.0,1.0,83,DRAW
2,11,6,5,2-8-9-9,0.0,1.0,109,DRAW
2,11,6,5,2-9-10-10,0.0,1.0,31,DRAW
2,11,6,5,2-9-9-10,0.0,1.0,32,DRAW
2,11,6,5,2-9-9-9,0.0,1.0,13,DRAW
2,11,6,5,3-10-10-10,0.0,1.0,11,DRAW
2,11,6,5,3-3-10-10,0.0,1.0,8,DRAW
2,11,6,5,3-3-3-10,0.4166666666666667,0.5833333333333334,6,
2,11,6,5,3-3-3-3,0.697145692824396,0.302854307175604,58,
2,11,6,5,3-3-3-4,0.8118391881047391,0.1881608118952609,769,
2,11,6,5,3-3-3-5,0.8872199142593437,0.11278008574065641,444,
2,11,6,5,3-3-3-6,0.04015257087482561,0.9598474291251744,305,
2,11,6,5,3-3-3-7,0.07514450867052024,0.9248554913294798,173,
2,11,6,5,3-3-3-8,0.2865794985000282,0.7134205014999717,63,
2,11,6,5,3-3-3-9,0.08695652173913043,0.9130434782608695,23,
2,11,6,5,3-3-4-10,0.5985301123437559,0.40146988765624414,35,
2,11,6,5,3-3-4-4,0.8013985351362497,0.19860146486375024,1647,
2,11,6,5,3-3-4-5,0.0018363939899833056,0.9981636060100167,2995,
2,11,6,5,3-3-4-6,0.010794664045692978,0.989205335954307,2084,
2,11,6,5,3-3-4-7,0.002179598953792502,0.9978204010462075,1147,
2,11,6,5,3-3-4-8,0.04685242620312538,0.9531475737968746,405,
2,11,6,5,3-3-4-9,0.015384615384615385,0.9846153846153847,130,
2,11,6,5,3-3-5-10,0.5792682926829268,0.42073170731707316,41,
2,11,6,5,3-3-5-5,0.002035830618892508,0.9979641693811075,1228,
2,11,6,5,3-3-5-6,0.001873536299765808,0.9981264637002342,2135,
2,11,6,5,3-3-5-7,0.060380311217966345,0.9396196887820337,1059,
2,11,6,5,3-3-5-8,0.00351288056206089,0.9964871194379391,427,
2,11,6,5,3-3-5-9,0.0035211267605633804,0.9964788732394366,142,
2,11,6,5,3-3-6-10,0.27631578947368424,0.7236842105263158,38,
2,11,6,5,3-3-6-6,0.0037565475120397676,0.9962434524879602,663,
2,11,6,5,3-3-6-7,0.019337016574585635,0.9806629834254144,1086,
2,11,6,5,3-3-6-8,0.012846258920617507,0.9871537410793825,438,
2,11,6,5,3-3-6-9,0.12080536912751678,0.8791946308724832,149,
2,11,6,5,3-3-7-10,0.014285714285714285,0.9857142857142858,35,
2,11,6,5,3-3-7-7,0.011705685618729096,0.9882943143812709,299,
2,11,6,5,3-3-7-8,0.017114914425427872,0.9828850855745721,409,
2,11,6,5,3-3-7-9,0.01652892561983471,0.9834710743801653,121,
2,11,6,5,3-3-8-10,0.25757575757575757,0.7424242424242424,33,
2,11,6,5,3-3-8-8,0.01327433628318584,0.9867256637168141,113,
2,11,6,5,3-3-8-9,0.071875,0.928125,160,
2,11,6,5,3-3-9-10,0.023255813953488372,0.9767441860465116,43,
2,11,6,5,3-3-9-9,0.030303030303030304,0.9696969696969697,33,
2,11,6,5,3-4-10-10,0.0,1.0,28,DRAW
2,11,6,5,3-4-4-10,0.5,0.5,32,
2,11,6,5,3-4-4-4,0.9111682489607796,0.08883175103922038,635,
2,11,6,5,3-4-4-5,0.015279654608018575,0.9847203453919814,3464,
2,11,6,5,3-4-4-6,0.007433298163020506,0.9925667018369795,2046,
2,11,6,5,3-4-4-7,0.0013953488372093023,0.9986046511627907,1075,
2,11,6,5,3-4-4-8,0.005924170616113744,0.9940758293838863,422,
2,11,6,5,3-4-4-9,0.022321428571428572,0.9776785714285714,112,
2,11,6,5,3-4-5-10,0.040697674418604654,0.9593023255813954,86,
2,11,6,5,3-4-5-5,0.001904432132963989,0.998095567867036,2888,
2,11,6,5,3-4-5-6,0.0045525197160813154,0.9954474802839186,6206,
2,11,6,5,3-4-5-7,0.0039115646258503405,0.9960884353741497,2940,
2,11,6,5,3-4-5-8,0.01038843721770551,0.9896115627822945,1107,
2,11,6,5,3-4-5-9,0.002531645569620253,0.9974683544303797,395,
2,11,6,5,3-4-6-10,0.010638297872340425,0.9893617021276596,94,
2,11,6,5,3-4-6-6,0.00078003120124805,0.999219968798752,1923,
2,11,6,5,3-4-6-7,0.0032837884548911167,0.9967162115451089,2893,
2,11,6,5,3-4-6-8,0.00042589437819420784,0.9995741056218058,1174,
2,11,6,5,3-4-6-9,0.004213483146067416,0.9957865168539326,356,
2,11,6,5,3-4-7-10,0.030612244897959183,0.9693877551020408,98,
2,11,6,5,3-4-7-7,0.0005793742757821553,0.9994206257242179,863,
2,11,6,5,3-4-7-8,0.0068201193520886615,0.9931798806479113,1173,
2,11,6,5,3-4-7-9,0.002631578947368421,0.9973684210526316,380,
2,11,6,5,3-4-8-10,0.01098901098901099,0.989010989010989,91,
2,11,6,5,3-4-8-8,0.011111111111111112,0.9888888888888889,360,
2,11,6,5,3-4-8-9,0.002617801047120419,0.9973821989528796,382,
2,11,6,5,3-4-9-10,0.0,1.0,94,DRAW
2,11,6,5,3-4-9-9,0.00510204081632653,0.9948979591836735,98,
2,11,6,5,3-5-10-10,0.0,1.0,33,DRAW
2,11,6,5,3-5-5-10,0.203125,0.796875,32,
2,11,6,5,3-5-5-5,0.009404388714733541,0.9905956112852664,476,
2,11,6,5,3-5-5-6,0.00022341376228775692,0.9997765862377123,2238,
2,11,6,5,3-5-5-7,0.0017406440382941688,0.9982593559617058,1149,
2,11,6,5,3-5-5-8,0.01282051282051282,0.9871794871794872,468,
2,11,6,5,3-5-5-9,0.03508771929824561,0.9649122807017544,114,
2,11,6,5,3-5-6-10,0.03211009174311927,0.9678899082568807,109,
2,11,6,5,3-5-6-6,0.030386740331491666,0.9696132596685083,1810,
2,11,6,5,3-5-6-7,0.0020484807101399795,0.99795151928986,2929,
2,11,6,5,3-5-6-8,0.005930656934306569,0.9940693430656934,1096,
2,11,6,5,3-5-6-9,0.003937007874015748,0.9960629921259843,381,
2,11,6,5,3-5-7-10,0.027472527472527472,0.9725274725274725,91,
2,11,6,5,3-5-7-7,0.004027617951668585,0.9959723820483314,869,
2,11,6,5,3-5-7-8,0.004545454545454545,0.9954545454545455,1100,
2,11,6,5,3-5-7-9,0.015915119363395226,0.9840848806366048,377,
2,11,6,5,3-5-8-10,0.0,1.0,101,DRAW
2,11,6,5,3-5-8-8,0.0243161094224924,0.9756838905775076,329,
2,11,6,5,3-5-8-9,0.0060790273556231,0.993920972644377,329,
2,11,6,5,3-5-9-10,0.0,1.0,96,DRAW
2,11,6,5,3-5-9-9,0.0,1.0,92,DRAW
2,11,6,5,3-6-10-10,0.0,1.0,37,DRAW
2,11,6,5,3-6-6-10,0.15789473684210525,0.8421052631578947,38,
2,11,6,5,3-6-6-6,0.02388535031847134,0.9761146496815286,314,
2,11,6,5,3-6-6-7,0.002857142857142857,0.9971428571428571,1050,
2,11,6,5,3-6-6-8,0.02588235294117647,0.9741176470588235,425,
2,11,6,5,3-6-6-9,0.017482517482517484,0.9825174825174825,143,
2,11,6,5,3-6-7-10,0.0,1.0,87,DRAW
2,11,6,5,3-6-7-7,0.002242152466367713,0.9977578475336323,892,
2,11,6,5,3-6-7-8,0.0034542314335060447,0.9965457685664939,1158,
2,11,6,5,3-6-7-9,0.010471204188481676,0.9895287958115183,382,
2,11,6,5,3-6-8-10,0.0,1.0,88,DRAW
2,11,6,5,3-6-8-8,0.01929260450160772,0.9807073954983923,311,
2,11,6,5,3-6-8-9,0.0,1.0,344,DRAW
2,11,6,5,3-6-9-10,0.0,1.0,101,DRAW
2,11,6,5,3-6-9-9,0.0,1.0,89,DRAW
2,11,6,5,3-7-10-10,0.0,1.0,24,DRAW
2,11,6,5,3-7-7-10,0.0,1.0,37,DRAW
2,11,6,5,3-7-7-7,0.011363636363636364,0.9886363636363636,132,
2,11,6,5,3-7-7-8,0.013824884792626729,0.9861751152073732,434,
2,11,6,5,3-7-7-9,0.0,1.0,119,DRAW
2,11,6,5,3-7-8-10,0.0,1.0,104,DRAW
2,11,6,5,3-7-8-8,0.0,1.0,336,DRAW
2,11,6,5,3-7-8-9,0.0,1.0,313,DRAW
2,11,6,5,3-7-9-10,0.0,1.0,86,DRAW
2,11,6,5,3-7-9-9,0.0,1.0,117,DRAW
2,11,6,5,3-8-10-10,0.0,1.0,27,DRAW
2,11,6,5,3-8-8-10,0.0,1.0,44,DRAW
2,11,6,5,3-8-8-8,0.0,1.0,54,DRAW
2,11,6,5,3-8-8-9,0.0,1.0,142,DRAW
2,11,6,5,3-8-9-10,0.0,1.0,101,DRAW
2,11,6,5,3-8-9-9,0.0,1.0,108,DRAW
2,11,6,5,3-9-10-10,0.0,1.0,35,DRAW
2,11,6,5,3-9-9-10,0.0,1.0,43,DRAW
2,11,6,5,3-9-9-9,0.0,1.0,8,DRAW
2,11,6,5,4-10-10-10,0.0,1.0,2,DRAW
2,11,6,5,4-4-10-10,0.0,1.0,18,DRAW
2,11,6,5,4-4-4-10,0.5,0.5,7,
2,11,6,5,4-4-4-4,0.8484848484848484,0.15151515151515155,22,
2,11,6,5,4-4-4-5,0.018052045036764705,0.9819479549632353,544,
2,11,6,5,4-4-4-6,0.5217651069985016,0.4782348930014984,276,
2,11,6,5,4-4-4-7,0.1076388888888889,0.8923611111111112,162,
2,11,6,5,4-4-4-8,0.1320754716981132,0.8679245283018868,53,
2,11,6,5,4-4-4-9,0.25,0.75,16,
2,11,6,5,4-4-5-10,0.5,0.5,27,
2,11,6,5,4-4-5-5,0.0012853470437017994,0.9987146529562982,1167,
2,11,6,5,4-4-5-6,0.0011215791834903544,0.9988784208165097,2229,
2,11,6,5,4-4-5-7,0.02673545966228893,0.973264540337711,1066,
2,11,6,5,4-4-5-8,0.012958963282937365,0.9870410367170627,463,
2,11,6,5,4-4-5-9,0.029197080291970802,0.9708029197080292,137,
2,11,6,5,4-4-6-10,0.25757575757575757,0.7424242424242424,33,
2,11,6,5,4-4-6-6,0.005610098176718092,0.9943899018232819,713,
2,11,6,5,4-4-6-7,0.004849660523763337,0.9951503394762367,1031,
2,11,6,5,4-4-6-8,0.0656941266209,0.9343058733791,437,
2,11,6,5,4-4-6-9,0.004032258064516129,0.9959677419354839,124,
2,11,6,5,4-4-7-10,0.17142857142857143,0.8285714285714286,35,
2,11,6,5,4-4-7-7,0.02654867256637168,0.9734513274336283,339,
2,11,6,5,4-4-7-8,0.012276785714285714,0.9877232142857143,448,
2,11,6,5,4-4-7-9,0.013157894736842105,0.9868421052631579,152,
2,11,6,5,4-4-8-10,0.0,1.0,27,DRAW
2,11,6,5,4-4-8-8,0.07272727272727272,0.9272727272727272,110,
2,11,6,5,4-4-8-9,0.04230769230769231,0.9576923076923077,130,
2,11,6,5,4-4-9-10,0.0,1.0,36,DRAW
2,11,6,5,4-4-9-9,0.0,1.0,43,DRAW
2,11,6,5,4-5-10-10,0.0,1.0,30,DRAW
2,11,6,5,4-5-5-10,0.2631578947368421,0.7368421052631579,38,
2,11,6,5,4-5-5-5,0.009652509652509652,0.9903474903474904,518,
2,11,6,5,4-5-5-6,0.010331442588843904,0.9896685574111561,2223,
2,11,6,5,4-5-5-7,0.02,0.98,1050,
2,11,6,5,4-5-5-8,0.02,0.98,450,
2,11,6,5,4-5-5-9,0.015384615384615385,0.9846153846153847,130,
2,11,6,5,4-5-6-10,0.05102040816326531,0.9489795918367347,98,
2,11,6,5,4-5-6-6,0.001782985226693836,0.9982170147733062,1963,
2,11,6,5,4-5-6-7,0.00138264777048047,0.9986173522295195,2893,
2,11,6,5,4-5-6-8,0.0021645021645021645,0.9978354978354979,1155,
2,11,6,5,4-5-6-9,0.011299435028248588,0.9887005649717514,354,
2,11,6,5,4-5-7-10,0.0,1.0,97,DRAW
2,11,6,5,4-5-7-7,0.029445727482678985,0.9705542725173211,866,
2,11,6,5,4-5-7-8,0.006696428571428571,0.9933035714285714,1120,
2,11,6,5,4-5-7-9,0.009695290858725761,0.9903047091412742,361,
2,11,6,5,4-5-8-10,0.0,1.0,78,DRAW
2,11,6,5,4-5-8-8,0.021865889212827987,0.978134110787172,343,
2,11,6,5,4-5-8-9,0.0,1.0,337,DRAW
2,11,6,5,4-5-9-10,0.0,1.0,103,DRAW
2,11,6,5,4-5-9-9,0.0,1.0,104,DRAW
2,11,6,5,4-6-10-10,0.0,1.0,39,DRAW
2,11,6,5,4-6-6-10,0.0,1.0,38,DRAW
2,11,6,5,4-6-6-6,0.011029411764705883,0.9889705882352942,272,
2,11,6,5,4-6-6-7,0.0078125,0.9921875,1024,
2,11,6,5,4-6-6-8,0.02219626168224299,0.977803738317757,428,
2,11,6,5,4-6-6-9,0.13768115942028986,0.8623188405797102,138,
2,11,6,5,4-6-7-10,0.0,1.0,103,DRAW
2,11,6,5,4-6-7-7,0.011292346298619825,0.9887076537013801,797,
2,11,6,5,4-6-7-8,0.0026200873362445414,0.9973799126637555,1145,
2,11,6,5,4-6-7-9,0.0,1.0,348,DRAW
2,11,6,5,4-6-8-10,0.0,1.0,94,DRAW
2,11,6,5,4-6-8-8,0.0,1.0,294,DRAW
2,11,6,5,4-6-8-9,0.0,1.0,343,DRAW
2,11,6,5,4-6-9-10,0.0,1.0,93,DRAW
2,11,6,5,4-6-9-9,0.0,1.0,113,DRAW
2,11,6,5,4-7-10-10,0.0,1.0,36,DRAW
2,11,6,5,4-7-7-10,0.0,1.0,28,DRAW
2,11,6,5,4-7-7-7,0.011627906976744186,0.9883720930232558,129,
2,11,6,5,4-7-7-8,0.0,1.0,405,DRAW
2,11,6,5,4-7-7-9,0.0,1.0,149,DRAW
2,11,6,5,4-7-8-10,0.0,1.0,84,DRAW
2,11,6,5,4-7-8-8,0.0,1.0,329,DRAW
2,11,6,5,4-7-8-9,0.0,1.0,359,DRAW
2,11,6,5,4-7-9-10,0.0,1.0,111,DRAW
2,11,6,5,4-7-9-9,0.0,1.0,100,DRAW
2,11,6,5,4-8-10-10,0.0,1.0,30,DRAW
2,11,6,5,4-8-8-10,0.0,1.0,30,DRAW
2,11,6,5,4-8-8-8,0.0,1.0,47,DRAW
2,11,6,5,4-8-8-9,0.0,1.0,133,DRAW
2,11,6,5,4-8-9-10,0.0,1.0,103,DRAW
2,11,6,5,4-8-9-9,0.0,1.0,92,DRAW
2,11,6,5,4-9-10-10,0.0,1.0,42,DRAW
2,11,6,5,4-9-9-10,0.0,1.0,28,DRAW
2,11,6,5,4-9-9-9,0.0,1.0,14,DRAW
2,11,6,5,5-10-10-10,0.0,1.0,6,DRAW
2,11,6,5,5-5-10-10,0.0,1.0,8,DRAW
2,11,6,5,5-5-5-10,0.5,0.5,7,
2,11,6,5,5-5-5-5,0.36989795918367346,0.6301020408163266,28,
2,11,6,5,5-5-5-6,0.04690513011867434,0.9530948698813256,374,
2,11,6,5,5-5-5-7,0.06111111111111111,0.9388888888888889,180,
2,11,6,5,5-5-5-8,0.16129032258064516,0.8387096774193549,62,
2,11,6,5,5-5-5-9,0.5,0.5,19,
2,11,6,5,5-5-6-10,0.0,1.0,31,DRAW
2,11,6,5,5-5-6-6,0.0015408320493066256,0.9984591679506933,649,
2,11,6,5,5-5-6-7,0.017641597028783658,0.9823584029712163,1077,
2,11,6,5,5-5-6-8,0.011879049676025918,0.9881209503239741,463,
2,11,6,5,5-5-6-9,0.05136986301369863,0.9486301369863014,146,
2,11,6,5,5-5-7-10,0.0,1.0,37,DRAW
2,11,6,5,5-5-7-7,0.015772870662460567,0.9842271293375394,317,
2,11,6,5,5-5-7-8,0.016018306636155607,0.9839816933638444,437,
2,11,6,5,5-5-7-9,0.0,1.0,148,DRAW
2,11,6,5,5-5-8-10,0.0,1.0,40,DRAW
2,11,6,5,5-5-8-8,0.0,1.0,115,DRAW
2,11,6,5,5-5-8-9,0.0,1.0,138,DRAW
2,11,6,5,5-5-9-10,0.0,1.0,36,DRAW
2,11,6,5,5-5-9-9,0.0,1.0,36,DRAW
2,11,6,5,5-6-10-10,0.0,1.0,27,DRAW
2,11,6,5,5-6-6-10,0.0,1.0,34,DRAW
2,11,6,5,5-6-6-6,0.027052238805970148,0.9729477611940298,268,
2,11,6,5,5-6-6-7,0.005876591576885406,0.9941234084231146,1021,
2,11,6,5,5-6-6-8,0.002336448598130841,0.9976635514018691,428,
2,11,6,5,5-6-6-9,0.0,1.0,148,DRAW
2,11,6,5,5-6-7-10,0.0,1.0,99,DRAW
2,11,6,5,5-6-7-7,0.0246690734055355,0.9753309265944645,831,
2,11,6,5,5-6-7-8,0.0,1.0,1129,DRAW
2,11,6,5,5-6-7-9,0.0,1.0,365,DRAW
2,11,6,5,5-6-8-10,0.0,1.0,91,DRAW
2,11,6,5,5-6-8-8,0.0,1.0,308,DRAW
2,11,6,5,5-6-8-9,0.0,1.0,335,DRAW
2,11,6,5,5-6-9-10,0.0,1.0,91,DRAW
2,11,6,5,5-6-9-9,0.0,1.0,104,DRAW
2,11,6,5,5-7-10-10,0.0,1.0,34,DRAW
2,11,6,5,5-7-7-10,0.0,1.0,31,DRAW
2,11,6,5,5-7-7-7,0.0,1.0,131,DRAW
2,11,6,5,5-7-7-8,0.0,1.0,391,DRAW
2,11,6,5,5-7-7-9,0.0,1.0,135,DRAW
2,11,6,5,5-7-8-10,0.0,1.0,102,DRAW
2,11,6,5,5-7-8-8,0.0,1.0,352,DRAW
2,11,6,5,5-7-8-9,0.0,1.0,356,DRAW
2,11,6,5,5-7-9-10,0.0,1.0,98,DRAW
2,11,6,5,5-7-9-9,0.0,1.0,111,DRAW
2,11,6,5,5-8-10-10,0.0,1.0,28,DRAW
2,11,6,5,5-8-8-10,0.0,1.0,32,DRAW
2,11,6,5,5-8-8-8,0.0,1.0,50,DRAW
2,11,6,5,5-8-8-9,0.0,1.0,127,DRAW
2,11,6,5,5-8-9-10,0.0,1.0,93,DRAW
2,11,6,5,5-8-9-9,0.0,1.0,110,DRAW
2,11,6,5,5-9-10-10,0.0,1.0,26,DRAW
2,11,6,5,5-9-9-10,0.0,1.0,27,DRAW
2,11,6,5,5-9-9-9,0.0,1.0,17,DRAW
2,11,6,5,6-10-10-10,0.0,1.0,9,DRAW
2,11,6,5,6-6-10-10,0.0,1.0,13,DRAW
2,11,6,5,6-6-6-10,0.0,1.0,4,DRAW
2,11,6,5,6-6-6-6,0.65,0.35,10,
2,11,6,5,6-6-6-7,0.05421686746987952,0.9457831325301205,166,
2,11,6,5,6-6-6-8,0.0,1.0,63,DRAW
2,11,6,5,6-6-6-9,0.0,1.0,16,DRAW
2,11,6,5,6-6-7-10,0.0,1.0,45,DRAW
2,11,6,5,6-6-7-7,0.0,1.0,317,DRAW
2,11,6,5,6-6-7-8,0.0,1.0,403,DRAW
2,11,6,5,6-6-7-9,0.0,1.0,146,DRAW
2,11,6,5,6-6-8-10,0.0,1.0,29,DRAW
2,11,6,5,6-6-8-8,0.0,1.0,124,DRAW
2,11,6,5,6-6-8-9,0.0,1.0,134,DRAW
2,11,6,5,6-6-9-10,0.0,1.0,28,DRAW
2,11,6,5,6-6-9-9,0.0,1.0,31,DRAW
2,11,6,5,6-7-10-10,0.0,1.0,36,DRAW
2,11,6,5,6-7-7-10,0.0,1.0,39,DRAW
2,11,6,5,6-7-7-7,0.0,1.0,125,DRAW
2,11,6,5,6-7-7-8,0.0,1.0,359,DRAW
2,11,6,5,6-7-7-9,0.0,1.0,128,DRAW
2,11,6,5,6-7-8-10,0.0,1.0,86,DRAW
2,11,6,5,6-7-8-8,0.0,1.0,310,DRAW
2,11,6,5,6-7-8-9,0.0,1.0,341,DRAW
2,11,6,5,6-7-9-10,0.0,1.0,86,DRAW
2,11,6,5,6-7-9-9,0.0,1.0,93,DRAW
2,11,6,5,6-8-10-10,0.0,1.0,36,DRAW
2,11,6,5,6-8-8-10,0.0,1.0,36,DRAW
2,11,6,5,6-8-8-8,0.0,1.0,47,DRAW
2,11,6,5,6-8-8-9,0.0,1.0,129,DRAW
2,11,6,5,6-8-9-10,0.0,1.0,79,DRAW
2,11,6,5,6-8-9-9,0.0,1.0,90,DRAW
2,11,6,5,6-9-10-10,0.0,1.0,41,DRAW
2,11,6,5,6-9-9-10,0.0,1.0,38,DRAW
2,11,6,5,6-9-9-9,0.0,1.0,17,DRAW
2,11,6,5,7-10-10-10,0.0,1.0,18,DRAW
2,11,6,5,7-7-10-10,0.0,1.0,10,DRAW
2,11,6,5,7-7-7-10,0.0,1.0,4,DRAW
2,11,6,5,7-7-7-7,0.0,1.0,12,DRAW
2,11,6,5,7-7-7-8,0.0,1.0,60,DRAW
2,11,6,5,7-7-7-9,0.0,1.0,23,DRAW
2,11,6,5,7-7-8-10,0.0,1.0,24,DRAW
2,11,6,5,7-7-8-8,0.0,1.0,121,DRAW
2,11,6,5,7-7-8-9,0.0,1.0,122,DRAW
2,11,6,5,7-7-9-10,0.0,1.0,22,DRAW
2,11,6,5,7-7-9-9,0.0,1.0,43,DRAW
2,11,6,5,7-8-10-10,0.0,1.0,26,DRAW
2,11,6,5,7-8-8-10,0.0,1.0,41,DRAW
2,11,6,5,7-8-8-8,0.0,1.0,46,DRAW
2,11,6,5,7-8-8-9,0.0,1.0,128,DRAW
2,11,6,5,7-8-9-10,0.0,1.0,97,DRAW
2,11,6,5,7-8-9-9,0.0,1.0,99,DRAW
2,11,6,5,7-9-10-10,0.0,1.0,33,DRAW
2,11,6,5,7-9-9-10,0.0,1.0,39,DRAW
2,11,6,5,7-9-9-9,0.0,1.0,11,DRAW
2,11,6,5,8-10-10-10,0.0,1.0,7,DRAW
2,11,6,5,8-8-10-10,0.0,1.0,14,DRAW
2,11,6,5,8-8-8-10,0.0,1.0,5,DRAW
2,11,6,5,8-8-8-8,0.0,1.0,2,DRAW
2,11,6,5,8-8-8-9,0.0,1.0,10,DRAW
2,11,6,5,8-8-9-10,0.0,1.0,24,DRAW
2,11,6,5,8-8-9-9,0.0,1.0,40,DRAW
2,11,6,5,8-9-10-10,0.0,1.0,35,DRAW
2,11,6,5,8-9-9-10,0.0,1.0,27,DRAW
2,11,6,5,8-9-9-9,0.0,1.0,21,DRAW
2,11,6,5,9-10-10-10,0.0,1.0,10,DRAW
2,11,6,5,9-9-10-10,0.0,1.0,12,DRAW
2,11,6,5,9-9-9-10,0.0,1.0,10,DRAW
2,11,6,5,9-9-9-9,0.0,1.0,1,DRAW
2,13,7,6,1-1-1-1,1.0,0.0,27,STOP
2,13,7,6,1-1-1-10,0.3333333333333333,0.6666666666666666,3,
2,13,7,6,1-1-1-2,1.0,0.0,1064,STOP
2,13,7,6,1-1-1-3,1.0,0.0,727,STOP
2,13,7,6,1-1-1-4,0.9928884026258206,0.007111597374179431,914,
2,13,7,6,1-1-1-5,0.2733475479744136,0.7266524520255865,469,
2,13,7,6,1-1-1-6,0.16056338028169012,0.83943661971831,213,
2,13,7,6,1-1-1-7,0.2899384798992751,0.7100615201007249,76,
2,13,7,6,1-1-1-8,0.039473684210526314,0.9605263157894737,38,
2,13,7,6,1-1-1-9,0.05,0.95,10,
2,13,7,6,1-1-10-10,0.5,0.5,2,
2,13,7,6,1-1-2-10,0.5,0.5,5,
2,13,7,6,1-1-2-2,0.0,1.0,7584,DRAW
2,13,7,6,1-1-2-3,0.5108787482838614,0.48912125171613874,9720,
2,13,7,6,1-1-2-4,0.09986915644145361,0.9001308435585463,5469,
2,13,7,6,1-1-2-5,0.2707191646788143,0.7292808353211858,3495,
2,13,7,6,1-1-2-6,0.0007119126720455624,0.9992880873279545,2107,
2,13,7,6,1-1-2-7,0.002331002331002331,0.9976689976689976,858,
2,13,7,6,1-1-2-8,0.20946721311475383,0.7905327868852462,244,
2,13,7,6,1-1-2-9,0.04477611940298507,0.9552238805970149,67,
2,13,7,6,1-1-3-10,0.3333333333333333,0.6666666666666666,9,
2,13,7,6,1-1-3-3,0.7425737054082753,0.2574262945917247,3121,
2,13,7,6,1-1-3-4,0.9842699904870275,0.0157300095129725,5646,
2,13,7,6,1-1-3-5,0.22614061998356627,0.7738593800164337,3510,
2,13,7,6,1-1-3-6,0.0002461841457410143,0.9997538158542589,2031,
2,13,7,6,1-1-3-7,0.016542155816435433,0.9834578441835645,937,
2,13,7,6,1-1-3-8,0.024197470817120623,0.9758025291828794,257,
2,13,7,6,1-1-3-9,0.013888888888888888,0.9861111111111112,72,
2,13,7,6,1-1-4-10,0.23809523809523808,0.7619047619047619,21,
2,13,7,6,1-1-4-4,0.5723981080274275,0.4276018919725724,1807,
2,13,7,6,1-1-4-5,0.15919928889772778,0.8408007111022723,3732,
2,13,7,6,1-1-4-6,0.0068324881093000875,0.9931675118906999,2115,
2,13,7,6,1-1-4-7,0.05630460675581414,0.9436953932441858,811,
2,13,7,6,1-1-4-8,0.012048192771084338,0.9879518072289156,249,
2,13,7,6,1-1-4-9,0.007042253521126761,0.9929577464788732,71,
2,13,7,6,1-1-5-10,0.3333333333333333,0.6666666666666666,6,
2,13,7,6,1-1-5-5,0.012227074235807859,0.9877729257641922,1374,
2,13,7,6,1-1-5-6,0.0009324009324009324,0.9990675990675991,2145,
2,13,7,6,1-1-5-7,0.0017261219792865361,0.9982738780207134,869,
2,13,7,6,1-1-5-8,0.005791505791505791,0.9942084942084942,259,
2,13,7,6,1-1-5-9,0.023076923076923078,0.9769230769230769,65,
2,13,7,6,1-1-6-10,0.2,0.8,10,
2,13,7,6,1-1-6-6,0.0008090614886731392,0.9991909385113269,618,
2,13,7,6,1-1-6-7,0.00949367088607595,0.990506329113924,790,
2,13,7,6,1-1-6-8,0.004,0.996,250,
2,13,7,6,1-1-6-9,0.14440245059171716,0.8555975494082828,68,
2,13,7,6,1-1-7-10,0.5,0.5,3,
2,13,7,6,1-1-7-7,0.030364372469635626,0.9696356275303644,247,
2,13,7,6,1-1-7-8,0.010309278350515464,0.9896907216494846,291,
2,13,7,6,1-1-7-9,0.021739130434782608,0.9782608695652174,69,
2,13,7,6,1-1-8-10,0.06666666666666667,0.9333333333333333,15,
2,13,7,6,1-1-8-8,0.016304347826086956,0.9836956521739131,92,
2,13,7,6,1-1-8-9,0.008333333333333333,0.9916666666666667,60,
2,13,7,6,1-1-9-10,0.5,0.5,7,
2,13,7,6,1-1-9-9,0.0625,0.9375,16,
2,13,7,6,1-10-10-10,0.0,1.0,3,DRAW
2,13,7,6,1-2-10-10,0.1,0.9,10,
2,13,7,6,1-2-2-10,0.6666666666666666,0.3333333333333333,6,
2,13,7,6,1-2-2-2,0.8918284885290056,0.10817151147099434,2371,
2,13,7,6,1-2-2-3,0.8441854179245842,0.15581458207541582,9699,
2,13,7,6,1-2-2-4,0.9956095781652526,0.004390421834747256,5549,
2,13,7,6,1-2-2-5,0.0009725261366399222,0.9990274738633601,4113,
2,13,7,6,1-2-2-6,0.006072734129997629,0.9939272658700022,2173,
2,13,7,6,1-2-2-7,0.0005537098560354374,0.9994462901439646,903,
2,13,7,6,1-2-2-8,0.022540983606557378,0.9774590163934426,244,
2,13,7,6,1-2-2-9,0.05303030303030303,0.946969696969697,66,
2,13,7,6,1-2-3-10,0.08620689655172414,0.9137931034482759,29,
2,13,7,6,1-2-3-3,0.992552212475564,0.0074477875244360545,8561,
2,13,7,6,1-2-3-4,0.9718974881161911,0.028102511883808832,14639,
2,13,7,6,1-2-3-5,0.0006581421587062806,0.9993418578412937,10636,
2,13,7,6,1-2-3-6,0.007917456188250363,0.9920825438117497,5712,
2,13,7,6,1-2-3-7,0.000423908435777872,0.9995760915642221,2359,
2,13,7,6,1-2-3-8,0.0006830601092896175,0.9993169398907104,732,
2,13,7,6,1-2-3-9,0.005714285714285714,0.9942857142857143,175,
2,13,7,6,1-2-4-10,0.2,0.8,30,
2,13,7,6,1-2-4-4,0.9701083163573403,0.029891683642659563,4976,
2,13,7,6,1-2-4-5,0.0002369024681163409,0.9997630975318836,10899,
2,13,7,6,1-2-4-6,0.0015700699802619774,0.998429930019738,5573,
2,13,7,6,1-2-4-7,0.002220248667850799,0.9977797513321492,2252,
2,13,7,6,1-2-4-8,0.011303191489361703,0.9886968085106383,752,
2,13,7,6,1-2-4-9,0.0027624309392265192,0.9972375690607734,181,
2,13,7,6,1-2-5-10,0.014285714285714285,0.9857142857142858,35,
2,13,7,6,1-2-5-5,0.00013986013986013986,0.9998601398601399,3575,
2,13,7,6,1-2-5-6,0.00026469031233456857,0.9997353096876654,5667,
2,13,7,6,1-2-5-7,0.0015283842794759825,0.998471615720524,2290,
2,13,7,6,1-2-5-8,0.0033467202141900937,0.9966532797858099,747,
2,13,7,6,1-2-5-9,0.023333333333333334,0.9766666666666667,150,
2,13,7,6,1-2-6-10,0.265625,0.734375,32,
2,13,7,6,1-2-6-6,0.0019751693002257337,0.9980248306997742,1772,
2,13,7,6,1-2-6-7,0.0006672597864768683,0.9993327402135231,2248,
2,13,7,6,1-2-6-8,0.0013568521031207597,0.9986431478968792,737,
2,13,7,6,1-2-6-9,0.008241758241758242,0.9917582417582418,182,
2,13,7,6,1-2-7-10,0.1590909090909091,0.8409090909090909,22,
2,13,7,6,1-2-7-7,0.001564945226917058,0.9984350547730829,639,
2,13,7,6,1-2-7-8,0.0044444444444444444,0.9955555555555555,675,
2,13,7,6,1-2-7-9,0.046012269938650305,0.9539877300613497,163,
2,13,7,6,1-2-8-10,0.05555555555555555,0.9444444444444444,36,
2,13,7,6,1-2-8-8,0.03881278538812785,0.9611872146118722,219,
2,13,7,6,1-2-8-9,0.002976190476190476,0.9970238095238095,168,
2,13,7,6,1-2-9-10,0.109375,0.890625,32,
2,13,7,6,1-2-9-9,0.02857142857142857,0.9714285714285714,35,
2,13,7,6,1-3-10-10,0.5,0.5,10,
2,13,7,6,1-3-3-10,0.1,0.9,10,
2,13,7,6,1-3-3-3,0.9589222817123336,0.04107771828766636,1238,
2,13,7,6,1-3-3-4,0.9728644162949451,0.02713558370505497,5381,
2,13,7,6,1-3-3-5,0.0013873473917869034,0.9986126526082131,3604,
2,13,7,6,1-3-3-6,0.0009285051067780873,0.9990714948932219,2154,
2,13,7,6,1-3-3-7,0.0005868544600938967,0.9994131455399061,852,
2,13,7,6,1-3-3-8,0.0017064846416382253,0.9982935153583617,293,
2,13,7,6,1-3-3-9,0.1357142857142857,0.8642857142857143,70,
2,13,7,6,1-3-4-10,0.3448275862068966,0.6551724137931034,29,
2,13,7,6,1-3-4-4,0.9398685841703451,0.060131415829654956,4821,
2,13,7,6,1-3-4-5,0.006754729043953806,0.9932452709560463,9671,
2,13,7,6,1-3-4-6,0.0003468007629616785,0.9996531992370383,5767,
2,13,7,6,1-3-4-7,0.0011150758251561106,0.9988849241748439,2242,
2,13,7,6,1-3-4-8,0.002631578947368421,0.9973684210526316,760,
2,13,7,6,1-3-4-9,0.02284263959390863,0.9771573604060914,197,
2,13,7,6,1-3-5-10,0.034482758620689655,0.9655172413793104,29,
2,13,7,6,1-3-5-5,0.0005753739930955121,0.9994246260069045,3476,
2,13,7,6,1-3-5-6,0.001503626393065629,0.9984963736069343,5653,
2,13,7,6,1-3-5-7,0.0019991115059973343,0.9980008884940027,2251,
2,13,7,6,1-3-5-8,0.014208389715832206,0.9857916102841678,739,
2,13,7,6,1-3-5-9,0.005434782608695652,0.9945652173913043,184,
2,13,7,6,1-3-6-10,0.023809523809523808,0.9761904761904762,42,
2,13,7,6,1-3-6-6,0.0025,0.9975,1800,
2,13,7,6,1-3-6-7,0.0009074410163339383,0.9990925589836661,2204,
2,13,7,6,1-3-6-8,0.001392757660167131,0.9986072423398329,718,
2,13,7,6,1-3-6-9,0.03804347826086957,0.9619565217391305,184,
2,13,7,6,1-3-7-10,0.075,0.925,20,
2,13,7,6,1-3-7-7,0.006787330316742082,0.9932126696832579,663,
2,13,7,6,1-3-7-8,0.006963788300835654,0.9930362116991643,718,
2,13,7,6,1-3-7-9,0.008823529411764706,0.9911764705882353,170,
2,13,7,6,1-3-8-10,0.017857142857142856,0.9821428571428571,28,
2,13,7,6,1-3-8-8,0.006818181818181818,0.9931818181818182,220,
2,13,7,6,1-3-8-9,0.016304347826086956,0.9836956521739131,184,
2,13,7,6,1-3-9-10,0.06666666666666667,0.9333333333333333,30,
2,13,7,6,1-3-9-9,0.03125,0.96875,48,
2,13,7,6,1-4-10-10,0.05555555555555555,0.9444444444444444,9,
2,13,7,6,1-4-4-10,0.4411764705882353,0.5588235294117647,17,
2,13,7,6,1-4-4-4,0.5290386033573016,0.47096139664269837,706,
2,13,7,6,1-4-4-5,0.0022222222222222222,0.9977777777777778,4050,
2,13,7,6,1-4-4-6,0.0032771535580524347,0.9967228464419475,2136,
2,13,7,6,1-4-4-7,0.0038022813688212928,0.9961977186311787,789,
2,13,7,6,1-4-4-8,0.016666666666666666,0.9833333333333333,300,
2,13,7,6,1-4-4-9,0.013513513513513514,0.9864864864864865,74,
2,13,7,6,1-4-5-10,0.014705882352941176,0.9852941176470589,34,
2,13,7,6,1-4-5-5,0.00014979029358897544,0.999850209706411,3338,
2,13,7,6,1-4-5-6,0.0005317263381779511,0.999468273661822,5642,
2,13,7,6,1-4-5-7,0.0006750675067506751,0.9993249324932493,2222,
2,13,7,6,1-4-5-8,0.00267379679144385,0.9973262032085561,748,
2,13,7,6,1-4-5-9,0.002840909090909091,0.9971590909090909,176,
2,13,7,6,1-4-6-10,0.13333333333333333,0.8666666666666667,30,
2,13,7,6,1-4-6-6,0.0027339003645200487,0.99726609963548,1646,
2,13,7,6,1-4-6-7,0.001590909090909091,0.9984090909090909,2200,
2,13,7,6,1-4-6-8,0.001519756838905775,0.9984802431610942,658,
2,13,7,6,1-4-6-9,0.018518518518518517,0.9814814814814815,189,
2,13,7,6,1-4-7-10,0.15384615384615385,0.8461538461538461,26,
2,13,7,6,1-4-7-7,0.0030075187969924814,0.9969924812030075,665,
2,13,7,6,1-4-7-8,0.0007173601147776184,0.9992826398852224,697,
2,13,7,6,1-4-7-9,0.12698412698412698,0.873015873015873,189,
2,13,7,6,1-4-8-10,0.09090909090909091,0.9090909090909091,33,
2,13,7,6,1-4-8-8,0.01639344262295082,0.9836065573770492,183,
2,13,7,6,1-4-8-9,0.03550295857988166,0.9644970414201184,169,
2,13,7,6,1-4-9-10,0.08,0.92,25,
2,13,7,6,1-4-9-9,0.028846153846153848,0.9711538461538461,52,
2,13,7,6,1-5-10-10,0.0,1.0,5,DRAW
2,13,7,6,1-5-5-10,0.2857142857142857,0.7142857142857143,7,
2,13,7,6,1-5-5-5,0.05948788052974925,0.9405121194702507,521,
2,13,7,6,1-5-5-6,0.0004873294346978557,0.9995126705653021,2052,
2,13,7,6,1-5-5-7,0.004221954161640531,0.9957780458383595,829,
2,13,7,6,1-5-5-8,0.010869565217391304,0.9891304347826086,276,
2,13,7,6,1-5-5-9,0.078125,0.921875,64,
2,13,7,6,1-5-6-10,0.29545454545454547,0.7045454545454546,22,
2,13,7,6,1-5-6-6,0.0014714537963507945,0.9985285462036492,1699,
2,13,7,6,1-5-6-7,0.0016055045871559634,0.9983944954128441,2180,
2,13,7,6,1-5-6-8,0.0063025210084033615,0.9936974789915967,714,
2,13,7,6,1-5-6-9,0.0125,0.9875,160,
2,13,7,6,1-5-7-10,0.16129032258064516,0.8387096774193549,31,
2,13,7,6,1-5-7-7,0.001589825119236884,0.9984101748807631,629,
2,13,7,6,1-5-7-8,0.026392487046632124,0.9736075129533679,772,
2,13,7,6,1-5-7-9,0.02046783625730994,0.97953216374269,171,
2,13,7,6,1-5-8-10,0.14516129032258066,0.8548387096774194,31,
2,13,7,6,1-5-8-8,0.06377551020408163,0.9362244897959183,196,
2,13,7,6,1-5-8-9,0.008620689655172414,0.9913793103448276,174,
2,13,7,6,1-5-9-10,0.47368421052631576,0.5263157894736842,19,
2,13,7,6,1-5-9-9,0.00980392156862745,0.9901960784313726,51,
2,13,7,6,1-6-10-10,0.0,1.0,4,DRAW
2,13,7,6,1-6-6-10,0.05,0.95,10,
2,13,7,6,1-6-6-6,0.0037174721189591076,0.9962825278810409,269,
2,13,7,6,1-6-6-7,0.0024330900243309003,0.9975669099756691,822,
2,13,7,6,1-6-6-8,0.01937984496124031,0.9806201550387597,258,
2,13,7,6,1-6-6-9,0.023076923076923078,0.9769230769230769,65,
2,13,7,6,1-6-7-10,0.32608695652173914,0.6739130434782609,23,
2,13,7,6,1-6-7-7,0.0016750418760469012,0.998324958123953,597,
2,13,7,6,1-6-7-8,0.0030959752321981426,0.9969040247678018,646,
2,13,7,6,1-6-7-9,0.020348837209302327,0.9796511627906976,172,
2,13,7,6,1-6-8-10,0.05,0.95,30,
2,13,7,6,1-6-8-8,0.04090909090909091,0.9590909090909091,220,
2,13,7,6,1-6-8-9,0.005649717514124294,0.9943502824858758,177,
2,13,7,6,1-6-9-10,0.0,1.0,36,DRAW
2,13,7,6,1-6-9-9,0.047619047619047616,0.9523809523809523,42,
2,13,7,6,1-7-10-10,0.0,1.0,5,DRAW
2,13,7,6,1-7-7-10,0.1111111111111111,0.8888888888888888,9,
2,13,7,6,1-7-7-7,0.004901960784313725,0.9950980392156863,102,
2,13,7,6,1-7-7-8,0.005905511811023622,0.9940944881889764,254,
2,13,7,6,1-7-7-9,0.008064516129032258,0.9919354838709677,62,
2,13,7,6,1-7-8-10,0.0,1.0,39,DRAW
2,13,7,6,1-7-8-8,0.026455026455026454,0.9735449735449735,189,
2,13,7,6,1-7-8-9,0.0056179775280898875,0.9943820224719101,178,
2,13,7,6,1-7-9-10,0.0,1.0,35,DRAW
2,13,7,6,1-7-9-9,0.0,1.0,36,DRAW
2,13,7,6,1-8-10-10,0.0,1.0,10,DRAW
2,13,7,6,1-8-8-10,0.0,1.0,12,DRAW
2,13,7,6,1-8-8-8,0.05555555555555555,0.9444444444444444,36,
2,13,7,6,1-8-8-9,0.0,1.0,65,DRAW
2,13,7,6,1-8-9-10,0.0,1.0,28,DRAW
2,13,7,6,1-8-9-9,0.0,1.0,47,DRAW
2,13,7,6,1-9-10-10,0.0,1.0,9,DRAW
2,13,7,6,1-9-9-10,0.0,1.0,20,DRAW
2,13,7,6,1-9-9-9,0.0,1.0,5,DRAW
2,13,7,6,2-2-10-10,0.5,0.5,2,
2,13,7,6,2-2-2-10,0.5,0.5,1,
2,13,7,6,2-2-2-2,0.9735099337748344,0.026490066225165563,151,
2,13,7,6,2-2-2-3,0.7357097507057975,0.2642902492942025,1541,
2,13,7,6,2-2-2-4,0.7742080529683272,0.2257919470316728,927,
2,13,7,6,2-2-2-5,0.9613873282460879,0.03861267175391222,644,
2,13,7,6,2-2-2-6,0.13119781358681323,0.8688021864131868,310,
2,13,7,6,2-2-2-7,0.06379682757256873,0.9362031724274312,145,
2,13,7,6,2-2-2-8,0.08333333333333333,0.9166666666666666,36,
2,13,7,6,2-2-2-9,0.8181818181818182,0.18181818181818182,11,
2,13,7,6,2-2-3-10,0.7777777777777778,0.2222222222222222,9,
2,13,7,6,2-2-3-3,0.9984010233450592,0.0015989766549408379,3127,
2,13,7,6,2-2-3-4,0.9846854755934177,0.015314524406582288,5299,
2,13,7,6,2-2-3-5,0.014667176590600519,0.9853328234093995,2852,
2,13,7,6,2-2-3-6,0.03563554172082179,0.9643644582791783,1784,
2,13,7,6,2-2-3-7,0.008706467661691543,0.9912935323383084,804,
2,13,7,6,2-2-3-8,0.003676470588235294,0.9963235294117647,272,
2,13,7,6,2-2-3-9,0.012195121951219513,0.9878048780487805,82,
2,13,7,6,2-2-4-10,0.11538461538461539,0.8846153846153846,13,
2,13,7,6,2-2-4-4,0.9675941128829931,0.032405887117006926,1723,
2,13,7,6,2-2-4-5,0.0005357305003178063,0.9994642694996821,3671,
2,13,7,6,2-2-4-6,0.004354579242247739,0.9956454207577523,2003,
2,13,7,6,2-2-4-7,0.0023446658851113715,0.9976553341148886,853,
2,13,7,6,2-2-4-8,0.0019083969465648854,0.9980916030534351,262,
2,13,7,6,2-2-4-9,0.007142857142857143,0.9928571428571429,70,
2,13,7,6,2-2-5-10,0.058823529411764705,0.9411764705882353,17,
2,13,7,6,2-2-5-5,0.021893639007867404,0.9781063609921326,1114,
2,13,7,6,2-2-5-6,0.0012866700977869274,0.9987133299022131,1943,
2,13,7,6,2-2-5-7,0.004860267314702308,0.9951397326852977,823,
2,13,7,6,2-2-5-8,0.011406844106463879,0.9885931558935361,263,
2,13,7,6,2-2-5-9,0.028985507246376812,0.9710144927536232,69,
2,13,7,6,2-2-6-10,0.18181818181818182,0.8181818181818182,11,
2,13,7,6,2-2-6-6,0.002411575562700965,0.997588424437299,622,
2,13,7,6,2-2-6-7,0.0019035532994923859,0.9980964467005076,788,
2,13,7,6,2-2-6-8,0.008928571428571428,0.9910714285714286,224,
2,13,7,6,2-2-6-9,0.12372174916441189,0.8762782508355881,61,
2,13,7,6,2-2-7-10,0.5,0.5,10,
2,13,7,6,2-2-7-7,0.0022727272727272726,0.9977272727272727,220,
2,13,7,6,2-2-7-8,0.005836575875486381,0.9941634241245136,257,
2,13,7,6,2-2-7-9,0.0234375,0.9765625,64,
2,13,7,6,2-2-8-10,0.2,0.8,15,
2,13,7,6,2-2-8-8,0.06428571428571428,0.9357142857142857,70,
2,13,7,6,2-2-8-9,0.00819672131147541,0.9918032786885246,61,
2,13,7,6,2-2-9-10,0.11538461538461539,0.8846153846153846,13,
2,13,7,6,2-2-9-9,0.13636363636363635,0.8636363636363636,11,
2,13,7,6,2-3-10-10,0.125,0.875,4,
2,13,7,6,2-3-3-10,0.2727272727272727,0.7272727272727273,11,
2,13,7,6,2-3-3-3,0.930729811229336,0.06927018877066414,1318,
2,13,7,6,2-3-3-4,0.9637853229606764,0.03621467703932346,5466,
2,13,7,6,2-3-3-5,0.00015318627450980392,0.9998468137254902,3264,
2,13,7,6,2-3-3-6,0.07909175193619626,0.9209082480638038,1980,
2,13,7,6,2-3-3-7,0.0018844221105527637,0.9981155778894473,796,
2,13,7,6,2-3-3-8,0.003937007874015748,0.9960629921259843,254,
2,13,7,6,2-3-3-9,0.007936507936507936,0.9920634920634921,63,
2,13,7,6,2-3-4-10,0.04285714285714286,0.9571428571428572,35,
2,13,7,6,2-3-4-4,0.9361527767394769,0.06384722326052317,4800,
2,13,7,6,2-3-4-5,0.0001027643613194944,0.9998972356386805,9731,
2,13,7,6,2-3-4-6,0.00026896180742334586,0.9997310381925767,5577,
2,13,7,6,2-3-4-7,0.0004409171075837742,0.9995590828924162,2268,
2,13,7,6,2-3-4-8,0.008507853403141362,0.9914921465968587,764,
2,13,7,6,2-3-4-9,0.03333333333333333,0.9666666666666667,180,
2,13,7,6,2-3-5-10,0.22727272727272727,0.7727272727272727,22,
2,13,7,6,2-3-5-5,0.0008319467554076539,0.9991680532445923,3606,
2,13,7,6,2-3-5-6,0.0005388898868331237,0.9994611101131669,5567,
2,13,7,6,2-3-5-7,0.00022747952684258417,0.9997725204731575,2198,
2,13,7,6,2-3-5-8,0.009873060648801129,0.9901269393511989,709,
2,13,7,6,2-3-5-9,0.01639344262295082,0.9836065573770492,183,
2,13,7,6,2-3-6-10,0.0625,0.9375,32,
2,13,7,6,2-3-6-6,0.003552397868561279,0.9964476021314387,1689,
2,13,7,6,2-3-6-7,0.003303964757709251,0.9966960352422908,2270,
2,13,7,6,2-3-6-8,0.009558823529411765,0.9904411764705883,680,
2,13,7,6,2-3-6-9,0.006369426751592357,0.9936305732484076,157,
2,13,7,6,2-3-7-10,0.37037037037037035,0.6296296296296297,27,
2,13,7,6,2-3-7-7,0.0016286644951140066,0.998371335504886,614,
2,13,7,6,2-3-7-8,0.007385524372230428,0.9926144756277696,677,
2,13,7,6,2-3-7-9,0.01694915254237288,0.9830508474576272,177,
2,13,7,6,2-3-8-10,0.07352941176470588,0.9264705882352942,34,
2,13,7,6,2-3-8-8,0.02284263959390863,0.9771573604060914,197,
2,13,7,6,2-3-8-9,0.002840909090909091,0.9971590909090909,176,
2,13,7,6,2-3-9-10,0.1206896551724138,0.8793103448275862,29,
2,13,7,6,2-3-9-9,0.07317073170731707,0.926829268292683,41,
2,13,7,6,2-4-10-10,0.0,1.0,8,DRAW
2,13,7,6,2-4-4-10,0.22727272727272727,0.7727272727272727,11,
2,13,7,6,2-4-4-4,0.985859055286597,0.014140944713403061,763,
2,13,7,6,2-4-4-5,0.004719283970707893,0.9952807160292921,3687,
2,13,7,6,2-4-4-6,0.0005252100840336134,0.9994747899159664,1904,
2,13,7,6,2-4-4-7,0.000547645125958379,0.9994523548740416,913,
2,13,7,6,2-4-4-8,0.017110266159695818,0.9828897338403042,263,
2,13,7,6,2-4-4-9,0.11666666666666667,0.8833333333333333,60,
2,13,7,6,2-4-5-10,0.5,0.5,35,
2,13,7,6,2-4-5-5,0.0007088176920895946,0.9992911823079104,3527,
2,13,7,6,2-4-5-6,0.00017911517105498835,0.999820884828945,5583,
2,13,7,6,2-4-5-7,0.006823529411764706,0.9931764705882353,2125,
2,13,7,6,2-4-5-8,0.007879656160458453,0.9921203438395415,698,
2,13,7,6,2-4-5-9,0.011235955056179775,0.9887640449438202,178,
2,13,7,6,2-4-6-10,0.3409090909090909,0.6590909090909091,22,
2,13,7,6,2-4-6-6,0.00208955223880597,0.997910447761194,1675,
2,13,7,6,2-4-6-7,0.0015452538631346578,0.9984547461368654,2265,
2,13,7,6,2-4-6-8,0.003526093088857546,0.9964739069111425,709,
2,13,7,6,2-4-6-9,0.03333333333333333,0.9666666666666667,180,
2,13,7,6,2-4-7-10,0.16129032258064516,0.8387096774193549,31,
2,13,7,6,2-4-7-7,0.033022276106151376,0.9669777238938486,633,
2,13,7,6,2-4-7-8,0.004978662873399715,0.9950213371266002,703,
2,13,7,6,2-4-7-9,0.08630952380952381,0.9136904761904762,168,
2,13,7,6,2-4-8-10,0.03571428571428571,0.9642857142857143,28,
2,13,7,6,2-4-8-8,0.0055248618784530384,0.994475138121547,181,
2,13,7,6,2-4-8-9,0.01977401129943503,0.980225988700565,177,
2,13,7,6,2-4-9-10,0.125,0.875,32,
2,13,7,6,2-4-9-9,0.010638297872340425,0.9893617021276596,47,
2,13,7,6,2-5-10-10,0.0,1.0,5,DRAW
2,13,7,6,2-5-5-10,0.5,0.5,10,
2,13,7,6,2-5-5-5,0.0028957528957528956,0.997104247104247,518,
2,13,7,6,2-5-5-6,0.0035317860746720484,0.9964682139253279,1982,
2,13,7,6,2-5-5-7,0.0055079559363525096,0.9944920440636474,817,
2,13,7,6,2-5-5-8,0.051440329218107,0.948559670781893,243,
2,13,7,6,2-5-5-9,0.056451612903225805,0.9435483870967742,62,
2,13,7,6,2-5-6-10,0.5,0.5,23,
2,13,7,6,2-5-6-6,0.0015179113539769277,0.9984820886460231,1647,
2,13,7,6,2-5-6-7,0.0006967022758941013,0.9993032977241059,2153,
2,13,7,6,2-5-6-8,0.012592592592592593,0.9874074074074074,675,
2,13,7,6,2-5-6-9,0.06818181818181818,0.9318181818181818,176,
2,13,7,6,2-5-7-10,0.08620689655172414,0.9137931034482759,29,
2,13,7,6,2-5-7-7,0.021505376344086023,0.978494623655914,651,
2,13,7,6,2-5-7-8,0.0036656891495601175,0.9963343108504399,682,
2,13,7,6,2-5-7-9,0.0029069767441860465,0.997093023255814,172,
2,13,7,6,2-5-8-10,0.05555555555555555,0.9444444444444444,27,
2,13,7,6,2-5-8-8,0.05291005291005291,0.9470899470899471,189,
2,13,7,6,2-5-8-9,0.0029239766081871343,0.9970760233918129,171,
2,13,7,6,2-5-9-10,0.0,1.0,29,DRAW
2,13,7,6,2-5-9-9,0.06451612903225806,0.9354838709677419,31,
2,13,7,6,2-6-10-10,0.0,1.0,7,DRAW
2,13,7,6,2-6-6-10,0.13636363636363635,0.8636363636363636,11,
2,13,7,6,2-6-6-6,0.0063025210084033615,0.9936974789915967,238,
2,13,7,6,2-6-6-7,0.0025252525252525255,0.9974747474747475,792,
2,13,7,6,2-6-6-8,0.00929368029739777,0.9907063197026023,269,
2,13,7,6,2-6-6-9,0.058823529411764705,0.9411764705882353,68,
2,13,7,6,2-6-7-10,0.5,0.5,27,
2,13,7,6,2-6-7-7,0.002777777777777778,0.9972222222222222,540,
2,13,7,6,2-6-7-8,0.0058309037900874635,0.9941690962099126,686,
2,13,7,6,2-6-7-9,0.1037037037037037,0.8962962962962963,135,
2,13,7,6,2-6-8-10,0.0,1.0,22,DRAW
2,13,7,6,2-6-8-8,0.004807692307692308,0.9951923076923077,208,
2,13,7,6,2-6-8-9,0.026627218934911243,0.9733727810650887,169,
2,13,7,6,2-6-9-10,0.0,1.0,32,DRAW
2,13,7,6,2-6-9-9,0.0,1.0,36,DRAW
2,13,7,6,2-7-10-10,0.0,1.0,10,DRAW
2,13,7,6,2-7-7-10,0.0,1.0,7,DRAW
2,13,7,6,2-7-7-7,0.024509803921568627,0.9754901960784313,102,
2,13,7,6,2-7-7-8,0.04938271604938271,0.9506172839506173,243,
2,13,7,6,2-7-7-9,0.03571428571428571,0.9642857142857143,70,
2,13,7,6,2-7-8-10,0.0,1.0,26,DRAW
2,13,7,6,2-7-8-8,0.013812154696132596,0.9861878453038674,181,
2,13,7,6,2-7-8-9,0.0,1.0,154,DRAW
2,13,7,6,2-7-9-10,0.0,1.0,27,DRAW
2,13,7,6,2-7-9-9,0.0,1.0,39,DRAW
2,13,7,6,2-8-10-10,0.0,1.0,7,DRAW
2,13,7,6,2-8-8-10,0.0,1.0,8,DRAW
2,13,7,6,2-8-8-8,0.0,1.0,34,DRAW
2,13,7,6,2-8-8-9,0.0,1.0,57,DRAW
2,13,7,6,2-8-9-10,0.0,1.0,24,DRAW
2,13,7,6,2-8-9-9,0.0,1.0,41,DRAW
2,13,7,6,2-9-10-10,0.0,1.0,11,DRAW
2,13,7,6,2-9-9-10,0.0,1.0,11,DRAW
2,13,7,6,2-9-9-9,0.0,1.0,8,DRAW
2,13,7,6,3-10-10-10,0.0,1.0,4,DRAW
2,13,7,6,3-3-10-10,0.0,1.0,3,DRAW
2,13,7,6,3-3-3-10,0.5,0.5,1,
2,13,7,6,3-3-3-3,0.9857142857142858,0.014285714285714285,70,
2,13,7,6,3-3-3-4,0.9865016872890888,0.013498312710911136,889,
2,13,7,6,3-3-3-5,0.05159862075512149,0.9484013792448786,440,
2,13,7,6,3-3-3-6,0.009708737864077669,0.9902912621359223,309,
2,13,7,6,3-3-3-7,0.32306750923058986,0.6769324907694102,134,
2,13,7,6,3-3-3-8,0.0125,0.9875,40,
2,13,7,6,3-3-3-9,0.13636363636363635,0.8636363636363636,11,
2,13,7,6,3-3-4-10,0.5,0.5,9,
2,13,7,6,3-3-4-4,0.9739683618811453,0.026031638118854623,1945,
2,13,7,6,3-3-4-5,0.018145104374927546,0.9818548956250724,3646,
2,13,7,6,3-3-4-6,0.0015282730514518594,0.9984717269485481,1963,
2,13,7,6,3-3-4-7,0.0017123287671232876,0.9982876712328768,876,
2,13,7,6,3-3-4-8,0.01486988847583643,0.9851301115241635,269,
2,13,7,6,3-3-4-9,0.014925373134328358,0.9850746268656716,67,
2,13,7,6,3-3-5-10,0.1111111111111111,0.8888888888888888,9,
2,13,7,6,3-3-5-5,0.001114413075780089,0.9988855869242199,1346,
2,13,7,6,3-3-5-6,0.002244531505060398,0.9977554684949397,2042,
2,13,7,6,3-3-5-7,0.003209242618741977,0.996790757381258,779,
2,13,7,6,3-3-5-8,0.00641025641025641,0.9935897435897436,234,
2,13,7,6,3-3-5-9,0.007142857142857143,0.9928571428571429,70,
2,13,7,6,3-3-6-10,0.5,0.5,8,
2,13,7,6,3-3-6-6,0.0024311183144246355,0.9975688816855753,617,
2,13,7,6,3-3-6-7,0.03270440251572327,0.9672955974842767,795,
2,13,7,6,3-3-6-8,0.03917910447761194,0.960820895522388,268,
2,13,7,6,3-3-6-9,0.09375,0.90625,64,
2,13,7,6,3-3-7-10,0.0625,0.9375,8,
2,13,7,6,3-3-7-7,0.00641025641025641,0.9935897435897436,234,
2,13,7,6,3-3-7-8,0.02263374485596708,0.977366255144033,243,
2,13,7,6,3-3-7-9,0.08035714285714286,0.9196428571428571,56,
2,13,7,6,3-3-8-10,0.1875,0.8125,8,
2,13,7,6,3-3-8-8,0.10975609756097561,0.8902439024390244,82,
2,13,7,6,3-3-8-9,0.08333333333333333,0.9166666666666666,66,
2,13,7,6,3-3-9-10,0.1388888888888889,0.8611111111111112,18,
2,13,7,6,3-3-9-9,0.045454545454545456,0.9545454545454546,11,
2,13,7,6,3-4-10-10,0.0,1.0,7,DRAW
2,13,7,6,3-4-4-10,0.5,0.5,6,
2,13,7,6,3-4-4-4,0.6641787965287688,0.3358212034712313,767,
2,13,7,6,3-4-4-5,0.0014962269060629716,0.998503773093937,3843,
2,13,7,6,3-4-4-6,0.001276161306789178,0.9987238386932108,1959,
2,13,7,6,3-4-4-7,0.0036275695284159614,0.9963724304715841,827,
2,13,7,6,3-4-4-8,0.009025270758122744,0.9909747292418772,277,
2,13,7,6,3-4-4-9,0.0875,0.9125,40,
2,13,7,6,3-4-5-10,0.3125,0.6875,24,
2,13,7,6,3-4-5-5,0.0009253547193090684,0.9990746452806909,3242,
2,13,7,6,3-4-5-6,0.00035486160397445,0.9996451383960255,5636,
2,13,7,6,3-4-5-7,0.001776988005330964,0.998223011994669,2251,
2,13,7,6,3-4-5-8,0.0072254335260115606,0.9927745664739884,692,
2,13,7,6,3-4-5-9,0.0049261083743842365,0.9950738916256158,203,
2,13,7,6,3-4-6-10,0.5,0.5,30,
2,13,7,6,3-4-6-6,0.0035026269702276708,0.9964973730297724,1713,
2,13,7,6,3-4-6-7,0.002074688796680498,0.9979253112033195,2169,
2,13,7,6,3-4-6-8,0.005689900426742532,0.9943100995732574,703,
2,13,7,6,3-4-6-9,0.019553072625698324,0.9804469273743017,179,
2,13,7,6,3-4-7-10,0.25,0.75,26,
2,13,7,6,3-4-7-7,0.0030165912518853697,0.9969834087481146,663,
2,13,7,6,3-4-7-8,0.01686217008797654,0.9831378299120235,682,
2,13,7,6,3-4-7-9,0.028662420382165606,0.9713375796178344,157,
2,13,7,6,3-4-8-10,0.3409090909090909,0.6590909090909091,22,
2,13,7,6,3-4-8-8,0.03626943005181347,0.9637305699481865,193,
2,13,7,6,3-4-8-9,0.002793296089385475,0.9972067039106145,179,
2,13,7,6,3-4-9-10,0.0,1.0,31,DRAW
2,13,7,6,3-4-9-9,0.1891891891891892,0.8108108108108109,37,
2,13,7,6,3-5-10-10,0.0,1.0,12,DRAW
2,13,7,6,3-5-5-10,0.5,0.5,5,
2,13,7,6,3-5-5-5,0.012549212598425197,0.9874507874015748,508,
2,13,7,6,3-5-5-6,0.0024437927663734115,0.9975562072336266,2046,
2,13,7,6,3-5-5-7,0.0030048076923076925,0.9969951923076923,832,
2,13,7,6,3-5-5-8,0.04119850187265917,0.9588014981273408,267,
2,13,7,6,3-5-5-9,0.12096774193548387,0.8790322580645161,62,
2,13,7,6,3-5-6-10,0.39285714285714285,0.6071428571428571,28,
2,13,7,6,3-5-6-6,0.010552451893234015,0.9894475481067659,1611,
2,13,7,6,3-5-6-7,0.004353803849679193,0.9956461961503208,2182,
2,13,7,6,3-5-6-8,0.008634222919937205,0.9913657770800628,637,
2,13,7,6,3-5-6-9,0.010752688172043012,0.989247311827957,186,
2,13,7,6,3-5-7-10,0.2413793103448276,0.7586206896551724,29,
2,13,7,6,3-5-7-7,0.0033500837520938024,0.9966499162479062,597,
2,13,7,6,3-5-7-8,0.011278195488721804,0.9887218045112782,665,
2,13,7,6,3-5-7-9,0.07142857142857142,0.9285714285714286,175,
2,13,7,6,3-5-8-10,0.0,1.0,27,DRAW
2,13,7,6,3-5-8-8,0.01366120218579235,0.9863387978142076,183,
2,13,7,6,3-5-8-9,0.04421768707482993,0.95578231292517,147,
2,13,7,6,3-5-9-10,0.0,1.0,30,DRAW
2,13,7,6,3-5-9-9,0.0,1.0,38,DRAW
2,13,7,6,3-6-10-10,0.0,1.0,7,DRAW
2,13,7,6,3-6-6-10,0.5,0.5,8,
2,13,7,6,3-6-6-6,0.025,0.975,240,
2,13,7,6,3-6-6-7,0.03026481715006305,0.969735182849937,793,
2,13,7,6,3-6-6-8,0.020242914979757085,0.979757085020243,247,
2,13,7,6,3-6-6-9,0.07534246575342465,0.9246575342465754,73,
2,13,7,6,3-6-7-10,0.0,1.0,30,DRAW
2,13,7,6,3-6-7-7,0.002354788069073783,0.9976452119309263,637,
2,13,7,6,3-6-7-8,0.0042796005706134095,0.9957203994293866,701,
2,13,7,6,3-6-7-9,0.011363636363636364,0.9886363636363636,176,
2,13,7,6,3-6-8-10,0.0,1.0,26,DRAW
2,13,7,6,3-6-8-8,0.05621301775147929,0.9437869822485208,169,
2,13,7,6,3-6-8-9,0.0,1.0,188,DRAW
2,13,7,6,3-6-9-10,0.0,1.0,29,DRAW
2,13,7,6,3-6-9-9,0.0,1.0,40,DRAW
2,13,7,6,3-7-10-10,0.0,1.0,9,DRAW
2,13,7,6,3-7-7-10,0.0,1.0,13,DRAW
2,13,7,6,3-7-7-7,0.02358490566037736,0.9764150943396226,106,
2,13,7,6,3-7-7-8,0.00597609561752988,0.9940239043824701,251,
2,13,7,6,3-7-7-9,0.0,1.0,56,DRAW
2,13,7,6,3-7-8-10,0.0,1.0,32,DRAW
2,13,7,6,3-7-8-8,0.0,1.0,207,DRAW
2,13,7,6,3-7-8-9,0.0,1.0,160,DRAW
2,13,7,6,3-7-9-10,0.0,1.0,23,DRAW
2,13,7,6,3-7-9-9,0.0,1.0,44,DRAW
2,13,7,6,3-8-10-10,0.0,1.0,5,DRAW
2,13,7,6,3-8-8-10,0.0,1.0,9,DRAW
2,13,7,6,3-8-8-8,0.0,1.0,28,DRAW
2,13,7,6,3-8-8-9,0.0,1.0,61,DRAW
2,13,7,6,3-8-9-10,0.0,1.0,32,DRAW
2,13,7,6,3-8-9-9,0.0,1.0,50,DRAW
2,13,7,6,3-9-10-10,0.0,1.0,9,DRAW
2,13,7,6,3-9-9-10,0.0,1.0,12,DRAW
2,13,7,6,3-9-9-9,0.0,1.0,5,DRAW
2,13,7,6,4-4-4-10,0.5,0.5,3,
2,13,7,6,4-4-4-4,0.36341192787794746,0.6365880721220527,35,
2,13,7,6,4-4-4-5,0.07813003320636705,0.9218699667936329,615,
2,13,7,6,4-4-4-6,0.43946188340807174,0.5605381165919282,223,
2,13,7,6,4-4-4-7,0.14843546284224252,0.8515645371577575,118,
2,13,7,6,4-4-4-8,0.5,0.5,22,
2,13,7,6,4-4-4-9,0.5,0.5,9,
2,13,7,6,4-4-5-10,0.5,0.5,11,
2,13,7,6,4-4-5-5,0.00078064012490242,0.9992193598750976,1281,
2,13,7,6,4-4-5-6,0.0007232401157184186,0.9992767598842816,2074,
2,13,7,6,4-4-5-7,0.0053699284009546535,0.9946300715990454,838,
2,13,7,6,4-4-5-8,0.037037037037037035,0.9629629629629629,270,
2,13,7,6,4-4-5-9,0.0759493670886076,0.9240506329113924,79,
2,13,7,6,4-4-6-10,0.375,0.625,8,
2,13,7,6,4-4-6-6,0.010655737704918032,0.989344262295082,610,
2,13,7,6,4-4-6-7,0.004441624365482234,0.9955583756345178,788,
2,13,7,6,4-4-6-8,0.06578947368421052,0.9342105263157895,266,
2,13,7,6,4-4-6-9,0.125,0.875,72,
2,13,7,6,4-4-7-10,0.5,0.5,13,
2,13,7,6,4-4-7-7,0.02857142857142857,0.9714285714285714,245,
2,13,7,6,4-4-7-8,0.025547445255474453,0.9744525547445255,274,
2,13,7,6,4-4-7-9,0.00819672131147541,0.9918032786885246,61,
2,13,7,6,4-4-8-10,0.0,1.0,13,DRAW
2,13,7,6,4-4-8-8,0.13636363636363635,0.8636363636363636,66,
2,13,7,6,4-4-8-9,0.4215686274509804,0.5784313725490197,51,
2,13,7,6,4-4-9-10,0.0,1.0,13,DRAW
2,13,7,6,4-4-9-9,0.0,1.0,14,DRAW
2,13,7,6,4-5-10-10,0.0,1.0,5,DRAW
2,13,7,6,4-5-5-10,0.5,0.5,9,
2,13,7,6,4-5-5-5,0.0037593984962406013,0.9962406015037594,532,
2,13,7,6,4-5-5-6,0.006253006253006253,0.9937469937469937,2079,
2,13,7,6,4-5-5-7,0.004901960784313725,0.9950980392156863,816,
2,13,7,6,4-5-5-8,0.023722627737226276,0.9762773722627737,274,
2,13,7,6,4-5-5-9,0.045454545454545456,0.9545454545454546,55,
2,13,7,6,4-5-6-10,0.10714285714285714,0.8928571428571429,28,
2,13,7,6,4-5-6-6,0.006970571304484142,0.9930294286955159,1718,
2,13,7,6,4-5-6-7,0.0011515430677107323,0.9988484569322893,2171,
2,13,7,6,4-5-6-8,0.0036023054755043226,0.9963976945244957,694,
2,13,7,6,4-5-6-9,0.006097560975609756,0.9939024390243902,164,
2,13,7,6,4-5-7-10,0.0,1.0,22,DRAW
2,13,7,6,4-5-7-7,0.02113821138211382,0.9788617886178862,615,
2,13,7,6,4-5-7-8,0.02023121387283237,0.9797687861271677,692,
2,13,7,6,4-5-7-9,0.09269662921348315,0.9073033707865169,178,
2,13,7,6,4-5-8-10,0.0,1.0,28,DRAW
2,13,7,6,4-5-8-8,0.046798029556650245,0.9532019704433498,203,
2,13,7,6,4-5-8-9,0.0,1.0,142,DRAW
2,13,7,6,4-5-9-10,0.0,1.0,34,DRAW
2,13,7,6,4-5-9-9,0.0,1.0,41,DRAW
2,13,7,6,4-6-10-10,0.0,1.0,11,DRAW
2,13,7,6,4-6-6-10,0.0,1.0,15,DRAW
2,13,7,6,4-6-6-6,0.006550218340611353,0.9934497816593887,229,
2,13,7,6,4-6-6-7,0.005761843790012804,0.9942381562099872,781,
2,13,7,6,4-6-6-8,0.00398406374501992,0.9960159362549801,251,
2,13,7,6,4-6-6-9,0.10344827586206896,0.896551724137931,58,
2,13,7,6,4-6-7-10,0.0,1.0,27,DRAW
2,13,7,6,4-6-7-7,0.014026402640264026,0.985973597359736,606,
2,13,7,6,4-6-7-8,0.017062314540059347,0.9829376854599406,674,
2,13,7,6,4-6-7-9,0.0,1.0,184,DRAW
2,13,7,6,4-6-8-10,0.0,1.0,29,DRAW
2,13,7,6,4-6-8-8,0.0,1.0,151,DRAW
2,13,7,6,4-6-8-9,0.0,1.0,173,DRAW
2,13,7,6,4-6-9-10,0.0,1.0,37,DRAW
2,13,7,6,4-6-9-9,0.0,1.0,47,DRAW
2,13,7,6,4-7-10-10,0.0,1.0,14,DRAW
2,13,7,6,4-7-7-10,0.0,1.0,15,DRAW
2,13,7,6,4-7-7-7,0.011111111111111112,0.9888888888888889,90,
2,13,7,6,4-7-7-8,0.0,1.0,234,DRAW
2,13,7,6,4-7-7-9,0.0,1.0,69,DRAW
2,13,7,6,4-7-8-10,0.0,1.0,30,DRAW
2,13,7,6,4-7-8-8,0.0,1.0,191,DRAW
2,13,7,6,4-7-8-9,0.0,1.0,175,DRAW
2,13,7,6,4-7-9-10,0.0,1.0,30,DRAW
2,13,7,6,4-7-9-9,0.0,1.0,43,DRAW
2,13,7,6,4-8-10-10,0.0,1.0,5,DRAW
2,13,7,6,4-8-8-10,0.0,1.0,14,DRAW
2,13,7,6,4-8-8-8,0.0,1.0,27,DRAW
2,13,7,6,4-8-8-9,0.0,1.0,62,DRAW
2,13,7,6,4-8-9-10,0.0,1.0,27,DRAW
2,13,7,6,4-8-9-9,0.0,1.0,41,DRAW
2,13,7,6,4-9-10-10,0.0,1.0,6,DRAW
2,13,7,6,4-9-9-10,0.0,1.0,11,DRAW
2,13,7,6,4-9-9-9,0.0,1.0,5,DRAW
2,13,7,6,5-10-10-10,0.0,1.0,1,DRAW
2,13,7,6,5-5-10-10,0.0,1.0,4,DRAW
2,13,7,6,5-5-5-5,0.32608695652173914,0.6739130434782609,23,
2,13,7,6,5-5-5-6,0.03852201257861635,0.9614779874213837,318,
2,13,7,6,5-5-5-7,0.01079136690647482,0.9892086330935251,139,
2,13,7,6,5-5-5-8,0.052083333333333336,0.9479166666666666,48,
2,13,7,6,5-5-5-9,0.5,0.5,7,
2,13,7,6,5-5-6-10,0.0,1.0,8,DRAW
2,13,7,6,5-5-6-6,0.0024793388429752068,0.9975206611570248,605,
2,13,7,6,5-5-6-7,0.01193467336683417,0.9880653266331658,796,
2,13,7,6,5-5-6-8,0.03877551020408163,0.9612244897959183,245,
2,13,7,6,5-5-6-9,0.22388059701492538,0.7761194029850746,67,
2,13,7,6,5-5-7-10,0.0,1.0,15,DRAW
2,13,7,6,5-5-7-7,0.08898305084745763,0.9110169491525424,236,
2,13,7,6,5-5-7-8,0.014644351464435146,0.9853556485355649,239,
2,13,7,6,5-5-7-9,0.0,1.0,56,DRAW
2,13,7,6,5-5-8-10,0.0,1.0,15,DRAW
2,13,7,6,5-5-8-8,0.0,1.0,65,DRAW
2,13,7,6,5-5-8-9,0.0,1.0,61,DRAW
2,13,7,6,5-5-9-10,0.0,1.0,9,DRAW
2,13,7,6,5-5-9-9,0.0,1.0,11,DRAW
2,13,7,6,5-6-10-10,0.0,1.0,7,DRAW
2,13,7,6,5-6-6-10,0.0,1.0,8,DRAW
2,13,7,6,5-6-6-6,0.0047169811320754715,0.9952830188679245,212,
2,13,7,6,5-6-6-7,0.002551020408163265,0.9974489795918368,784,
2,13,7,6,5-6-6-8,0.0020491803278688526,0.9979508196721312,244,
2,13,7,6,5-6-6-9,0.0,1.0,71,DRAW
2,13,7,6,5-6-7-10,0.0,1.0,32,DRAW
2,13,7,6,5-6-7-7,0.008403361344537815,0.9915966386554622,595,
2,13,7,6,5-6-7-8,0.0,1.0,684,DRAW
2,13,7,6,5-6-7-9,0.0,1.0,178,DRAW
2,13,7,6,5-6-8-10,0.0,1.0,27,DRAW
2,13,7,6,5-6-8-8,0.0,1.0,192,DRAW
2,13,7,6,5-6-8-9,0.0,1.0,151,DRAW
2,13,7,6,5-6-9-10,0.0,1.0,38,DRAW
2,13,7,6,5-6-9-9,0.0,1.0,45,DRAW
2,13,7,6,5-7-10-10,0.0,1.0,11,DRAW
2,13,7,6,5-7-7-10,0.0,1.0,12,DRAW
2,13,7,6,5-7-7-7,0.0,1.0,81,DRAW
2,13,7,6,5-7-7-8,0.0,1.0,225,DRAW
2,13,7,6,5-7-7-9,0.0,1.0,68,DRAW
2,13,7,6,5-7-8-10,0.0,1.0,26,DRAW
2,13,7,6,5-7-8-8,0.0,1.0,202,DRAW
2,13,7,6,5-7-8-9,0.0,1.0,182,DRAW
2,13,7,6,5-7-9-10,0.0,1.0,32,DRAW
2,13,7,6,5-7-9-9,0.0,1.0,49,DRAW
2,13,7,6,5-8-10-10,0.0,1.0,11,DRAW
2,13,7,6,5-8-8-10,0.0,1.0,10,DRAW
2,13,7,6,5-8-8-8,0.0,1.0,26,DRAW
2,13,7,6,5-8-8-9,0.0,1.0,62,DRAW
2,13,7,6,5-8-9-10,0.0,1.0,30,DRAW
2,13,7,6,5-8-9-9,0.0,1.0,44,DRAW
2,13,7,6,5-9-10-10,0.0,1.0,5,DRAW
2,13,7,6,5-9-9-10,0.0,1.0,11,DRAW
2,13,7,6,5-9-9-9,0.0,1.0,9,DRAW
2,13,7,6,6-10-10-10,0.0,1.0,1,DRAW
2,13,7,6,6-6-10-10,0.0,1.0,3,DRAW
2,13,7,6,6-6-6-10,0.0,1.0,3,DRAW
2,13,7,6,6-6-6-6,0.4166666666666667,0.5833333333333334,6,
2,13,7,6,6-6-6-7,0.125,0.875,104,
2,13,7,6,6-6-6-8,0.0,1.0,40,DRAW
2,13,7,6,6-6-6-9,0.0,1.0,7,DRAW
2,13,7,6,6-6-7-10,0.0,1.0,10,DRAW
2,13,7,6,6-6-7-7,0.0,1.0,218,DRAW
2,13,7,6,6-6-7-8,0.0,1.0,247,DRAW
2,13,7,6,6-6-7-9,0.0,1.0,68,DRAW
2,13,7,6,6-6-8-10,0.0,1.0,10,DRAW
2,13,7,6,6-6-8-8,0.0,1.0,81,DRAW
2,13,7,6,6-6-8-9,0.0,1.0,68,DRAW
2,13,7,6,6-6-9-10,0.0,1.0,7,DRAW
2,13,7,6,6-6-9-9,0.0,1.0,23,DRAW
2,13,7,6,6-7-10-10,0.0,1.0,14,DRAW
2,13,7,6,6-7-7-10,0.0,1.0,13,DRAW
2,13,7,6,6-7-7-7,0.0,1.0,85,DRAW
2,13,7,6,6-7-7-8,0.0,1.0,229,DRAW
2,13,7,6,6-7-7-9,0.0,1.0,63,DRAW
2,13,7,6,6-7-8-10,0.0,1.0,24,DRAW
2,13,7,6,6-7-8-8,0.0,1.0,197,DRAW
2,13,7,6,6-7-8-9,0.0,1.0,165,DRAW
2,13,7,6,6-7-9-10,0.0,1.0,37,DRAW
2,13,7,6,6-7-9-9,0.0,1.0,41,DRAW
2,13,7,6,6-8-10-10,0.0,1.0,12,DRAW
2,13,7,6,6-8-8-10,0.0,1.0,6,DRAW
2,13,7,6,6-8-8-8,0.0,1.0,22,DRAW
2,13,7,6,6-8-8-9,0.0,1.0,58,DRAW
2,13,7,6,6-8-9-10,0.0,1.0,23,DRAW
2,13,7,6,6-8-9-9,0.0,1.0,34,DRAW
2,13,7,6,6-9-10-10,0.0,1.0,13,DRAW
2,13,7,6,6-9-9-10,0.0,1.0,11,DRAW
2,13,7,6,6-9-9-9,0.0,1.0,10,DRAW
2,13,7,6,7-10-10-10,0.0,1.0,3,DRAW
2,13,7,6,7-7-10-10,0.0,1.0,4,DRAW
2,13,7,6,7-7-7-7,0.0,1.0,9,DRAW
2,13,7,6,7-7-7-8,0.0,1.0,37,DRAW
2,13,7,6,7-7-7-9,0.0,1.0,4,DRAW
2,13,7,6,7-7-8-10,0.0,1.0,8,DRAW
2,13,7,6,7-7-8-8,0.0,1.0,69,DRAW
2,13,7,6,7-7-8-9,0.0,1.0,56,DRAW
2,13,7,6,7-7-9-10,0.0,1.0,7,DRAW
2,13,7,6,7-7-9-9,0.0,1.0,21,DRAW
2,13,7,6,7-8-10-10,0.0,1.0,7,DRAW
2,13,7,6,7-8-8-10,0.0,1.0,10,DRAW
2,13,7,6,7-8-8-8,0.0,1.0,26,DRAW
2,13,7,6,7-8-8-9,0.0,1.0,57,DRAW
2,13,7,6,7-8-9-10,0.0,1.0,27,DRAW
2,13,7,6,7-8-9-9,0.0,1.0,43,DRAW
2,13,7,6,7-9-10-10,0.0,1.0,14,DRAW
2,13,7,6,7-9-9-10,0.0,1.0,15,DRAW
2,13,7,6,7-9-9-9,0.0,1.0,4,DRAW
2,13,7,6,8-10-10-10,0.0,1.0,1,DRAW
2,13,7,6,8-8-10-10,0.0,1.0,5,DRAW
2,13,7,6,8-8-8-10,0.0,1.0,1,DRAW
2,13,7,6,8-8-8-8,0.0,1.0,1,DRAW
2,13,7,6,8-8-8-9,0.0,1.0,7,DRAW
2,13,7,6,8-8-9-10,0.0,1.0,4,DRAW
2,13,7,6,8-8-9-9,0.0,1.0,17,DRAW
2,13,7,6,8-9-10-10,0.0,1.0,5,DRAW
2,13,7,6,8-9-9-10,0.0,1.0,13,DRAW
2,13,7,6,8-9-9-9,0.0,1.0,4,DRAW
2,13,7,6,9-10-10-10,0.0,1.0,2,DRAW
2,13,7,6,9-9-10-10,0.0,1.0,2,DRAW
2,13,7,6,9-9-9-10,0.0,1.0,3,DRAW
2,13,7,6,9-9-9-9,0.0,1.0,1,DRAW
2,15,8,7,1-1-1-1,1.0,0.0,26,STOP
2,15,8,7,1-1-1-10,0.5,0.5,1,
2,15,8,7,1-1-1-2,1.0,0.0,1442,STOP
2,15,8,7,1-1-1-3,1.0,0.0,768,STOP
2,15,8,7,1-1-1-4,0.27481300345224396,0.7251869965477561,869,
2,15,8,7,1-1-1-5,0.8819875776397516,0.11801242236024845,483,
2,15,8,7,1-1-1-6,0.0397196261682243,0.9602803738317757,214,
2,15,8,7,1-1-1-7,0.09230769230769231,0.9076923076923077,65,
2,15,8,7,1-1-1-8,0.3888888888888889,0.6111111111111112,18,
2,15,8,7,1-1-1-9,0.1,0.9,5,
2,15,8,7,1-1-10-10,0.5,0.5,1,
2,15,8,7,1-1-2-10,0.125,0.875,4,
2,15,8,7,1-1-2-2,0.0,1.0,9856,DRAW
2,15,8,7,1-1-2-3,0.9889894212705956,0.011010578729404363,12151,
2,15,8,7,1-1-2-4,0.04464798574675629,0.9553520142532437,6837,
2,15,8,7,1-1-2-5,0.07114586303287593,0.928854136967124,3526,
2,15,8,7,1-1-2-6,0.040300341274841105,0.9596996587251588,1843,
2,15,8,7,1-1-2-7,0.013490725126475547,0.9865092748735245,593,
2,15,8,7,1-1-2-8,0.11510791366906475,0.8848920863309353,139,
2,15,8,7,1-1-2-9,0.3333333333333333,0.6666666666666666,27,
2,15,8,7,1-1-3-10,0.5,0.5,1,
2,15,8,7,1-1-3-3,0.7525060766465936,0.2474939233534064,3819,
2,15,8,7,1-1-3-4,0.8998485957254987,0.10015140427450134,5769,
2,15,8,7,1-1-3-5,0.1268615563394858,0.8731384436605142,3518,
2,15,8,7,1-1-3-6,0.018772853421066923,0.9812271465789332,1786,
2,15,8,7,1-1-3-7,0.029546430453012827,0.9704535695469871,653,
2,15,8,7,1-1-3-8,0.04583333333333333,0.9541666666666667,150,
2,15,8,7,1-1-3-9,0.016666666666666666,0.9833333333333333,30,
2,15,8,7,1-1-4-10,0.375,0.625,4,
2,15,8,7,1-1-4-4,0.49991608282822625,0.5000839171717737,2042,
2,15,8,7,1-1-4-5,0.018933371727253,0.981066628272747,3804,
2,15,8,7,1-1-4-6,0.00783904195395353,0.9921609580460464,1783,
2,15,8,7,1-1-4-7,0.001669449081803005,0.998330550918197,599,
2,15,8,7,1-1-4-8,0.036638062588292455,0.9633619374117076,142,
2,15,8,7,1-1-4-9,0.3392857142857143,0.6607142857142857,28,
2,15,8,7,1-1-5-10,0.5,0.5,1,
2,15,8,7,1-1-5-5,0.0034403669724770644,0.9965596330275229,1308,
2,15,8,7,1-1-5-6,0.003769520732364028,0.996230479267636,1857,
2,15,8,7,1-1-5-7,0.0007849293563579278,0.9992150706436421,637,
2,15,8,7,1-1-5-8,0.007633587786259542,0.9923664122137404,131,
2,15,8,7,1-1-5-9,0.037037037037037035,0.9629629629629629,27,
2,15,8,7,1-1-6-10,0.25,0.75,4,
2,15,8,7,1-1-6-6,0.000980392156862745,0.9990196078431373,510,
2,15,8,7,1-1-6-7,0.0027726432532347504,0.9972273567467652,541,
2,15,8,7,1-1-6-8,0.0033783783783783786,0.9966216216216216,148,
2,15,8,7,1-1-6-9,0.43846082318344526,0.5615391768165547,24,
2,15,8,7,1-1-7-10,0.5,0.5,1,
2,15,8,7,1-1-7-7,0.0136986301369863,0.9863013698630136,146,
2,15,8,7,1-1-7-8,0.0030303030303030303,0.996969696969697,165,
2,15,8,7,1-1-7-9,0.3,0.7,30,
2,15,8,7,1-1-8-10,0.5,0.5,5,
2,15,8,7,1-1-8-8,0.01020408163265306,0.9897959183673469,49,
2,15,8,7,1-1-8-9,0.022727272727272728,0.9772727272727273,22,
2,15,8,7,1-1-9-9,0.5,0.5,7,
2,15,8,7,1-2-10-10,0.5,0.5,2,
2,15,8,7,1-2-2-10,0.5,0.5,1,
2,15,8,7,1-2-2-2,0.9998410680228862,0.0001589319771137953,3146,
2,15,8,7,1-2-2-3,0.9885378805831158,0.011462119416884232,11941,
2,15,8,7,1-2-2-4,0.9106524211044356,0.08934757889556447,5798,
2,15,8,7,1-2-2-5,0.003582218217695083,0.996417781782305,4280,
2,15,8,7,1-2-2-6,0.002587991718426501,0.9974120082815735,1932,
2,15,8,7,1-2-2-7,0.0008992805755395684,0.9991007194244604,556,
2,15,8,7,1-2-2-8,0.02040816326530612,0.9795918367346939,147,
2,15,8,7,1-2-2-9,0.030303030303030304,0.9696969696969697,33,
2,15,8,7,1-2-3-10,0.1,0.9,5,
2,15,8,7,1-2-3-3,0.9849381009096305,0.015061899090369507,9999,
2,15,8,7,1-2-3-4,0.9272305471099447,0.07276945289005535,15648,
2,15,8,7,1-2-3-5,0.0006254467476769121,0.999374553252323,11192,
2,15,8,7,1-2-3-6,0.004188997185692757,0.9958110028143072,4895,
2,15,8,7,1-2-3-7,0.00030674846625766873,0.9996932515337423,1630,
2,15,8,7,1-2-3-8,0.010638297872340425,0.9893617021276596,423,
2,15,8,7,1-2-3-9,0.13529411764705881,0.8647058823529412,85,
2,15,8,7,1-2-4-10,0.2,0.8,5,
2,15,8,7,1-2-4-4,0.7514343278210502,0.2485656721789497,5132,
2,15,8,7,1-2-4-5,4.420866489832007e-05,0.9999557913351017,11310,
2,15,8,7,1-2-4-6,0.00010458063166701528,0.999895419368333,4781,
2,15,8,7,1-2-4-7,0.004329004329004329,0.9956709956709957,1617,
2,15,8,7,1-2-4-8,0.0025,0.9975,400,
2,15,8,7,1-2-4-9,0.06521739130434782,0.9347826086956522,69,
2,15,8,7,1-2-5-10,0.16666666666666666,0.8333333333333334,9,
2,15,8,7,1-2-5-5,0.00014347202295552367,0.9998565279770445,3485,
2,15,8,7,1-2-5-6,0.0003153910849453322,0.9996846089150546,4756,
2,15,8,7,1-2-5-7,0.0015923566878980893,0.9984076433121019,1570,
2,15,8,7,1-2-5-8,0.007125890736342043,0.9928741092636579,421,
2,15,8,7,1-2-5-9,0.008064516129032258,0.9919354838709677,62,
2,15,8,7,1-2-6-10,0.5,0.5,6,
2,15,8,7,1-2-6-6,0.0010518934081346423,0.9989481065918654,1426,
2,15,8,7,1-2-6-7,0.0038461538461538464,0.9961538461538462,1560,
2,15,8,7,1-2-6-8,0.020151133501259445,0.9798488664987406,397,
2,15,8,7,1-2-6-9,0.08571428571428572,0.9142857142857143,70,
2,15,8,7,1-2-7-10,0.4166666666666667,0.5833333333333334,6,
2,15,8,7,1-2-7-7,0.0021141649048625794,0.9978858350951374,473,
2,15,8,7,1-2-7-8,0.014360313315926894,0.9856396866840731,383,
2,15,8,7,1-2-7-9,0.014285714285714285,0.9857142857142858,70,
2,15,8,7,1-2-8-10,0.38461538461538464,0.6153846153846154,13,
2,15,8,7,1-2-8-8,0.014563106796116505,0.9854368932038835,103,
2,15,8,7,1-2-8-9,0.02564102564102564,0.9743589743589743,78,
2,15,8,7,1-2-9-10,0.375,0.625,8,
2,15,8,7,1-2-9-9,0.029411764705882353,0.9705882352941176,17,
2,15,8,7,1-3-10-10,0.5,0.5,4,
2,15,8,7,1-3-3-10,0.3333333333333333,0.6666666666666666,3,
2,15,8,7,1-3-3-3,0.9836281596362189,0.016371840363781115,1444,
2,15,8,7,1-3-3-4,0.9534907447583836,0.04650925524161643,5753,
2,15,8,7,1-3-3-5,0.005022282771838269,0.9949777172281616,3937,
2,15,8,7,1-3-3-6,0.0011154489682097045,0.9988845510317903,1793,
2,15,8,7,1-3-3-7,0.0007739938080495357,0.9992260061919505,646,
2,15,8,7,1-3-3-8,0.023178807947019868,0.9768211920529801,151,
2,15,8,7,1-3-3-9,0.5,0.5,25,
2,15,8,7,1-3-4-10,0.5,0.5,8,
2,15,8,7,1-3-4-4,0.4679526291304251,0.532047370869575,5159,
2,15,8,7,1-3-4-5,0.00024328532502919425,0.9997567146749708,10276,
2,15,8,7,1-3-4-6,0.0031376205095900497,0.9968623794904099,4854,
2,15,8,7,1-3-4-7,0.002506265664160401,0.9974937343358395,1596,
2,15,8,7,1-3-4-8,0.006510416666666667,0.9934895833333334,384,
2,15,8,7,1-3-4-9,0.005494505494505495,0.9945054945054945,91,
2,15,8,7,1-3-5-10,0.5,0.5,6,
2,15,8,7,1-3-5-5,0.0002925687536571094,0.9997074312463429,3418,
2,15,8,7,1-3-5-6,0.004751394464707171,0.9952486055352929,4740,
2,15,8,7,1-3-5-7,0.0009566326530612245,0.9990433673469388,1568,
2,15,8,7,1-3-5-8,0.007159904534606206,0.9928400954653938,419,
2,15,8,7,1-3-5-9,0.02142857142857143,0.9785714285714285,70,
2,15,8,7,1-3-6-10,0.42592592592592593,0.5740740740740741,9,
2,15,8,7,1-3-6-6,0.001388888888888889,0.9986111111111111,1440,
2,15,8,7,1-3-6-7,0.005533854166666667,0.9944661458333334,1536,
2,15,8,7,1-3-6-8,0.002652519893899204,0.9973474801061007,377,
2,15,8,7,1-3-6-9,0.007462686567164179,0.9925373134328358,67,
2,15,8,7,1-3-7-10,0.4166666666666667,0.5833333333333334,6,
2,15,8,7,1-3-7-7,0.031026252983293555,0.9689737470167065,419,
2,15,8,7,1-3-7-8,0.010610079575596816,0.9893899204244032,377,
2,15,8,7,1-3-7-9,0.09375,0.90625,80,
2,15,8,7,1-3-8-10,0.4166666666666667,0.5833333333333334,6,
2,15,8,7,1-3-8-8,0.017543859649122806,0.9824561403508771,114,
2,15,8,7,1-3-8-9,0.029411764705882353,0.9705882352941176,68,
2,15,8,7,1-3-9-10,0.3,0.7,5,
2,15,8,7,1-3-9-9,0.17857142857142858,0.8214285714285714,14,
2,15,8,7,1-4-4-10,0.5,0.5,2,
2,15,8,7,1-4-4-4,0.0012787723785166241,0.9987212276214834,782,
2,15,8,7,1-4-4-5,0.003334534967555876,0.9966654650324441,4161,
2,15,8,7,1-4-4-6,0.002178649237472767,0.9978213507625272,1836,
2,15,8,7,1-4-4-7,0.017117117117117116,0.9828828828828828,555,
2,15,8,7,1-4-4-8,0.011627906976744186,0.9883720930232558,172,
2,15,8,7,1-4-4-9,0.045454545454545456,0.9545454545454546,33,
2,15,8,7,1-4-5-10,0.045454545454545456,0.9545454545454546,11,
2,15,8,7,1-4-5-5,0.00122737035900583,0.9987726296409942,3259,
2,15,8,7,1-4-5-6,0.0007249378624689313,0.999275062137531,4828,
2,15,8,7,1-4-5-7,0.0031887755102040817,0.9968112244897959,1568,
2,15,8,7,1-4-5-8,0.005012531328320802,0.9949874686716792,399,
2,15,8,7,1-4-5-9,0.006578947368421052,0.993421052631579,76,
2,15,8,7,1-4-6-10,0.1875,0.8125,8,
2,15,8,7,1-4-6-6,0.010701107011070111,0.9892988929889299,1355,
2,15,8,7,1-4-6-7,0.002006688963210702,0.9979933110367893,1495,
2,15,8,7,1-4-6-8,0.002570694087403599,0.9974293059125964,389,
2,15,8,7,1-4-6-9,0.006493506493506494,0.9935064935064936,77,
2,15,8,7,1-4-7-10,0.14285714285714285,0.8571428571428571,7,
2,15,8,7,1-4-7-7,0.017238912732474965,0.982761087267525,466,
2,15,8,7,1-4-7-8,0.02130681818181818,0.9786931818181818,352,
2,15,8,7,1-4-7-9,0.046153846153846156,0.9538461538461539,65,
2,15,8,7,1-4-8-10,0.08333333333333333,0.9166666666666666,6,
2,15,8,7,1-4-8-8,0.013761467889908258,0.9862385321100917,109,
2,15,8,7,1-4-8-9,0.0078125,0.9921875,64,
2,15,8,7,1-4-9-10,0.3,0.7,5,
2,15,8,7,1-4-9-9,0.23809523809523808,0.7619047619047619,21,
2,15,8,7,1-5-10-10,0.0,1.0,1,DRAW
2,15,8,7,1-5-5-10,0.5,0.5,1,
2,15,8,7,1-5-5-5,0.018847006651884702,0.9811529933481153,451,
2,15,8,7,1-5-5-6,0.004920721705850191,0.9950792782941498,1829,
2,15,8,7,1-5-5-7,0.0009487666034155598,0.9990512333965844,527,
2,15,8,7,1-5-5-8,0.006802721088435374,0.9931972789115646,147,
2,15,8,7,1-5-5-9,0.15789473684210525,0.8421052631578947,19,
2,15,8,7,1-5-6-10,0.2777777777777778,0.7222222222222222,9,
2,15,8,7,1-5-6-6,0.004260263361735089,0.9957397366382649,1291,
2,15,8,7,1-5-6-7,0.0046204620462046205,0.9953795379537954,1515,
2,15,8,7,1-5-6-8,0.010869565217391304,0.9891304347826086,368,
2,15,8,7,1-5-6-9,0.013513513513513514,0.9864864864864865,74,
2,15,8,7,1-5-7-10,0.14285714285714285,0.8571428571428571,7,
2,15,8,7,1-5-7-7,0.0024875621890547263,0.9975124378109452,402,
2,15,8,7,1-5-7-8,0.0011792452830188679,0.9988207547169812,424,
2,15,8,7,1-5-7-9,0.02027027027027027,0.9797297297297297,74,
2,15,8,7,1-5-8-10,0.5,0.5,6,
2,15,8,7,1-5-8-8,0.018518518518518517,0.9814814814814815,108,
2,15,8,7,1-5-8-9,0.022222222222222223,0.9777777777777777,90,
2,15,8,7,1-5-9-10,0.5,0.5,4,
2,15,8,7,1-5-9-9,0.027777777777777776,0.9722222222222222,18,
2,15,8,7,1-6-6-10,0.4,0.6,5,
2,15,8,7,1-6-6-6,0.002369668246445498,0.9976303317535545,211,
2,15,8,7,1-6-6-7,0.0044014084507042256,0.9955985915492958,568,
2,15,8,7,1-6-6-8,0.006993006993006993,0.993006993006993,143,
2,15,8,7,1-6-6-9,0.11666666666666667,0.8833333333333333,30,
2,15,8,7,1-6-7-10,0.3333333333333333,0.6666666666666666,3,
2,15,8,7,1-6-7-7,0.007853403141361256,0.9921465968586387,382,
2,15,8,7,1-6-7-8,0.004043126684636119,0.9959568733153639,371,
2,15,8,7,1-6-7-9,0.28289473684210525,0.7171052631578947,76,
2,15,8,7,1-6-8-10,0.42857142857142855,0.5714285714285714,7,
2,15,8,7,1-6-8-8,0.038834951456310676,0.9611650485436893,103,
2,15,8,7,1-6-8-9,0.15671641791044777,0.8432835820895522,67,
2,15,8,7,1-6-9-10,0.0,1.0,11,DRAW
2,15,8,7,1-6-9-9,0.11363636363636363,0.8863636363636364,22,
2,15,8,7,1-7-10-10,0.0,1.0,1,DRAW
2,15,8,7,1-7-7-10,0.5,0.5,1,
2,15,8,7,1-7-7-7,0.00847457627118644,0.9915254237288136,59,
2,15,8,7,1-7-7-8,0.023809523809523808,0.9761904761904762,147,
2,15,8,7,1-7-7-9,0.018518518518518517,0.9814814814814815,27,
2,15,8,7,1-7-8-10,0.0,1.0,11,DRAW
2,15,8,7,1-7-8-8,0.03763440860215054,0.9623655913978495,93,
2,15,8,7,1-7-8-9,0.016666666666666666,0.9833333333333333,90,
2,15,8,7,1-7-9-10,0.0,1.0,8,DRAW
2,15,8,7,1-7-9-9,0.0,1.0,10,DRAW
2,15,8,7,1-8-10-10,0.0,1.0,1,DRAW
2,15,8,7,1-8-8-10,0.0,1.0,5,DRAW
2,15,8,7,1-8-8-8,0.5,0.5,16,
2,15,8,7,1-8-8-9,0.0,1.0,20,DRAW
2,15,8,7,1-8-9-10,0.0,1.0,11,DRAW
2,15,8,7,1-8-9-9,0.0,1.0,16,DRAW
2,15,8,7,1-9-9-10,0.0,1.0,7,DRAW
2,15,8,7,1-9-9-9,0.0,1.0,1,DRAW
2,15,8,7,2-2-2-2,0.5164533587861042,0.4835466412138957,174,
2,15,8,7,2-2-2-3,0.9994609164420485,0.0005390835579514825,1855,
2,15,8,7,2-2-2-4,0.750727865833901,0.24927213416609895,937,
2,15,8,7,2-2-2-5,0.010035325818343991,0.989964674181656,429,
2,15,8,7,2-2-2-6,0.05825431181732149,0.9417456881826785,269,
2,15,8,7,2-2-2-7,0.08409868810913032,0.9159013118908698,100,
2,15,8,7,2-2-2-8,0.5,0.5,17,
2,15,8,7,2-2-2-9,0.5,0.5,2,
2,15,8,7,2-2-3-10,0.5,0.5,1,
2,15,8,7,2-2-3-3,0.9984956236323851,0.0015043763676148797,3656,
2,15,8,7,2-2-3-4,0.9737552557291878,0.026244744270812272,5676,
2,15,8,7,2-2-3-5,0.007939368285123588,0.9920606317148764,3299,
2,15,8,7,2-2-3-6,0.06547230744967597,0.934527692550324,1504,
2,15,8,7,2-2-3-7,0.0008976660682226212,0.9991023339317774,557,
2,15,8,7,2-2-3-8,0.0032679738562091504,0.9967320261437909,153,
2,15,8,7,2-2-3-9,0.06666666666666667,0.9333333333333333,30,
2,15,8,7,2-2-4-10,0.16666666666666666,0.8333333333333334,6,
2,15,8,7,2-2-4-4,0.6347891621630067,0.3652108378369934,1877,
2,15,8,7,2-2-4-5,0.001799023387304035,0.9982009766126959,3891,
2,15,8,7,2-2-4-6,0.0002967359050445104,0.9997032640949555,1685,
2,15,8,7,2-2-4-7,0.0025466893039049238,0.9974533106960951,589,
2,15,8,7,2-2-4-8,0.0035460992907801418,0.9964539007092199,141,
2,15,8,7,2-2-4-9,0.13333333333333333,0.8666666666666667,30,
2,15,8,7,2-2-5-10,0.5,0.5,3,
2,15,8,7,2-2-5-5,0.0008920606601248885,0.9991079393398751,1121,
2,15,8,7,2-2-5-6,0.0006020469596628537,0.9993979530403372,1661,
2,15,8,7,2-2-5-7,0.001841620626151013,0.998158379373849,543,
2,15,8,7,2-2-5-8,0.02857142857142857,0.9714285714285714,140,
2,15,8,7,2-2-5-9,0.016129032258064516,0.9838709677419355,31,
2,15,8,7,2-2-6-10,0.5,0.5,1,
2,15,8,7,2-2-6-6,0.002053388090349076,0.997946611909651,487,
2,15,8,7,2-2-6-7,0.0037593984962406013,0.9962406015037594,532,
2,15,8,7,2-2-6-8,0.014705882352941176,0.9852941176470589,136,
2,15,8,7,2-2-6-9,0.021739130434782608,0.9782608695652174,23,
2,15,8,7,2-2-7-10,0.5,0.5,3,
2,15,8,7,2-2-7-7,0.021739130434782608,0.9782608695652174,138,
2,15,8,7,2-2-7-8,0.010869565217391304,0.9891304347826086,138,
2,15,8,7,2-2-7-9,0.5,0.5,22,
2,15,8,7,2-2-8-10,0.25,0.75,4,
2,15,8,7,2-2-8-8,0.36666666666666664,0.6333333333333333,45,
2,15,8,7,2-2-8-9,0.038461538461538464,0.9615384615384616,26,
2,15,8,7,2-2-9-10,0.5,0.5,4,
2,15,8,7,2-2-9-9,0.3333333333333333,0.6666666666666666,3,
2,15,8,7,2-3-10-10,0.5,0.5,1,
2,15,8,7,2-3-3-10,0.5,0.5,2,
2,15,8,7,2-3-3-3,0.8712636117249479,0.12873638827505213,1469,
2,15,8,7,2-3-3-4,0.9760345564739327,0.02396544352606737,5955,
2,15,8,7,2-3-3-5,0.0027450246428348617,0.9972549753571651,3562,
2,15,8,7,2-3-3-6,0.0002965599051008304,0.9997034400948992,1686,
2,15,8,7,2-3-3-7,0.002777777777777778,0.9972222222222222,540,
2,15,8,7,2-3-3-8,0.006578947368421052,0.993421052631579,152,
2,15,8,7,2-3-3-9,0.10714285714285714,0.8928571428571429,28,
2,15,8,7,2-3-4-10,0.3888888888888889,0.6111111111111112,9,
2,15,8,7,2-3-4-4,0.2966393255173844,0.7033606744826155,4989,
2,15,8,7,2-3-4-5,0.00014534883720930232,0.9998546511627907,10320,
2,15,8,7,2-3-4-6,0.005411172676378444,0.9945888273236215,4726,
2,15,8,7,2-3-4-7,0.004430379746835443,0.9955696202531645,1580,
2,15,8,7,2-3-4-8,0.0024330900243309003,0.9975669099756691,411,
2,15,8,7,2-3-4-9,0.007246376811594203,0.9927536231884058,69,
2,15,8,7,2-3-5-10,0.3333333333333333,0.6666666666666666,3,
2,15,8,7,2-3-5-5,0.000717772035601493,0.9992822279643985,3483,
2,15,8,7,2-3-5-6,0.0006313131313131314,0.9993686868686869,4752,
2,15,8,7,2-3-5-7,0.001959503592423253,0.9980404964075767,1531,
2,15,8,7,2-3-5-8,0.023316062176165803,0.9766839378238342,386,
2,15,8,7,2-3-5-9,0.03278688524590164,0.9672131147540983,61,
2,15,8,7,2-3-6-10,0.5,0.5,7,
2,15,8,7,2-3-6-6,0.003869969040247678,0.9961300309597523,1292,
2,15,8,7,2-3-6-7,0.01133419689119171,0.9886658031088082,1544,
2,15,8,7,2-3-6-8,0.006361323155216285,0.9936386768447837,393,
2,15,8,7,2-3-6-9,0.06818181818181818,0.9318181818181818,66,
2,15,8,7,2-3-7-10,0.375,0.625,8,
2,15,8,7,2-3-7-7,0.003676470588235294,0.9963235294117647,408,
2,15,8,7,2-3-7-8,0.003937007874015748,0.9960629921259843,381,
2,15,8,7,2-3-7-9,0.02112676056338028,0.9788732394366197,71,
2,15,8,7,2-3-8-10,0.3888888888888889,0.6111111111111112,9,
2,15,8,7,2-3-8-8,0.01020408163265306,0.9897959183673469,98,
2,15,8,7,2-3-8-9,0.02,0.98,75,
2,15,8,7,2-3-9-10,0.125,0.875,12,
2,15,8,7,2-3-9-9,0.16666666666666666,0.8333333333333334,12,
2,15,8,7,2-4-10-10,0.0,1.0,2,DRAW
2,15,8,7,2-4-4-10,0.25,0.75,4,
2,15,8,7,2-4-4-4,0.08932126120932439,0.9106787387906756,746,
2,15,8,7,2-4-4-5,0.002039775624681285,0.9979602243753187,3922,
2,15,8,7,2-4-4-6,0.0014757969303423849,0.9985242030696576,1694,
2,15,8,7,2-4-4-7,0.0032626427406199023,0.9967373572593801,613,
2,15,8,7,2-4-4-8,0.017985611510791366,0.9820143884892086,139,
2,15,8,7,2-4-4-9,0.3125,0.6875,24,
2,15,8,7,2-4-5-10,0.5,0.5,4,
2,15,8,7,2-4-5-5,0.002763234438627109,0.9972367655613729,3438,
2,15,8,7,2-4-5-6,0.00010808473843493298,0.9998919152615651,4626,
2,15,8,7,2-4-5-7,0.004672897196261682,0.9953271028037384,1498,
2,15,8,7,2-4-5-8,0.0012953367875647669,0.9987046632124352,386,
2,15,8,7,2-4-5-9,0.007246376811594203,0.9927536231884058,69,
2,15,8,7,2-4-6-10,0.5,0.5,4,
2,15,8,7,2-4-6-6,0.0010845986984815619,0.9989154013015185,1383,
2,15,8,7,2-4-6-7,0.00032637075718015666,0.9996736292428199,1532,
2,15,8,7,2-4-6-8,0.0024449877750611247,0.9975550122249389,409,
2,15,8,7,2-4-6-9,0.03888888888888889,0.9611111111111111,90,
2,15,8,7,2-4-7-10,0.5,0.5,8,
2,15,8,7,2-4-7-7,0.0037593984962406013,0.9962406015037594,399,
2,15,8,7,2-4-7-8,0.006345177664974619,0.9936548223350253,394,
2,15,8,7,2-4-7-9,0.10204081632653061,0.8979591836734694,49,
2,15,8,7,2-4-8-10,0.045454545454545456,0.9545454545454546,11,
2,15,8,7,2-4-8-8,0.03398058252427184,0.9660194174757282,103,
2,15,8,7,2-4-8-9,0.014705882352941176,0.9852941176470589,68,
2,15,8,7,2-4-9-10,0.5,0.5,5,
2,15,8,7,2-4-9-9,0.06666666666666667,0.9333333333333333,15,
2,15,8,7,2-5-5-10,0.5,0.5,2,
2,15,8,7,2-5-5-5,0.0021141649048625794,0.9978858350951374,473,
2,15,8,7,2-5-5-6,0.0012368583797155227,0.9987631416202845,1617,
2,15,8,7,2-5-5-7,0.007194244604316547,0.9928057553956835,556,
2,15,8,7,2-5-5-8,0.10638297872340426,0.8936170212765957,141,
2,15,8,7,2-5-5-9,0.05,0.95,20,
2,15,8,7,2-5-6-10,0.5,0.5,6,
2,15,8,7,2-5-6-6,0.005331302361005331,0.9946686976389947,1313,
2,15,8,7,2-5-6-7,0.0003380662609871535,0.9996619337390128,1479,
2,15,8,7,2-5-6-8,0.03050397877984085,0.9694960212201591,377,
2,15,8,7,2-5-6-9,0.2605633802816901,0.7394366197183099,71,
2,15,8,7,2-5-7-10,0.5,0.5,6,
2,15,8,7,2-5-7-7,0.05778894472361809,0.9422110552763819,398,
2,15,8,7,2-5-7-8,0.006172839506172839,0.9938271604938271,405,
2,15,8,7,2-5-7-9,0.10666666666666667,0.8933333333333333,75,
2,15,8,7,2-5-8-10,0.5,0.5,8,
2,15,8,7,2-5-8-8,0.028409090909090908,0.9715909090909091,88,
2,15,8,7,2-5-8-9,0.20422535211267606,0.795774647887324,71,
2,15,8,7,2-5-9-10,0.0,1.0,7,DRAW
2,15,8,7,2-5-9-9,0.08695652173913043,0.9130434782608695,23,
2,15,8,7,2-6-10-10,0.0,1.0,1,DRAW
2,15,8,7,2-6-6-10,0.5,0.5,4,
2,15,8,7,2-6-6-6,0.004975124378109453,0.9950248756218906,201,
2,15,8,7,2-6-6-7,0.0027675276752767526,0.9972324723247232,542,
2,15,8,7,2-6-6-8,0.014084507042253521,0.9859154929577465,142,
2,15,8,7,2-6-6-9,0.034482758620689655,0.9655172413793104,29,
2,15,8,7,2-6-7-10,0.5,0.5,8,
2,15,8,7,2-6-7-7,0.004424778761061947,0.995575221238938,339,
2,15,8,7,2-6-7-8,0.00904392764857881,0.9909560723514211,387,
2,15,8,7,2-6-7-9,0.08035714285714286,0.9196428571428571,56,
2,15,8,7,2-6-8-10,0.0,1.0,9,DRAW
2,15,8,7,2-6-8-8,0.04245283018867924,0.9575471698113207,106,
2,15,8,7,2-6-8-9,0.015384615384615385,0.9846153846153847,65,
2,15,8,7,2-6-9-10,0.0,1.0,10,DRAW
2,15,8,7,2-6-9-9,0.0,1.0,12,DRAW
2,15,8,7,2-7-10-10,0.0,1.0,1,DRAW
2,15,8,7,2-7-7-10,0.0,1.0,4,DRAW
2,15,8,7,2-7-7-7,0.025423728813559324,0.9745762711864406,59,
2,15,8,7,2-7-7-8,0.015503875968992248,0.9844961240310077,129,
2,15,8,7,2-7-7-9,0.25757575757575757,0.7424242424242424,33,
2,15,8,7,2-7-8-10,0.0,1.0,7,DRAW
2,15,8,7,2-7-8-8,0.025510204081632654,0.9744897959183674,98,
2,15,8,7,2-7-8-9,0.0,1.0,74,DRAW
2,15,8,7,2-7-9-10,0.0,1.0,12,DRAW
2,15,8,7,2-7-9-9,0.0,1.0,14,DRAW
2,15,8,7,2-8-10-10,0.0,1.0,2,DRAW
2,15,8,7,2-8-8-10,0.0,1.0,3,DRAW
2,15,8,7,2-8-8-8,0.0,1.0,14,DRAW
2,15,8,7,2-8-8-9,0.0,1.0,23,DRAW
2,15,8,7,2-8-9-10,0.0,1.0,5,DRAW
2,15,8,7,2-8-9-9,0.0,1.0,18,DRAW
2,15,8,7,2-9-10-10,0.0,1.0,4,DRAW
2,15,8,7,2-9-9-10,0.0,1.0,2,DRAW
2,15,8,7,2-9-9-9,0.0,1.0,5,DRAW
2,15,8,7,3-3-10-10,0.0,1.0,2,DRAW
2,15,8,7,3-3-3-3,0.6595592801058507,0.34044071989414926,92,
2,15,8,7,3-3-3-4,0.6878368251519286,0.31216317484807143,944,
2,15,8,7,3-3-3-5,0.22360205767845576,0.7763979423215442,511,
2,15,8,7,3-3-3-6,0.03885135135135135,0.9611486486486487,296,
2,15,8,7,3-3-3-7,0.021739130434782608,0.9782608695652174,69,
2,15,8,7,3-3-3-8,0.10714285714285714,0.8928571428571429,28,
2,15,8,7,3-3-3-9,0.25,0.75,2,
2,15,8,7,3-3-4-10,0.5,0.5,4,
2,15,8,7,3-3-4-4,0.0005310674455655868,0.9994689325544344,1883,
2,15,8,7,3-3-4-5,0.00746192268686583,0.9925380773131341,3723,
2,15,8,7,3-3-4-6,0.007959067652075043,0.992040932347925,1759,
2,15,8,7,3-3-4-7,0.004280821917808219,0.9957191780821918,584,
2,15,8,7,3-3-4-8,0.022151898734177215,0.9778481012658228,158,
2,15,8,7,3-3-4-9,0.42857142857142855,0.5714285714285714,21,
2,15,8,7,3-3-5-10,0.375,0.625,4,
2,15,8,7,3-3-5-5,0.0429147465437788,0.9570852534562212,1302,
2,15,8,7,3-3-5-6,0.0008896797153024911,0.9991103202846975,1686,
2,15,8,7,3-3-5-7,0.008181818181818182,0.9918181818181818,550,
2,15,8,7,3-3-5-8,0.039568345323741004,0.960431654676259,139,
2,15,8,7,3-3-5-9,0.023809523809523808,0.9761904761904762,21,
2,15,8,7,3-3-6-10,0.5,0.5,2,
2,15,8,7,3-3-6-6,0.001075268817204301,0.9989247311827957,465,
2,15,8,7,3-3-6-7,0.0018552875695732839,0.9981447124304267,539,
2,15,8,7,3-3-6-8,0.0935483870967742,0.9064516129032258,155,
2,15,8,7,3-3-6-9,0.020833333333333332,0.9791666666666666,24,
2,15,8,7,3-3-7-10,0.5,0.5,3,
2,15,8,7,3-3-7-7,0.006666666666666667,0.9933333333333333,150,
2,15,8,7,3-3-7-8,0.018656716417910446,0.9813432835820896,134,
2,15,8,7,3-3-7-9,0.17307692307692307,0.8269230769230769,26,
2,15,8,7,3-3-8-10,0.5,0.5,1,
2,15,8,7,3-3-8-8,0.07142857142857142,0.9285714285714286,28,
2,15,8,7,3-3-8-9,0.12903225806451613,0.8709677419354839,31,
2,15,8,7,3-3-9-10,0.25,0.75,6,
2,15,8,7,3-3-9-9,0.5,0.5,6,
2,15,8,7,3-4-10-10,0.0,1.0,1,DRAW
2,15,8,7,3-4-4-10,0.5,0.5,2,
2,15,8,7,3-4-4-4,0.08811521281366862,0.9118847871863314,805,
2,15,8,7,3-4-4-5,0.0009995002498750624,0.999000499750125,4002,
2,15,8,7,3-4-4-6,0.0017761989342806395,0.9982238010657194,1689,
2,15,8,7,3-4-4-7,0.0035026269702276708,0.9964973730297724,571,
2,15,8,7,3-4-4-8,0.01048951048951049,0.9895104895104895,143,
2,15,8,7,3-4-4-9,0.10526315789473684,0.8947368421052632,19,
2,15,8,7,3-4-5-10,0.3,0.7,5,
2,15,8,7,3-4-5-5,0.0007596475235490732,0.9992403524764509,3291,
2,15,8,7,3-4-5-6,0.0005319148936170213,0.999468085106383,4700,
2,15,8,7,3-4-5-7,0.0025756600128783,0.9974243399871217,1553,
2,15,8,7,3-4-5-8,0.03307888040712468,0.9669211195928753,393,
2,15,8,7,3-4-5-9,0.00819672131147541,0.9918032786885246,61,
2,15,8,7,3-4-6-10,0.5,0.5,8,
2,15,8,7,3-4-6-6,0.0011691348402182386,0.9988308651597818,1283,
2,15,8,7,3-4-6-7,0.0006821282401091405,0.9993178717598908,1466,
2,15,8,7,3-4-6-8,0.02261904761904762,0.9773809523809524,420,
2,15,8,7,3-4-6-9,0.0873015873015873,0.9126984126984127,63,
2,15,8,7,3-4-7-10,0.5,0.5,3,
2,15,8,7,3-4-7-7,0.011337868480725623,0.9886621315192744,441,
2,15,8,7,3-4-7-8,0.013966480446927373,0.9860335195530726,358,
2,15,8,7,3-4-7-9,0.041666666666666664,0.9583333333333334,72,
2,15,8,7,3-4-8-10,0.25,0.75,4,
2,15,8,7,3-4-8-8,0.125,0.875,96,
2,15,8,7,3-4-8-9,0.19696969696969696,0.803030303030303,66,
2,15,8,7,3-4-9-10,0.0,1.0,12,DRAW
2,15,8,7,3-4-9-9,0.5,0.5,21,
2,15,8,7,3-5-5-10,0.5,0.5,4,
2,15,8,7,3-5-5-5,0.00411522633744856,0.9958847736625515,486,
2,15,8,7,3-5-5-6,0.0011723329425556857,0.9988276670574443,1706,
2,15,8,7,3-5-5-7,0.007220216606498195,0.9927797833935018,554,
2,15,8,7,3-5-5-8,0.22265625,0.77734375,128,
2,15,8,7,3-5-5-9,0.59375,0.40625,16,
2,15,8,7,3-5-6-10,0.5,0.5,7,
2,15,8,7,3-5-6-6,0.0003700962250185048,0.9996299037749815,1351,
2,15,8,7,3-5-6-7,0.004008016032064128,0.9959919839679359,1497,
2,15,8,7,3-5-6-8,0.005847953216374269,0.9941520467836257,342,
2,15,8,7,3-5-6-9,0.15555555555555556,0.8444444444444444,90,
2,15,8,7,3-5-7-10,0.36363636363636365,0.6363636363636364,11,
2,15,8,7,3-5-7-7,0.01752021563342318,0.9824797843665768,371,
2,15,8,7,3-5-7-8,0.006720430107526882,0.9932795698924731,372,
2,15,8,7,3-5-7-9,0.04878048780487805,0.9512195121951219,82,
2,15,8,7,3-5-8-10,0.0,1.0,12,DRAW
2,15,8,7,3-5-8-8,0.011904761904761904,0.9880952380952381,84,
2,15,8,7,3-5-8-9,0.25675675675675674,0.7432432432432432,74,
2,15,8,7,3-5-9-10,0.0,1.0,6,DRAW
2,15,8,7,3-5-9-9,0.0,1.0,21,DRAW
2,15,8,7,3-6-10-10,0.0,1.0,1,DRAW
2,15,8,7,3-6-6-10,0.5,0.5,1,
2,15,8,7,3-6-6-6,0.01366120218579235,0.9863387978142076,183,
2,15,8,7,3-6-6-7,0.015122873345935728,0.9848771266540642,529,
2,15,8,7,3-6-6-8,0.003875968992248062,0.9961240310077519,129,
2,15,8,7,3-6-6-9,0.5,0.5,30,
2,15,8,7,3-6-7-10,0.0,1.0,8,DRAW
2,15,8,7,3-6-7-7,0.0034883720930232558,0.9965116279069768,430,
2,15,8,7,3-6-7-8,0.002512562814070352,0.9974874371859297,398,
2,15,8,7,3-6-7-9,0.04794520547945205,0.952054794520548,73,
2,15,8,7,3-6-8-10,0.0,1.0,11,DRAW
2,15,8,7,3-6-8-8,0.02,0.98,75,
2,15,8,7,3-6-8-9,0.0,1.0,82,DRAW
2,15,8,7,3-6-9-10,0.0,1.0,12,DRAW
2,15,8,7,3-6-9-9,0.0,1.0,20,DRAW
2,15,8,7,3-7-7-10,0.0,1.0,2,DRAW
2,15,8,7,3-7-7-7,0.022727272727272728,0.9772727272727273,66,
2,15,8,7,3-7-7-8,0.0078125,0.9921875,128,
2,15,8,7,3-7-7-9,0.0,1.0,22,DRAW
2,15,8,7,3-7-8-10,0.0,1.0,6,DRAW
2,15,8,7,3-7-8-8,0.0,1.0,111,DRAW
2,15,8,7,3-7-8-9,0.0,1.0,77,DRAW
2,15,8,7,3-7-9-10,0.0,1.0,8,DRAW
2,15,8,7,3-7-9-9,0.0,1.0,18,DRAW
2,15,8,7,3-8-10-10,0.0,1.0,2,DRAW
2,15,8,7,3-8-8-10,0.0,1.0,2,DRAW
2,15,8,7,3-8-8-8,0.0,1.0,10,DRAW
2,15,8,7,3-8-8-9,0.0,1.0,20,DRAW
2,15,8,7,3-8-9-10,0.0,1.0,6,DRAW
2,15,8,7,3-8-9-9,0.0,1.0,22,DRAW
2,15,8,7,3-9-10-10,0.0,1.0,4,DRAW
2,15,8,7,3-9-9-10,0.0,1.0,1,DRAW
2,15,8,7,3-9-9-9,0.0,1.0,2,DRAW
2,15,8,7,4-4-4-4,0.8790322580645161,0.12096774193548392,31,
2,15,8,7,4-4-4-5,0.0032948929159802307,0.9967051070840197,607,
2,15,8,7,4-4-4-6,0.2920719533886131,0.7079280466113869,168,
2,15,8,7,4-4-4-7,0.029411764705882353,0.9705882352941176,68,
2,15,8,7,4-4-4-8,0.5,0.5,8,
2,15,8,7,4-4-4-9,0.5,0.5,2,
2,15,8,7,4-4-5-10,0.5,0.5,1,
2,15,8,7,4-4-5-5,0.00040225261464199515,0.999597747385358,1243,
2,15,8,7,4-4-5-6,0.005160550458715597,0.9948394495412844,1744,
2,15,8,7,4-4-5-7,0.021052631578947368,0.9789473684210527,570,
2,15,8,7,4-4-5-8,0.06569343065693431,0.9343065693430657,137,
2,15,8,7,4-4-5-9,0.359375,0.640625,32,
2,15,8,7,4-4-6-10,0.5,0.5,2,
2,15,8,7,4-4-6-6,0.019522776572668113,0.9804772234273319,461,
2,15,8,7,4-4-6-7,0.0036363636363636364,0.9963636363636363,550,
2,15,8,7,4-4-6-8,0.05067567567567568,0.9493243243243243,148,
2,15,8,7,4-4-6-9,0.15384615384615385,0.8461538461538461,26,
2,15,8,7,4-4-7-7,0.018072289156626505,0.9819277108433735,166,
2,15,8,7,4-4-7-8,0.0944055944055944,0.9055944055944056,143,
2,15,8,7,4-4-7-9,0.018518518518518517,0.9814814814814815,27,
2,15,8,7,4-4-8-10,0.0,1.0,4,DRAW
2,15,8,7,4-4-8-8,0.06060606060606061,0.9393939393939394,33,
2,15,8,7,4-4-8-9,0.5,0.5,17,
2,15,8,7,4-4-9-10,0.0,1.0,2,DRAW
2,15,8,7,4-4-9-9,0.0,1.0,3,DRAW
2,15,8,7,4-5-10-10,0.0,1.0,1,DRAW
2,15,8,7,4-5-5-10,0.5,0.5,1,
2,15,8,7,4-5-5-5,0.0021231422505307855,0.9978768577494692,471,
2,15,8,7,4-5-5-6,0.0008751458576429405,0.9991248541423571,1714,
2,15,8,7,4-5-5-7,0.03626943005181347,0.9637305699481865,579,
2,15,8,7,4-5-5-8,0.24180327868852458,0.7581967213114754,122,
2,15,8,7,4-5-5-9,0.48148148148148145,0.5185185185185185,27,
2,15,8,7,4-5-6-10,0.5,0.5,2,
2,15,8,7,4-5-6-6,0.007224334600760456,0.9927756653992396,1315,
2,15,8,7,4-5-6-7,0.0013559322033898306,0.9986440677966102,1475,
2,15,8,7,4-5-6-8,0.027061855670103094,0.9729381443298969,388,
2,15,8,7,4-5-6-9,0.034722222222222224,0.9652777777777778,72,
2,15,8,7,4-5-7-10,0.0,1.0,6,DRAW
2,15,8,7,4-5-7-7,0.00849514563106796,0.991504854368932,412,
2,15,8,7,4-5-7-8,0.07591623036649214,0.9240837696335078,382,
2,15,8,7,4-5-7-9,0.5,0.5,65,
2,15,8,7,4-5-8-10,0.0,1.0,9,DRAW
2,15,8,7,4-5-8-8,0.5,0.5,105,
2,15,8,7,4-5-8-9,0.0,1.0,65,DRAW
2,15,8,7,4-5-9-10,0.0,1.0,10,DRAW
2,15,8,7,4-5-9-9,0.0,1.0,24,DRAW
2,15,8,7,4-6-10-10,0.0,1.0,2,DRAW
2,15,8,7,4-6-6-10,0.0,1.0,2,DRAW
2,15,8,7,4-6-6-6,0.02824858757062147,0.9717514124293786,177,
2,15,8,7,4-6-6-7,0.043557168784029036,0.956442831215971,551,
2,15,8,7,4-6-6-8,0.07482993197278912,0.9251700680272109,147,
2,15,8,7,4-6-6-9,0.5,0.5,26,
2,15,8,7,4-6-7-10,0.0,1.0,12,DRAW
2,15,8,7,4-6-7-7,0.006925207756232687,0.9930747922437673,361,
2,15,8,7,4-6-7-8,0.09420289855072464,0.9057971014492754,345,
2,15,8,7,4-6-7-9,0.0,1.0,92,DRAW
2,15,8,7,4-6-8-10,0.0,1.0,6,DRAW
2,15,8,7,4-6-8-8,0.0,1.0,77,DRAW
2,15,8,7,4-6-8-9,0.0,1.0,73,DRAW
2,15,8,7,4-6-9-10,0.0,1.0,6,DRAW
2,15,8,7,4-6-9-9,0.0,1.0,20,DRAW
2,15,8,7,4-7-10-10,0.0,1.0,2,DRAW
2,15,8,7,4-7-7-10,0.0,1.0,5,DRAW
2,15,8,7,4-7-7-7,0.5,0.5,60,
2,15,8,7,4-7-7-8,0.0,1.0,138,DRAW
2,15,8,7,4-7-7-9,0.0,1.0,28,DRAW
2,15,8,7,4-7-8-10,0.0,1.0,7,DRAW
2,15,8,7,4-7-8-8,0.0,1.0,92,DRAW
2,15,8,7,4-7-8-9,0.0,1.0,60,DRAW
2,15,8,7,4-7-9-10,0.0,1.0,7,DRAW
2,15,8,7,4-7-9-9,0.0,1.0,24,DRAW
2,15,8,7,4-8-10-10,0.0,1.0,2,DRAW
2,15,8,7,4-8-8-10,0.0,1.0,2,DRAW
2,15,8,7,4-8-8-8,0.0,1.0,15,DRAW
2,15,8,7,4-8-8-9,0.0,1.0,33,DRAW
2,15,8,7,4-8-9-10,0.0,1.0,15,DRAW
2,15,8,7,4-8-9-9,0.0,1.0,17,DRAW
2,15,8,7,4-9-10-10,0.0,1.0,2,DRAW
2,15,8,7,4-9-9-10,0.0,1.0,2,DRAW
2,15,8,7,4-9-9-9,0.0,1.0,3,DRAW
2,15,8,7,5-5-10-10,0.0,1.0,1,DRAW
2,15,8,7,5-5-5-5,0.38,0.62,25,
2,15,8,7,5-5-5-6,0.005681818181818182,0.9943181818181818,264,
2,15,8,7,5-5-5-7,0.004629629629629629,0.9953703703703703,108,
2,15,8,7,5-5-5-8,0.0625,0.9375,24,
2,15,8,7,5-5-5-9,0.5,0.5,3,
2,15,8,7,5-5-6-10,0.0,1.0,3,DRAW
2,15,8,7,5-5-6-6,0.0033259423503325942,0.9966740576496674,451,
2,15,8,7,5-5-6-7,0.004699248120300752,0.9953007518796992,532,
2,15,8,7,5-5-6-8,0.06048387096774194,0.9395161290322581,124,
2,15,8,7,5-5-6-9,0.5,0.5,32,
2,15,8,7,5-5-7-10,0.0,1.0,8,DRAW
2,15,8,7,5-5-7-7,0.06818181818181818,0.9318181818181818,132,
2,15,8,7,5-5-7-8,0.08646616541353383,0.9135338345864662,133,
2,15,8,7,5-5-7-9,0.0,1.0,22,DRAW
2,15,8,7,5-5-8-10,0.0,1.0,5,DRAW
2,15,8,7,5-5-8-8,0.0,1.0,46,DRAW
2,15,8,7,5-5-8-9,0.0,1.0,25,DRAW
2,15,8,7,5-5-9-10,0.0,1.0,3,DRAW
2,15,8,7,5-5-9-9,0.0,1.0,2,DRAW
2,15,8,7,5-6-10-10,0.0,1.0,2,DRAW
2,15,8,7,5-6-6-10,0.0,1.0,2,DRAW
2,15,8,7,5-6-6-6,0.07602339181286549,0.9239766081871345,171,
2,15,8,7,5-6-6-7,0.014336917562724014,0.985663082437276,558,
2,15,8,7,5-6-6-8,0.0035714285714285713,0.9964285714285714,140,
2,15,8,7,5-6-6-9,0.0,1.0,41,DRAW
2,15,8,7,5-6-7-10,0.0,1.0,4,DRAW
2,15,8,7,5-6-7-7,0.010309278350515464,0.9896907216494846,388,
2,15,8,7,5-6-7-8,0.0,1.0,372,DRAW
2,15,8,7,5-6-7-9,0.0,1.0,89,DRAW
2,15,8,7,5-6-8-10,0.0,1.0,8,DRAW
2,15,8,7,5-6-8-8,0.0,1.0,103,DRAW
2,15,8,7,5-6-8-9,0.0,1.0,79,DRAW
2,15,8,7,5-6-9-10,0.0,1.0,4,DRAW
2,15,8,7,5-6-9-9,0.0,1.0,17,DRAW
2,15,8,7,5-7-7-10,0.0,1.0,2,DRAW
2,15,8,7,5-7-7-7,0.0,1.0,51,DRAW
2,15,8,7,5-7-7-8,0.0,1.0,159,DRAW
2,15,8,7,5-7-7-9,0.0,1.0,27,DRAW
2,15,8,7,5-7-8-10,0.0,1.0,6,DRAW
2,15,8,7,5-7-8-8,0.0,1.0,119,DRAW
2,15,8,7,5-7-8-9,0.0,1.0,81,DRAW
2,15,8,7,5-7-9-10,0.0,1.0,13,DRAW
2,15,8,7,5-7-9-9,0.0,1.0,17,DRAW
2,15,8,7,5-8-10-10,0.0,1.0,5,DRAW
2,15,8,7,5-8-8-10,0.0,1.0,2,DRAW
2,15,8,7,5-8-8-8,0.0,1.0,16,DRAW
2,15,8,7,5-8-8-9,0.0,1.0,27,DRAW
2,15,8,7,5-8-9-10,0.0,1.0,7,DRAW
2,15,8,7,5-8-9-9,0.0,1.0,16,DRAW
2,15,8,7,5-9-10-10,0.0,1.0,1,DRAW
2,15,8,7,5-9-9-9,0.0,1.0,1,DRAW
2,15,8,7,6-6-10-10,0.0,1.0,1,DRAW
2,15,8,7,6-6-6-6,0.5,0.5,3,
2,15,8,7,6-6-6-7,0.09375,0.90625,64,
2,15,8,7,6-6-6-8,0.0,1.0,21,DRAW
2,15,8,7,6-6-6-9,0.0,1.0,3,DRAW
2,15,8,7,6-6-7-10,0.0,1.0,7,DRAW
2,15,8,7,6-6-7-7,0.0,1.0,145,DRAW
2,15,8,7,6-6-7-8,0.0,1.0,126,DRAW
2,15,8,7,6-6-7-9,0.0,1.0,24,DRAW
2,15,8,7,6-6-8-10,0.0,1.0,3,DRAW
2,15,8,7,6-6-8-8,0.0,1.0,48,DRAW
2,15,8,7,6-6-8-9,0.0,1.0,18,DRAW
2,15,8,7,6-6-9-10,0.0,1.0,1,DRAW
2,15,8,7,6-6-9-9,0.0,1.0,7,DRAW
2,15,8,7,6-7-10-10,0.0,1.0,2,DRAW
2,15,8,7,6-7-7-10,0.0,1.0,5,DRAW
2,15,8,7,6-7-7-7,0.0,1.0,54,DRAW
2,15,8,7,6-7-7-8,0.0,1.0,131,DRAW
2,15,8,7,6-7-7-9,0.0,1.0,28,DRAW
2,15,8,7,6-7-8-10,0.0,1.0,6,DRAW
2,15,8,7,6-7-8-8,0.0,1.0,113,DRAW
2,15,8,7,6-7-8-9,0.0,1.0,61,DRAW
2,15,8,7,6-7-9-10,0.0,1.0,12,DRAW
2,15,8,7,6-7-9-9,0.0,1.0,12,DRAW
2,15,8,7,6-8-8-10,0.0,1.0,5,DRAW
2,15,8,7,6-8-8-8,0.0,1.0,15,DRAW
2,15,8,7,6-8-8-9,0.0,1.0,20,DRAW
2,15,8,7,6-8-9-10,0.0,1.0,6,DRAW
2,15,8,7,6-8-9-9,0.0,1.0,16,DRAW
2,15,8,7,6-9-10-10,0.0,1.0,3,DRAW
2,15,8,7,6-9-9-10,0.0,1.0,5,DRAW
2,15,8,7,6-9-9-9,0.0,1.0,4,DRAW
2,15,8,7,7-10-10-10,0.0,1.0,1,DRAW
2,15,8,7,7-7-10-10,0.0,1.0,1,DRAW
2,15,8,7,7-7-7-7,0.0,1.0,5,DRAW
2,15,8,7,7-7-7-8,0.0,1.0,26,DRAW
2,15,8,7,7-7-7-9,0.0,1.0,1,DRAW
2,15,8,7,7-7-8-10,0.0,1.0,4,DRAW
2,15,8,7,7-7-8-8,0.0,1.0,36,DRAW
2,15,8,7,7-7-8-9,0.0,1.0,15,DRAW
2,15,8,7,7-7-9-10,0.0,1.0,3,DRAW
2,15,8,7,7-7-9-9,0.0,1.0,6,DRAW
2,15,8,7,7-8-10-10,0.0,1.0,1,DRAW
2,15,8,7,7-8-8-10,0.0,1.0,5,DRAW
2,15,8,7,7-8-8-8,0.0,1.0,11,DRAW
2,15,8,7,7-8-8-9,0.0,1.0,17,DRAW
2,15,8,7,7-8-9-10,0.0,1.0,10,DRAW
2,15,8,7,7-8-9-9,0.0,1.0,20,DRAW
2,15,8,7,7-9-10-10,0.0,1.0,2,DRAW
2,15,8,7,7-9-9-10,0.0,1.0,5,DRAW
2,15,8,7,7-9-9-9,0.0,1.0,1,DRAW
2,15,8,7,8-8-10-10,0.0,1.0,1,DRAW
2,15,8,7,8-8-8-10,0.0,1.0,1,DRAW
2,15,8,7,8-8-8-8,0.0,1.0,1,DRAW
2,15,8,7,8-8-9-10,0.0,1.0,1,DRAW
2,15,8,7,8-8-9-9,0.0,1.0,5,DRAW
2,15,8,7,8-9-10-10,0.0,1.0,1,DRAW
2,15,8,7,8-9-9-10,0.0,1.0,2,DRAW
2,15,8,7,8-9-9-9,0.0,1.0,3,DRAW
2,15,8,7,9-9-10-10,0.0,1.0,1,DRAW
2,15,8,7,9-9-9-10,0.0,1.0,1,DRAW
2,17,9,8,1-1-1-1,1.0,0.0,28,STOP
2,17,9,8,1-1-1-10,0.5,0.5,1,
2,17,9,8,1-1-1-2,1.0,0.0,1729,STOP
2,17,9,8,1-1-1-3,1.0,0.0,806,STOP
2,17,9,8,1-1-1-4,0.1348983739837403,0.8651016260162596,1025,
2,17,9,8,1-1-1-5,0.6610813131134958,0.33891868688650406,366,
2,17,9,8,1-1-1-6,0.47115980803167606,0.5288401919683239,193,
2,17,9,8,1-1-1-7,0.05813953488372093,0.9418604651162791,43,
2,17,9,8,1-1-1-8,0.25,0.75,8,
2,17,9,8,1-1-1-9,0.5,0.5,1,
2,17,9,8,1-1-2-10,0.5,0.5,1,
2,17,9,8,1-1-2-2,0.0,1.0,12169,DRAW
2,17,9,8,1-1-2-3,0.8703673160301153,0.12963268396988473,13181,
2,17,9,8,1-1-2-4,0.019033654067815917,0.9809663459321841,7933,
2,17,9,8,1-1-2-5,0.02234393911089256,0.9776560608891074,3577,
2,17,9,8,1-1-2-6,0.012802768166089966,0.9871972318339101,1445,
2,17,9,8,1-1-2-7,0.025380710659898477,0.9746192893401016,394,
2,17,9,8,1-1-2-8,0.01639344262295082,0.9836065573770492,61,
2,17,9,8,1-1-2-9,0.5,0.5,4,
2,17,9,8,1-1-3-3,0.9571792422795287,0.04282075772047122,4188,
2,17,9,8,1-1-3-4,0.04086241003737447,0.9591375899626254,5808,
2,17,9,8,1-1-3-5,0.10871875727725201,0.891281242722748,3385,
2,17,9,8,1-1-3-6,0.010908487547089861,0.98909151245291,1444,
2,17,9,8,1-1-3-7,0.0038560411311053984,0.9961439588688946,389,
2,17,9,8,1-1-3-8,0.011764705882352941,0.9882352941176471,85,
2,17,9,8,1-1-3-9,0.5,0.5,10,
2,17,9,8,1-1-4-4,0.0007352941176470588,0.9992647058823529,2040,
2,17,9,8,1-1-4-5,0.0018771788683293108,0.9981228211316707,3729,
2,17,9,8,1-1-4-6,0.0003403675970047651,0.9996596324029953,1469,
2,17,9,8,1-1-4-7,0.006775067750677507,0.9932249322493225,369,
2,17,9,8,1-1-4-8,0.006578947368421052,0.993421052631579,76,
2,17,9,8,1-1-4-9,0.375,0.625,8,
2,17,9,8,1-1-5-5,0.04449872557349193,0.9555012744265081,1177,
2,17,9,8,1-1-5-6,0.0017556179775280898,0.9982443820224719,1424,
2,17,9,8,1-1-5-7,0.001152073732718894,0.9988479262672811,434,
2,17,9,8,1-1-5-8,0.007042253521126761,0.9929577464788732,71,
2,17,9,8,1-1-5-9,0.5,0.5,7,
2,17,9,8,1-1-6-10,0.5,0.5,1,
2,17,9,8,1-1-6-6,0.0013089005235602095,0.9986910994764397,382,
2,17,9,8,1-1-6-7,0.0015337423312883436,0.9984662576687117,326,
2,17,9,8,1-1-6-8,0.007246376811594203,0.9927536231884058,69,
2,17,9,8,1-1-6-9,0.5,0.5,8,
2,17,9,8,1-1-7-7,0.019801980198019802,0.9801980198019802,101,
2,17,9,8,1-1-7-8,0.0136986301369863,0.9863013698630136,73,
2,17,9,8,1-1-7-9,0.5,0.5,4,
2,17,9,8,1-1-8-8,0.029411764705882353,0.9705882352941176,17,
2,17,9,8,1-1-8-9,0.5,0.5,9,
2,17,9,8,1-1-9-9,0.5,0.5,2,
2,17,9,8,1-2-2-2,0.8590057819155648,0.14099421808443524,3841,
2,17,9,8,1-2-2-3,0.995770436614196,0.004229563385804053,13261,
2,17,9,8,1-2-2-4,0.6753025683248155,0.32469743167518456,5905,
2,17,9,8,1-2-2-5,0.0001232741617357002,0.9998767258382643,4056,
2,17,9,8,1-2-2-6,0.0003362474781439139,0.9996637525218561,1487,
2,17,9,8,1-2-2-7,0.001336898395721925,0.9986631016042781,374,
2,17,9,8,1-2-2-8,0.06493506493506493,0.935064935064935,77,
2,17,9,8,1-2-2-9,0.041666666666666664,0.9583333333333334,12,
2,17,9,8,1-2-3-3,0.9107742372438827,0.08922576275611727,10888,
2,17,9,8,1-2-3-4,0.8297711282263425,0.1702288717736576,15884,
2,17,9,8,1-2-3-5,0.0004213483146067416,0.9995786516853933,10680,
2,17,9,8,1-2-3-6,0.004193138500635324,0.9958068614993647,3935,
2,17,9,8,1-2-3-7,0.0038910505836575876,0.9961089494163424,1028,
2,17,9,8,1-2-3-8,0.004366812227074236,0.9956331877729258,229,
2,17,9,8,1-2-3-9,0.22916666666666666,0.7708333333333334,24,
2,17,9,8,1-2-4-4,9.567546880979717e-05,0.9999043245311902,5226,
2,17,9,8,1-2-4-5,4.6125461254612545e-05,0.9999538745387454,10840,
2,17,9,8,1-2-4-6,0.0030598786599841735,0.9969401213400159,3791,
2,17,9,8,1-2-4-7,0.0004748338081671415,0.9995251661918328,1053,
2,17,9,8,1-2-4-8,0.07358684328905936,0.9264131567109407,228,
2,17,9,8,1-2-4-9,0.19230769230769232,0.8076923076923077,26,
2,17,9,8,1-2-5-10,0.5,0.5,2,
2,17,9,8,1-2-5-5,0.0012742911755336094,0.9987257088244664,3139,
2,17,9,8,1-2-5-6,0.002127659574468085,0.997872340425532,3760,
2,17,9,8,1-2-5-7,0.004970178926441352,0.9950298210735586,1006,
2,17,9,8,1-2-5-8,0.023206751054852322,0.9767932489451476,237,
2,17,9,8,1-2-5-9,0.10294117647058823,0.8970588235294118,34,
2,17,9,8,1-2-6-10,0.5,0.5,1,
2,17,9,8,1-2-6-6,0.0009233610341643582,0.9990766389658357,1083,
2,17,9,8,1-2-6-7,0.00255885363357216,0.9974411463664279,977,
2,17,9,8,1-2-6-8,0.0051813471502590676,0.9948186528497409,193,
2,17,9,8,1-2-6-9,0.2222222222222222,0.7777777777777778,27,
2,17,9,8,1-2-7-10,0.5,0.5,3,
2,17,9,8,1-2-7-7,0.005172413793103448,0.9948275862068966,290,
2,17,9,8,1-2-7-8,0.03414634146341464,0.9658536585365853,205,
2,17,9,8,1-2-7-9,0.02,0.98,25,
2,17,9,8,1-2-8-8,0.040983606557377046,0.9590163934426229,61,
2,17,9,8,1-2-8-9,0.45652173913043476,0.5434782608695652,23,
2,17,9,8,1-2-9-10,0.5,0.5,2,
2,17,9,8,1-2-9-9,0.5,0.5,6,
2,17,9,8,1-3-3-3,0.957267777515771,0.042732222484229,1575,
2,17,9,8,1-3-3-4,0.5760296576632512,0.42397034233674885,5874,
2,17,9,8,1-3-3-5,0.005390822791472774,0.9946091772085273,3802,
2,17,9,8,1-3-3-6,0.003120834313494864,0.9968791656865051,1417,
2,17,9,8,1-3-3-7,0.004914004914004914,0.995085995085995,407,
2,17,9,8,1-3-3-8,0.037037037037037035,0.9629629629629629,81,
2,17,9,8,1-3-3-9,0.5,0.5,6,
2,17,9,8,1-3-4-10,0.5,0.5,2,
2,17,9,8,1-3-4-4,0.005784492597272466,0.9942155074027276,5529,
2,17,9,8,1-3-4-5,0.00574882366570234,0.9942511763342977,10044,
2,17,9,8,1-3-4-6,0.002328589909443726,0.9976714100905563,3865,
2,17,9,8,1-3-4-7,0.001936108422071636,0.9980638915779284,1033,
2,17,9,8,1-3-4-8,0.02040816326530612,0.9795918367346939,196,
2,17,9,8,1-3-4-9,0.25,0.75,30,
2,17,9,8,1-3-5-10,0.5,0.5,2,
2,17,9,8,1-3-5-5,0.0004860661049902787,0.9995139338950098,3086,
2,17,9,8,1-3-5-6,0.0006650704974727321,0.9993349295025272,3759,
2,17,9,8,1-3-5-7,0.0020100502512562816,0.9979899497487437,995,
2,17,9,8,1-3-5-8,0.0051813471502590676,0.9948186528497409,193,
2,17,9,8,1-3-5-9,0.016129032258064516,0.9838709677419355,31,
2,17,9,8,1-3-6-10,0.25,0.75,2,
2,17,9,8,1-3-6-6,0.00046904315196998124,0.9995309568480301,1066,
2,17,9,8,1-3-6-7,0.0035353535353535356,0.9964646464646465,990,
2,17,9,8,1-3-6-8,0.00546448087431694,0.994535519125683,183,
2,17,9,8,1-3-6-9,0.020833333333333332,0.9791666666666666,24,
2,17,9,8,1-3-7-10,0.5,0.5,1,
2,17,9,8,1-3-7-7,0.013944223107569721,0.9860557768924303,251,
2,17,9,8,1-3-7-8,0.007317073170731708,0.9926829268292683,205,
2,17,9,8,1-3-7-9,0.10869565217391304,0.8913043478260869,23,
2,17,9,8,1-3-8-10,0.5,0.5,2,
2,17,9,8,1-3-8-8,0.021739130434782608,0.9782608695652174,46,
2,17,9,8,1-3-8-9,0.017857142857142856,0.9821428571428571,28,
2,17,9,8,1-3-9-10,0.5,0.5,1,
2,17,9,8,1-3-9-9,0.5,0.5,2,
2,17,9,8,1-4-4-4,0.0010695187165775401,0.9989304812834224,935,
2,17,9,8,1-4-4-5,0.0004995004995004995,0.9995004995004995,4004,
2,17,9,8,1-4-4-6,0.0013745704467353953,0.9986254295532646,1455,
2,17,9,8,1-4-4-7,0.02203856749311295,0.977961432506887,363,
2,17,9,8,1-4-4-8,0.08333333333333333,0.9166666666666666,84,
2,17,9,8,1-4-4-9,0.03333333333333333,0.9666666666666667,15,
2,17,9,8,1-4-5-10,0.5,0.5,1,
2,17,9,8,1-4-5-5,0.0013170892327955218,0.9986829107672045,3037,
2,17,9,8,1-4-5-6,0.005707459516856916,0.9942925404831431,3767,
2,17,9,8,1-4-5-7,0.0048449612403100775,0.9951550387596899,1032,
2,17,9,8,1-4-5-8,0.07142857142857142,0.9285714285714286,196,
2,17,9,8,1-4-5-9,0.06666666666666667,0.9333333333333333,30,
2,17,9,8,1-4-6-10,0.5,0.5,1,
2,17,9,8,1-4-6-6,0.010192897283622139,0.9898071027163778,968,
2,17,9,8,1-4-6-7,0.005050505050505051,0.9949494949494949,990,
2,17,9,8,1-4-6-8,0.04439252336448598,0.955607476635514,214,
2,17,9,8,1-4-6-9,0.08333333333333333,0.9166666666666666,36,
2,17,9,8,1-4-7-10,0.5,0.5,1,
2,17,9,8,1-4-7-7,0.019083969465648856,0.9809160305343512,262,
2,17,9,8,1-4-7-8,0.12777777777777777,0.8722222222222222,180,
2,17,9,8,1-4-7-9,0.043478260869565216,0.9565217391304348,23,
2,17,9,8,1-4-8-10,0.5,0.5,2,
2,17,9,8,1-4-8-8,0.019230769230769232,0.9807692307692307,52,
2,17,9,8,1-4-8-9,0.22,0.78,25,
2,17,9,8,1-4-9-10,0.5,0.5,2,
2,17,9,8,1-4-9-9,0.35714285714285715,0.6428571428571429,7,
2,17,9,8,1-5-5-5,0.003579952267303103,0.9964200477326969,419,
2,17,9,8,1-5-5-6,0.003604902667627974,0.996395097332372,1387,
2,17,9,8,1-5-5-7,0.001466275659824047,0.998533724340176,341,
2,17,9,8,1-5-5-8,0.011363636363636364,0.9886363636363636,88,
2,17,9,8,1-5-5-9,0.5,0.5,4,
2,17,9,8,1-5-6-10,0.5,0.5,3,
2,17,9,8,1-5-6-6,0.0010080645161290322,0.998991935483871,992,
2,17,9,8,1-5-6-7,0.010256410256410256,0.9897435897435898,975,
2,17,9,8,1-5-6-8,0.041884816753926704,0.9581151832460733,191,
2,17,9,8,1-5-6-9,0.16071428571428573,0.8392857142857143,28,
2,17,9,8,1-5-7-10,0.5,0.5,1,
2,17,9,8,1-5-7-7,0.0020920502092050207,0.997907949790795,239,
2,17,9,8,1-5-7-8,0.028634361233480177,0.9713656387665198,227,
2,17,9,8,1-5-7-9,0.06818181818181818,0.9318181818181818,22,
2,17,9,8,1-5-8-10,0.5,0.5,4,
2,17,9,8,1-5-8-8,0.09183673469387756,0.9081632653061225,49,
2,17,9,8,1-5-8-9,0.15,0.85,30,
2,17,9,8,1-5-9-9,0.5,0.5,9,
2,17,9,8,1-6-6-6,0.029585798816568046,0.9704142011834319,169,
2,17,9,8,1-6-6-7,0.018617021276595744,0.9813829787234043,376,
2,17,9,8,1-6-6-8,0.013888888888888888,0.9861111111111112,72,
2,17,9,8,1-6-6-9,0.15,0.85,10,
2,17,9,8,1-6-7-10,0.5,0.5,3,
2,17,9,8,1-6-7-7,0.004672897196261682,0.9953271028037384,214,
2,17,9,8,1-6-7-8,0.004784688995215311,0.9952153110047847,209,
2,17,9,8,1-6-7-9,0.5,0.5,25,
2,17,9,8,1-6-8-8,0.5,0.5,43,
2,17,9,8,1-6-8-9,0.13043478260869565,0.8695652173913043,23,
2,17,9,8,1-6-9-10,0.0,1.0,3,DRAW
2,17,9,8,1-6-9-9,0.4,0.6,5,
2,17,9,8,1-7-10-10,0.0,1.0,1,DRAW
2,17,9,8,1-7-7-7,0.012195121951219513,0.9878048780487805,41,
2,17,9,8,1-7-7-8,0.007142857142857143,0.9928571428571429,70,
2,17,9,8,1-7-7-9,0.05,0.95,10,
2,17,9,8,1-7-8-10,0.0,1.0,4,DRAW
2,17,9,8,1-7-8-8,0.0425531914893617,0.9574468085106383,47,
2,17,9,8,1-7-8-9,0.5,0.5,27,
2,17,9,8,1-7-9-9,0.0,1.0,4,DRAW
2,17,9,8,1-8-8-10,0.0,1.0,1,DRAW
2,17,9,8,1-8-8-8,0.5,0.5,5,
2,17,9,8,1-8-8-9,0.0,1.0,5,DRAW
2,17,9,8,1-8-9-10,0.0,1.0,4,DRAW
2,17,9,8,1-8-9-9,0.0,1.0,8,DRAW
2,17,9,8,1-9-9-10,0.0,1.0,1,DRAW
2,17,9,8,1-9-9-9,0.0,1.0,1,DRAW
2,17,9,8,2-2-2-2,0.6432224035682348,0.35677759643176526,220,
2,17,9,8,2-2-2-3,0.9750175895612755,0.02498241043872453,2031,
2,17,9,8,2-2-2-4,0.9857236404350385,0.014276359564961497,949,
2,17,9,8,2-2-2-5,0.881290521530834,0.11870947846916603,459,
2,17,9,8,2-2-2-6,0.004761904761904762,0.9952380952380953,210,
2,17,9,8,2-2-2-7,0.029411764705882353,0.9705882352941176,68,
2,17,9,8,2-2-2-8,0.5,0.5,4,
2,17,9,8,2-2-2-9,0.5,0.5,1,
2,17,9,8,2-2-3-3,0.9854801855157651,0.014519814484234932,3965,
2,17,9,8,2-2-3-4,0.8465321988812804,0.15346780111871958,5673,
2,17,9,8,2-2-3-5,0.002465109223300971,0.997534890776699,3296,
2,17,9,8,2-2-3-6,0.0021777003484320556,0.997822299651568,1148,
2,17,9,8,2-2-3-7,0.0014044943820224719,0.9985955056179775,356,
2,17,9,8,2-2-3-8,0.13194444444444445,0.8680555555555556,72,
2,17,9,8,2-2-3-9,0.4666666666666667,0.5333333333333333,15,
2,17,9,8,2-2-4-10,0.5,0.5,1,
2,17,9,8,2-2-4-4,0.12736510564824954,0.8726348943517505,1993,
2,17,9,8,2-2-4-5,0.0008090614886731392,0.9991909385113269,3708,
2,17,9,8,2-2-4-6,0.004116766467065869,0.9958832335329342,1336,
2,17,9,8,2-2-4-7,0.004297994269340974,0.995702005730659,349,
2,17,9,8,2-2-4-8,0.006944444444444444,0.9930555555555556,72,
2,17,9,8,2-2-4-9,0.5,0.5,9,
2,17,9,8,2-2-5-5,0.003371868978805395,0.9966281310211946,1038,
2,17,9,8,2-2-5-6,0.0007855459544383347,0.9992144540455616,1273,
2,17,9,8,2-2-5-7,0.0026455026455026454,0.9973544973544973,378,
2,17,9,8,2-2-5-8,0.25,0.75,70,
2,17,9,8,2-2-5-9,0.08333333333333333,0.9166666666666666,12,
2,17,9,8,2-2-6-10,0.5,0.5,1,
2,17,9,8,2-2-6-6,0.08062709788646048,0.9193729021135395,348,
2,17,9,8,2-2-6-7,0.016516516516516516,0.9834834834834835,333,
2,17,9,8,2-2-6-8,0.015384615384615385,0.9846153846153847,65,
2,17,9,8,2-2-6-9,0.5,0.5,3,
2,17,9,8,2-2-7-7,0.1002906976744186,0.8997093023255814,86,
2,17,9,8,2-2-7-8,0.007692307692307693,0.9923076923076923,65,
2,17,9,8,2-2-7-9,0.07142857142857142,0.9285714285714286,7,
2,17,9,8,2-2-8-10,0.5,0.5,1,
2,17,9,8,2-2-8-8,0.3888888888888889,0.6111111111111112,18,
2,17,9,8,2-2-8-9,0.1111111111111111,0.8888888888888888,9,
2,17,9,8,2-3-3-3,0.8928478162628337,0.10715218373716627,1662,
2,17,9,8,2-3-3-4,0.00030499964807732913,0.9996950003519226,6089,
2,17,9,8,2-3-3-5,0.0010112684195319273,0.9989887315804681,3461,
2,17,9,8,2-3-3-6,0.02147124719940254,0.9785287528005975,1339,
2,17,9,8,2-3-3-7,0.12346345064070774,0.8765365493592923,339,
2,17,9,8,2-3-3-8,0.06593406593406594,0.9340659340659341,91,
2,17,9,8,2-3-3-9,0.07142857142857142,0.9285714285714286,14,
2,17,9,8,2-3-4-10,0.5,0.5,1,
2,17,9,8,2-3-4-4,0.00044232130219391363,0.9995576786978061,5652,
2,17,9,8,2-3-4-5,0.00040004000400040005,0.9995999599959996,9999,
2,17,9,8,2-3-4-6,0.0005497526113249038,0.999450247388675,3638,
2,17,9,8,2-3-4-7,0.0030643513789581204,0.9969356486210419,979,
2,17,9,8,2-3-4-8,0.002403846153846154,0.9975961538461539,208,
2,17,9,8,2-3-4-9,0.04,0.96,25,
2,17,9,8,2-3-5-10,0.5,0.5,1,
2,17,9,8,2-3-5-5,0.004094709105040666,0.9959052908949594,3103,
2,17,9,8,2-3-5-6,0.0010899182561307902,0.9989100817438692,3670,
2,17,9,8,2-3-5-7,0.002074688796680498,0.9979253112033195,964,
2,17,9,8,2-3-5-8,0.024861878453038673,0.9751381215469613,181,
2,17,9,8,2-3-5-9,0.08,0.92,25,
2,17,9,8,2-3-6-6,0.00958627648839556,0.9904137235116044,991,
2,17,9,8,2-3-6-7,0.0005081300813008131,0.9994918699186992,984,
2,17,9,8,2-3-6-8,0.0106951871657754,0.9893048128342246,187,
2,17,9,8,2-3-6-9,0.5,0.5,23,
2,17,9,8,2-3-7-10,0.5,0.5,2,
2,17,9,8,2-3-7-7,0.006726457399103139,0.9932735426008968,223,
2,17,9,8,2-3-7-8,0.026829268292682926,0.973170731707317,205,
2,17,9,8,2-3-7-9,0.07692307692307693,0.9230769230769231,26,
2,17,9,8,2-3-8-8,0.5,0.5,43,
2,17,9,8,2-3-8-9,0.109375,0.890625,32,
2,17,9,8,2-3-9-10,0.5,0.5,3,
2,17,9,8,2-3-9-9,0.5,0.5,5,
2,17,9,8,2-4-10-10,0.0,1.0,1,DRAW
2,17,9,8,2-4-4-4,0.001160092807424594,0.9988399071925754,862,
2,17,9,8,2-4-4-5,0.0016731734523145567,0.9983268265476855,3586,
2,17,9,8,2-4-4-6,0.0011185682326621924,0.9988814317673378,1341,
2,17,9,8,2-4-4-7,0.08977556109725686,0.9102244389027432,401,
2,17,9,8,2-4-4-8,0.01948051948051948,0.9805194805194806,77,
2,17,9,8,2-4-4-9,0.4,0.6,10,
2,17,9,8,2-4-5-5,0.001682935038707506,0.9983170649612925,2971,
2,17,9,8,2-4-5-6,0.004994450610432853,0.9950055493895672,3604,
2,17,9,8,2-4-5-7,0.010183299389002037,0.9898167006109979,982,
2,17,9,8,2-4-5-8,0.0028735632183908046,0.9971264367816092,174,
2,17,9,8,2-4-5-9,0.02564102564102564,0.9743589743589743,39,
2,17,9,8,2-4-6-10,0.5,0.5,1,
2,17,9,8,2-4-6-6,0.0010090817356205853,0.9989909182643795,991,
2,17,9,8,2-4-6-7,0.005208333333333333,0.9947916666666666,960,
2,17,9,8,2-4-6-8,0.085,0.915,200,
2,17,9,8,2-4-6-9,0.48,0.52,25,
2,17,9,8,2-4-7-10,0.5,0.5,1,
2,17,9,8,2-4-7-7,0.002136752136752137,0.9978632478632479,234,
2,17,9,8,2-4-7-8,0.005681818181818182,0.9943181818181818,176,
2,17,9,8,2-4-7-9,0.5,0.5,24,
2,17,9,8,2-4-8-8,0.18478260869565216,0.8152173913043478,46,
2,17,9,8,2-4-8-9,0.35,0.65,30,
2,17,9,8,2-4-9-9,0.5,0.5,5,
2,17,9,8,2-5-5-5,0.0012376237623762376,0.9987623762376238,404,
2,17,9,8,2-5-5-6,0.0026985350809560524,0.9973014649190439,1297,
2,17,9,8,2-5-5-7,0.002770083102493075,0.997229916897507,361,
2,17,9,8,2-5-5-8,0.4322033898305085,0.5677966101694916,59,
2,17,9,8,2-5-5-9,0.07692307692307693,0.9230769230769231,13,
2,17,9,8,2-5-6-10,0.5,0.5,1,
2,17,9,8,2-5-6-6,0.0005268703898840885,0.9994731296101159,949,
2,17,9,8,2-5-6-7,0.000544069640914037,0.999455930359086,919,
2,17,9,8,2-5-6-8,0.11956521739130435,0.8804347826086957,184,
2,17,9,8,2-5-6-9,0.5,0.5,19,
2,17,9,8,2-5-7-10,0.5,0.5,1,
2,17,9,8,2-5-7-7,0.021912350597609563,0.9780876494023905,251,
2,17,9,8,2-5-7-8,0.08168316831683169,0.9183168316831684,202,
2,17,9,8,2-5-7-9,0.25,0.75,22,
2,17,9,8,2-5-8-10,0.5,0.5,2,
2,17,9,8,2-5-8-8,0.20161290322580644,0.7983870967741935,62,
2,17,9,8,2-5-8-9,0.5,0.5,14,
2,17,9,8,2-5-9-10,0.0,1.0,3,DRAW
2,17,9,8,2-5-9-9,0.5,0.5,5,
2,17,9,8,2-6-6-6,0.08888888888888889,0.9111111111111111,135,
2,17,9,8,2-6-6-7,0.0030120481927710845,0.9969879518072289,332,
2,17,9,8,2-6-6-8,0.015384615384615385,0.9846153846153847,65,
2,17,9,8,2-6-6-9,0.15,0.85,10,
2,17,9,8,2-6-7-10,0.5,0.5,1,
2,17,9,8,2-6-7-7,0.0043859649122807015,0.9956140350877193,228,
2,17,9,8,2-6-7-8,0.007614213197969543,0.9923857868020305,197,
2,17,9,8,2-6-7-9,0.21428571428571427,0.7857142857142857,21,
2,17,9,8,2-6-8-10,0.0,1.0,1,DRAW
2,17,9,8,2-6-8-8,0.02,0.98,50,
2,17,9,8,2-6-8-9,0.058823529411764705,0.9411764705882353,17,
2,17,9,8,2-6-9-10,0.0,1.0,7,DRAW
2,17,9,8,2-6-9-9,0.0,1.0,7,DRAW
2,17,9,8,2-7-7-7,0.5,0.5,36,
2,17,9,8,2-7-7-8,0.008064516129032258,0.9919354838709677,62,
2,17,9,8,2-7-7-9,0.13333333333333333,0.8666666666666667,15,
2,17,9,8,2-7-8-8,0.11363636363636363,0.8863636363636364,44,
2,17,9,8,2-7-8-9,0.0,1.0,28,DRAW
2,17,9,8,2-7-9-10,0.0,1.0,2,DRAW
2,17,9,8,2-7-9-9,0.0,1.0,4,DRAW
2,17,9,8,2-8-8-8,0.0,1.0,8,DRAW
2,17,9,8,2-8-8-9,0.0,1.0,11,DRAW
2,17,9,8,2-8-9-10,0.0,1.0,1,DRAW
2,17,9,8,2-8-9-9,0.0,1.0,4,DRAW
2,17,9,8,2-9-10-10,0.0,1.0,1,DRAW
2,17,9,8,2-9-9-10,0.0,1.0,1,DRAW
2,17,9,8,3-3-10-10,0.0,1.0,1,DRAW
2,17,9,8,3-3-3-3,0.9861111111111112,0.013888888888888888,108,
2,17,9,8,3-3-3-4,0.09836823355601564,0.9016317664439844,1006,
2,17,9,8,3-3-3-5,0.062162486737466556,0.9378375132625335,510,
2,17,9,8,3-3-3-6,0.0021929824561403508,0.9978070175438597,228,
2,17,9,8,3-3-3-7,0.09302325581395349,0.9069767441860465,43,
2,17,9,8,3-3-3-8,0.5,0.5,10,
2,17,9,8,3-3-3-9,0.5,0.5,1,
2,17,9,8,3-3-4-10,0.5,0.5,2,
2,17,9,8,3-3-4-4,0.003634711494775102,0.9963652885052249,2201,
2,17,9,8,3-3-4-5,0.00232093655471912,0.9976790634452809,3712,
2,17,9,8,3-3-4-6,0.0018968133535660092,0.9981031866464339,1318,
2,17,9,8,3-3-4-7,0.010144927536231883,0.9898550724637681,345,
2,17,9,8,3-3-4-8,0.005952380952380952,0.9940476190476191,84,
2,17,9,8,3-3-4-9,0.3,0.7,5,
2,17,9,8,3-3-5-5,0.0017406440382941688,0.9982593559617058,1149,
2,17,9,8,3-3-5-6,0.0015278838808250573,0.998472116119175,1309,
2,17,9,8,3-3-5-7,0.007598784194528876,0.9924012158054711,329,
2,17,9,8,3-3-5-8,0.00684931506849315,0.9931506849315068,73,
2,17,9,8,3-3-5-9,0.25,0.75,8,
2,17,9,8,3-3-6-6,0.07771260997067449,0.9222873900293255,341,
2,17,9,8,3-3-6-7,0.041193181818181816,0.9588068181818182,352,
2,17,9,8,3-3-6-8,0.014084507042253521,0.9859154929577465,71,
2,17,9,8,3-3-6-9,0.08333333333333333,0.9166666666666666,12,
2,17,9,8,3-3-7-10,0.5,0.5,1,
2,17,9,8,3-3-7-7,0.01,0.99,100,
2,17,9,8,3-3-7-8,0.09230769230769231,0.9076923076923077,65,
2,17,9,8,3-3-7-9,0.5,0.5,11,
2,17,9,8,3-3-8-8,0.07142857142857142,0.9285714285714286,14,
2,17,9,8,3-3-8-9,0.5,0.5,10,
2,17,9,8,3-3-9-10,0.5,0.5,3,
2,17,9,8,3-4-4-4,0.008198543465731203,0.9918014565342689,862,
2,17,9,8,3-4-4-5,0.00026171159382360636,0.9997382884061764,3821,
2,17,9,8,3-4-4-6,0.0048652694610778445,0.9951347305389222,1336,
2,17,9,8,3-4-4-7,0.015957446808510637,0.9840425531914894,376,
2,17,9,8,3-4-4-8,0.2719298245614035,0.7280701754385965,57,
2,17,9,8,3-4-4-9,0.35714285714285715,0.6428571428571429,7,
2,17,9,8,3-4-5-10,0.5,0.5,2,
2,17,9,8,3-4-5-5,0.0010298661174047373,0.9989701338825953,2913,
2,17,9,8,3-4-5-6,0.0002751031636863824,0.9997248968363136,3635,
2,17,9,8,3-4-5-7,0.015861027190332316,0.9841389728096677,993,
2,17,9,8,3-4-5-8,0.010752688172043012,0.989247311827957,186,
2,17,9,8,3-4-5-9,0.5,0.5,22,
2,17,9,8,3-4-6-10,0.5,0.5,1,
2,17,9,8,3-4-6-6,0.0005186721991701245,0.9994813278008299,964,
2,17,9,8,3-4-6-7,0.0010683760683760685,0.9989316239316239,936,
2,17,9,8,3-4-6-8,0.03275109170305677,0.9672489082969432,229,
2,17,9,8,3-4-6-9,0.15217391304347827,0.8478260869565217,23,
2,17,9,8,3-4-7-10,0.5,0.5,1,
2,17,9,8,3-4-7-7,0.005681818181818182,0.9943181818181818,264,
2,17,9,8,3-4-7-8,0.013966480446927373,0.9860335195530726,179,
2,17,9,8,3-4-7-9,0.5,0.5,25,
2,17,9,8,3-4-8-10,0.5,0.5,2,
2,17,9,8,3-4-8-8,0.16176470588235295,0.8382352941176471,34,
2,17,9,8,3-4-8-9,0.5,0.5,18,
2,17,9,8,3-4-9-10,0.0,1.0,3,DRAW
2,17,9,8,3-4-9-9,0.5,0.5,3,
2,17,9,8,3-5-5-5,0.0024154589371980675,0.9975845410628019,414,
2,17,9,8,3-5-5-6,0.008023340627279359,0.9919766593727206,1371,
2,17,9,8,3-5-5-7,0.05144694533762058,0.9485530546623794,311,
2,17,9,8,3-5-5-8,0.5,0.5,55,
2,17,9,8,3-5-5-9,0.5,0.5,8,
2,17,9,8,3-5-6-10,0.5,0.5,2,
2,17,9,8,3-5-6-6,0.008559919436052367,0.9914400805639476,993,
2,17,9,8,3-5-6-7,0.0050916496945010185,0.994908350305499,982,
2,17,9,8,3-5-6-8,0.005555555555555556,0.9944444444444445,180,
2,17,9,8,3-5-6-9,0.5,0.5,33,
2,17,9,8,3-5-7-10,0.5,0.5,1,
2,17,9,8,3-5-7-7,0.013888888888888888,0.9861111111111112,252,
2,17,9,8,3-5-7-8,0.01126126126126126,0.9887387387387387,222,
2,17,9,8,3-5-7-9,0.1935483870967742,0.8064516129032258,31,
2,17,9,8,3-5-8-10,0.0,1.0,2,DRAW
2,17,9,8,3-5-8-8,0.5,0.5,41,
2,17,9,8,3-5-8-9,0.5,0.5,26,
2,17,9,8,3-5-9-9,0.0,1.0,8,DRAW
2,17,9,8,3-6-6-6,0.011029411764705883,0.9889705882352942,136,
2,17,9,8,3-6-6-7,0.03064066852367688,0.9693593314763231,359,
2,17,9,8,3-6-6-8,0.40441176470588236,0.5955882352941176,68,
2,17,9,8,3-6-6-9,0.5,0.5,5,
2,17,9,8,3-6-7-7,0.001851851851851852,0.9981481481481481,270,
2,17,9,8,3-6-7-8,0.09024390243902439,0.9097560975609756,205,
2,17,9,8,3-6-7-9,0.18333333333333332,0.8166666666666667,30,
2,17,9,8,3-6-8-10,0.0,1.0,3,DRAW
2,17,9,8,3-6-8-8,0.07894736842105263,0.9210526315789473,38,
2,17,9,8,3-6-8-9,0.0,1.0,29,DRAW
2,17,9,8,3-6-9-10,0.0,1.0,2,DRAW
2,17,9,8,3-6-9-9,0.0,1.0,9,DRAW
2,17,9,8,3-7-7-7,0.013157894736842105,0.9868421052631579,38,
2,17,9,8,3-7-7-8,0.1796875,0.8203125,64,
2,17,9,8,3-7-7-9,0.0,1.0,9,DRAW
2,17,9,8,3-7-8-10,0.0,1.0,1,DRAW
2,17,9,8,3-7-8-8,0.0,1.0,52,DRAW
2,17,9,8,3-7-8-9,0.0,1.0,27,DRAW
2,17,9,8,3-7-9-9,0.0,1.0,5,DRAW
2,17,9,8,3-8-8-10,0.0,1.0,1,DRAW
2,17,9,8,3-8-8-8,0.0,1.0,8,DRAW
2,17,9,8,3-8-8-9,0.0,1.0,11,DRAW
2,17,9,8,3-8-9-10,0.0,1.0,2,DRAW
2,17,9,8,3-8-9-9,0.0,1.0,5,DRAW
2,17,9,8,3-9-10-10,0.0,1.0,2,DRAW
2,17,9,8,3-9-9-10,0.0,1.0,1,DRAW
2,17,9,8,4-4-4-4,0.9259259259259259,0.07407407407407407,27,
2,17,9,8,4-4-4-5,0.0684575389948007,0.9315424610051993,577,
2,17,9,8,4-4-4-6,0.044,0.956,125,
2,17,9,8,4-4-4-7,0.024390243902439025,0.975609756097561,41,
2,17,9,8,4-4-4-8,0.16666666666666666,0.8333333333333334,3,
2,17,9,8,4-4-5-10,0.5,0.5,1,
2,17,9,8,4-4-5-5,0.04077060931899642,0.9592293906810035,1116,
2,17,9,8,4-4-5-6,0.013357400722021661,0.9866425992779784,1385,
2,17,9,8,4-4-5-7,0.07270029673590504,0.9272997032640949,337,
2,17,9,8,4-4-5-8,0.5,0.5,58,
2,17,9,8,4-4-5-9,0.5,0.5,12,
2,17,9,8,4-4-6-10,0.5,0.5,1,
2,17,9,8,4-4-6-6,0.01749271137026239,0.9825072886297376,343,
2,17,9,8,4-4-6-7,0.04111405835543767,0.9588859416445623,377,
2,17,9,8,4-4-6-8,0.5,0.5,69,
2,17,9,8,4-4-6-9,0.5,0.5,10,
2,17,9,8,4-4-7-10,0.5,0.5,1,
2,17,9,8,4-4-7-7,0.017241379310344827,0.9827586206896551,87,
2,17,9,8,4-4-7-8,0.3770491803278688,0.6229508196721312,61,
2,17,9,8,4-4-7-9,0.14285714285714285,0.8571428571428571,7,
2,17,9,8,4-4-8-10,0.0,1.0,1,DRAW
2,17,9,8,4-4-8-8,0.5,0.5,19,
2,17,9,8,4-4-8-9,0.5,0.5,10,
2,17,9,8,4-4-9-9,0.0,1.0,1,DRAW
2,17,9,8,4-5-5-5,0.002421307506053269,0.9975786924939467,413,
2,17,9,8,4-5-5-6,0.0003816793893129771,0.999618320610687,1310,
2,17,9,8,4-5-5-7,0.10597826086956522,0.8940217391304348,368,
2,17,9,8,4-5-5-8,0.3173076923076923,0.6826923076923077,52,
2,17,9,8,4-5-5-9,0.5,0.5,5,
2,17,9,8,4-5-6-10,0.5,0.5,2,
2,17,9,8,4-5-6-6,0.002577319587628866,0.9974226804123711,970,
2,17,9,8,4-5-6-7,0.0005313496280552603,0.9994686503719448,941,
2,17,9,8,4-5-6-8,0.057971014492753624,0.9420289855072463,207,
2,17,9,8,4-5-6-9,0.22727272727272727,0.7727272727272727,22,
2,17,9,8,4-5-7-7,0.022267206477732792,0.9777327935222672,247,
2,17,9,8,4-5-7-8,0.14779874213836477,0.8522012578616353,159,
2,17,9,8,4-5-7-9,0.5,0.5,18,
2,17,9,8,4-5-8-10,0.0,1.0,2,DRAW
2,17,9,8,4-5-8-8,0.5,0.5,27,
2,17,9,8,4-5-8-9,0.0,1.0,25,DRAW
2,17,9,8,4-5-9-10,0.0,1.0,3,DRAW
2,17,9,8,4-5-9-9,0.0,1.0,6,DRAW
2,17,9,8,4-6-6-6,0.24812030075187969,0.7518796992481203,133,
2,17,9,8,4-6-6-7,0.055232558139534885,0.9447674418604651,344,
2,17,9,8,4-6-6-8,0.07017543859649122,0.9298245614035088,57,
2,17,9,8,4-6-6-9,0.5,0.5,6,
2,17,9,8,4-6-7-10,0.0,1.0,3,DRAW
2,17,9,8,4-6-7-7,0.0776255707762557,0.9223744292237442,219,
2,17,9,8,4-6-7-8,0.12258064516129032,0.8774193548387097,155,
2,17,9,8,4-6-7-9,0.0,1.0,35,DRAW
2,17,9,8,4-6-8-10,0.0,1.0,3,DRAW
2,17,9,8,4-6-8-8,0.0,1.0,42,DRAW
2,17,9,8,4-6-8-9,0.0,1.0,24,DRAW
2,17,9,8,4-6-9-10,0.0,1.0,2,DRAW
2,17,9,8,4-6-9-9,0.0,1.0,9,DRAW
2,17,9,8,4-7-7-10,0.0,1.0,2,DRAW
2,17,9,8,4-7-7-7,0.5,0.5,25,
2,17,9,8,4-7-7-8,0.0,1.0,55,DRAW
2,17,9,8,4-7-7-9,0.0,1.0,12,DRAW
2,17,9,8,4-7-8-10,0.0,1.0,2,DRAW
2,17,9,8,4-7-8-8,0.0,1.0,46,DRAW
2,17,9,8,4-7-8-9,0.0,1.0,21,DRAW
2,17,9,8,4-7-9-10,0.0,1.0,1,DRAW
2,17,9,8,4-7-9-9,0.0,1.0,7,DRAW
2,17,9,8,4-8-10-10,0.0,1.0,1,DRAW
2,17,9,8,4-8-8-8,0.0,1.0,8,DRAW
2,17,9,8,4-8-8-9,0.0,1.0,13,DRAW
2,17,9,8,4-8-9-10,0.0,1.0,4,DRAW
2,17,9,8,4-8-9-9,0.0,1.0,6,DRAW
2,17,9,8,4-9-10-10,0.0,1.0,2,DRAW
2,17,9,8,4-9-9-10,0.0,1.0,1,DRAW
2,17,9,8,5-5-5-5,0.42857142857142855,0.5714285714285714,21,
2,17,9,8,5-5-5-6,0.08002645502645503,0.919973544973545,189,
2,17,9,8,5-5-5-7,0.14925373134328357,0.8507462686567164,67,
2,17,9,8,5-5-5-8,0.5,0.5,12,
2,17,9,8,5-5-6-10,0.0,1.0,2,DRAW
2,17,9,8,5-5-6-6,0.0015151515151515152,0.9984848484848485,330,
2,17,9,8,5-5-6-7,0.005797101449275362,0.9942028985507246,345,
2,17,9,8,5-5-6-8,0.04310344827586207,0.9568965517241379,58,
2,17,9,8,5-5-6-9,0.5,0.5,7,
2,17,9,8,5-5-7-10,0.0,1.0,3,DRAW
2,17,9,8,5-5-7-7,0.2222222222222222,0.7777777777777778,81,
2,17,9,8,5-5-7-8,0.0625,0.9375,64,
2,17,9,8,5-5-7-9,0.0,1.0,10,DRAW
2,17,9,8,5-5-8-8,0.0,1.0,20,DRAW
2,17,9,8,5-5-8-9,0.0,1.0,9,DRAW
2,17,9,8,5-5-9-9,0.0,1.0,1,DRAW
2,17,9,8,5-6-6-10,0.0,1.0,3,DRAW
2,17,9,8,5-6-6-6,0.17982456140350878,0.8201754385964912,114,
2,17,9,8,5-6-6-7,0.01566951566951567,0.9843304843304843,351,
2,17,9,8,5-6-6-8,0.02027027027027027,0.9797297297297297,74,
2,17,9,8,5-6-6-9,0.0,1.0,13,DRAW
2,17,9,8,5-6-7-10,0.0,1.0,2,DRAW
2,17,9,8,5-6-7-7,0.07011070110701106,0.9298892988929889,271,
2,17,9,8,5-6-7-8,0.0,1.0,170,DRAW
2,17,9,8,5-6-7-9,0.0,1.0,34,DRAW
2,17,9,8,5-6-8-10,0.0,1.0,1,DRAW
2,17,9,8,5-6-8-8,0.0,1.0,55,DRAW
2,17,9,8,5-6-8-9,0.0,1.0,27,DRAW
2,17,9,8,5-6-9-9,0.0,1.0,4,DRAW
2,17,9,8,5-7-7-10,0.0,1.0,1,DRAW
2,17,9,8,5-7-7-7,0.0,1.0,33,DRAW
2,17,9,8,5-7-7-8,0.0,1.0,81,DRAW
2,17,9,8,5-7-7-9,0.0,1.0,16,DRAW
2,17,9,8,5-7-8-10,0.0,1.0,2,DRAW
2,17,9,8,5-7-8-8,0.0,1.0,61,DRAW
2,17,9,8,5-7-8-9,0.0,1.0,29,DRAW
2,17,9,8,5-7-9-10,0.0,1.0,6,DRAW
2,17,9,8,5-7-9-9,0.0,1.0,5,DRAW
2,17,9,8,5-8-10-10,0.0,1.0,1,DRAW
2,17,9,8,5-8-8-10,0.0,1.0,1,DRAW
2,17,9,8,5-8-8-8,0.0,1.0,6,DRAW
2,17,9,8,5-8-8-9,0.0,1.0,9,DRAW
2,17,9,8,5-8-9-10,0.0,1.0,1,DRAW
2,17,9,8,5-8-9-9,0.0,1.0,8,DRAW
2,17,9,8,6-6-6-6,0.5,0.5,4,
2,17,9,8,6-6-6-7,0.32894736842105265,0.6710526315789473,38,
2,17,9,8,6-6-6-8,0.0,1.0,8,DRAW
2,17,9,8,6-6-6-9,0.0,1.0,1,DRAW
2,17,9,8,6-6-7-10,0.0,1.0,2,DRAW
2,17,9,8,6-6-7-7,0.0,1.0,77,DRAW
2,17,9,8,6-6-7-8,0.0,1.0,90,DRAW
2,17,9,8,6-6-7-9,0.0,1.0,9,DRAW
2,17,9,8,6-6-8-8,0.0,1.0,25,DRAW
2,17,9,8,6-6-8-9,0.0,1.0,6,DRAW
2,17,9,8,6-6-9-9,0.0,1.0,3,DRAW
2,17,9,8,6-7-7-10,0.0,1.0,1,DRAW
2,17,9,8,6-7-7-7,0.0,1.0,37,DRAW
2,17,9,8,6-7-7-8,0.0,1.0,65,DRAW
2,17,9,8,6-7-7-9,0.0,1.0,11,DRAW
2,17,9,8,6-7-8-8,0.0,1.0,50,DRAW
2,17,9,8,6-7-8-9,0.0,1.0,25,DRAW
2,17,9,8,6-7-9-9,0.0,1.0,6,DRAW
2,17,9,8,6-8-8-10,0.0,1.0,1,DRAW
2,17,9,8,6-8-8-8,0.0,1.0,5,DRAW
2,17,9,8,6-8-8-9,0.0,1.0,7,DRAW
2,17,9,8,6-8-9-10,0.0,1.0,2,DRAW
2,17,9,8,6-8-9-9,0.0,1.0,11,DRAW
2,17,9,8,6-9-10-10,0.0,1.0,1,DRAW
2,17,9,8,6-9-9-10,0.0,1.0,1,DRAW
2,17,9,8,7-7-7-7,0.0,1.0,2,DRAW
2,17,9,8,7-7-7-8,0.0,1.0,7,DRAW
2,17,9,8,7-7-7-9,0.0,1.0,1,DRAW
2,17,9,8,7-7-8-10,0.0,1.0,2,DRAW
2,17,9,8,7-7-8-8,0.0,1.0,16,DRAW
2,17,9,8,7-7-8-9,0.0,1.0,5,DRAW
2,17,9,8,7-7-9-9,0.0,1.0,1,DRAW
2,17,9,8,7-8-8-8,0.0,1.0,3,DRAW
2,17,9,8,7-8-8-9,0.0,1.0,10,DRAW
2,17,9,8,7-8-9-10,0.0,1.0,2,DRAW
2,17,9,8,7-8-9-9,0.0,1.0,10,DRAW
2,17,9,8,7-9-9-10,0.0,1.0,1,DRAW
2,17,9,8,8-8-8-9,0.0,1.0,1,DRAW
2,17,9,8,8-8-9-9,0.0,1.0,1,DRAW
2,17,9,8,8-9-9-10,0.0,1.0,2,DRAW
2,17,9,8,8-9-9-9,0.0,1.0,1,DRAW
2,19,10,9,1-1-1-1,1.0,0.0,34,STOP
2,19,10,9,1-1-1-2,1.0,0.0,1958,STOP
2,19,10,9,1-1-1-3,1.0,0.0,918,STOP
2,19,10,9,1-1-1-4,0.695793004302811,0.3042069956971891,1117,
2,19,10,9,1-1-1-5,0.2851993324530306,0.7148006675469695,268,
2,19,10,9,1-1-1-6,0.03571428571428571,0.9642857142857143,112,
2,19,10,9,1-1-1-7,0.041666666666666664,0.9583333333333334,36,
2,19,10,9,1-1-1-8,0.5,0.5,3,
2,19,10,9,1-1-1-9,0.25,0.75,2,
2,19,10,9,1-1-2-10,0.5,0.5,1,
2,19,10,9,1-1-2-2,0.0,1.0,14871,DRAW
2,19,10,9,1-1-2-3,0.9806276024596393,0.019372397540360638,14839,
2,19,10,9,1-1-2-4,0.0004100761570005858,0.9995899238429994,8535,
2,19,10,9,1-1-2-5,0.04446319636134457,0.9555368036386555,3361,
2,19,10,9,1-1-2-6,0.0013404825737265416,0.9986595174262735,1119,
2,19,10,9,1-1-2-7,0.05181541745017899,0.948184582549821,241,
2,19,10,9,1-1-2-8,0.5,0.5,32,
2,19,10,9,1-1-3-3,0.9480937069361507,0.051906293063849335,4354,
2,19,10,9,1-1-3-4,0.0012428717648779062,0.9987571282351221,6839,
2,19,10,9,1-1-3-5,0.03855915924603582,0.9614408407539642,3192,
2,19,10,9,1-1-3-6,0.009163626937248873,0.9908363730627512,1019,
2,19,10,9,1-1-3-7,0.04168162178748668,0.9583183782125133,232,
2,19,10,9,1-1-3-8,0.017241379310344827,0.9827586206896551,29,
2,19,10,9,1-1-3-9,0.5,0.5,2,
2,19,10,9,1-1-4-4,0.00040336708517542337,0.9995966329148245,2281,
2,19,10,9,1-1-4-5,0.006220853978431944,0.993779146021568,3431,
2,19,10,9,1-1-4-6,0.00046468401486988845,0.9995353159851301,1076,
2,19,10,9,1-1-4-7,0.04066985645933014,0.9593301435406698,209,
2,19,10,9,1-1-4-8,0.010869565217391304,0.9891304347826086,46,
2,19,10,9,1-1-4-9,0.5,0.5,3,
2,19,10,9,1-1-5-5,0.0014367816091954023,0.9985632183908046,1044,
2,19,10,9,1-1-5-6,0.002281021897810219,0.9977189781021898,1096,
2,19,10,9,1-1-5-7,0.002,0.998,250,
2,19,10,9,1-1-5-8,0.23214285714285715,0.7678571428571429,28,
2,19,10,9,1-1-5-9,0.5,0.5,1,
2,19,10,9,1-1-6-6,0.0018248175182481751,0.9981751824817519,274,
2,19,10,9,1-1-6-7,0.0025252525252525255,0.9974747474747475,198,
2,19,10,9,1-1-6-8,0.10344827586206896,0.896551724137931,29,
2,19,10,9,1-1-6-9,0.5,0.5,1,
2,19,10,9,1-1-7-7,0.021739130434782608,0.9782608695652174,69,
2,19,10,9,1-1-7-8,0.017857142857142856,0.9821428571428571,28,
2,19,10,9,1-1-8-8,0.5,0.5,5,
2,19,10,9,1-1-8-9,0.5,0.5,1,
2,19,10,9,1-2-2-2,0.9952881875958799,0.004711812404120096,4563,
2,19,10,9,1-2-2-3,0.9899765652596146,0.010023434740385343,14530,
2,19,10,9,1-2-2-4,0.0004887585532746823,0.9995112414467253,6138,
2,19,10,9,1-2-2-5,0.0006860592755214051,0.9993139407244785,3644,
2,19,10,9,1-2-2-6,0.002319109461966605,0.9976808905380334,1078,
2,19,10,9,1-2-2-7,0.042178409825468624,0.9578215901745313,238,
2,19,10,9,1-2-2-8,0.16666666666666666,0.8333333333333334,42,
2,19,10,9,1-2-2-9,0.08333333333333333,0.9166666666666666,6,
2,19,10,9,1-2-3-3,0.990341726786509,0.009658273213490928,11754,
2,19,10,9,1-2-3-4,0.2893736040227651,0.7106263959772349,15589,
2,19,10,9,1-2-3-5,0.0008846794338051623,0.9991153205661948,9608,
2,19,10,9,1-2-3-6,0.003182579564489112,0.9968174204355109,2985,
2,19,10,9,1-2-3-7,0.05543172467356964,0.9445682753264304,627,
2,19,10,9,1-2-3-8,0.044642857142857144,0.9553571428571429,112,
2,19,10,9,1-2-3-9,0.5,0.5,3,
2,19,10,9,1-2-4-4,0.006689950636026311,0.9933100493639737,5968,
2,19,10,9,1-2-4-5,0.0006670771756978654,0.9993329228243021,9744,
2,19,10,9,1-2-4-6,0.0001794043774668102,0.9998205956225332,2787,
2,19,10,9,1-2-4-7,0.001440922190201729,0.9985590778097982,694,
2,19,10,9,1-2-4-8,0.005681818181818182,0.9943181818181818,88,
2,19,10,9,1-2-4-9,0.2222222222222222,0.7777777777777778,9,
2,19,10,9,1-2-5-5,0.000938790837401427,0.9990612091625986,2663,
2,19,10,9,1-2-5-6,0.0006997900629811056,0.9993002099370188,2858,
2,19,10,9,1-2-5-7,0.0024469820554649264,0.9975530179445351,613,
2,19,10,9,1-2-5-8,0.014285714285714285,0.9857142857142858,105,
2,19,10,9,1-2-5-9,0.5,0.5,6,
2,19,10,9,1-2-6-6,0.0006393861892583121,0.9993606138107417,782,
2,19,10,9,1-2-6-7,0.0031446540880503146,0.9968553459119497,636,
2,19,10,9,1-2-6-8,0.030864197530864196,0.9691358024691358,81,
2,19,10,9,1-2-6-9,0.5,0.5,7,
2,19,10,9,1-2-7-7,0.21328671328671328,0.7867132867132867,143,
2,19,10,9,1-2-7-8,0.3,0.7,85,
2,19,10,9,1-2-7-9,0.07142857142857142,0.9285714285714286,7,
2,19,10,9,1-2-8-8,0.5,0.5,22,
2,19,10,9,1-2-8-9,0.3888888888888889,0.6111111111111112,9,
2,19,10,9,1-2-9-9,0.5,0.5,1,
2,19,10,9,1-3-3-3,0.9344372810342035,0.06556271896579653,1716,
2,19,10,9,1-3-3-4,0.0013839140345164442,0.9986160859654836,6142,
2,19,10,9,1-3-3-5,0.0004312823461759632,0.999568717653824,3478,
2,19,10,9,1-3-3-6,0.0023452157598499064,0.9976547842401501,1066,
2,19,10,9,1-3-3-7,0.005905511811023622,0.9940944881889764,254,
2,19,10,9,1-3-3-8,0.02702702702702703,0.972972972972973,37,
2,19,10,9,1-3-3-9,0.5,0.5,1,
2,19,10,9,1-3-4-4,0.00016318537859007833,0.9998368146214099,6128,
2,19,10,9,1-3-4-5,0.00021913005368686317,0.9997808699463131,9127,
2,19,10,9,1-3-4-6,0.004771642808452625,0.9952283571915473,2934,
2,19,10,9,1-3-4-7,0.0030864197530864196,0.9969135802469136,648,
2,19,10,9,1-3-4-8,0.043209876543209874,0.9567901234567902,81,
2,19,10,9,1-3-4-9,0.3,0.7,5,
2,19,10,9,1-3-5-5,0.0003741114852225963,0.9996258885147774,2673,
2,19,10,9,1-3-5-6,0.0008846426043878273,0.9991153573956122,2826,
2,19,10,9,1-3-5-7,0.003189792663476874,0.9968102073365231,627,
2,19,10,9,1-3-5-8,0.020202020202020204,0.9797979797979798,99,
2,19,10,9,1-3-5-9,0.041666666666666664,0.9583333333333334,12,
2,19,10,9,1-3-6-10,0.5,0.5,1,
2,19,10,9,1-3-6-6,0.0159846547314578,0.9840153452685422,782,
2,19,10,9,1-3-6-7,0.0026455026455026454,0.9973544973544973,567,
2,19,10,9,1-3-6-8,0.005747126436781609,0.9942528735632183,87,
2,19,10,9,1-3-6-9,0.4166666666666667,0.5833333333333334,6,
2,19,10,9,1-3-7-7,0.01488095238095238,0.9851190476190477,168,
2,19,10,9,1-3-7-8,0.041666666666666664,0.9583333333333334,96,
2,19,10,9,1-3-7-9,0.5,0.5,1,
2,19,10,9,1-3-8-8,0.3157894736842105,0.6842105263157895,19,
2,19,10,9,1-3-8-9,0.3076923076923077,0.6923076923076923,13,
2,19,10,9,1-4-4-4,0.0015463917525773195,0.9984536082474227,970,
2,19,10,9,1-4-4-5,0.0002818489289740699,0.9997181510710259,3548,
2,19,10,9,1-4-4-6,0.0052935514918190565,0.9947064485081809,1039,
2,19,10,9,1-4-4-7,0.0071090047393364926,0.9928909952606635,211,
2,19,10,9,1-4-4-8,0.2361111111111111,0.7638888888888888,36,
2,19,10,9,1-4-4-9,0.5,0.5,6,
2,19,10,9,1-4-5-5,0.00280688622754491,0.9971931137724551,2672,
2,19,10,9,1-4-5-6,0.0005235602094240838,0.9994764397905759,2865,
2,19,10,9,1-4-5-7,0.010383386581469648,0.9896166134185304,626,
2,19,10,9,1-4-5-8,0.040697674418604654,0.9593023255813954,86,
2,19,10,9,1-4-5-9,0.21428571428571427,0.7857142857142857,7,
2,19,10,9,1-4-6-6,0.007102272727272727,0.9928977272727273,704,
2,19,10,9,1-4-6-7,0.011168384879725086,0.988831615120275,582,
2,19,10,9,1-4-6-8,0.03365384615384615,0.9663461538461539,104,
2,19,10,9,1-4-6-9,0.18181818181818182,0.8181818181818182,11,
2,19,10,9,1-4-7-7,0.006993006993006993,0.993006993006993,143,
2,19,10,9,1-4-7-8,0.0684931506849315,0.9315068493150684,73,
2,19,10,9,1-4-7-9,0.1,0.9,5,
2,19,10,9,1-4-8-8,0.47368421052631576,0.5263157894736842,19,
2,19,10,9,1-4-8-9,0.2,0.8,10,
2,19,10,9,1-4-9-10,0.5,0.5,1,
2,19,10,9,1-4-9-9,0.5,0.5,2,
2,19,10,9,1-5-5-5,0.01532033426183844,0.9846796657381616,359,
2,19,10,9,1-5-5-6,0.0034965034965034965,0.9965034965034965,1001,
2,19,10,9,1-5-5-7,0.0380952380952381,0.9619047619047619,210,
2,19,10,9,1-5-5-8,0.11842105263157894,0.881578947368421,38,
2,19,10,9,1-5-6-10,0.5,0.5,1,
2,19,10,9,1-5-6-6,0.012875536480686695,0.9871244635193133,699,
2,19,10,9,1-5-6-7,0.0017699115044247787,0.9982300884955753,565,
2,19,10,9,1-5-6-8,0.060240963855421686,0.9397590361445783,83,
2,19,10,9,1-5-6-9,0.5,0.5,7,
2,19,10,9,1-5-7-7,0.024475524475524476,0.9755244755244755,143,
2,19,10,9,1-5-7-8,0.29901960784313725,0.7009803921568627,102,
2,19,10,9,1-5-7-9,0.5,0.5,5,
2,19,10,9,1-5-8-8,0.14583333333333334,0.8541666666666666,24,
2,19,10,9,1-5-8-9,0.5,0.5,8,
2,19,10,9,1-5-9-9,0.5,0.5,1,
2,19,10,9,1-6-6-6,0.015873015873015872,0.9841269841269841,126,
2,19,10,9,1-6-6-7,0.12560386473429952,0.8743961352657005,207,
2,19,10,9,1-6-6-8,0.15151515151515152,0.8484848484848485,33,
2,19,10,9,1-6-6-9,0.5,0.5,3,
2,19,10,9,1-6-7-10,0.5,0.5,1,
2,19,10,9,1-6-7-7,0.0034482758620689655,0.996551724137931,145,
2,19,10,9,1-6-7-8,0.049019607843137254,0.9509803921568627,102,
2,19,10,9,1-6-7-9,0.5,0.5,3,
2,19,10,9,1-6-8-8,0.25,0.75,8,
2,19,10,9,1-6-8-9,0.07142857142857142,0.9285714285714286,7,
2,19,10,9,1-6-9-10,0.0,1.0,1,DRAW
2,19,10,9,1-6-9-9,0.5,0.5,4,
2,19,10,9,1-7-10-10,0.0,1.0,1,DRAW
2,19,10,9,1-7-7-7,0.1,0.9,25,
2,19,10,9,1-7-7-8,0.38333333333333336,0.6166666666666667,30,
2,19,10,9,1-7-7-9,0.4,0.6,5,
2,19,10,9,1-7-8-8,0.45,0.55,20,
2,19,10,9,1-7-8-9,0.16666666666666666,0.8333333333333334,9,
2,19,10,9,1-7-9-9,0.0,1.0,2,DRAW
2,19,10,9,1-8-8-8,0.5,0.5,2,
2,19,10,9,1-8-8-9,0.0,1.0,4,DRAW
2,19,10,9,1-8-9-9,0.0,1.0,1,DRAW
2,19,10,9,2-2-2-2,0.7925311203319502,0.2074688796680498,241,
2,19,10,9,2-2-2-3,0.9761755129297747,0.02382448707022542,2258,
2,19,10,9,2-2-2-4,0.9249990262713057,0.07500097372869434,861,
2,19,10,9,2-2-2-5,0.019156499632437596,0.9808435003675625,306,
2,19,10,9,2-2-2-6,0.0033333333333333335,0.9966666666666667,150,
2,19,10,9,2-2-2-7,0.05952380952380952,0.9404761904761905,42,
2,19,10,9,2-2-2-8,0.5,0.5,3,
2,19,10,9,2-2-3-3,0.9863221206762933,0.013677879323706557,4282,
2,19,10,9,2-2-3-4,0.10069596547939869,0.8993040345206013,5699,
2,19,10,9,2-2-3-5,0.03977853145906149,0.9602214685409385,3020,
2,19,10,9,2-2-3-6,0.01633605600933489,0.9836639439906651,857,
2,19,10,9,2-2-3-7,0.002325581395348837,0.9976744186046511,215,
2,19,10,9,2-2-3-8,0.03571428571428571,0.9642857142857143,28,
2,19,10,9,2-2-3-9,0.5,0.5,3,
2,19,10,9,2-2-4-4,0.03814196343713831,0.9618580365628616,2097,
2,19,10,9,2-2-4-5,0.0004755865567533291,0.9995244134432467,3154,
2,19,10,9,2-2-4-6,0.03731343283582089,0.9626865671641791,938,
2,19,10,9,2-2-4-7,0.019138755980861243,0.9808612440191388,209,
2,19,10,9,2-2-4-8,0.20689655172413793,0.7931034482758621,29,
2,19,10,9,2-2-4-9,0.5,0.5,1,
2,19,10,9,2-2-5-5,0.010649627263045794,0.9893503727369543,939,
2,19,10,9,2-2-5-6,0.0010695187165775401,0.9989304812834224,935,
2,19,10,9,2-2-5-7,0.05387931034482758,0.9461206896551724,232,
2,19,10,9,2-2-5-8,0.37037037037037035,0.6296296296296297,27,
2,19,10,9,2-2-5-9,0.5,0.5,4,
2,19,10,9,2-2-6-6,0.006072874493927126,0.9939271255060729,247,
2,19,10,9,2-2-6-7,0.013440860215053764,0.9865591397849462,186,
2,19,10,9,2-2-6-8,0.02,0.98,25,
2,19,10,9,2-2-7-7,0.020833333333333332,0.9791666666666666,48,
2,19,10,9,2-2-7-8,0.18571428571428572,0.8142857142857143,35,
2,19,10,9,2-2-7-9,0.16666666666666666,0.8333333333333334,3,
2,19,10,9,2-2-8-8,0.5,0.5,5,
2,19,10,9,2-2-8-9,0.5,0.5,2,
2,19,10,9,2-3-3-3,0.9897432590867226,0.010256740913277438,1830,
2,19,10,9,2-3-3-4,0.0006454388984509467,0.9993545611015491,6972,
2,19,10,9,2-3-3-5,0.0010635065329687025,0.9989364934670313,3291,
2,19,10,9,2-3-3-6,0.0014970059880239522,0.9985029940119761,1002,
2,19,10,9,2-3-3-7,0.007978723404255319,0.9920212765957447,188,
2,19,10,9,2-3-3-8,0.04285714285714286,0.9571428571428572,35,
2,19,10,9,2-3-3-9,0.5,0.5,6,
2,19,10,9,2-3-4-10,0.5,0.5,1,
2,19,10,9,2-3-4-4,0.0005794701986754967,0.9994205298013245,6040,
2,19,10,9,2-3-4-5,0.00028064660978895377,0.999719353390211,8908,
2,19,10,9,2-3-4-6,0.0014798372179060304,0.998520162782094,2703,
2,19,10,9,2-3-4-7,0.00825082508250825,0.9917491749174917,606,
2,19,10,9,2-3-4-8,0.005263157894736842,0.9947368421052631,95,
2,19,10,9,2-3-4-9,0.5,0.5,8,
2,19,10,9,2-3-5-10,0.5,0.5,1,
2,19,10,9,2-3-5-5,0.0032302149335321174,0.996769785066468,2683,
2,19,10,9,2-3-5-6,0.0019171779141104294,0.9980828220858896,2608,
2,19,10,9,2-3-5-7,0.009874326750448833,0.9901256732495511,557,
2,19,10,9,2-3-5-8,0.022727272727272728,0.9772727272727273,88,
2,19,10,9,2-3-5-9,0.5,0.5,7,
2,19,10,9,2-3-6-6,0.004908835904628331,0.9950911640953717,713,
2,19,10,9,2-3-6-7,0.0009025270758122744,0.9990974729241877,554,
2,19,10,9,2-3-6-8,0.00510204081632653,0.9948979591836735,98,
2,19,10,9,2-3-6-9,0.5,0.5,5,
2,19,10,9,2-3-7-7,0.0035971223021582736,0.9964028776978417,139,
2,19,10,9,2-3-7-8,0.026595744680851064,0.973404255319149,94,
2,19,10,9,2-3-7-9,0.5,0.5,11,
2,19,10,9,2-3-8-8,0.5,0.5,17,
2,19,10,9,2-3-8-9,0.08333333333333333,0.9166666666666666,6,
2,19,10,9,2-4-10-10,0.0,1.0,1,DRAW
2,19,10,9,2-4-4-4,0.00646219135802469,0.9935378086419753,864,
2,19,10,9,2-4-4-5,0.0030845157310302285,0.9969154842689698,3242,
2,19,10,9,2-4-4-6,0.0010504201680672268,0.9989495798319328,952,
2,19,10,9,2-4-4-7,0.004672897196261682,0.9953271028037384,214,
2,19,10,9,2-4-4-8,0.07352941176470588,0.9264705882352942,34,
2,19,10,9,2-4-4-9,0.5,0.5,2,
2,19,10,9,2-4-5-5,0.0010229132569558102,0.9989770867430442,2444,
2,19,10,9,2-4-5-6,0.006854390515005557,0.9931456094849944,2699,
2,19,10,9,2-4-5-7,0.006216696269982238,0.9937833037300178,563,
2,19,10,9,2-4-5-8,0.1736111111111111,0.8263888888888888,72,
2,19,10,9,2-4-5-9,0.05555555555555555,0.9444444444444444,9,
2,19,10,9,2-4-6-10,0.5,0.5,1,
2,19,10,9,2-4-6-6,0.016788321167883213,0.9832116788321168,685,
2,19,10,9,2-4-6-7,0.0008928571428571428,0.9991071428571429,560,
2,19,10,9,2-4-6-8,0.07647058823529412,0.9235294117647059,85,
2,19,10,9,2-4-6-9,0.5,0.5,2,
2,19,10,9,2-4-7-10,0.5,0.5,1,
2,19,10,9,2-4-7-7,0.009174311926605505,0.9908256880733946,109,
2,19,10,9,2-4-7-8,0.02,0.98,75,
2,19,10,9,2-4-7-9,0.5,0.5,7,
2,19,10,9,2-4-8-10,0.5,0.5,1,
2,19,10,9,2-4-8-8,0.5,0.5,14,
2,19,10,9,2-4-8-9,0.5,0.5,8,
2,19,10,9,2-4-9-10,0.5,0.5,1,
2,19,10,9,2-4-9-9,0.5,0.5,2,
2,19,10,9,2-5-5-5,0.001524390243902439,0.9984756097560976,328,
2,19,10,9,2-5-5-6,0.0063025210084033615,0.9936974789915967,952,
2,19,10,9,2-5-5-7,0.02403846153846154,0.9759615384615384,208,
2,19,10,9,2-5-5-8,0.06818181818181818,0.9318181818181818,22,
2,19,10,9,2-5-5-9,0.5,0.5,4,
2,19,10,9,2-5-6-10,0.5,0.5,1,
2,19,10,9,2-5-6-6,0.007959479015918957,0.992040520984081,691,
2,19,10,9,2-5-6-7,0.017992424242424244,0.9820075757575758,528,
2,19,10,9,2-5-6-8,0.05844155844155844,0.9415584415584416,77,
2,19,10,9,2-5-6-9,0.5,0.5,5,
2,19,10,9,2-5-7-7,0.02066115702479339,0.9793388429752066,121,
2,19,10,9,2-5-7-8,0.050505050505050504,0.9494949494949495,99,
2,19,10,9,2-5-7-9,0.5,0.5,5,
2,19,10,9,2-5-8-10,0.5,0.5,1,
2,19,10,9,2-5-8-8,0.18181818181818182,0.8181818181818182,22,
2,19,10,9,2-5-8-9,0.5,0.5,4,
2,19,10,9,2-5-9-9,0.5,0.5,1,
2,19,10,9,2-6-6-6,0.21428571428571427,0.7857142857142857,91,
2,19,10,9,2-6-6-7,0.015544041450777202,0.9844559585492227,193,
2,19,10,9,2-6-6-8,0.1896551724137931,0.8103448275862069,29,
2,19,10,9,2-6-6-9,0.5,0.5,2,
2,19,10,9,2-6-7-7,0.0661764705882353,0.9338235294117647,136,
2,19,10,9,2-6-7-8,0.0189873417721519,0.9810126582278481,79,
2,19,10,9,2-6-7-9,0.5,0.5,10,
2,19,10,9,2-6-8-8,0.038461538461538464,0.9615384615384616,26,
2,19,10,9,2-6-8-9,0.5,0.5,6,
2,19,10,9,2-6-9-10,0.0,1.0,3,DRAW
2,19,10,9,2-6-9-9,0.0,1.0,1,DRAW
2,19,10,9,2-7-7-7,0.0625,0.9375,8,
2,19,10,9,2-7-7-8,0.015625,0.984375,32,
2,19,10,9,2-7-7-9,0.2,0.8,5,
2,19,10,9,2-7-8-8,0.14583333333333334,0.8541666666666666,24,
2,19,10,9,2-7-8-9,0.0,1.0,10,DRAW
2,19,10,9,2-7-9-10,0.0,1.0,1,DRAW
2,19,10,9,2-7-9-9,0.0,1.0,4,DRAW
2,19,10,9,2-8-8-8,0.0,1.0,5,DRAW
2,19,10,9,2-8-8-9,0.0,1.0,3,DRAW
2,19,10,9,2-8-9-10,0.0,1.0,1,DRAW
2,19,10,9,2-8-9-9,0.0,1.0,4,DRAW
2,19,10,9,3-3-10-10,0.0,1.0,1,DRAW
2,19,10,9,3-3-3-3,0.9840425531914894,0.015957446808510637,94,
2,19,10,9,3-3-3-4,0.03327338129496403,0.966726618705036,1112,
2,19,10,9,3-3-3-5,0.07527951906361309,0.9247204809363869,470,
2,19,10,9,3-3-3-6,0.0029239766081871343,0.9970760233918129,171,
2,19,10,9,3-3-3-7,0.016129032258064516,0.9838709677419355,31,
2,19,10,9,3-3-3-8,0.5,0.5,4,
2,19,10,9,3-3-4-10,0.5,0.5,1,
2,19,10,9,3-3-4-4,0.0010395010395010396,0.998960498960499,2405,
2,19,10,9,3-3-4-5,0.004510237702419479,0.9954897622975805,3275,
2,19,10,9,3-3-4-6,0.0010526315789473684,0.9989473684210526,950,
2,19,10,9,3-3-4-7,0.01650943396226415,0.9834905660377359,212,
2,19,10,9,3-3-4-8,0.02857142857142857,0.9714285714285714,35,
2,19,10,9,3-3-4-9,0.5,0.5,1,
2,19,10,9,3-3-5-5,0.011880165289256199,0.9881198347107438,968,
2,19,10,9,3-3-5-6,0.001488095238095238,0.9985119047619048,1008,
2,19,10,9,3-3-5-7,0.007075471698113208,0.9929245283018868,212,
2,19,10,9,3-3-5-8,0.11428571428571428,0.8857142857142857,35,
2,19,10,9,3-3-5-9,0.5,0.5,1,
2,19,10,9,3-3-6-6,0.06276150627615062,0.9372384937238494,239,
2,19,10,9,3-3-6-7,0.05641025641025641,0.9435897435897436,195,
2,19,10,9,3-3-6-8,0.25675675675675674,0.7432432432432432,37,
2,19,10,9,3-3-6-9,0.5,0.5,2,
2,19,10,9,3-3-7-7,0.5,0.5,51,
2,19,10,9,3-3-7-8,0.08928571428571429,0.9107142857142857,28,
2,19,10,9,3-3-7-9,0.5,0.5,2,
2,19,10,9,3-3-8-8,0.5,0.5,8,
2,19,10,9,3-3-8-9,0.5,0.5,1,
2,19,10,9,3-4-4-4,0.06232979141551202,0.937670208584488,911,
2,19,10,9,3-4-4-5,0.00030129557095510696,0.9996987044290448,3319,
2,19,10,9,3-4-4-6,0.02878787878787879,0.9712121212121212,990,
2,19,10,9,3-4-4-7,0.10267857142857142,0.8973214285714286,224,
2,19,10,9,3-4-4-8,0.5,0.5,18,
2,19,10,9,3-4-4-9,0.5,0.5,3,
2,19,10,9,3-4-5-5,0.0008003201280512205,0.9991996798719488,2499,
2,19,10,9,3-4-5-6,0.00037993920972644377,0.9996200607902735,2632,
2,19,10,9,3-4-5-7,0.008226691042047532,0.9917733089579525,547,
2,19,10,9,3-4-5-8,0.013333333333333334,0.9866666666666667,75,
2,19,10,9,3-4-5-9,0.5,0.5,4,
2,19,10,9,3-4-6-10,0.5,0.5,1,
2,19,10,9,3-4-6-6,0.0007987220447284345,0.9992012779552716,626,
2,19,10,9,3-4-6-7,0.05202821869488536,0.9479717813051146,567,
2,19,10,9,3-4-6-8,0.049019607843137254,0.9509803921568627,102,
2,19,10,9,3-4-6-9,0.5,0.5,8,
2,19,10,9,3-4-7-7,0.016666666666666666,0.9833333333333333,120,
2,19,10,9,3-4-7-8,0.12686567164179105,0.8731343283582089,67,
2,19,10,9,3-4-7-9,0.5,0.5,2,
2,19,10,9,3-4-8-8,0.18421052631578946,0.8157894736842105,19,
2,19,10,9,3-4-8-9,0.5,0.5,5,
2,19,10,9,3-4-9-10,0.0,1.0,1,DRAW
2,19,10,9,3-4-9-9,0.5,0.5,1,
2,19,10,9,3-5-5-5,0.007288629737609329,0.9927113702623906,343,
2,19,10,9,3-5-5-6,0.008099352051835854,0.9919006479481641,926,
2,19,10,9,3-5-5-7,0.05172413793103448,0.9482758620689655,174,
2,19,10,9,3-5-5-8,0.5,0.5,17,
2,19,10,9,3-5-5-9,0.5,0.5,1,
2,19,10,9,3-5-6-10,0.5,0.5,1,
2,19,10,9,3-5-6-6,0.003681885125184094,0.9963181148748159,679,
2,19,10,9,3-5-6-7,0.0043859649122807015,0.9956140350877193,570,
2,19,10,9,3-5-6-8,0.28488372093023256,0.7151162790697675,86,
2,19,10,9,3-5-6-9,0.5,0.5,10,
2,19,10,9,3-5-7-7,0.016778523489932886,0.9832214765100671,149,
2,19,10,9,3-5-7-8,0.039603960396039604,0.9603960396039604,101,
2,19,10,9,3-5-7-9,0.5,0.5,11,
2,19,10,9,3-5-8-8,0.5,0.5,10,
2,19,10,9,3-5-8-9,0.5,0.5,8,
2,19,10,9,3-5-9-9,0.0,1.0,1,DRAW
2,19,10,9,3-6-6-6,0.1625,0.8375,80,
2,19,10,9,3-6-6-7,0.04028436018957346,0.9597156398104265,211,
2,19,10,9,3-6-6-8,0.5,0.5,23,
2,19,10,9,3-6-6-9,0.5,0.5,4,
2,19,10,9,3-6-7-7,0.0032258064516129032,0.9967741935483871,155,
2,19,10,9,3-6-7-8,0.08636363636363636,0.9136363636363637,110,
2,19,10,9,3-6-7-9,0.5,0.5,6,
2,19,10,9,3-6-8-8,0.5,0.5,17,
2,19,10,9,3-6-8-9,0.0,1.0,9,DRAW
2,19,10,9,3-6-9-9,0.0,1.0,1,DRAW
2,19,10,9,3-7-7-7,0.1,0.9,20,
2,19,10,9,3-7-7-8,0.26,0.74,25,
2,19,10,9,3-7-7-9,0.0,1.0,1,DRAW
2,19,10,9,3-7-8-8,0.0,1.0,27,DRAW
2,19,10,9,3-7-8-9,0.0,1.0,11,DRAW
2,19,10,9,3-7-9-9,0.0,1.0,2,DRAW
2,19,10,9,3-8-8-8,0.0,1.0,7,DRAW
2,19,10,9,3-8-8-9,0.0,1.0,3,DRAW
2,19,10,9,3-8-9-10,0.0,1.0,1,DRAW
2,19,10,9,3-8-9-9,0.0,1.0,2,DRAW
2,19,10,9,3-9-9-10,0.0,1.0,1,DRAW
2,19,10,9,4-4-4-4,0.041666666666666664,0.9583333333333334,24,
2,19,10,9,4-4-4-5,0.006507592190889371,0.9934924078091106,461,
2,19,10,9,4-4-4-6,0.02358490566037736,0.9764150943396226,106,
2,19,10,9,4-4-4-7,0.018518518518518517,0.9814814814814815,27,
2,19,10,9,4-4-4-8,0.5,0.5,2,
2,19,10,9,4-4-5-5,0.03021978021978022,0.9697802197802198,910,
2,19,10,9,4-4-5-6,0.010298661174047374,0.9897013388259527,971,
2,19,10,9,4-4-5-7,0.08787878787878788,0.9121212121212121,165,
2,19,10,9,4-4-5-8,0.5,0.5,15,
2,19,10,9,4-4-5-9,0.5,0.5,3,
2,19,10,9,4-4-6-6,0.11974789915966387,0.8802521008403361,238,
2,19,10,9,4-4-6-7,0.0673076923076923,0.9326923076923077,208,
2,19,10,9,4-4-6-8,0.13043478260869565,0.8695652173913043,23,
2,19,10,9,4-4-6-9,0.5,0.5,2,
2,19,10,9,4-4-7-7,0.012195121951219513,0.9878048780487805,41,
2,19,10,9,4-4-7-8,0.3055555555555556,0.6944444444444444,18,
2,19,10,9,4-4-7-9,0.5,0.5,3,
2,19,10,9,4-4-8-8,0.5,0.5,5,
2,19,10,9,4-4-8-9,0.5,0.5,3,
2,19,10,9,4-5-5-5,0.0014970059880239522,0.9985029940119761,334,
2,19,10,9,4-5-5-6,0.0005302226935312832,0.9994697773064687,943,
2,19,10,9,4-5-5-7,0.2190721649484536,0.7809278350515464,194,
2,19,10,9,4-5-5-8,0.5,0.5,19,
2,19,10,9,4-5-5-9,0.5,0.5,2,
2,19,10,9,4-5-6-6,0.007947976878612716,0.9920520231213873,692,
2,19,10,9,4-5-6-7,0.018612521150592216,0.9813874788494078,591,
2,19,10,9,4-5-6-8,0.4357142857142857,0.5642857142857143,70,
2,19,10,9,4-5-6-9,0.5,0.5,9,
2,19,10,9,4-5-7-7,0.047619047619047616,0.9523809523809523,126,
2,19,10,9,4-5-7-8,0.08695652173913043,0.9130434782608695,69,
2,19,10,9,4-5-7-9,0.5,0.5,6,
2,19,10,9,4-5-8-8,0.5,0.5,9,
2,19,10,9,4-5-8-9,0.0,1.0,8,DRAW
2,19,10,9,4-5-9-9,0.0,1.0,2,DRAW
2,19,10,9,4-6-6-6,0.14788732394366197,0.852112676056338,71,
2,19,10,9,4-6-6-7,0.1075,0.8925,200,
2,19,10,9,4-6-6-8,0.05357142857142857,0.9464285714285714,28,
2,19,10,9,4-6-6-9,0.5,0.5,1,
2,19,10,9,4-6-7-10,0.0,1.0,1,DRAW
2,19,10,9,4-6-7-7,0.0391304347826087,0.9608695652173913,115,
2,19,10,9,4-6-7-8,0.09210526315789473,0.9078947368421053,76,
2,19,10,9,4-6-7-9,0.0,1.0,11,DRAW
2,19,10,9,4-6-8-8,0.0,1.0,22,DRAW
2,19,10,9,4-6-8-9,0.0,1.0,8,DRAW
2,19,10,9,4-6-9-10,0.0,1.0,1,DRAW
2,19,10,9,4-6-9-9,0.0,1.0,1,DRAW
2,19,10,9,4-7-7-7,0.5,0.5,8,
2,19,10,9,4-7-7-8,0.0,1.0,32,DRAW
2,19,10,9,4-7-7-9,0.0,1.0,5,DRAW
2,19,10,9,4-7-8-8,0.0,1.0,22,DRAW
2,19,10,9,4-7-8-9,0.0,1.0,9,DRAW
2,19,10,9,4-7-9-9,0.0,1.0,1,DRAW
2,19,10,9,4-8-8-8,0.0,1.0,3,DRAW
2,19,10,9,4-8-8-9,0.0,1.0,4,DRAW
2,19,10,9,4-8-9-10,0.0,1.0,1,DRAW
2,19,10,9,4-8-9-9,0.0,1.0,6,DRAW
2,19,10,9,5-5-5-5,0.5,0.5,15,
2,19,10,9,5-5-5-6,0.00390625,0.99609375,128,
2,19,10,9,5-5-5-7,0.4714285714285714,0.5285714285714286,35,
2,19,10,9,5-5-5-8,0.25,0.75,4,
2,19,10,9,5-5-5-9,0.5,0.5,1,
2,19,10,9,5-5-6-6,0.03278688524590164,0.9672131147540983,244,
2,19,10,9,5-5-6-7,0.3333333333333333,0.6666666666666666,198,
2,19,10,9,5-5-6-8,0.5,0.5,28,
2,19,10,9,5-5-6-9,0.5,0.5,1,
2,19,10,9,5-5-7-10,0.0,1.0,1,DRAW
2,19,10,9,5-5-7-7,0.22340425531914893,0.776595744680851,47,
2,19,10,9,5-5-7-8,0.19696969696969696,0.803030303030303,33,
2,19,10,9,5-5-7-9,0.0,1.0,6,DRAW
2,19,10,9,5-5-8-8,0.0,1.0,5,DRAW
2,19,10,9,5-5-8-9,0.0,1.0,2,DRAW
2,19,10,9,5-6-6-10,0.0,1.0,1,DRAW
2,19,10,9,5-6-6-6,0.14285714285714285,0.8571428571428571,84,
2,19,10,9,5-6-6-7,0.0091324200913242,0.9908675799086758,219,
2,19,10,9,5-6-6-8,0.022727272727272728,0.9772727272727273,44,
2,19,10,9,5-6-6-9,0.0,1.0,4,DRAW
2,19,10,9,5-6-7-7,0.05384615384615385,0.9461538461538461,130,
2,19,10,9,5-6-7-8,0.0,1.0,88,DRAW
2,19,10,9,5-6-7-9,0.0,1.0,12,DRAW
2,19,10,9,5-6-8-8,0.0,1.0,23,DRAW
2,19,10,9,5-6-8-9,0.0,1.0,10,DRAW
2,19,10,9,5-7-7-7,0.0,1.0,22,DRAW
2,19,10,9,5-7-7-8,0.0,1.0,43,DRAW
2,19,10,9,5-7-7-9,0.0,1.0,2,DRAW
2,19,10,9,5-7-8-8,0.0,1.0,32,DRAW
2,19,10,9,5-7-8-9,0.0,1.0,13,DRAW
2,19,10,9,5-7-9-9,0.0,1.0,1,DRAW
2,19,10,9,5-8-8-8,0.0,1.0,3,DRAW
2,19,10,9,5-8-8-9,0.0,1.0,4,DRAW
2,19,10,9,5-8-9-10,0.0,1.0,1,DRAW
2,19,10,9,5-8-9-9,0.0,1.0,1,DRAW
2,19,10,9,6-6-6-6,0.5,0.5,1,
2,19,10,9,6-6-6-7,0.5,0.5,23,
2,19,10,9,6-6-6-8,0.0,1.0,3,DRAW
2,19,10,9,6-6-6-9,0.0,1.0,1,DRAW
2,19,10,9,6-6-7-7,0.0,1.0,37,DRAW
2,19,10,9,6-6-7-8,0.0,1.0,44,DRAW
2,19,10,9,6-6-7-9,0.0,1.0,4,DRAW
2,19,10,9,6-6-8-8,0.0,1.0,9,DRAW
2,19,10,9,6-6-8-9,0.0,1.0,3,DRAW
2,19,10,9,6-6-9-9,0.0,1.0,1,DRAW
2,19,10,9,6-7-7-7,0.0,1.0,26,DRAW
2,19,10,9,6-7-7-8,0.0,1.0,29,DRAW
2,19,10,9,6-7-7-9,0.0,1.0,3,DRAW
2,19,10,9,6-7-8-8,0.0,1.0,21,DRAW
2,19,10,9,6-7-8-9,0.0,1.0,9,DRAW
2,19,10,9,6-7-9-9,0.0,1.0,4,DRAW
2,19,10,9,6-8-8-8,0.0,1.0,2,DRAW
2,19,10,9,6-8-8-9,0.0,1.0,3,DRAW
2,19,10,9,6-8-9-9,0.0,1.0,5,DRAW
2,19,10,9,7-7-7-7,0.0,1.0,1,DRAW
2,19,10,9,7-7-7-8,0.0,1.0,3,DRAW
2,19,10,9,7-7-8-8,0.0,1.0,3,DRAW
2,19,10,9,7-7-8-9,0.0,1.0,2,DRAW
2,19,10,9,7-8-8-9,0.0,1.0,3,DRAW
2,19,10,9,7-8-9-9,0.0,1.0,2,DRAW
2,21,11,10,1-1-1-1,1.0,0.0,33,STOP
2,21,11,10,1-1-1-2,1.0,0.0,2335,STOP
2,21,11,10,1-1-1-3,1.0,0.0,914,STOP
2,21,11,10,1-1-1-4,0.5939525393952022,0.40604746060479785,917,
2,21,11,10,1-1-1-5,0.2059597813752712,0.794040218624729,262,
2,21,11,10,1-1-1-6,0.030120481927710843,0.9698795180722891,83,
2,21,11,10,1-1-1-7,0.5,0.5,23,
2,21,11,10,1-1-1-9,0.5,0.5,1,
2,21,11,10,1-1-2-2,0.0,1.0,18205,DRAW
2,21,11,10,1-1-2-3,0.9927261085214354,0.007273891478564615,16228,
2,21,11,10,1-1-2-4,0.008868284377613733,0.9911317156223863,8945,
2,21,11,10,1-1-2-5,0.025842197173303143,0.974157802826697,3026,
2,21,11,10,1-1-2-6,0.0018610421836228288,0.9981389578163772,806,
2,21,11,10,1-1-2-7,0.15454545454545454,0.8454545454545455,110,
2,21,11,10,1-1-2-8,0.5,0.5,4,
2,21,11,10,1-1-3-3,0.9993696154654339,0.0006303845345660853,4759,
2,21,11,10,1-1-3-4,0.0008812310929896091,0.9991187689070105,7603,
2,21,11,10,1-1-3-5,0.0027967164778052315,0.9972032835221948,2847,
2,21,11,10,1-1-3-6,0.003426892950391645,0.9965731070496083,766,
2,21,11,10,1-1-3-7,0.007352941176470588,0.9926470588235294,136,
2,21,11,10,1-1-3-8,0.1,0.9,10,
2,21,11,10,1-1-3-9,0.5,0.5,2,
2,21,11,10,1-1-4-4,0.0003419504855696895,0.9996580495144303,2437,
2,21,11,10,1-1-4-5,0.0008106355382619975,0.999189364461738,3084,
2,21,11,10,1-1-4-6,0.0037831021437578815,0.9962168978562421,793,
2,21,11,10,1-1-4-7,0.046218487394957986,0.9537815126050421,119,
2,21,11,10,1-1-4-8,0.10714285714285714,0.8928571428571429,14,
2,21,11,10,1-1-5-5,0.0011135857461024498,0.9988864142538976,898,
2,21,11,10,1-1-5-6,0.02220726783310902,0.977792732166891,743,
2,21,11,10,1-1-5-7,0.017605633802816902,0.9823943661971831,142,
2,21,11,10,1-1-5-8,0.2692307692307692,0.7307692307692307,13,
2,21,11,10,1-1-6-6,0.002631578947368421,0.9973684210526316,190,
2,21,11,10,1-1-6-7,0.003875968992248062,0.9961240310077519,129,
2,21,11,10,1-1-6-8,0.2727272727272727,0.7272727272727273,11,
2,21,11,10,1-1-6-9,0.5,0.5,1,
2,21,11,10,1-1-7-7,0.013157894736842105,0.9868421052631579,38,
2,21,11,10,1-1-7-8,0.5,0.5,16,
2,21,11,10,1-1-7-9,0.5,0.5,1,
2,21,11,10,1-2-2-2,0.9745261708640571,0.025473829135942868,5428,
2,21,11,10,1-2-2-3,0.9865516161132948,0.01344838388670529,15986,
2,21,11,10,1-2-2-4,0.001340860973888497,0.9986591390261115,7085,
2,21,11,10,1-2-2-5,0.0017096673919801057,0.9982903326080199,3217,
2,21,11,10,1-2-2-6,0.0013175230566534915,0.9986824769433466,759,
2,21,11,10,1-2-2-7,0.003787878787878788,0.9962121212121212,132,
2,21,11,10,1-2-2-8,0.3055555555555556,0.6944444444444444,18,
2,21,11,10,1-2-2-9,0.5,0.5,2,
2,21,11,10,1-2-3-3,0.9931966537633679,0.006803346236632139,12485,
2,21,11,10,1-2-3-4,0.0020359876146521026,0.9979640123853479,17117,
2,21,11,10,1-2-3-5,0.0004140541819472377,0.9995859458180527,8453,
2,21,11,10,1-2-3-6,0.002988505747126437,0.9970114942528736,2175,
2,21,11,10,1-2-3-7,0.004518072289156626,0.9954819277108434,332,
2,21,11,10,1-2-3-8,0.25675675675675674,0.7432432432432432,37,
2,21,11,10,1-2-4-4,0.0011134086209638938,0.9988865913790361,6287,
2,21,11,10,1-2-4-5,0.00029219261337073396,0.9997078073866292,8556,
2,21,11,10,1-2-4-6,0.00099601593625498,0.999003984063745,2008,
2,21,11,10,1-2-4-7,0.013368983957219251,0.9866310160427807,374,
2,21,11,10,1-2-4-8,0.2152777777777778,0.7847222222222222,36,
2,21,11,10,1-2-4-9,0.5,0.5,1,
2,21,11,10,1-2-5-5,0.0006720430107526882,0.9993279569892473,2232,
2,21,11,10,1-2-5-6,0.0020460358056265983,0.9979539641943734,1955,
2,21,11,10,1-2-5-7,0.08575581395348837,0.9142441860465116,344,
2,21,11,10,1-2-5-8,0.5,0.5,37,
2,21,11,10,1-2-6-6,0.0009727626459143969,0.9990272373540856,514,
2,21,11,10,1-2-6-7,0.0013513513513513514,0.9986486486486487,370,
2,21,11,10,1-2-6-8,0.15625,0.84375,32,
2,21,11,10,1-2-7-10,0.5,0.5,1,
2,21,11,10,1-2-7-7,0.023809523809523808,0.9761904761904762,63,
2,21,11,10,1-2-7-8,0.05555555555555555,0.9444444444444444,27,
2,21,11,10,1-2-7-9,0.5,0.5,1,
2,21,11,10,1-2-8-8,0.5,0.5,7,
2,21,11,10,1-2-8-9,0.5,0.5,1,
2,21,11,10,1-3-3-3,0.9496981065639901,0.050301893436009805,1895,
2,21,11,10,1-3-3-4,0.002266610001416631,0.9977333899985834,7059,
2,21,11,10,1-3-3-5,0.0003281916639317361,0.9996718083360683,3047,
2,21,11,10,1-3-3-6,0.0026109660574412533,0.9973890339425587,766,
2,21,11,10,1-3-3-7,0.003355704697986577,0.9966442953020134,149,
2,21,11,10,1-3-3-8,0.10714285714285714,0.8928571428571429,14,
2,21,11,10,1-3-4-4,0.0005482456140350877,0.9994517543859649,6384,
2,21,11,10,1-3-4-5,0.0024867393080277534,0.9975132606919723,7901,
2,21,11,10,1-3-4-6,0.00047732696897374703,0.9995226730310263,2095,
2,21,11,10,1-3-4-7,0.0066844919786096255,0.9933155080213903,374,
2,21,11,10,1-3-4-8,0.04838709677419355,0.9516129032258065,31,
2,21,11,10,1-3-5-5,0.0006815084052703317,0.9993184915947296,2201,
2,21,11,10,1-3-5-6,0.00048146364949446316,0.9995185363505056,2077,
2,21,11,10,1-3-5-7,0.011842105263157895,0.9881578947368421,380,
2,21,11,10,1-3-5-8,0.015151515151515152,0.9848484848484849,33,
2,21,11,10,1-3-5-9,0.5,0.5,4,
2,21,11,10,1-3-6-10,0.5,0.5,1,
2,21,11,10,1-3-6-6,0.02748414376321353,0.9725158562367865,473,
2,21,11,10,1-3-6-7,0.002840909090909091,0.9971590909090909,352,
2,21,11,10,1-3-6-8,0.016666666666666666,0.9833333333333333,30,
2,21,11,10,1-3-6-9,0.5,0.5,1,
2,21,11,10,1-3-7-7,0.025,0.975,80,
2,21,11,10,1-3-7-8,0.04054054054054054,0.9594594594594594,37,
2,21,11,10,1-3-8-8,0.36363636363636365,0.6363636363636364,11,
2,21,11,10,1-3-8-9,0.5,0.5,3,
2,21,11,10,1-3-9-9,0.5,0.5,1,
2,21,11,10,1-4-4-4,0.026637069922308545,0.9733629300776915,901,
2,21,11,10,1-4-4-5,0.0024933510638297874,0.9975066489361702,3008,
2,21,11,10,1-4-4-6,0.002635046113306983,0.997364953886693,759,
2,21,11,10,1-4-4-7,0.3347457627118644,0.6652542372881356,118,
2,21,11,10,1-4-4-8,0.20833333333333334,0.7916666666666666,12,
2,21,11,10,1-4-5-5,0.00023277467411545624,0.9997672253258846,2148,
2,21,11,10,1-4-5-6,0.0044598612487611496,0.9955401387512388,2018,
2,21,11,10,1-4-5-7,0.007832898172323759,0.9921671018276762,383,
2,21,11,10,1-4-5-8,0.015625,0.984375,32,
2,21,11,10,1-4-5-9,0.5,0.5,3,
2,21,11,10,1-4-6-6,0.006535947712418301,0.9934640522875817,459,
2,21,11,10,1-4-6-7,0.0029940119760479044,0.9970059880239521,334,
2,21,11,10,1-4-6-8,0.06862745098039216,0.9313725490196079,51,
2,21,11,10,1-4-6-9,0.5,0.5,2,
2,21,11,10,1-4-7-7,0.014285714285714285,0.9857142857142858,70,
2,21,11,10,1-4-7-8,0.07692307692307693,0.9230769230769231,26,
2,21,11,10,1-4-7-9,0.16666666666666666,0.8333333333333334,3,
2,21,11,10,1-4-8-8,0.5,0.5,6,
2,21,11,10,1-4-8-9,0.5,0.5,3,
2,21,11,10,1-5-5-5,0.036458333333333336,0.9635416666666666,288,
2,21,11,10,1-5-5-6,0.01680672268907563,0.9831932773109243,714,
2,21,11,10,1-5-5-7,0.013761467889908258,0.9862385321100917,109,
2,21,11,10,1-5-5-8,0.10526315789473684,0.8947368421052632,19,
2,21,11,10,1-5-6-6,0.004024144869215292,0.9959758551307847,497,
2,21,11,10,1-5-6-7,0.002932551319648094,0.9970674486803519,341,
2,21,11,10,1-5-6-8,0.11290322580645161,0.8870967741935484,31,
2,21,11,10,1-5-7-7,0.0763888888888889,0.9236111111111112,72,
2,21,11,10,1-5-7-8,0.1891891891891892,0.8108108108108109,37,
2,21,11,10,1-5-7-9,0.5,0.5,2,
2,21,11,10,1-5-8-8,0.07142857142857142,0.9285714285714286,7,
2,21,11,10,1-5-8-9,0.5,0.5,2,
2,21,11,10,1-6-6-6,0.18666666666666668,0.8133333333333334,75,
2,21,11,10,1-6-6-7,0.05603448275862069,0.9439655172413793,116,
2,21,11,10,1-6-6-8,0.5,0.5,11,
2,21,11,10,1-6-6-9,0.5,0.5,2,
2,21,11,10,1-6-7-7,0.2967032967032967,0.7032967032967034,91,
2,21,11,10,1-6-7-8,0.030612244897959183,0.9693877551020408,49,
2,21,11,10,1-6-7-9,0.5,0.5,1,
2,21,11,10,1-6-8-8,0.5,0.5,3,
2,21,11,10,1-6-8-9,0.25,0.75,4,
2,21,11,10,1-6-9-9,0.5,0.5,1,
2,21,11,10,1-7-7-7,0.5,0.5,11,
2,21,11,10,1-7-7-8,0.5,0.5,11,
2,21,11,10,1-7-8-8,0.5,0.5,4,
2,21,11,10,1-7-8-9,0.5,0.5,2,
2,21,11,10,2-2-2-2,0.9465301478953355,0.053469852104664393,293,
2,21,11,10,2-2-2-3,0.9932097156005827,0.006790284399417295,2517,
2,21,11,10,2-2-2-4,0.06862122468275665,0.9313787753172433,785,
2,21,11,10,2-2-2-5,0.052160832803012654,0.9478391671969874,291,
2,21,11,10,2-2-2-6,0.06818181818181818,0.9318181818181818,110,
2,21,11,10,2-2-2-7,0.44642857142857145,0.5535714285714286,28,
2,21,11,10,2-2-3-3,0.9803256509236262,0.01967434907637374,4557,
2,21,11,10,2-2-3-4,0.0009545020680878142,0.9990454979319122,6286,
2,21,11,10,2-2-3-5,0.0005712109672505713,0.9994287890327495,2626,
2,21,11,10,2-2-3-6,0.030687397708674305,0.9693126022913257,611,
2,21,11,10,2-2-3-7,0.004132231404958678,0.9958677685950413,121,
2,21,11,10,2-2-3-8,0.5,0.5,14,
2,21,11,10,2-2-4-4,0.024803794977036386,0.9751962050229637,2171,
2,21,11,10,2-2-4-5,0.0001849796522382538,0.9998150203477617,2703,
2,21,11,10,2-2-4-6,0.02365930599369085,0.9763406940063092,634,
2,21,11,10,2-2-4-7,0.0707070707070707,0.9292929292929293,99,
2,21,11,10,2-2-4-8,0.1111111111111111,0.8888888888888888,9,
2,21,11,10,2-2-5-5,0.007802340702210663,0.9921976592977894,769,
2,21,11,10,2-2-5-6,0.0007309941520467836,0.9992690058479532,684,
2,21,11,10,2-2-5-7,0.044,0.956,125,
2,21,11,10,2-2-5-8,0.5,0.5,7,
2,21,11,10,2-2-6-6,0.006289308176100629,0.9937106918238994,159,
2,21,11,10,2-2-6-7,0.07476635514018691,0.9252336448598131,107,
2,21,11,10,2-2-6-8,0.03333333333333333,0.9666666666666667,15,
2,21,11,10,2-2-6-9,0.5,0.5,1,
2,21,11,10,2-2-7-7,0.30357142857142855,0.6964285714285714,28,
2,21,11,10,2-2-7-8,0.15,0.85,10,
2,21,11,10,2-2-7-9,0.5,0.5,1,
2,21,11,10,2-2-8-8,0.5,0.5,4,
2,21,11,10,2-2-8-9,0.5,0.5,1,
2,21,11,10,2-3-3-10,0.5,0.5,1,
2,21,11,10,2-3-3-3,0.9878139678388628,0.012186032161137245,1895,
2,21,11,10,2-3-3-4,0.00013308490817141337,0.9998669150918286,7514,
2,21,11,10,2-3-3-5,0.00581805359661495,0.9941819464033851,2836,
2,21,11,10,2-3-3-6,0.002158273381294964,0.9978417266187051,695,
2,21,11,10,2-3-3-7,0.012195121951219513,0.9878048780487805,123,
2,21,11,10,2-3-3-8,0.18181818181818182,0.8181818181818182,11,
2,21,11,10,2-3-4-4,0.0008261731658955717,0.9991738268341044,6052,
2,21,11,10,2-3-4-5,0.000657030223390276,0.9993429697766097,7610,
2,21,11,10,2-3-4-6,0.00026014568158168577,0.9997398543184183,1922,
2,21,11,10,2-3-4-7,0.004437869822485207,0.9955621301775148,338,
2,21,11,10,2-3-4-8,0.3157894736842105,0.6842105263157895,38,
2,21,11,10,2-3-4-9,0.5,0.5,1,
2,21,11,10,2-3-5-5,0.000697350069735007,0.999302649930265,2151,
2,21,11,10,2-3-5-6,0.001654715940430226,0.9983452840595698,1813,
2,21,11,10,2-3-5-7,0.008645533141210375,0.9913544668587896,347,
2,21,11,10,2-3-5-8,0.25,0.75,26,
2,21,11,10,2-3-5-9,0.5,0.5,1,
2,21,11,10,2-3-6-6,0.028077753779697623,0.9719222462203023,463,
2,21,11,10,2-3-6-7,0.004559270516717325,0.9954407294832827,329,
2,21,11,10,2-3-6-8,0.1,0.9,35,
2,21,11,10,2-3-6-9,0.5,0.5,1,
2,21,11,10,2-3-7-7,0.006944444444444444,0.9930555555555556,72,
2,21,11,10,2-3-7-8,0.2727272727272727,0.7272727272727273,33,
2,21,11,10,2-3-7-9,0.5,0.5,1,
2,21,11,10,2-3-8-8,0.5,0.5,6,
2,21,11,10,2-3-8-9,0.5,0.5,2,
2,21,11,10,2-4-4-4,0.0006119951040391676,0.9993880048959608,817,
2,21,11,10,2-4-4-5,0.0018456995201181247,0.9981543004798819,2709,
2,21,11,10,2-4-4-6,0.023134328358208955,0.9768656716417911,670,
2,21,11,10,2-4-4-7,0.02586206896551724,0.9741379310344828,116,
2,21,11,10,2-4-4-8,0.5,0.5,10,
2,21,11,10,2-4-5-10,0.5,0.5,1,
2,21,11,10,2-4-5-5,0.0037443834248627058,0.9962556165751373,2003,
2,21,11,10,2-4-5-6,0.0008004268943436499,0.9991995731056563,1874,
2,21,11,10,2-4-5-7,0.006430868167202572,0.9935691318327974,311,
2,21,11,10,2-4-5-8,0.125,0.875,28,
2,21,11,10,2-4-5-9,0.5,0.5,1,
2,21,11,10,2-4-6-6,0.0236318407960199,0.9763681592039801,402,
2,21,11,10,2-4-6-7,0.0015337423312883436,0.9984662576687117,326,
2,21,11,10,2-4-6-8,0.3125,0.6875,32,
2,21,11,10,2-4-6-9,0.5,0.5,2,
2,21,11,10,2-4-7-10,0.5,0.5,1,
2,21,11,10,2-4-7-7,0.07017543859649122,0.9298245614035088,57,
2,21,11,10,2-4-7-8,0.25,0.75,32,
2,21,11,10,2-4-7-9,0.5,0.5,4,
2,21,11,10,2-4-8-8,0.5,0.5,3,
2,21,11,10,2-4-8-9,0.5,0.5,3,
2,21,11,10,2-5-5-5,0.07442748091603053,0.9255725190839694,262,
2,21,11,10,2-5-5-6,0.012841091492776886,0.9871589085072231,623,
2,21,11,10,2-5-5-7,0.15454545454545454,0.8454545454545455,110,
2,21,11,10,2-5-5-8,0.041666666666666664,0.9583333333333334,12,
2,21,11,10,2-5-6-6,0.05043859649122807,0.9495614035087719,456,
2,21,11,10,2-5-6-7,0.020689655172413793,0.9793103448275862,290,
2,21,11,10,2-5-6-8,0.5,0.5,28,
2,21,11,10,2-5-6-9,0.5,0.5,1,
2,21,11,10,2-5-7-7,0.0234375,0.9765625,64,
2,21,11,10,2-5-7-8,0.09302325581395349,0.9069767441860465,43,
2,21,11,10,2-5-8-8,0.16666666666666666,0.8333333333333334,9,
2,21,11,10,2-6-6-6,0.5,0.5,47,
2,21,11,10,2-6-6-7,0.22807017543859648,0.7719298245614035,114,
2,21,11,10,2-6-6-8,0.16666666666666666,0.8333333333333334,15,
2,21,11,10,2-6-7-7,0.008064516129032258,0.9919354838709677,62,
2,21,11,10,2-6-7-8,0.11842105263157894,0.881578947368421,38,
2,21,11,10,2-6-7-9,0.5,0.5,6,
2,21,11,10,2-6-8-8,0.5,0.5,11,
2,21,11,10,2-6-8-9,0.5,0.5,2,
2,21,11,10,2-6-9-9,0.0,1.0,2,DRAW
2,21,11,10,2-7-7-7,0.5,0.5,5,
2,21,11,10,2-7-7-8,0.5,0.5,9,
2,21,11,10,2-7-7-9,0.5,0.5,2,
2,21,11,10,2-7-8-8,0.5,0.5,10,
2,21,11,10,2-7-8-9,0.0,1.0,3,DRAW
2,21,11,10,2-7-9-9,0.0,1.0,1,DRAW
2,21,11,10,2-8-8-8,0.0,1.0,2,DRAW
2,21,11,10,2-8-8-9,0.0,1.0,1,DRAW
2,21,11,10,3-3-3-3,0.604188743271065,0.39581125672893513,89,
2,21,11,10,3-3-3-4,0.003842869342442357,0.9961571306575576,1171,
2,21,11,10,3-3-3-5,0.001201923076923077,0.9987980769230769,416,
2,21,11,10,3-3-3-6,0.09009009009009009,0.9099099099099099,111,
2,21,11,10,3-3-3-7,0.225,0.775,20,
2,21,11,10,3-3-4-4,0.0010602205258693808,0.9989397794741306,2358,
2,21,11,10,3-3-4-5,0.0005434782608695652,0.9994565217391305,2760,
2,21,11,10,3-3-4-6,0.0015313935681470138,0.998468606431853,653,
2,21,11,10,3-3-4-7,0.035,0.965,100,
2,21,11,10,3-3-4-8,0.5,0.5,13,
2,21,11,10,3-3-5-5,0.0026041666666666665,0.9973958333333334,768,
2,21,11,10,3-3-5-6,0.0027397260273972603,0.9972602739726028,730,
2,21,11,10,3-3-5-7,0.2782258064516129,0.7217741935483871,124,
2,21,11,10,3-3-5-8,0.5,0.5,9,
2,21,11,10,3-3-6-6,0.047619047619047616,0.9523809523809523,147,
2,21,11,10,3-3-6-7,0.02727272727272727,0.9727272727272728,110,
2,21,11,10,3-3-6-8,0.21875,0.78125,16,
2,21,11,10,3-3-6-9,0.5,0.5,1,
2,21,11,10,3-3-7-7,0.03571428571428571,0.9642857142857143,14,
2,21,11,10,3-3-7-8,0.5,0.5,19,
2,21,11,10,3-3-8-8,0.5,0.5,2,
2,21,11,10,3-4-4-4,0.014909638554216868,0.9850903614457831,830,
2,21,11,10,3-4-4-5,0.005127298444130127,0.9948727015558698,2828,
2,21,11,10,3-4-4-6,0.017345399698340876,0.9826546003016591,663,
2,21,11,10,3-4-4-7,0.03271028037383177,0.9672897196261683,107,
2,21,11,10,3-4-4-8,0.5,0.5,2,
2,21,11,10,3-4-4-9,0.5,0.5,1,
2,21,11,10,3-4-5-5,0.0004889975550122249,0.9995110024449878,2045,
2,21,11,10,3-4-5-6,0.0002735229759299781,0.99972647702407,1828,
2,21,11,10,3-4-5-7,0.015625,0.984375,288,
2,21,11,10,3-4-5-8,0.058823529411764705,0.9411764705882353,34,
2,21,11,10,3-4-6-6,0.06553398058252427,0.9344660194174758,412,
2,21,11,10,3-4-6-7,0.06761006289308176,0.9323899371069182,318,
2,21,11,10,3-4-6-8,0.1125,0.8875,40,
2,21,11,10,3-4-6-9,0.5,0.5,2,
2,21,11,10,3-4-7-7,0.03125,0.96875,64,
2,21,11,10,3-4-7-8,0.1875,0.8125,32,
2,21,11,10,3-4-7-9,0.5,0.5,1,
2,21,11,10,3-4-8-8,0.5,0.5,10,
2,21,11,10,3-4-8-9,0.5,0.5,2,
2,21,11,10,3-4-9-9,0.5,0.5,1,
2,21,11,10,3-5-5-5,0.018072289156626505,0.9819277108433735,249,
2,21,11,10,3-5-5-6,0.003961965134706815,0.9960380348652932,631,
2,21,11,10,3-5-5-7,0.02247191011235955,0.9775280898876404,89,
2,21,11,10,3-5-5-8,0.5,0.5,4,
2,21,11,10,3-5-5-9,0.5,0.5,1,
2,21,11,10,3-5-6-6,0.00909090909090909,0.990909090909091,440,
2,21,11,10,3-5-6-7,0.016320474777448073,0.983679525222552,337,
2,21,11,10,3-5-6-8,0.19047619047619047,0.8095238095238095,21,
2,21,11,10,3-5-7-7,0.02027027027027027,0.9797297297297297,74,
2,21,11,10,3-5-7-8,0.3020833333333333,0.6979166666666666,48,
2,21,11,10,3-5-7-9,0.5,0.5,4,
2,21,11,10,3-5-8-8,0.5,0.5,4,
2,21,11,10,3-6-6-6,0.0851063829787234,0.9148936170212766,47,
2,21,11,10,3-6-6-7,0.5,0.5,122,
2,21,11,10,3-6-6-8,0.5,0.5,4,
2,21,11,10,3-6-6-9,0.5,0.5,1,
2,21,11,10,3-6-7-7,0.007246376811594203,0.9927536231884058,69,
2,21,11,10,3-6-7-8,0.5,0.5,38,
2,21,11,10,3-6-7-9,0.5,0.5,4,
2,21,11,10,3-6-8-8,0.5,0.5,7,
2,21,11,10,3-6-8-9,0.0,1.0,4,DRAW
2,21,11,10,3-7-7-7,0.5,0.5,8,
2,21,11,10,3-7-7-8,0.5,0.5,8,
2,21,11,10,3-7-7-9,0.0,1.0,1,DRAW
2,21,11,10,3-7-8-8,0.0,1.0,10,DRAW
2,21,11,10,3-7-8-9,0.0,1.0,5,DRAW
2,21,11,10,3-8-8-8,0.0,1.0,1,DRAW
2,21,11,10,3-8-8-9,0.0,1.0,1,DRAW
2,21,11,10,3-8-9-9,0.0,1.0,1,DRAW
2,21,11,10,4-4-4-4,0.5,0.5,33,
2,21,11,10,4-4-4-5,0.022556390977443608,0.9774436090225563,399,
2,21,11,10,4-4-4-6,0.030864197530864196,0.9691358024691358,81,
2,21,11,10,4-4-4-7,0.16666666666666666,0.8333333333333334,12,
2,21,11,10,4-4-5-5,0.013970588235294118,0.9860294117647059,680,
2,21,11,10,4-4-5-6,0.008136094674556213,0.9918639053254438,676,
2,21,11,10,4-4-5-7,0.16483516483516483,0.8351648351648352,91,
2,21,11,10,4-4-5-8,0.5,0.5,6,
2,21,11,10,4-4-6-6,0.1956521739130435,0.8043478260869565,138,
2,21,11,10,4-4-6-7,0.014150943396226415,0.9858490566037735,106,
2,21,11,10,4-4-6-8,0.36363636363636365,0.6363636363636364,11,
2,21,11,10,4-4-7-7,0.48,0.52,25,
2,21,11,10,4-4-7-8,0.5,0.5,9,
2,21,11,10,4-4-8-8,0.5,0.5,2,
2,21,11,10,4-4-8-9,0.5,0.5,3,
2,21,11,10,4-5-5-5,0.0019011406844106464,0.9980988593155894,263,
2,21,11,10,4-5-5-6,0.010093167701863354,0.9899068322981367,644,
2,21,11,10,4-5-5-7,0.5,0.5,97,
2,21,11,10,4-5-5-8,0.5,0.5,6,
2,21,11,10,4-5-6-6,0.016842105263157894,0.9831578947368421,475,
2,21,11,10,4-5-6-7,0.015358361774744027,0.984641638225256,293,
2,21,11,10,4-5-6-8,0.43548387096774194,0.5645161290322581,31,
2,21,11,10,4-5-6-9,0.5,0.5,1,
2,21,11,10,4-5-7-7,0.5,0.5,67,
2,21,11,10,4-5-7-8,0.5,0.5,29,
2,21,11,10,4-5-8-8,0.5,0.5,6,
2,21,11,10,4-5-8-9,0.0,1.0,2,DRAW
2,21,11,10,4-5-9-9,0.0,1.0,2,DRAW
2,21,11,10,4-6-6-6,0.5,0.5,51,
2,21,11,10,4-6-6-7,0.05392156862745098,0.946078431372549,102,
2,21,11,10,4-6-6-8,0.041666666666666664,0.9583333333333334,12,
2,21,11,10,4-6-6-9,0.5,0.5,1,
2,21,11,10,4-6-7-7,0.5,0.5,69,
2,21,11,10,4-6-7-8,0.10344827586206896,0.896551724137931,29,
2,21,11,10,4-6-7-9,0.0,1.0,1,DRAW
2,21,11,10,4-6-8-8,0.0,1.0,9,DRAW
2,21,11,10,4-6-8-9,0.0,1.0,2,DRAW
2,21,11,10,4-6-9-10,0.0,1.0,1,DRAW
2,21,11,10,4-7-7-7,0.5,0.5,4,
2,21,11,10,4-7-7-8,0.0,1.0,16,DRAW
2,21,11,10,4-7-7-9,0.0,1.0,1,DRAW
2,21,11,10,4-7-8-8,0.0,1.0,10,DRAW
2,21,11,10,4-7-8-9,0.0,1.0,4,DRAW
2,21,11,10,4-8-9-9,0.0,1.0,1,DRAW
2,21,11,10,5-5-5-5,0.5,0.5,7,
2,21,11,10,5-5-5-6,0.033707865168539325,0.9662921348314607,89,
2,21,11,10,5-5-5-7,0.5,0.5,11,
2,21,11,10,5-5-5-8,0.125,0.875,4,
2,21,11,10,5-5-5-9,0.5,0.5,1,
2,21,11,10,5-5-6-6,0.3352941176470588,0.6647058823529411,170,
2,21,11,10,5-5-6-7,0.3045977011494253,0.6954022988505747,87,
2,21,11,10,5-5-6-8,0.5,0.5,7,
2,21,11,10,5-5-7-7,0.5,0.5,28,
2,21,11,10,5-5-7-8,0.15,0.85,10,
2,21,11,10,5-5-7-9,0.0,1.0,1,DRAW
2,21,11,10,5-5-8-8,0.0,1.0,3,DRAW
2,21,11,10,5-6-6-6,0.5,0.5,53,
2,21,11,10,5-6-6-7,0.012605042016806723,0.9873949579831933,119,
2,21,11,10,5-6-6-8,0.5,0.5,16,
2,21,11,10,5-6-6-9,0.0,1.0,2,DRAW
2,21,11,10,5-6-7-7,0.08,0.92,75,
2,21,11,10,5-6-7-8,0.0,1.0,41,DRAW
2,21,11,10,5-6-7-9,0.0,1.0,5,DRAW
2,21,11,10,5-6-8-8,0.0,1.0,13,DRAW
2,21,11,10,5-6-8-9,0.0,1.0,1,DRAW
2,21,11,10,5-7-7-7,0.0,1.0,6,DRAW
2,21,11,10,5-7-7-8,0.0,1.0,14,DRAW
2,21,11,10,5-7-7-9,0.0,1.0,1,DRAW
2,21,11,10,5-7-8-8,0.0,1.0,6,DRAW
2,21,11,10,5-7-8-9,0.0,1.0,3,DRAW
2,21,11,10,5-8-8-8,0.0,1.0,1,DRAW
2,21,11,10,5-8-8-9,0.0,1.0,2,DRAW
2,21,11,10,5-8-9-10,0.0,1.0,1,DRAW
2,21,11,10,6-6-6-6,0.5,0.5,1,
2,21,11,10,6-6-6-7,0.5,0.5,8,
2,21,11,10,6-6-6-8,0.0,1.0,2,DRAW
2,21,11,10,6-6-7-7,0.0,1.0,19,DRAW
2,21,11,10,6-6-7-8,0.0,1.0,23,DRAW
2,21,11,10,6-6-7-9,0.0,1.0,1,DRAW
2,21,11,10,6-6-8-8,0.0,1.0,5,DRAW
2,21,11,10,6-6-8-9,0.0,1.0,2,DRAW
2,21,11,10,6-7-7-7,0.0,1.0,17,DRAW
2,21,11,10,6-7-7-8,0.0,1.0,14,DRAW
2,21,11,10,6-7-8-8,0.0,1.0,7,DRAW
2,21,11,10,6-7-8-9,0.0,1.0,5,DRAW
2,21,11,10,6-8-8-9,0.0,1.0,1,DRAW
2,21,11,10,6-8-9-9,0.0,1.0,1,DRAW
2,21,11,10,7-7-8-8,0.0,1.0,2,DRAW
2,23,12,11,1-1-1-1,1.0,0.0,31,STOP
2,23,12,11,1-1-1-2,1.0,0.0,2613,STOP
2,23,12,11,1-1-1-3,1.0,0.0,882,STOP
2,23,12,11,1-1-1-4,0.12845865985039814,0.8715413401496018,807,
2,23,12,11,1-1-1-5,0.00425531914893617,0.9957446808510638,235,
2,23,12,11,1-1-1-6,0.036231884057971016,0.9637681159420289,69,
2,23,12,11,1-1-1-7,0.5,0.5,9,
2,23,12,11,1-1-1-8,0.5,0.5,1,
2,23,12,11,1-1-2-2,0.0,1.0,21310,DRAW
2,23,12,11,1-1-2-3,0.9889761451509564,0.011023854849043476,17052,
2,23,12,11,1-1-2-4,0.01254587823503261,0.9874541217649675,8963,
2,23,12,11,1-1-2-5,0.0003824091778202677,0.9996175908221797,2615,
2,23,12,11,1-1-2-6,0.0027726432532347504,0.9972273567467652,541,
2,23,12,11,1-1-2-7,0.2330508474576271,0.7669491525423728,59,
2,23,12,11,1-1-3-3,0.9719843091150973,0.028015690884902803,4764,
2,23,12,11,1-1-3-4,0.00031355825912454536,0.9996864417408755,7973,
2,23,12,11,1-1-3-5,0.01428131163956654,0.9857186883604334,2515,
2,23,12,11,1-1-3-6,0.001893939393939394,0.9981060606060606,528,
2,23,12,11,1-1-3-7,0.02,0.98,75,
2,23,12,11,1-1-3-8,0.5,0.5,4,
2,23,12,11,1-1-3-9,0.5,0.5,1,
2,23,12,11,1-1-4-4,0.00034223134839151255,0.9996577686516084,2435,
2,23,12,11,1-1-4-5,0.000589159465828751,0.9994108405341713,2546,
2,23,12,11,1-1-4-6,0.04553903345724906,0.9544609665427509,538,
2,23,12,11,1-1-4-7,0.09375,0.90625,64,
2,23,12,11,1-1-4-8,0.5,0.5,3,
2,23,12,11,1-1-5-5,0.007890961262553802,0.9921090387374462,697,
2,23,12,11,1-1-5-6,0.0255863539445629,0.9744136460554371,469,
2,23,12,11,1-1-5-7,0.006172839506172839,0.9938271604938271,81,
2,23,12,11,1-1-5-8,0.5,0.5,1,
2,23,12,11,1-1-6-6,0.003937007874015748,0.9960629921259843,127,
2,23,12,11,1-1-6-7,0.012987012987012988,0.987012987012987,77,
2,23,12,11,1-1-6-8,0.25,0.75,4,
2,23,12,11,1-1-7-7,0.06666666666666667,0.9333333333333333,15,
2,23,12,11,1-1-7-8,0.5,0.5,5,
2,23,12,11,1-1-7-9,0.5,0.5,1,
2,23,12,11,1-2-2-2,0.9259299798804856,0.07407002011951443,6255,
2,23,12,11,1-2-2-3,0.9017709914447251,0.098229008555275,17001,
2,23,12,11,1-2-2-4,0.00040955631399317407,0.9995904436860068,7325,
2,23,12,11,1-2-2-5,0.0009523809523809524,0.9990476190476191,2625,
2,23,12,11,1-2-2-6,0.0009671179883945841,0.9990328820116054,517,
2,23,12,11,1-2-2-7,0.0078125,0.9921875,64,
2,23,12,11,1-2-2-8,0.5,0.5,6,
2,23,12,11,1-2-3-3,0.8847114711055246,0.11528852889447544,12685,
2,23,12,11,1-2-3-4,0.00035156038725728814,0.9996484396127427,18489,
2,23,12,11,1-2-3-5,0.0001421262080727686,0.9998578737919273,7036,
2,23,12,11,1-2-3-6,0.0027491408934707906,0.9972508591065292,1455,
2,23,12,11,1-2-3-7,0.008522727272727272,0.9914772727272727,176,
2,23,12,11,1-2-3-8,0.32142857142857145,0.6785714285714286,14,
2,23,12,11,1-2-4-4,0.00016661112962345885,0.9998333888703765,6002,
2,23,12,11,1-2-4-5,0.0009285714285714286,0.9990714285714286,7000,
2,23,12,11,1-2-4-6,0.01073279052553664,0.9892672094744633,1351,
2,23,12,11,1-2-4-7,0.008333333333333333,0.9916666666666667,180,
2,23,12,11,1-2-4-8,0.05555555555555555,0.9444444444444444,9,
2,23,12,11,1-2-5-5,0.0011235955056179776,0.998876404494382,1780,
2,23,12,11,1-2-5-6,0.010687022900763359,0.9893129770992366,1310,
2,23,12,11,1-2-5-7,0.05,0.95,170,
2,23,12,11,1-2-5-8,0.5,0.5,8,
2,23,12,11,1-2-6-6,0.001557632398753894,0.9984423676012462,321,
2,23,12,11,1-2-6-7,0.0024752475247524753,0.9975247524752475,202,
2,23,12,11,1-2-6-8,0.16666666666666666,0.8333333333333334,12,
2,23,12,11,1-2-7-7,0.01282051282051282,0.9871794871794872,39,
2,23,12,11,1-2-7-8,0.5,0.5,8,
2,23,12,11,1-2-8-8,0.5,0.5,3,
2,23,12,11,1-2-8-9,0.5,0.5,1,
2,23,12,11,1-3-3-3,0.8628015874505776,0.13719841254942233,1810,
2,23,12,11,1-3-3-4,0.002179677317873354,0.9978203226821266,7417,
2,23,12,11,1-3-3-5,0.0017142857142857142,0.9982857142857143,2625,
2,23,12,11,1-3-3-6,0.0027726432532347504,0.9972273567467652,541,
2,23,12,11,1-3-3-7,0.08641975308641975,0.9135802469135802,81,
2,23,12,11,1-3-3-8,0.5,0.5,7,
2,23,12,11,1-3-4-4,0.000333667000333667,0.9996663329996663,5994,
2,23,12,11,1-3-4-5,7.723200494284832e-05,0.9999227679950572,6474,
2,23,12,11,1-3-4-6,0.0007087172218284905,0.9992912827781715,1411,
2,23,12,11,1-3-4-7,0.0175,0.9825,200,
2,23,12,11,1-3-4-8,0.08333333333333333,0.9166666666666666,12,
2,23,12,11,1-3-5-5,0.00624256837098692,0.9937574316290131,1682,
2,23,12,11,1-3-5-6,0.0003676470588235294,0.9996323529411765,1360,
2,23,12,11,1-3-5-7,0.03201970443349754,0.9679802955665024,203,
2,23,12,11,1-3-5-8,0.2692307692307692,0.7307692307692307,13,
2,23,12,11,1-3-5-9,0.5,0.5,1,
2,23,12,11,1-3-6-6,0.0016556291390728477,0.9983443708609272,302,
2,23,12,11,1-3-6-7,0.045454545454545456,0.9545454545454546,165,
2,23,12,11,1-3-6-8,0.5,0.5,10,
2,23,12,11,1-3-7-7,0.024390243902439025,0.975609756097561,41,
2,23,12,11,1-3-7-8,0.5,0.5,10,
2,23,12,11,1-3-8-8,0.5,0.5,1,
2,23,12,11,1-3-9-9,0.5,0.5,1,
2,23,12,11,1-4-4-4,0.0012376237623762376,0.9987623762376238,808,
2,23,12,11,1-4-4-5,0.0014824227022448115,0.9985175772977551,2361,
2,23,12,11,1-4-4-6,0.008016032064128256,0.9919839679358717,499,
2,23,12,11,1-4-4-7,0.41964285714285715,0.5803571428571429,56,
2,23,12,11,1-4-4-8,0.5,0.5,2,
2,23,12,11,1-4-5-5,0.002328288707799767,0.9976717112922002,1718,
2,23,12,11,1-4-5-6,0.0036153289949385392,0.9963846710050615,1383,
2,23,12,11,1-4-5-7,0.05324074074074074,0.9467592592592593,216,
2,23,12,11,1-4-5-8,0.03125,0.96875,16,
2,23,12,11,1-4-6-6,0.010526315789473684,0.9894736842105263,285,
2,23,12,11,1-4-6-7,0.013966480446927373,0.9860335195530726,179,
2,23,12,11,1-4-6-8,0.5,0.5,21,
2,23,12,11,1-4-7-7,0.016666666666666666,0.9833333333333333,30,
2,23,12,11,1-4-7-8,0.15,0.85,10,
2,23,12,11,1-4-7-9,0.5,0.5,1,
2,23,12,11,1-4-8-8,0.5,0.5,1,
2,23,12,11,1-5-5-5,0.05021834061135371,0.9497816593886463,229,
2,23,12,11,1-5-5-6,0.0011086474501108647,0.9988913525498891,451,
2,23,12,11,1-5-5-7,0.020833333333333332,0.9791666666666666,48,
2,23,12,11,1-5-5-8,0.3333333333333333,0.6666666666666666,9,
2,23,12,11,1-5-6-6,0.004672897196261682,0.9953271028037384,321,
2,23,12,11,1-5-6-7,0.434375,0.565625,160,
2,23,12,11,1-5-6-8,0.5,0.5,11,
2,23,12,11,1-5-7-7,0.5,0.5,33,
2,23,12,11,1-5-7-8,0.16666666666666666,0.8333333333333334,12,
2,23,12,11,1-5-8-8,0.5,0.5,2,
2,23,12,11,1-6-6-6,0.41836734693877553,0.5816326530612245,49,
2,23,12,11,1-6-6-7,0.5,0.5,46,
2,23,12,11,1-6-6-8,0.5,0.5,5,
2,23,12,11,1-6-7-7,0.5,0.5,40,
2,23,12,11,1-6-7-8,0.075,0.925,20,
2,23,12,11,1-6-9-9,0.5,0.5,1,
2,23,12,11,1-7-7-7,0.5,0.5,3,
2,23,12,11,1-7-7-8,0.5,0.5,3,
2,23,12,11,1-7-8-8,0.5,0.5,1,
2,23,12,11,2-2-2-2,0.983433734939759,0.016566265060240965,332,
2,23,12,11,2-2-2-3,0.962605238335892,0.03739476166410804,2651,
2,23,12,11,2-2-2-4,0.028669632486487472,0.9713303675135125,868,
2,23,12,11,2-2-2-5,0.0035211267605633804,0.9964788732394366,284,
2,23,12,11,2-2-2-6,0.058823529411764705,0.9411764705882353,68,
2,23,12,11,2-2-2-7,0.5,0.5,8,
2,23,12,11,2-2-3-3,0.9961026511278256,0.0038973488721743724,4565,
2,23,12,11,2-2-3-4,0.0007765180928715639,0.9992234819071284,6439,
2,23,12,11,2-2-3-5,0.0028142589118198874,0.9971857410881801,2132,
2,23,12,11,2-2-3-6,0.007407407407407408,0.9925925925925926,405,
2,23,12,11,2-2-3-7,0.015873015873015872,0.9841269841269841,63,
2,23,12,11,2-2-3-8,0.5,0.5,3,
2,23,12,11,2-2-4-4,0.006261207866022309,0.9937387921339776,1994,
2,23,12,11,2-2-4-5,0.00023094688221709007,0.9997690531177829,2165,
2,23,12,11,2-2-4-6,0.022556390977443608,0.9774436090225563,399,
2,23,12,11,2-2-4-7,0.32432432432432434,0.6756756756756757,37,
2,23,12,11,2-2-4-8,0.25,0.75,2,
2,23,12,11,2-2-5-5,0.013793103448275862,0.9862068965517241,580,
2,23,12,11,2-2-5-6,0.016163793103448277,0.9838362068965517,464,
2,23,12,11,2-2-5-7,0.16981132075471697,0.8301886792452831,53,
2,23,12,11,2-2-5-8,0.16666666666666666,0.8333333333333334,3,
2,23,12,11,2-2-6-6,0.005319148936170213,0.9946808510638298,94,
2,23,12,11,2-2-6-7,0.05555555555555555,0.9444444444444444,63,
2,23,12,11,2-2-6-8,0.0625,0.9375,8,
2,23,12,11,2-2-7-7,0.5,0.5,8,
2,23,12,11,2-2-7-8,0.5,0.5,2,
2,23,12,11,2-2-8-8,0.5,0.5,1,
2,23,12,11,2-2-8-9,0.5,0.5,1,
2,23,12,11,2-3-3-3,0.9602053265493805,0.039794673450619475,1810,
2,23,12,11,2-3-3-4,0.0012206700122067001,0.9987793299877933,7373,
2,23,12,11,2-3-3-5,0.0008635578583765112,0.9991364421416234,2316,
2,23,12,11,2-3-3-6,0.0010183299389002036,0.9989816700610998,491,
2,23,12,11,2-3-3-7,0.014925373134328358,0.9850746268656716,67,
2,23,12,11,2-3-3-8,0.5,0.5,4,
2,23,12,11,2-3-4-4,0.002191444600280505,0.9978085553997195,5704,
2,23,12,11,2-3-4-5,0.0032981530343007917,0.9967018469656992,6064,
2,23,12,11,2-3-4-6,0.0020177562550443904,0.9979822437449556,1239,
2,23,12,11,2-3-4-7,0.10828025477707007,0.89171974522293,157,
2,23,12,11,2-3-4-8,0.3,0.7,10,
2,23,12,11,2-3-4-9,0.5,0.5,1,
2,23,12,11,2-3-5-5,0.005698860227954409,0.9943011397720456,1667,
2,23,12,11,2-3-5-6,0.0020458265139116204,0.9979541734860884,1222,
2,23,12,11,2-3-5-7,0.0427807486631016,0.9572192513368984,187,
2,23,12,11,2-3-5-8,0.5,0.5,8,
2,23,12,11,2-3-6-6,0.021825396825396824,0.9781746031746031,252,
2,23,12,11,2-3-6-7,0.0029239766081871343,0.9970760233918129,171,
2,23,12,11,2-3-6-8,0.08333333333333333,0.9166666666666666,12,
2,23,12,11,2-3-7-7,0.2833333333333333,0.7166666666666667,30,
2,23,12,11,2-3-7-8,0.5,0.5,10,
2,23,12,11,2-3-8-8,0.5,0.5,2,
2,23,12,11,2-4-4-4,0.026515151515151516,0.9734848484848485,726,
2,23,12,11,2-4-4-5,0.001889466225791214,0.9981105337742088,2117,
2,23,12,11,2-4-4-6,0.0023923444976076554,0.9976076555023924,418,
2,23,12,11,2-4-4-7,0.07692307692307693,0.9230769230769231,65,
2,23,12,11,2-4-4-8,0.5,0.5,2,
2,23,12,11,2-4-5-5,0.0016191709844559584,0.998380829015544,1544,
2,23,12,11,2-4-5-6,0.03281519861830743,0.9671848013816926,1158,
2,23,12,11,2-4-5-7,0.07575757575757576,0.9242424242424242,165,
2,23,12,11,2-4-5-8,0.5,0.5,6,
2,23,12,11,2-4-5-9,0.5,0.5,1,
2,23,12,11,2-4-6-6,0.020242914979757085,0.979757085020243,247,
2,23,12,11,2-4-6-7,0.14906832298136646,0.8509316770186336,161,
2,23,12,11,2-4-6-8,0.5,0.5,6,
2,23,12,11,2-4-6-9,0.5,0.5,1,
2,23,12,11,2-4-7-7,0.48,0.52,25,
2,23,12,11,2-4-7-8,0.5,0.5,9,
2,23,12,11,2-4-7-9,0.5,0.5,1,
2,23,12,11,2-4-8-9,0.5,0.5,2,
2,23,12,11,2-5-5-5,0.0425531914893617,0.9574468085106383,188,
2,23,12,11,2-5-5-6,0.021164021164021163,0.9788359788359788,378,
2,23,12,11,2-5-5-7,0.09090909090909091,0.9090909090909091,44,
2,23,12,11,2-5-5-8,0.5,0.5,9,
2,23,12,11,2-5-6-6,0.11913357400722022,0.8808664259927798,277,
2,23,12,11,2-5-6-7,0.017241379310344827,0.9827586206896551,174,
2,23,12,11,2-5-6-8,0.5,0.5,9,
2,23,12,11,2-5-7-7,0.017241379310344827,0.9827586206896551,29,
2,23,12,11,2-5-7-8,0.23333333333333334,0.7666666666666667,15,
2,23,12,11,2-5-8-8,0.5,0.5,3,
2,23,12,11,2-5-8-9,0.5,0.5,1,
2,23,12,11,2-6-6-6,0.5,0.5,17,
2,23,12,11,2-6-6-7,0.5,0.5,52,
2,23,12,11,2-6-6-8,0.5,0.5,5,
2,23,12,11,2-6-7-7,0.023809523809523808,0.9761904761904762,21,
2,23,12,11,2-6-7-8,0.5,0.5,19,
2,23,12,11,2-6-7-9,0.5,0.5,2,
2,23,12,11,2-6-8-8,0.5,0.5,2,
2,23,12,11,2-6-8-9,0.5,0.5,1,
2,23,12,11,2-7-7-7,0.5,0.5,1,
2,23,12,11,2-7-7-8,0.5,0.5,3,
2,23,12,11,2-7-7-9,0.5,0.5,1,
2,23,12,11,2-7-8-8,0.5,0.5,2,
2,23,12,11,2-7-8-9,0.0,1.0,1,DRAW
2,23,12,11,2-8-8-8,0.0,1.0,1,DRAW
2,23,12,11,3-3-3-3,0.4669388028512252,0.5330611971487749,100,
2,23,12,11,3-3-3-4,0.003424657534246575,0.9965753424657534,1168,
2,23,12,11,3-3-3-5,0.0014705882352941176,0.9985294117647059,340,
2,23,12,11,3-3-3-6,0.6159420289855072,0.38405797101449274,69,
2,23,12,11,3-3-3-7,0.5,0.5,9,
2,23,12,11,3-3-4-4,0.002127659574468085,0.997872340425532,2115,
2,23,12,11,3-3-4-5,0.0031545741324921135,0.9968454258675079,2219,
2,23,12,11,3-3-4-6,0.019002375296912115,0.9809976247030879,421,
2,23,12,11,3-3-4-7,0.025,0.975,40,
2,23,12,11,3-3-4-8,0.5,0.5,3,
2,23,12,11,3-3-5-5,0.0016835016835016834,0.9983164983164983,594,
2,23,12,11,3-3-5-6,0.015991471215351813,0.9840085287846482,469,
2,23,12,11,3-3-5-7,0.2894736842105263,0.7105263157894737,57,
2,23,12,11,3-3-6-6,0.07692307692307693,0.9230769230769231,78,
2,23,12,11,3-3-6-7,0.025423728813559324,0.9745762711864406,59,
2,23,12,11,3-3-6-8,0.5,0.5,5,
2,23,12,11,3-3-7-7,0.5,0.5,7,
2,23,12,11,3-3-7-8,0.5,0.5,5,
2,23,12,11,3-4-4-4,0.002124645892351275,0.9978753541076487,706,
2,23,12,11,3-4-4-5,0.002644336712208021,0.997355663287792,2269,
2,23,12,11,3-4-4-6,0.03395784543325527,0.9660421545667447,427,
2,23,12,11,3-4-4-7,0.5,0.5,68,
2,23,12,11,3-4-4-8,0.5,0.5,1,
2,23,12,11,3-4-5-5,0.00033200531208499334,0.999667994687915,1506,
2,23,12,11,3-4-5-6,0.01678951678951679,0.9832104832104832,1221,
2,23,12,11,3-4-5-7,0.18627450980392157,0.8137254901960784,153,
2,23,12,11,3-4-5-8,0.125,0.875,8,
2,23,12,11,3-4-6-6,0.5,0.5,236,
2,23,12,11,3-4-6-7,0.06645569620253164,0.9335443037974683,158,
2,23,12,11,3-4-6-8,0.5,0.5,13,
2,23,12,11,3-4-7-7,0.02702702702702703,0.972972972972973,37,
2,23,12,11,3-4-7-8,0.5,0.5,14,
2,23,12,11,3-4-8-8,0.5,0.5,2,
2,23,12,11,3-4-9-9,0.5,0.5,1,
2,23,12,11,3-5-5-5,0.005494505494505495,0.9945054945054945,182,
2,23,12,11,3-5-5-6,0.0024449877750611247,0.9975550122249389,409,
2,23,12,11,3-5-5-7,0.01282051282051282,0.9871794871794872,39,
2,23,12,11,3-5-6-6,0.015151515151515152,0.9848484848484849,264,
2,23,12,11,3-5-6-7,0.15625,0.84375,160,
2,23,12,11,3-5-6-8,0.5,0.5,6,
2,23,12,11,3-5-7-7,0.4107142857142857,0.5892857142857143,28,
2,23,12,11,3-5-7-8,0.32142857142857145,0.6785714285714286,14,
2,23,12,11,3-5-8-8,0.5,0.5,2,
2,23,12,11,3-6-6-6,0.5,0.5,25,
2,23,12,11,3-6-6-7,0.5,0.5,40,
2,23,12,11,3-6-6-8,0.5,0.5,7,
2,23,12,11,3-6-7-7,0.013888888888888888,0.9861111111111112,36,
2,23,12,11,3-6-7-8,0.5,0.5,11,
2,23,12,11,3-6-8-8,0.5,0.5,2,
2,23,12,11,3-6-8-9,0.0,1.0,1,DRAW
2,23,12,11,3-7-7-7,0.5,0.5,4,
2,23,12,11,3-7-7-8,0.5,0.5,1,
2,23,12,11,3-7-8-8,0.0,1.0,5,DRAW
2,23,12,11,3-7-8-9,0.0,1.0,2,DRAW
2,23,12,11,3-8-8-9,0.0,1.0,1,DRAW
2,23,12,11,4-4-4-4,0.5,0.5,27,
2,23,12,11,4-4-4-5,0.01746031746031746,0.9825396825396825,315,
2,23,12,11,4-4-4-6,0.22,0.78,50,
2,23,12,11,4-4-4-7,0.5,0.5,6,
2,23,12,11,4-4-5-5,0.028,0.972,500,
2,23,12,11,4-4-5-6,0.008333333333333333,0.9916666666666667,420,
2,23,12,11,4-4-5-7,0.5,0.5,37,
2,23,12,11,4-4-5-8,0.5,0.5,3,
2,23,12,11,4-4-6-6,0.040229885057471264,0.9597701149425287,87,
2,23,12,11,4-4-6-7,0.00980392156862745,0.9901960784313726,51,
2,23,12,11,4-4-6-8,0.5,0.5,4,
2,23,12,11,4-4-7-7,0.5,0.5,8,
2,23,12,11,4-4-7-8,0.5,0.5,4,
2,23,12,11,4-4-8-8,0.5,0.5,1,
2,23,12,11,4-5-5-5,0.017045454545454544,0.9829545454545454,176,
2,23,12,11,4-5-5-6,0.09133489461358314,0.9086651053864169,427,
2,23,12,11,4-5-5-7,0.5,0.5,29,
2,23,12,11,4-5-5-8,0.5,0.5,1,
2,23,12,11,4-5-6-6,0.245136186770428,0.754863813229572,257,
2,23,12,11,4-5-6-7,0.30625,0.69375,160,
2,23,12,11,4-5-6-8,0.5,0.5,7,
2,23,12,11,4-5-7-7,0.5,0.5,21,
2,23,12,11,4-5-7-8,0.5,0.5,6,
2,23,12,11,4-5-7-9,0.5,0.5,1,
2,23,12,11,4-5-8-8,0.5,0.5,1,
2,23,12,11,4-5-8-9,0.0,1.0,1,DRAW
2,23,12,11,4-6-6-6,0.045454545454545456,0.9545454545454546,22,
2,23,12,11,4-6-6-7,0.05555555555555555,0.9444444444444444,54,
2,23,12,11,4-6-6-8,0.5,0.5,4,
2,23,12,11,4-6-7-7,0.5,0.5,23,
2,23,12,11,4-6-7-8,0.5,0.5,11,
2,23,12,11,4-6-8-8,0.0,1.0,3,DRAW
2,23,12,11,4-7-7-7,0.5,0.5,1,
2,23,12,11,4-7-7-8,0.0,1.0,8,DRAW
2,23,12,11,4-7-8-8,0.0,1.0,3,DRAW
2,23,12,11,4-7-8-9,0.0,1.0,1,DRAW
2,23,12,11,4-8-9-9,0.0,1.0,1,DRAW
2,23,12,11,5-5-5-5,0.5,0.5,8,
2,23,12,11,5-5-5-6,0.15306122448979592,0.8469387755102041,49,
2,23,12,11,5-5-5-8,0.5,0.5,1,
2,23,12,11,5-5-5-9,0.5,0.5,1,
2,23,12,11,5-5-6-6,0.2857142857142857,0.7142857142857143,77,
2,23,12,11,5-5-6-7,0.07575757575757576,0.9242424242424242,33,
2,23,12,11,5-5-6-8,0.5,0.5,2,
2,23,12,11,5-5-7-7,0.5,0.5,7,
2,23,12,11,5-5-7-8,0.5,0.5,6,
2,23,12,11,5-5-8-8,0.0,1.0,3,DRAW
2,23,12,11,5-6-6-6,0.5,0.5,26,
2,23,12,11,5-6-6-7,0.01694915254237288,0.9830508474576272,59,
2,23,12,11,5-6-6-8,0.5,0.5,3,
2,23,12,11,5-6-6-9,0.0,1.0,2,DRAW
2,23,12,11,5-6-7-7,0.5,0.5,43,
2,23,12,11,5-6-7-8,0.0,1.0,13,DRAW
2,23,12,11,5-6-7-9,0.0,1.0,2,DRAW
2,23,12,11,5-6-8-8,0.0,1.0,3,DRAW
2,23,12,11,5-7-7-7,0.0,1.0,5,DRAW
2,23,12,11,5-7-7-8,0.0,1.0,3,DRAW
2,23,12,11,5-7-8-8,0.0,1.0,2,DRAW
2,23,12,11,5-7-8-9,0.0,1.0,1,DRAW
2,23,12,11,6-6-6-7,0.5,0.5,2,
2,23,12,11,6-6-7-7,0.0,1.0,9,DRAW
2,23,12,11,6-6-7-8,0.0,1.0,8,DRAW
2,23,12,11,6-6-8-8,0.0,1.0,2,DRAW
2,23,12,11,6-6-8-9,0.0,1.0,1,DRAW
2,23,12,11,6-7-7-7,0.0,1.0,5,DRAW
2,23,12,11,6-7-7-8,0.0,1.0,10,DRAW
2,23,12,11,6-7-8-8,0.0,1.0,6,DRAW
2,23,12,11,6-8-8-9,0.0,1.0,1,DRAW
2,25,13,12,1-1-1-1,1.0,0.0,28,STOP
2,25,13,12,1-1-1-2,1.0,0.0,2946,STOP
2,25,13,12,1-1-1-3,1.0,0.0,976,STOP
2,25,13,12,1-1-1-4,0.9204746285459648,0.07952537145403508,841,
2,25,13,12,1-1-1-5,0.3857148703693425,0.6142851296306574,212,
2,25,13,12,1-1-1-6,0.38,0.62,50,
2,25,13,12,1-1-1-7,0.5,0.5,3,
2,25,13,12,1-1-2-2,0.0,1.0,24196,DRAW
2,25,13,12,1-1-2-3,0.29583319108219835,0.7041668089178017,17103,
2,25,13,12,1-1-2-4,0.0015035828637509107,0.9984964171362491,8488,
2,25,13,12,1-1-2-5,0.0012112403100775194,0.9987887596899225,2064,
2,25,13,12,1-1-2-6,0.0013812154696132596,0.9986187845303868,362,
2,25,13,12,1-1-2-7,0.019230769230769232,0.9807692307692307,26,
2,25,13,12,1-1-3-3,0.4493866975081437,0.5506133024918564,4696,
2,25,13,12,1-1-3-4,0.00025467974022666496,0.9997453202597734,7853,
2,25,13,12,1-1-3-5,0.002472799208704253,0.9975272007912958,2022,
2,25,13,12,1-1-3-6,0.0027100271002710027,0.997289972899729,369,
2,25,13,12,1-1-3-7,0.5,0.5,37,
2,25,13,12,1-1-4-4,0.001347103726986978,0.998652896273013,2227,
2,25,13,12,1-1-4-5,0.0004786979415988511,0.9995213020584012,2089,
2,25,13,12,1-1-4-6,0.0031746031746031746,0.9968253968253968,315,
2,25,13,12,1-1-4-7,0.1,0.9,30,
2,25,13,12,1-1-5-5,0.013257575757575758,0.9867424242424242,528,
2,25,13,12,1-1-5-6,0.011363636363636364,0.9886363636363636,308,
2,25,13,12,1-1-5-7,0.011363636363636364,0.9886363636363636,44,
2,25,13,12,1-1-5-8,0.5,0.5,1,
2,25,13,12,1-1-6-6,0.00641025641025641,0.9935897435897436,78,
2,25,13,12,1-1-6-7,0.013513513513513514,0.9864864864864865,37,
2,25,13,12,1-1-6-8,0.5,0.5,1,
2,25,13,12,1-1-7-7,0.5,0.5,5,
2,25,13,12,1-1-7-9,0.5,0.5,1,
2,25,13,12,1-2-2-2,0.9997841105354058,0.0002158894645941278,6948,
2,25,13,12,1-2-2-3,0.9600264779225155,0.03997352207748454,17112,
2,25,13,12,1-2-2-4,0.0009117688315331743,0.9990882311684668,7129,
2,25,13,12,1-2-2-5,0.0007246376811594203,0.9992753623188406,2070,
2,25,13,12,1-2-2-6,0.004424778761061947,0.995575221238938,339,
2,25,13,12,1-2-2-7,0.125,0.875,28,
2,25,13,12,1-2-2-8,0.5,0.5,1,
2,25,13,12,1-2-3-3,0.5919891529297518,0.40801084707024804,12424,
2,25,13,12,1-2-3-4,0.00013750618777845004,0.9998624938122216,18181,
2,25,13,12,1-2-3-5,0.0002715423606082549,0.9997284576393918,5524,
2,25,13,12,1-2-3-6,0.0016853932584269663,0.998314606741573,890,
2,25,13,12,1-2-3-7,0.004901960784313725,0.9950980392156863,102,
2,25,13,12,1-2-3-8,0.35714285714285715,0.6428571428571429,7,
2,25,13,12,1-2-4-4,0.0005448601525608427,0.9994551398474392,5506,
2,25,13,12,1-2-4-5,0.0014018691588785046,0.9985981308411215,5350,
2,25,13,12,1-2-4-6,0.010611735330836454,0.9893882646691635,801,
2,25,13,12,1-2-4-7,0.010752688172043012,0.989247311827957,93,
2,25,13,12,1-2-4-8,0.5,0.5,3,
2,25,13,12,1-2-5-5,0.001934984520123839,0.9980650154798761,1292,
2,25,13,12,1-2-5-6,0.008024691358024692,0.9919753086419754,810,
2,25,13,12,1-2-5-7,0.013513513513513514,0.9864864864864865,74,
2,25,13,12,1-2-6-6,0.0024752475247524753,0.9975247524752475,202,
2,25,13,12,1-2-6-7,0.0045871559633027525,0.9954128440366973,109,
2,25,13,12,1-2-6-8,0.5,0.5,3,
2,25,13,12,1-2-7-7,0.16666666666666666,0.8333333333333334,18,
2,25,13,12,1-2-7-8,0.5,0.5,2,
2,25,13,12,1-3-3-3,0.001669449081803005,0.998330550918197,1797,
2,25,13,12,1-3-3-4,0.00020871017114234034,0.9997912898288577,7187,
2,25,13,12,1-3-3-5,0.0038461538461538464,0.9961538461538462,2080,
2,25,13,12,1-3-3-6,0.0043859649122807015,0.9956140350877193,342,
2,25,13,12,1-3-3-7,0.25,0.75,36,
2,25,13,12,1-3-3-8,0.5,0.5,1,
2,25,13,12,1-3-4-4,0.0021515434985968193,0.9978484565014032,5345,
2,25,13,12,1-3-4-5,9.823182711198428e-05,0.999901768172888,5090,
2,25,13,12,1-3-4-6,0.015169194865810968,0.9848308051341891,857,
2,25,13,12,1-3-4-7,0.005,0.995,100,
2,25,13,12,1-3-4-8,0.25,0.75,2,
2,25,13,12,1-3-5-5,0.015650741350906095,0.984349258649094,1214,
2,25,13,12,1-3-5-6,0.008960573476702509,0.9910394265232975,837,
2,25,13,12,1-3-5-7,0.2087912087912088,0.7912087912087912,91,
2,25,13,12,1-3-5-8,0.5,0.5,1,
2,25,13,12,1-3-6-6,0.0029239766081871343,0.9970760233918129,171,
2,25,13,12,1-3-6-7,0.005747126436781609,0.9942528735632183,87,
2,25,13,12,1-3-6-8,0.5,0.5,1,
2,25,13,12,1-3-7-7,0.5,0.5,16,
2,25,13,12,1-3-7-8,0.5,0.5,1,
2,25,13,12,1-3-8-8,0.5,0.5,1,
2,25,13,12,1-3-8-9,0.5,0.5,1,
2,25,13,12,1-4-4-4,0.018518518518518517,0.9814814814814815,729,
2,25,13,12,1-4-4-5,0.0007953340402969247,0.999204665959703,1886,
2,25,13,12,1-4-4-6,0.004838709677419355,0.9951612903225806,310,
2,25,13,12,1-4-4-7,0.5,0.5,20,
2,25,13,12,1-4-4-8,0.5,0.5,1,
2,25,13,12,1-4-5-5,0.0027494108405341712,0.9972505891594659,1273,
2,25,13,12,1-4-5-6,0.0023952095808383233,0.9976047904191617,835,
2,25,13,12,1-4-5-7,0.035398230088495575,0.9646017699115044,113,
2,25,13,12,1-4-5-8,0.5,0.5,6,
2,25,13,12,1-4-6-6,0.05379746835443038,0.9462025316455697,158,
2,25,13,12,1-4-6-7,0.024390243902439025,0.975609756097561,82,
2,25,13,12,1-4-6-8,0.5,0.5,4,
2,25,13,12,1-4-7-7,0.03125,0.96875,16,
2,25,13,12,1-4-7-8,0.125,0.875,4,
2,25,13,12,1-5-5-5,0.12080536912751678,0.8791946308724832,149,
2,25,13,12,1-5-5-6,0.006734006734006734,0.9932659932659933,297,
2,25,13,12,1-5-5-7,0.5,0.5,20,
2,25,13,12,1-5-5-8,0.5,0.5,1,
2,25,13,12,1-5-6-6,0.005050505050505051,0.9949494949494949,198,
2,25,13,12,1-5-6-7,0.3090909090909091,0.6909090909090909,55,
2,25,13,12,1-5-6-8,0.5,0.5,2,
2,25,13,12,1-5-7-7,0.5,0.5,9,
2,25,13,12,1-5-7-8,0.5,0.5,4,
2,25,13,12,1-6-6-6,0.4090909090909091,0.5909090909090909,11,
2,25,13,12,1-6-6-7,0.5,0.5,15,
2,25,13,12,1-6-6-8,0.5,0.5,2,
2,25,13,12,1-6-6-9,0.5,0.5,1,
2,25,13,12,1-6-7-7,0.5,0.5,7,
2,25,13,12,1-6-7-8,0.5,0.5,3,
2,25,13,12,1-7-7-7,0.5,0.5,1,
2,25,13,12,2-2-2-2,0.5,0.5,335,
2,25,13,12,2-2-2-3,0.8809381956705287,0.11906180432947144,2645,
2,25,13,12,2-2-2-4,0.031726579394653676,0.9682734206053464,811,
2,25,13,12,2-2-2-5,0.002183406113537118,0.9978165938864629,229,
2,25,13,12,2-2-2-6,0.175,0.825,40,
2,25,13,12,2-2-2-7,0.5,0.5,3,
2,25,13,12,2-2-2-8,0.5,0.5,1,
2,25,13,12,2-2-3-3,0.17883996222636533,0.8211600377736348,4383,
2,25,13,12,2-2-3-4,0.0012372154404486969,0.9987627845595513,6062,
2,25,13,12,2-2-3-5,0.016252517958355864,0.9837474820416441,1668,
2,25,13,12,2-2-3-6,0.0019083969465648854,0.9980916030534351,262,
2,25,13,12,2-2-3-7,0.018518518518518517,0.9814814814814815,27,
2,25,13,12,2-2-4-4,0.0011554015020219526,0.998844598497978,1731,
2,25,13,12,2-2-4-5,0.00031036623215394165,0.999689633767846,1611,
2,25,13,12,2-2-4-6,0.00641025641025641,0.9935897435897436,234,
2,25,13,12,2-2-4-7,0.5,0.5,14,
2,25,13,12,2-2-4-8,0.5,0.5,1,
2,25,13,12,2-2-5-5,0.02028639618138425,0.9797136038186157,419,
2,25,13,12,2-2-5-6,0.028368794326241134,0.9716312056737588,282,
2,25,13,12,2-2-5-7,0.5,0.5,16,
2,25,13,12,2-2-5-8,0.5,0.5,1,
2,25,13,12,2-2-6-6,0.037037037037037035,0.9629629629629629,54,
2,25,13,12,2-2-6-7,0.5,0.5,28,
2,25,13,12,2-2-6-8,0.5,0.5,2,
2,25,13,12,2-2-7-7,0.5,0.5,1,
2,25,13,12,2-3-3-3,0.018303512603819922,0.9816964873961801,1715,
2,25,13,12,2-3-3-4,0.0033951818692963074,0.9966048181307037,6606,
2,25,13,12,2-3-3-5,0.0002802690582959641,0.9997197309417041,1784,
2,25,13,12,2-3-3-6,0.02577319587628866,0.9742268041237113,291,
2,25,13,12,2-3-3-7,0.10294117647058823,0.8970588235294118,34,
2,25,13,12,2-3-3-8,0.5,0.5,1,
2,25,13,12,2-3-4-4,0.002324171382376718,0.9976758286176233,4948,
2,25,13,12,2-3-4-5,0.0016578249336870027,0.998342175066313,4524,
2,25,13,12,2-3-4-6,0.014790575916230363,0.9852094240837697,764,
2,25,13,12,2-3-4-7,0.1076923076923077,0.8923076923076924,65,
2,25,13,12,2-3-4-8,0.25,0.75,4,
2,25,13,12,2-3-5-5,0.01843910806174957,0.9815608919382505,1166,
2,25,13,12,2-3-5-6,0.01808066759388039,0.9819193324061196,719,
2,25,13,12,2-3-5-7,0.5,0.5,82,
2,25,13,12,2-3-6-6,0.19285714285714287,0.8071428571428572,140,
2,25,13,12,2-3-6-7,0.15656565656565657,0.8434343434343434,99,
2,25,13,12,2-3-6-8,0.5,0.5,1,
2,25,13,12,2-3-7-7,0.5,0.5,7,
2,25,13,12,2-3-7-8,0.5,0.5,3,
2,25,13,12,2-3-8-8,0.5,0.5,1,
2,25,13,12,2-4-4-4,0.02364864864864865,0.9763513513513513,592,
2,25,13,12,2-4-4-5,0.0006230529595015577,0.9993769470404984,1605,
2,25,13,12,2-4-4-6,0.06809338521400778,0.9319066147859922,257,
2,25,13,12,2-4-4-7,0.5,0.5,25,
2,25,13,12,2-4-5-5,0.0009354536950420954,0.9990645463049579,1069,
2,25,13,12,2-4-5-6,0.057329462989840346,0.9426705370101597,689,
2,25,13,12,2-4-5-7,0.189873417721519,0.810126582278481,79,
2,25,13,12,2-4-5-8,0.5,0.5,1,
2,25,13,12,2-4-6-6,0.02158273381294964,0.9784172661870504,139,
2,25,13,12,2-4-6-7,0.1015625,0.8984375,64,
2,25,13,12,2-4-6-8,0.5,0.5,3,
2,25,13,12,2-4-7-7,0.5,0.5,11,
2,25,13,12,2-4-7-8,0.5,0.5,5,
2,25,13,12,2-5-5-5,0.043859649122807015,0.956140350877193,114,
2,25,13,12,2-5-5-6,0.14027149321266968,0.8597285067873304,221,
2,25,13,12,2-5-5-7,0.5,0.5,21,
2,25,13,12,2-5-5-8,0.5,0.5,1,
2,25,13,12,2-5-6-6,0.028481012658227847,0.9715189873417721,158,
2,25,13,12,2-5-6-7,0.04861111111111111,0.9513888888888888,72,
2,25,13,12,2-5-6-8,0.5,0.5,4,
2,25,13,12,2-5-7-7,0.5,0.5,11,
2,25,13,12,2-5-7-8,0.16666666666666666,0.8333333333333334,3,
2,25,13,12,2-6-6-6,0.5,0.5,6,
2,25,13,12,2-6-6-7,0.5,0.5,15,
2,25,13,12,2-6-7-7,0.5,0.5,9,
2,25,13,12,2-6-7-8,0.5,0.5,9,
2,25,13,12,2-6-8-8,0.5,0.5,1,
2,25,13,12,2-7-7-7,0.5,0.5,1,
2,25,13,12,2-7-7-9,0.5,0.5,1,
2,25,13,12,2-7-8-8,0.5,0.5,1,
2,25,13,12,3-3-3-3,0.17362993604412352,0.8263700639558764,92,
2,25,13,12,3-3-3-4,0.0018656716417910447,0.9981343283582089,1072,
2,25,13,12,3-3-3-5,0.020161290322580645,0.9798387096774194,248,
2,25,13,12,3-3-3-6,0.018518518518518517,0.9814814814814815,27,
2,25,13,12,3-3-4-4,0.0011074197120708748,0.9988925802879292,1806,
2,25,13,12,3-3-4-5,0.00029886431560071725,0.9997011356843993,1673,
2,25,13,12,3-3-4-6,0.05785123966942149,0.9421487603305785,242,
2,25,13,12,3-3-4-7,0.045454545454545456,0.9545454545454546,11,
2,25,13,12,3-3-5-5,0.009478672985781991,0.990521327014218,422,
2,25,13,12,3-3-5-6,0.005454545454545455,0.9945454545454545,275,
2,25,13,12,3-3-5-7,0.4,0.6,20,
2,25,13,12,3-3-6-6,0.1595744680851064,0.8404255319148937,47,
2,25,13,12,3-3-6-7,0.5,0.5,32,
2,25,13,12,3-3-6-8,0.5,0.5,2,
2,25,13,12,3-3-7-8,0.5,0.5,2,
2,25,13,12,3-3-8-8,0.5,0.5,1,
2,25,13,12,3-4-4-4,0.0008635578583765112,0.9991364421416234,579,
2,25,13,12,3-4-4-5,0.02287581699346405,0.9771241830065359,1683,
2,25,13,12,3-4-4-6,0.023706896551724137,0.9762931034482759,232,
2,25,13,12,3-4-4-7,0.5,0.5,20,
2,25,13,12,3-4-4-8,0.5,0.5,1,
2,25,13,12,3-4-5-5,0.0009416195856873823,0.9990583804143126,1062,
2,25,13,12,3-4-5-6,0.01610644257703081,0.9838935574229691,714,
2,25,13,12,3-4-5-7,0.5,0.5,55,
2,25,13,12,3-4-5-8,0.5,0.5,1,
2,25,13,12,3-4-5-9,0.5,0.5,1,
2,25,13,12,3-4-6-6,0.5,0.5,69,
2,25,13,12,3-4-6-7,0.5,0.5,81,
2,25,13,12,3-4-7-7,0.5,0.5,14,
2,25,13,12,3-4-7-8,0.5,0.5,1,
2,25,13,12,3-5-5-5,0.5,0.5,119,
2,25,13,12,3-5-5-6,0.045064377682403435,0.9549356223175965,233,
2,25,13,12,3-5-5-7,0.5,0.5,13,
2,25,13,12,3-5-5-8,0.5,0.5,1,
2,25,13,12,3-5-6-6,0.00974025974025974,0.9902597402597403,154,
2,25,13,12,3-5-6-7,0.5,0.5,64,
2,25,13,12,3-5-6-8,0.5,0.5,1,
2,25,13,12,3-5-7-7,0.3125,0.6875,8,
2,25,13,12,3-5-7-8,0.5,0.5,3,
2,25,13,12,3-6-6-6,0.5,0.5,5,
2,25,13,12,3-6-6-7,0.5,0.5,12,
2,25,13,12,3-6-6-8,0.5,0.5,1,
2,25,13,12,3-6-7-7,0.5,0.5,13,
2,25,13,12,3-6-7-8,0.5,0.5,1,
2,25,13,12,3-6-8-9,0.0,1.0,1,DRAW
2,25,13,12,3-7-8-8,0.0,1.0,3,DRAW
2,25,13,12,3-7-8-9,0.0,1.0,1,DRAW
2,25,13,12,4-4-4-4,0.15789473684210525,0.8421052631578947,19,
2,25,13,12,4-4-4-5,0.5,0.5,223,
2,25,13,12,4-4-4-6,0.5,0.5,31,
2,25,13,12,4-4-4-7,0.5,0.5,2,
2,25,13,12,4-4-5-5,0.02142857142857143,0.9785714285714285,350,
2,25,13,12,4-4-5-6,0.23236514522821577,0.7676348547717843,241,
2,25,13,12,4-4-5-7,0.5,0.5,9,
2,25,13,12,4-4-5-8,0.5,0.5,1,
2,25,13,12,4-4-6-6,0.5,0.5,52,
2,25,13,12,4-4-6-7,0.025,0.975,20,
2,25,13,12,4-4-6-8,0.5,0.5,1,
2,25,13,12,4-4-7-7,0.5,0.5,4,
2,25,13,12,4-5-5-5,0.2590909090909091,0.740909090909091,110,
2,25,13,12,4-5-5-6,0.07300884955752213,0.9269911504424779,226,
2,25,13,12,4-5-5-7,0.5,0.5,8,
2,25,13,12,4-5-5-8,0.5,0.5,2,
2,25,13,12,4-5-6-6,0.12946428571428573,0.8705357142857143,112,
2,25,13,12,4-5-6-7,0.5,0.5,48,
2,25,13,12,4-5-6-8,0.5,0.5,2,
2,25,13,12,4-5-7-7,0.5,0.5,5,
2,25,13,12,4-5-7-8,0.5,0.5,4,
2,25,13,12,4-5-8-8,0.5,0.5,1,
2,25,13,12,4-5-8-9,0.0,1.0,1,DRAW
2,25,13,12,4-6-6-6,0.5,0.5,8,
2,25,13,12,4-6-6-7,0.06,0.94,25,
2,25,13,12,4-6-7-7,0.5,0.5,9,
2,25,13,12,4-6-7-8,0.5,0.5,2,
2,25,13,12,4-6-8-8,0.0,1.0,1,DRAW
2,25,13,12,4-7-7-8,0.0,1.0,1,DRAW
2,25,13,12,4-7-8-8,0.0,1.0,1,DRAW
2,25,13,12,4-8-8-9,0.0,1.0,1,DRAW
2,25,13,12,5-5-5-5,0.5,0.5,6,
2,25,13,12,5-5-5-6,0.5,0.5,27,
2,25,13,12,5-5-5-7,0.5,0.5,1,
2,25,13,12,5-5-5-9,0.5,0.5,1,
2,25,13,12,5-5-6-6,0.034482758620689655,0.9655172413793104,29,
2,25,13,12,5-5-6-7,0.5,0.5,13,
2,25,13,12,5-5-6-8,0.5,0.5,1,
2,25,13,12,5-5-7-7,0.5,0.5,5,
2,25,13,12,5-5-7-8,0.5,0.5,2,
2,25,13,12,5-5-8-8,0.0,1.0,2,DRAW
2,25,13,12,5-6-6-6,0.125,0.875,8,
2,25,13,12,5-6-6-7,0.5,0.5,24,
2,25,13,12,5-6-6-8,0.5,0.5,1,
2,25,13,12,5-6-7-7,0.5,0.5,10,
2,25,13,12,5-6-7-8,0.0,1.0,5,DRAW
2,25,13,12,5-7-7-7,0.0,1.0,3,DRAW
2,25,13,12,5-7-7-8,0.0,1.0,1,DRAW
2,25,13,12,5-7-8-9,0.0,1.0,1,DRAW
2,25,13,12,6-6-7-7,0.0,1.0,6,DRAW
2,25,13,12,6-6-7-8,0.0,1.0,8,DRAW
2,25,13,12,6-6-8-8,0.0,1.0,2,DRAW
2,25,13,12,6-7-7-7,0.0,1.0,3,DRAW
2,25,13,12,6-7-7-8,0.0,1.0,5,DRAW
2,25,13,12,6-8-8-9,0.0,1.0,1,DRAW
2,27,14,13,1-1-1-1,1.0,0.0,23,STOP
2,27,14,13,1-1-1-2,1.0,0.0,3187,STOP
2,27,14,13,1-1-1-3,1.0,0.0,942,STOP
2,27,14,13,1-1-1-4,0.5051102272057262,0.4948897727942738,520,
2,27,14,13,1-1-1-5,0.6241379310344828,0.3758620689655172,145,
2,27,14,13,1-1-1-6,0.5,0.5,22,
2,27,14,13,1-1-2-2,0.0,1.0,26835,DRAW
2,27,14,13,1-1-2-3,0.9421265556990978,0.057873444300902195,18445,
2,27,14,13,1-1-2-4,0.002801155633714357,0.9971988443662856,7961,
2,27,14,13,1-1-2-5,0.0006203473945409429,0.999379652605459,1612,
2,27,14,13,1-1-2-6,0.0022522522522522522,0.9977477477477478,222,
2,27,14,13,1-1-2-7,0.06666666666666667,0.9333333333333333,15,
2,27,14,13,1-1-3-3,0.07981119473628863,0.9201888052637114,4855,
2,27,14,13,1-1-3-4,0.00013810247203424942,0.9998618975279657,7241,
2,27,14,13,1-1-3-5,0.003903445800430726,0.9960965541995692,1592,
2,27,14,13,1-1-3-6,0.0022123893805309734,0.9977876106194691,226,
2,27,14,13,1-1-3-7,0.5,0.5,17,
2,27,14,13,1-1-4-4,0.0007656967840735069,0.9992343032159265,1959,
2,27,14,13,1-1-4-5,0.0003168567807351077,0.9996831432192649,1578,
2,27,14,13,1-1-4-6,0.0026041666666666665,0.9973958333333334,192,
2,27,14,13,1-1-4-7,0.46153846153846156,0.5384615384615384,13,
2,27,14,13,1-1-5-5,0.002570694087403599,0.9974293059125964,389,
2,27,14,13,1-1-5-6,0.007853403141361256,0.9921465968586387,191,
2,27,14,13,1-1-5-7,0.021739130434782608,0.9782608695652174,23,
2,27,14,13,1-1-6-6,0.036585365853658534,0.9634146341463414,41,
2,27,14,13,1-1-6-7,0.058823529411764705,0.9411764705882353,17,
2,27,14,13,1-2-2-2,0.9843035570093603,0.01569644299063967,7197,
2,27,14,13,1-2-2-3,0.7901429161902158,0.20985708380978416,16063,
2,27,14,13,1-2-2-4,0.000605052185751021,0.999394947814249,6611,
2,27,14,13,1-2-2-5,0.0003160556257901391,0.9996839443742098,1582,
2,27,14,13,1-2-2-6,0.038461538461538464,0.9615384615384616,221,
2,27,14,13,1-2-2-7,0.09090909090909091,0.9090909090909091,11,
2,27,14,13,1-2-3-3,0.0008482298910512596,0.9991517701089488,12262,
2,27,14,13,1-2-3-4,0.0005598444221816254,0.9994401555778184,16969,
2,27,14,13,1-2-3-5,0.000365586156470875,0.9996344138435291,4103,
2,27,14,13,1-2-3-6,0.002819548872180451,0.9971804511278195,532,
2,27,14,13,1-2-3-7,0.05,0.95,40,
2,27,14,13,1-2-3-8,0.3333333333333333,0.6666666666666666,3,
2,27,14,13,1-2-4-4,0.00042238648363252375,0.9995776135163674,4735,
2,27,14,13,1-2-4-5,0.0015011258443832875,0.9984988741556167,3997,
2,27,14,13,1-2-4-6,0.014736842105263158,0.9852631578947368,475,
2,27,14,13,1-2-4-7,0.0875,0.9125,40,
2,27,14,13,1-2-5-5,0.017960602549246814,0.9820393974507532,863,
2,27,14,13,1-2-5-6,0.004008016032064128,0.9959919839679359,499,
2,27,14,13,1-2-5-7,0.12162162162162163,0.8783783783783784,37,
2,27,14,13,1-2-6-6,0.03398058252427184,0.9660194174757282,103,
2,27,14,13,1-2-6-7,0.45,0.55,50,
2,27,14,13,1-2-7-7,0.16666666666666666,0.8333333333333334,6,
2,27,14,13,1-3-3-3,0.0007602635580334517,0.9992397364419665,1973,
2,27,14,13,1-3-3-4,0.0007018091079226451,0.9992981908920774,6412,
2,27,14,13,1-3-3-5,0.0029431000654022237,0.9970568999345978,1529,
2,27,14,13,1-3-3-6,0.007352941176470588,0.9926470588235294,204,
2,27,14,13,1-3-3-7,0.16666666666666666,0.8333333333333334,12,
2,27,14,13,1-3-4-4,0.004636556287639937,0.99536344371236,4606,
2,27,14,13,1-3-4-5,0.00012953367875647668,0.9998704663212435,3860,
2,27,14,13,1-3-4-6,0.009414225941422594,0.9905857740585774,478,
2,27,14,13,1-3-4-7,0.012195121951219513,0.9878048780487805,41,
2,27,14,13,1-3-5-5,0.009501187648456057,0.9904988123515439,842,
2,27,14,13,1-3-5-6,0.00199203187250996,0.99800796812749,502,
2,27,14,13,1-3-5-7,0.14864864864864866,0.8513513513513513,37,
2,27,14,13,1-3-6-6,0.005681818181818182,0.9943181818181818,88,
2,27,14,13,1-3-6-7,0.2894736842105263,0.7105263157894737,38,
2,27,14,13,1-3-6-8,0.5,0.5,2,
2,27,14,13,1-3-7-7,0.5,0.5,3,
2,27,14,13,1-4-4-4,0.014263074484944533,0.9857369255150554,631,
2,27,14,13,1-4-4-5,0.0010997067448680353,0.998900293255132,1364,
2,27,14,13,1-4-4-6,0.04395604395604396,0.9560439560439561,182,
2,27,14,13,1-4-4-7,0.5,0.5,11,
2,27,14,13,1-4-5-5,0.00473186119873817,0.9952681388012619,951,
2,27,14,13,1-4-5-6,0.03854166666666667,0.9614583333333333,480,
2,27,14,13,1-4-5-7,0.5,0.5,44,
2,27,14,13,1-4-6-6,0.0825242718446602,0.9174757281553398,103,
2,27,14,13,1-4-6-7,0.016129032258064516,0.9838709677419355,31,
2,27,14,13,1-4-6-8,0.5,0.5,1,
2,27,14,13,1-4-7-7,0.5,0.5,5,
2,27,14,13,1-4-7-8,0.5,0.5,2,
2,27,14,13,1-4-8-8,0.5,0.5,1,
2,27,14,13,1-5-5-5,0.06914893617021277,0.9308510638297872,94,
2,27,14,13,1-5-5-6,0.08024691358024691,0.9197530864197531,162,
2,27,14,13,1-5-5-7,0.5,0.5,4,
2,27,14,13,1-5-6-6,0.009615384615384616,0.9903846153846154,104,
2,27,14,13,1-5-6-7,0.5,0.5,17,
2,27,14,13,1-5-6-8,0.5,0.5,1,
2,27,14,13,1-5-7-7,0.5,0.5,1,
2,27,14,13,1-6-6-6,0.5,0.5,3,
2,27,14,13,1-6-6-7,0.5,0.5,5,
2,27,14,13,1-6-6-9,0.5,0.5,1,
2,27,14,13,2-2-2-2,0.990990990990991,0.009009009009009009,333,
2,27,14,13,2-2-2-3,0.014531266761073927,0.9854687332389261,2543,
2,27,14,13,2-2-2-4,0.0381552766042933,0.9618447233957067,745,
2,27,14,13,2-2-2-5,0.011428571428571429,0.9885714285714285,175,
2,27,14,13,2-2-2-6,0.45,0.55,20,
2,27,14,13,2-2-2-7,0.5,0.5,1,
2,27,14,13,2-2-3-3,0.00010964912280701755,0.999890350877193,4560,
2,27,14,13,2-2-3-4,0.0008458646616541353,0.9991541353383459,5320,
2,27,14,13,2-2-3-5,0.027160493827160494,0.9728395061728395,1215,
2,27,14,13,2-2-3-6,0.07342657342657342,0.9265734265734266,143,
2,27,14,13,2-2-3-7,0.038461538461538464,0.9615384615384616,13,
2,27,14,13,2-2-4-4,0.0014566642388929353,0.9985433357611071,1373,
2,27,14,13,2-2-4-5,0.0008613264427217916,0.9991386735572783,1161,
2,27,14,13,2-2-4-6,0.21370967741935484,0.7862903225806451,124,
2,27,14,13,2-2-4-7,0.5,0.5,7,
2,27,14,13,2-2-5-5,0.011857707509881422,0.9881422924901185,253,
2,27,14,13,2-2-5-6,0.019867549668874173,0.9801324503311258,151,
2,27,14,13,2-2-5-7,0.21428571428571427,0.7857142857142857,7,
2,27,14,13,2-2-5-8,0.5,0.5,1,
2,27,14,13,2-2-6-6,0.3709677419354839,0.6290322580645161,31,
2,27,14,13,2-2-6-7,0.5,0.5,8,
2,27,14,13,2-2-7-7,0.5,0.5,1,
2,27,14,13,2-3-3-3,0.011258509525955042,0.9887414904740449,1799,
2,27,14,13,2-3-3-4,0.0016669591156343218,0.9983330408843657,5699,
2,27,14,13,2-3-3-5,0.002347417840375587,0.9976525821596244,1278,
2,27,14,13,2-3-3-6,0.011976047904191617,0.9880239520958084,167,
2,27,14,13,2-3-3-7,0.125,0.875,16,
2,27,14,13,2-3-3-8,0.5,0.5,1,
2,27,14,13,2-3-4-4,0.0010211896859841716,0.9989788103140158,3917,
2,27,14,13,2-3-4-5,0.00218408736349454,0.9978159126365055,3205,
2,27,14,13,2-3-4-6,0.07568807339449542,0.9243119266055045,436,
2,27,14,13,2-3-4-7,0.05172413793103448,0.9482758620689655,29,
2,27,14,13,2-3-4-8,0.5,0.5,2,
2,27,14,13,2-3-5-5,0.01573187414500684,0.9842681258549931,731,
2,27,14,13,2-3-5-6,0.0049504950495049506,0.995049504950495,404,
2,27,14,13,2-3-5-7,0.35714285714285715,0.6428571428571429,21,
2,27,14,13,2-3-6-6,0.17424242424242425,0.8257575757575758,66,
2,27,14,13,2-3-6-7,0.3275862068965517,0.6724137931034483,29,
2,27,14,13,2-3-6-8,0.5,0.5,1,
2,27,14,13,2-3-7-8,0.5,0.5,1,
2,27,14,13,2-4-4-4,0.004081632653061225,0.9959183673469387,490,
2,27,14,13,2-4-4-5,0.004393673110720563,0.9956063268892794,1138,
2,27,14,13,2-4-4-6,0.09219858156028368,0.9078014184397163,141,
2,27,14,13,2-4-4-7,0.5,0.5,3,
2,27,14,13,2-4-5-5,0.01037037037037037,0.9896296296296296,675,
2,27,14,13,2-4-5-6,0.1875,0.8125,384,
2,27,14,13,2-4-5-7,0.5,0.5,21,
2,27,14,13,2-4-5-8,0.5,0.5,1,
2,27,14,13,2-4-6-6,0.5,0.5,63,
2,27,14,13,2-4-6-7,0.5,0.5,27,
2,27,14,13,2-4-7-7,0.5,0.5,2,
2,27,14,13,2-4-7-8,0.5,0.5,1,
2,27,14,13,2-5-5-5,0.02142857142857143,0.9785714285714285,70,
2,27,14,13,2-5-5-6,0.08130081300813008,0.9186991869918699,123,
2,27,14,13,2-5-5-7,0.5,0.5,4,
2,27,14,13,2-5-5-8,0.5,0.5,1,
2,27,14,13,2-5-6-6,0.3188405797101449,0.6811594202898551,69,
2,27,14,13,2-5-6-7,0.5,0.5,32,
2,27,14,13,2-5-6-8,0.5,0.5,1,
2,27,14,13,2-5-7-7,0.5,0.5,3,
2,27,14,13,2-6-6-6,0.5,0.5,1,
2,27,14,13,2-6-6-7,0.5,0.5,2,
2,27,14,13,2-6-7-7,0.5,0.5,4,
2,27,14,13,2-6-7-8,0.5,0.5,1,
2,27,14,13,2-6-8-8,0.5,0.5,1,
2,27,14,13,3-3-3-3,0.22289156626506024,0.7771084337349398,83,
2,27,14,13,3-3-3-4,0.0005649717514124294,0.9994350282485875,885,
2,27,14,13,3-3-3-5,0.018617021276595744,0.9813829787234043,188,
2,27,14,13,3-3-3-6,0.25,0.75,14,
2,27,14,13,3-3-4-4,0.001028101439342015,0.9989718985606579,1459,
2,27,14,13,3-3-4-5,0.014370245139475908,0.9856297548605241,1183,
2,27,14,13,3-3-4-6,0.2900763358778626,0.7099236641221374,131,
2,27,14,13,3-3-4-7,0.5,0.5,6,
2,27,14,13,3-3-5-5,0.15810276679841898,0.841897233201581,253,
2,27,14,13,3-3-5-6,0.025179856115107913,0.9748201438848921,139,
2,27,14,13,3-3-5-7,0.4,0.6,5,
2,27,14,13,3-3-6-6,0.075,0.925,20,
2,27,14,13,3-3-6-7,0.5,0.5,7,
2,27,14,13,3-4-4-4,0.027056277056277056,0.9729437229437229,462,
2,27,14,13,3-4-4-5,0.013020833333333334,0.9869791666666666,1152,
2,27,14,13,3-4-4-6,0.5,0.5,129,
2,27,14,13,3-4-4-7,0.5,0.5,5,
2,27,14,13,3-4-5-5,0.057342657342657345,0.9426573426573427,715,
2,27,14,13,3-4-5-6,0.017241379310344827,0.9827586206896551,377,
2,27,14,13,3-4-5-7,0.5,0.5,15,
2,27,14,13,3-4-5-8,0.5,0.5,1,
2,27,14,13,3-4-6-6,0.5,0.5,26,
2,27,14,13,3-4-6-7,0.5,0.5,10,
2,27,14,13,3-4-7-7,0.5,0.5,5,
2,27,14,13,3-4-7-8,0.5,0.5,1,
2,27,14,13,3-5-5-5,0.5,0.5,57,
2,27,14,13,3-5-5-6,0.028688524590163935,0.9713114754098361,122,
2,27,14,13,3-5-5-7,0.5,0.5,6,
2,27,14,13,3-5-6-6,0.09027777777777778,0.9097222222222222,72,
2,27,14,13,3-5-6-7,0.5,0.5,18,
2,27,14,13,3-5-7-7,0.5,0.5,3,
2,27,14,13,3-5-7-8,0.5,0.5,2,
2,27,14,13,3-6-6-6,0.5,0.5,2,
2,27,14,13,3-6-6-7,0.5,0.5,4,
2,27,14,13,3-6-7-7,0.4166666666666667,0.5833333333333334,6,
2,27,14,13,3-6-7-8,0.5,0.5,1,
2,27,14,13,3-7-8-8,0.0,1.0,2,DRAW
2,27,14,13,4-4-4-4,0.045454545454545456,0.9545454545454546,11,
2,27,14,13,4-4-4-5,0.5,0.5,100,
2,27,14,13,4-4-4-6,0.1,0.9,10,
2,27,14,13,4-4-5-5,0.015765765765765764,0.9842342342342343,222,
2,27,14,13,4-4-5-6,0.00980392156862745,0.9901960784313726,102,
2,27,14,13,4-4-5-7,0.5,0.5,1,
2,27,14,13,4-4-6-6,0.5,0.5,13,
2,27,14,13,4-4-6-7,0.5,0.5,6,
2,27,14,13,4-5-5-5,0.5,0.5,53,
2,27,14,13,4-5-5-6,0.05405405405405406,0.9459459459459459,111,
2,27,14,13,4-5-5-7,0.5,0.5,3,
2,27,14,13,4-5-6-6,0.5,0.5,52,
2,27,14,13,4-5-6-7,0.5,0.5,13,
2,27,14,13,4-5-7-8,0.5,0.5,1,
2,27,14,13,4-6-6-6,0.5,0.5,1,
2,27,14,13,4-6-6-7,0.5,0.5,9,
2,27,14,13,4-6-7-7,0.5,0.5,2,
2,27,14,13,4-6-7-8,0.5,0.5,1,
2,27,14,13,5-5-5-6,0.5,0.5,4,
2,27,14,13,5-5-6-6,0.5,0.5,17,
2,27,14,13,5-5-6-7,0.5,0.5,6,
2,27,14,13,5-5-6-8,0.5,0.5,1,
2,27,14,13,5-5-7-7,0.5,0.5,2,
2,27,14,13,5-5-7-8,0.5,0.5,1,
2,27,14,13,5-5-8-8,0.0,1.0,1,DRAW
2,27,14,13,5-6-6-6,0.07142857142857142,0.9285714285714286,7,
2,27,14,13,5-6-6-7,0.5,0.5,3,
2,27,14,13,5-6-6-8,0.5,0.5,1,
2,27,14,13,5-6-7-7,0.5,0.5,7,
2,27,14,13,5-7-7-7,0.0,1.0,3,DRAW
2,27,14,13,6-6-6-8,0.0,1.0,1,DRAW
2,27,14,13,6-6-7-7,0.0,1.0,5,DRAW
2,27,14,13,6-6-7-8,0.0,1.0,3,DRAW
2,27,14,13,6-7-7-7,0.0,1.0,1,DRAW
2,27,14,13,6-7-7-8,0.0,1.0,1,DRAW
2,29,15,14,1-1-1-1,1.0,0.0,16,STOP
2,29,15,14,1-1-1-2,1.0,0.0,3294,STOP
2,29,15,14,1-1-1-3,1.0,0.0,879,STOP
2,29,15,14,1-1-1-4,0.4789868093246551,0.5210131906753449,470,
2,29,15,14,1-1-1-5,0.43349358974358976,0.5665064102564102,78,
2,29,15,14,1-1-1-6,0.5,0.5,12,
2,29,15,14,1-1-2-2,0.0,1.0,28958,DRAW
2,29,15,14,1-1-2-3,0.0003275009632163066,0.9996724990367837,15867,
2,29,15,14,1-1-2-4,0.0002100840336134454,0.9997899159663866,7140,
2,29,15,14,1-1-2-5,0.0008123476848090983,0.9991876523151909,1231,
2,29,15,14,1-1-2-6,0.0035460992907801418,0.9964539007092199,141,
2,29,15,14,1-1-2-7,0.5,0.5,4,
2,29,15,14,1-1-3-3,0.01514582258009213,0.9848541774199079,5230,
2,29,15,14,1-1-3-4,7.52671985548698e-05,0.9999247328014451,6643,
2,29,15,14,1-1-3-5,0.0020177562550443904,0.9979822437449556,1239,
2,29,15,14,1-1-3-6,0.0035971223021582736,0.9964028776978417,139,
2,29,15,14,1-1-3-7,0.5,0.5,6,
2,29,15,14,1-1-4-4,0.004670169293636894,0.9953298307063632,1713,
2,29,15,14,1-1-4-5,0.00042918454935622315,0.9995708154506437,1165,
2,29,15,14,1-1-4-6,0.0047169811320754715,0.9952830188679245,106,
2,29,15,14,1-1-4-7,0.5,0.5,1,
2,29,15,14,1-1-5-5,0.05204460966542751,0.9479553903345725,269,
2,29,15,14,1-1-5-6,0.01020408163265306,0.9897959183673469,98,
2,29,15,14,1-1-5-7,0.5,0.5,12,
2,29,15,14,1-1-6-6,0.075,0.925,20,
2,29,15,14,1-1-6-7,0.08333333333333333,0.9166666666666666,12,
2,29,15,14,1-2-2-2,0.9758836761181742,0.024116323881825833,7292,
2,29,15,14,1-2-2-3,0.0002931214174048984,0.9997068785825951,15352,
2,29,15,14,1-2-2-4,0.0003413551800648575,0.9996586448199352,5859,
2,29,15,14,1-2-2-5,0.00045248868778280545,0.9995475113122172,1105,
2,29,15,14,1-2-2-6,0.21610169491525424,0.7838983050847458,118,
2,29,15,14,1-2-2-7,0.07142857142857142,0.9285714285714286,7,
2,29,15,14,1-2-3-3,0.0010696328367644599,0.9989303671632356,13022,
2,29,15,14,1-2-3-4,0.00010077936038699274,0.999899220639613,14884,
2,29,15,14,1-2-3-5,0.0037865748709122204,0.9962134251290877,2905,
2,29,15,14,1-2-3-6,0.008561643835616438,0.9914383561643836,292,
2,29,15,14,1-2-3-7,0.05,0.95,20,
2,29,15,14,1-2-4-4,0.000254323499491353,0.9997456765005086,3932,
2,29,15,14,1-2-4-5,0.0012402551381998582,0.9987597448618002,2822,
2,29,15,14,1-2-4-6,0.005660377358490566,0.9943396226415094,265,
2,29,15,14,1-2-4-7,0.5,0.5,10,
2,29,15,14,1-2-5-5,0.01838879159369527,0.9816112084063048,571,
2,29,15,14,1-2-5-6,0.005357142857142857,0.9946428571428572,280,
2,29,15,14,1-2-5-7,0.5,0.5,11,
2,29,15,14,1-2-6-6,0.45535714285714285,0.5446428571428571,56,
2,29,15,14,1-2-6-7,0.5,0.5,8,
2,29,15,14,1-2-7-7,0.5,0.5,2,
2,29,15,14,1-3-3-3,0.0007492507492507493,0.9992507492507493,2002,
2,29,15,14,1-3-3-4,0.002244971264367816,0.9977550287356322,5568,
2,29,15,14,1-3-3-5,0.010036496350364963,0.989963503649635,1096,
2,29,15,14,1-3-3-6,0.004424778761061947,0.995575221238938,113,
2,29,15,14,1-3-3-7,0.1,0.9,5,
2,29,15,14,1-3-4-4,0.0013034410844629822,0.998696558915537,3836,
2,29,15,14,1-3-4-5,0.0005345687811831789,0.9994654312188168,2806,
2,29,15,14,1-3-4-6,0.005555555555555556,0.9944444444444445,270,
2,29,15,14,1-3-4-7,0.5,0.5,16,
2,29,15,14,1-3-5-5,0.00641025641025641,0.9935897435897436,546,
2,29,15,14,1-3-5-6,0.003676470588235294,0.9963235294117647,272,
2,29,15,14,1-3-5-7,0.5,0.5,13,
2,29,15,14,1-3-6-6,0.009259259259259259,0.9907407407407407,54,
2,29,15,14,1-3-6-7,0.5,0.5,10,
2,29,15,14,1-3-6-8,0.5,0.5,1,
2,29,15,14,1-4-4-4,0.0070140280561122245,0.9929859719438878,499,
2,29,15,14,1-4-4-5,0.001002004008016032,0.998997995991984,998,
2,29,15,14,1-4-4-6,0.028089887640449437,0.9719101123595506,89,
2,29,15,14,1-4-5-5,0.0215311004784689,0.9784688995215312,627,
2,29,15,14,1-4-5-6,0.06458333333333334,0.9354166666666667,240,
2,29,15,14,1-4-5-7,0.5,0.5,4,
2,29,15,14,1-4-6-6,0.5,0.5,40,
2,29,15,14,1-4-6-7,0.029411764705882353,0.9705882352941176,17,
2,29,15,14,1-4-7-7,0.5,0.5,2,
2,29,15,14,1-5-5-5,0.5,0.5,58,
2,29,15,14,1-5-5-6,0.5,0.5,87,
2,29,15,14,1-5-6-6,0.07142857142857142,0.9285714285714286,56,
2,29,15,14,1-5-6-7,0.5,0.5,2,
2,29,15,14,1-5-6-8,0.5,0.5,1,
2,29,15,14,1-6-6-6,0.5,0.5,2,
2,29,15,14,1-6-6-7,0.5,0.5,1,
2,29,15,14,2-2-2-2,0.8733869209436798,0.12661307905632027,355,
2,29,15,14,2-2-2-3,0.018876552937837663,0.9811234470621624,2510,
2,29,15,14,2-2-2-4,0.018533123028391166,0.9814668769716088,634,
2,29,15,14,2-2-2-5,0.01327433628318584,0.9867256637168141,113,
2,29,15,14,2-2-2-6,0.5,0.5,8,
2,29,15,14,2-2-3-3,0.00011348161597821153,0.9998865183840218,4406,
2,29,15,14,2-2-3-4,0.0016047684548372307,0.9983952315451627,4362,
2,29,15,14,2-2-3-5,0.006815365551425031,0.993184634448575,807,
2,29,15,14,2-2-3-6,0.05737704918032787,0.9426229508196722,61,
2,29,15,14,2-2-3-7,0.2,0.8,5,
2,29,15,14,2-2-4-4,0.0014177693761814746,0.9985822306238186,1058,
2,29,15,14,2-2-4-5,0.0006587615283267457,0.9993412384716732,759,
2,29,15,14,2-2-4-6,0.5,0.5,61,
2,29,15,14,2-2-4-7,0.5,0.5,2,
2,29,15,14,2-2-5-5,0.4962121212121212,0.5037878787878788,132,
2,29,15,14,2-2-5-6,0.020833333333333332,0.9791666666666666,72,
2,29,15,14,2-2-5-7,0.5,0.5,4,
2,29,15,14,2-2-6-6,0.5,0.5,6,
2,29,15,14,2-2-6-7,0.5,0.5,4,
2,29,15,14,2-2-7-7,0.5,0.5,1,
2,29,15,14,2-3-3-3,0.002116082224909311,0.9978839177750907,1654,
2,29,15,14,2-3-3-4,0.0011845789360327374,0.9988154210639673,4643,
2,29,15,14,2-3-3-5,0.001184834123222749,0.9988151658767772,844,
2,29,15,14,2-3-3-6,0.04591836734693878,0.9540816326530612,98,
2,29,15,14,2-3-3-7,0.16666666666666666,0.8333333333333334,3,
2,29,15,14,2-3-4-4,0.0014802631578947369,0.9985197368421053,3040,
2,29,15,14,2-3-4-5,0.003230272265805261,0.9967697277341947,2167,
2,29,15,14,2-3-4-6,0.03314917127071823,0.9668508287292817,181,
2,29,15,14,2-3-4-7,0.5,0.5,15,
2,29,15,14,2-3-5-5,0.004672897196261682,0.9953271028037384,428,
2,29,15,14,2-3-5-6,0.014150943396226415,0.9858490566037735,212,
2,29,15,14,2-3-5-7,0.5,0.5,6,
2,29,15,14,2-3-6-6,0.5,0.5,27,
2,29,15,14,2-3-6-7,0.5,0.5,4,
2,29,15,14,2-4-4-4,0.0013623978201634877,0.9986376021798365,367,
2,29,15,14,2-4-4-5,0.0053404539385847796,0.9946595460614153,749,
2,29,15,14,2-4-4-6,0.5,0.5,68,
2,29,15,14,2-4-4-7,0.5,0.5,1,
2,29,15,14,2-4-5-5,0.05710659898477157,0.9428934010152284,394,
2,29,15,14,2-4-5-6,0.1746987951807229,0.8253012048192772,166,
2,29,15,14,2-4-5-7,0.5,0.5,6,
2,29,15,14,2-4-6-6,0.5,0.5,18,
2,29,15,14,2-4-6-7,0.5,0.5,8,
2,29,15,14,2-4-7-8,0.5,0.5,1,
2,29,15,14,2-5-5-5,0.06578947368421052,0.9342105263157895,38,
2,29,15,14,2-5-5-6,0.5,0.5,50,
2,29,15,14,2-5-5-7,0.5,0.5,1,
2,29,15,14,2-5-6-6,0.2037037037037037,0.7962962962962963,27,
2,29,15,14,2-5-6-7,0.5,0.5,8,
2,29,15,14,2-5-7-7,0.5,0.5,3,
2,29,15,14,2-6-6-7,0.5,0.5,1,
2,29,15,14,2-6-7-7,0.5,0.5,1,
2,29,15,14,2-6-7-8,0.5,0.5,1,
2,29,15,14,3-3-3-3,0.3277027027027027,0.6722972972972973,74,
2,29,15,14,3-3-3-4,0.0006849315068493151,0.9993150684931507,730,
2,29,15,14,3-3-3-5,0.03,0.97,100,
2,29,15,14,3-3-3-6,0.21428571428571427,0.7857142857142857,7,
2,29,15,14,3-3-4-4,0.0004621072088724584,0.9995378927911276,1082,
2,29,15,14,3-3-4-5,0.009009009009009009,0.990990990990991,777,
2,29,15,14,3-3-4-6,0.5,0.5,51,
2,29,15,14,3-3-4-7,0.5,0.5,1,
2,29,15,14,3-3-5-5,0.08394160583941605,0.916058394160584,137,
2,29,15,14,3-3-5-6,0.018518518518518517,0.9814814814814815,81,
2,29,15,14,3-3-5-7,0.5,0.5,2,
2,29,15,14,3-3-6-6,0.5,0.5,11,
2,29,15,14,3-3-6-7,0.5,0.5,2,
2,29,15,14,3-4-4-4,0.03125,0.96875,336,
2,29,15,14,3-4-4-5,0.03701298701298701,0.962987012987013,770,
2,29,15,14,3-4-4-6,0.5,0.5,26,
2,29,15,14,3-4-4-7,0.5,0.5,2,
2,29,15,14,3-4-5-5,0.5,0.5,383,
2,29,15,14,3-4-5-6,0.13934426229508196,0.860655737704918,183,
2,29,15,14,3-4-5-7,0.5,0.5,7,
2,29,15,14,3-4-6-6,0.5,0.5,5,
2,29,15,14,3-4-6-7,0.5,0.5,3,
2,29,15,14,3-5-5-5,0.5,0.5,21,
2,29,15,14,3-5-5-6,0.5,0.5,62,
2,29,15,14,3-5-5-7,0.5,0.5,2,
2,29,15,14,3-5-6-6,0.5,0.5,34,
2,29,15,14,3-5-6-7,0.5,0.5,4,
2,29,15,14,3-5-7-7,0.5,0.5,1,
2,29,15,14,3-5-7-8,0.5,0.5,1,
2,29,15,14,3-6-7-7,0.5,0.5,2,
2,29,15,14,3-6-7-8,0.5,0.5,1,
2,29,15,14,4-4-4-4,0.5,0.5,7,
2,29,15,14,4-4-4-5,0.5,0.5,48,
2,29,15,14,4-4-4-6,0.07142857142857142,0.9285714285714286,7,
2,29,15,14,4-4-5-5,0.06884057971014493,0.9311594202898551,138,
2,29,15,14,4-4-5-6,0.5,0.5,47,
2,29,15,14,4-4-6-6,0.5,0.5,4,
2,29,15,14,4-4-6-7,0.5,0.5,1,
2,29,15,14,4-5-5-5,0.5,0.5,15,
2,29,15,14,4-5-5-6,0.0390625,0.9609375,64,
2,29,15,14,4-5-5-8,0.5,0.5,1,
2,29,15,14,4-5-6-6,0.5,0.5,10,
2,29,15,14,4-5-6-7,0.5,0.5,4,
2,29,15,14,4-6-6-6,0.5,0.5,1,
2,29,15,14,4-6-6-7,0.5,0.5,5,
2,29,15,14,4-6-7-7,0.5,0.5,1,
2,29,15,14,5-5-5-6,0.5,0.5,2,
2,29,15,14,5-5-6-6,0.5,0.5,3,
2,29,15,14,5-5-6-7,0.5,0.5,1,
2,29,15,14,5-6-6-6,0.5,0.5,2,
2,29,15,14,5-6-7-7,0.5,0.5,2,
2,29,15,14,5-7-7-7,0.0,1.0,1,DRAW
2,29,15,14,6-6-7-7,0.0,1.0,4,DRAW
2,29,15,14,6-7-7-8,0.0,1.0,1,DRAW
2,31,16,15,1-1-1-1,1.0,0.0,19,STOP
2,31,16,15,1-1-1-2,1.0,0.0,3663,STOP
2,31,16,15,1-1-1-3,1.0,0.0,911,STOP
2,31,16,15,1-1-1-4,0.3792415426640466,0.6207584573359534,425,
2,31,16,15,1-1-1-5,0.07608695652173914,0.9239130434782609,46,
2,31,16,15,1-1-2-2,0.0,1.0,31603,DRAW
2,31,16,15,1-1-2-3,0.0010009252388142112,0.9989990747611858,17929,
2,31,16,15,1-1-2-4,0.0003145148608271741,0.9996854851391729,6359,
2,31,16,15,1-1-2-5,0.0005537098560354374,0.9994462901439646,903,
2,31,16,15,1-1-2-6,0.007042253521126761,0.9929577464788732,71,
2,31,16,15,1-1-2-7,0.5,0.5,2,
2,31,16,15,1-1-3-3,0.002028352353780314,0.9979716476462197,5608,
2,31,16,15,1-1-3-4,0.0003403096818104475,0.9996596903181896,5877,
2,31,16,15,1-1-3-5,0.0011037527593818985,0.9988962472406181,906,
2,31,16,15,1-1-3-6,0.013513513513513514,0.9864864864864865,74,
2,31,16,15,1-1-3-7,0.5,0.5,3,
2,31,16,15,1-1-4-4,0.0017470300489168414,0.9982529699510831,1431,
2,31,16,15,1-1-4-5,0.026837806301050177,0.9731621936989499,857,
2,31,16,15,1-1-4-6,0.008771929824561403,0.9912280701754386,57,
2,31,16,15,1-1-5-5,0.034161490683229816,0.9658385093167702,161,
2,31,16,15,1-1-5-6,0.018518518518518517,0.9814814814814815,54,
2,31,16,15,1-1-5-7,0.5,0.5,2,
2,31,16,15,1-1-6-6,0.5,0.5,9,
2,31,16,15,1-1-6-7,0.5,0.5,2,
2,31,16,15,1-2-2-2,0.9609866042878744,0.03901339571212563,7572,
2,31,16,15,1-2-2-3,6.071645415907711e-05,0.9999392835458409,16470,
2,31,16,15,1-2-2-4,0.00010036130068245685,0.9998996386993175,4982,
2,31,16,15,1-2-2-5,0.0006711409395973154,0.9993288590604027,745,
2,31,16,15,1-2-2-6,0.44,0.56,50,
2,31,16,15,1-2-2-7,0.5,0.5,5,
2,31,16,15,1-2-3-3,0.00011638733705772812,0.9998836126629422,12888,
2,31,16,15,1-2-3-4,7.804573480059315e-05,0.9999219542651994,12813,
2,31,16,15,1-2-3-5,0.007221115537848605,0.9927788844621513,2008,
2,31,16,15,1-2-3-6,0.025925925925925925,0.9740740740740741,135,
2,31,16,15,1-2-3-7,0.4444444444444444,0.5555555555555556,9,
2,31,16,15,1-2-4-4,0.003514376996805112,0.9964856230031949,3130,
2,31,16,15,1-2-4-5,0.002638522427440633,0.9973614775725593,1895,
2,31,16,15,1-2-4-6,0.06204379562043796,0.9379562043795621,137,
2,31,16,15,1-2-4-7,0.5,0.5,1,
2,31,16,15,1-2-5-5,0.11989100817438691,0.8801089918256131,367,
2,31,16,15,1-2-5-6,0.19718309859154928,0.8028169014084507,142,
2,31,16,15,1-2-5-7,0.5,0.5,3,
2,31,16,15,1-2-6-6,0.39285714285714285,0.6071428571428571,14,
2,31,16,15,1-2-6-7,0.5,0.5,3,
2,31,16,15,1-2-7-7,0.5,0.5,1,
2,31,16,15,1-3-3-3,0.007478081485301702,0.9925219185146983,1939,
2,31,16,15,1-3-3-4,0.0007625272331154684,0.9992374727668846,4590,
2,31,16,15,1-3-3-5,0.00804289544235925,0.9919571045576407,746,
2,31,16,15,1-3-3-6,0.008620689655172414,0.9913793103448276,58,
2,31,16,15,1-3-3-7,0.5,0.5,1,
2,31,16,15,1-3-4-4,0.004653401797175867,0.9953465982028241,3116,
2,31,16,15,1-3-4-5,0.007376185458377239,0.9926238145416227,1898,
2,31,16,15,1-3-4-6,0.05511811023622047,0.9448818897637795,127,
2,31,16,15,1-3-4-7,0.5,0.5,2,
2,31,16,15,1-3-5-5,0.26677852348993286,0.7332214765100671,298,
2,31,16,15,1-3-5-6,0.3299319727891156,0.6700680272108843,147,
2,31,16,15,1-3-5-7,0.5,0.5,3,
2,31,16,15,1-3-6-6,0.022727272727272728,0.9772727272727273,22,
2,31,16,15,1-3-6-7,0.5,0.5,2,
2,31,16,15,1-4-4-4,0.06728232189973615,0.9327176781002638,379,
2,31,16,15,1-4-4-5,0.0007496251874062968,0.9992503748125937,667,
2,31,16,15,1-4-4-6,0.5,0.5,47,
2,31,16,15,1-4-5-5,0.11710526315789474,0.8828947368421053,380,
2,31,16,15,1-4-5-6,0.06153846153846154,0.9384615384615385,130,
2,31,16,15,1-4-6-6,0.5,0.5,8,
2,31,16,15,1-4-6-7,0.5,0.5,7,
2,31,16,15,1-5-5-5,0.5,0.5,13,
2,31,16,15,1-5-5-6,0.5,0.5,30,
2,31,16,15,1-5-6-6,0.5,0.5,20,
2,31,16,15,2-2-2-2,0.8353063254926831,0.16469367450731684,369,
2,31,16,15,2-2-2-3,0.0029785136642873715,0.9970214863357127,2484,
2,31,16,15,2-2-2-4,0.0009596928982725527,0.9990403071017274,521,
2,31,16,15,2-2-2-5,0.014492753623188406,0.9855072463768116,69,
2,31,16,15,2-2-2-6,0.5,0.5,4,
2,31,16,15,2-2-3-3,0.00012610340479192938,0.9998738965952081,3965,
2,31,16,15,2-2-3-4,0.0030621172353455816,0.9969378827646544,3429,
2,31,16,15,2-2-3-5,0.011554621848739496,0.9884453781512605,476,
2,31,16,15,2-2-3-6,0.5,0.5,31,
2,31,16,15,2-2-3-7,0.5,0.5,1,
2,31,16,15,2-2-4-4,0.001282051282051282,0.9987179487179487,780,
2,31,16,15,2-2-4-5,0.010660980810234541,0.9893390191897654,469,
2,31,16,15,2-2-4-6,0.5,0.5,16,
2,31,16,15,2-2-5-5,0.49137931034482757,0.5086206896551724,58,
2,31,16,15,2-2-5-6,0.046875,0.953125,32,
2,31,16,15,2-2-5-7,0.5,0.5,1,
2,31,16,15,2-2-6-6,0.5,0.5,1,
2,31,16,15,2-3-3-3,0.0014367816091954023,0.9985632183908046,1392,
2,31,16,15,2-3-3-4,0.0009733036707452725,0.9990266963292548,3596,
2,31,16,15,2-3-3-5,0.0009363295880149813,0.9990636704119851,534,
2,31,16,15,2-3-3-6,0.28125,0.71875,48,
2,31,16,15,2-3-4-4,0.0006669630947087594,0.9993330369052913,2249,
2,31,16,15,2-3-4-5,0.00145985401459854,0.9985401459854014,1370,
2,31,16,15,2-3-4-6,0.06179775280898876,0.9382022471910112,89,
2,31,16,15,2-3-4-7,0.5,0.5,3,
2,31,16,15,2-3-5-5,0.036016949152542374,0.9639830508474576,236,
2,31,16,15,2-3-5-6,0.009433962264150943,0.9905660377358491,106,
2,31,16,15,2-3-5-7,0.5,0.5,1,
2,31,16,15,2-3-6-6,0.5,0.5,6,
2,31,16,15,2-3-6-7,0.5,0.5,1,
2,31,16,15,2-4-4-4,0.22030651340996169,0.7796934865900383,261,
2,31,16,15,2-4-4-5,0.23666666666666666,0.7633333333333333,450,
2,31,16,15,2-4-4-6,0.5,0.5,15,
2,31,16,15,2-4-5-5,0.5,0.5,214,
2,31,16,15,2-4-5-6,0.14035087719298245,0.8596491228070176,57,
2,31,16,15,2-4-6-6,0.5,0.5,5,
2,31,16,15,2-4-6-7,0.5,0.5,1,
2,31,16,15,2-5-5-5,0.058823529411764705,0.9411764705882353,17,
2,31,16,15,2-5-5-6,0.5,0.5,23,
2,31,16,15,2-5-6-6,0.5,0.5,10,
2,31,16,15,2-5-6-7,0.5,0.5,4,
2,31,16,15,2-5-7-7,0.5,0.5,1,
2,31,16,15,2-6-6-7,0.5,0.5,1,
2,31,16,15,2-6-7-7,0.5,0.5,1,
2,31,16,15,3-3-3-3,0.04310344827586207,0.9568965517241379,58,
2,31,16,15,3-3-3-4,0.07293497363796134,0.9270650263620387,569,
2,31,16,15,3-3-3-5,0.0234375,0.9765625,64,
2,31,16,15,3-3-3-6,0.5,0.5,2,
2,31,16,15,3-3-4-4,0.0006385696040868455,0.9993614303959132,783,
2,31,16,15,3-3-4-5,0.034140969162995596,0.9658590308370044,454,
2,31,16,15,3-3-4-6,0.5,0.5,6,
2,31,16,15,3-3-4-7,0.5,0.5,1,
2,31,16,15,3-3-5-5,0.05,0.95,70,
2,31,16,15,3-3-5-6,0.5,0.5,37,
2,31,16,15,3-3-6-6,0.5,0.5,3,
2,31,16,15,3-4-4-4,0.0273109243697479,0.9726890756302521,238,
2,31,16,15,3-4-4-5,0.5,0.5,434,
2,31,16,15,3-4-4-6,0.5,0.5,7,
2,31,16,15,3-4-5-5,0.5,0.5,125,
2,31,16,15,3-4-5-6,0.5,0.5,64,
2,31,16,15,3-4-5-7,0.5,0.5,2,
2,31,16,15,3-4-6-6,0.5,0.5,2,
2,31,16,15,3-4-6-7,0.5,0.5,2,
2,31,16,15,3-5-5-5,0.5,0.5,7,
2,31,16,15,3-5-5-6,0.5,0.5,18,
2,31,16,15,3-5-6-6,0.5,0.5,8,
2,31,16,15,3-6-6-7,0.5,0.5,1,
2,31,16,15,4-4-4-4,0.5,0.5,3,
2,31,16,15,4-4-4-5,0.5,0.5,31,
2,31,16,15,4-4-4-6,0.5,0.5,5,
2,31,16,15,4-4-5-5,0.5,0.5,72,
2,31,16,15,4-4-5-6,0.5,0.5,11,
2,31,16,15,4-4-6-6,0.5,0.5,3,
2,31,16,15,4-4-6-7,0.5,0.5,1,
2,31,16,15,4-5-5-5,0.5,0.5,8,
2,31,16,15,4-5-5-6,0.038461538461538464,0.9615384615384616,26,
2,31,16,15,4-5-6-6,0.5,0.5,3,
2,31,16,15,4-6-6-7,0.5,0.5,1,
2,31,16,15,5-5-5-6,0.5,0.5,1,
2,31,16,15,5-5-6-6,0.5,0.5,1,
2,31,16,15,5-7-7-7,0.0,1.0,1,DRAW
2,31,16,15,6-6-7-7,0.0,1.0,3,DRAW
2,33,17,16,1-1-1-1,1.0,0.0,12,STOP
2,33,17,16,1-1-1-2,1.0,0.0,4200,STOP
2,33,17,16,1-1-1-3,1.0,0.0,822,STOP
2,33,17,16,1-1-1-4,0.575769896193772,0.4242301038062281,340,
2,33,17,16,1-1-1-5,0.14285714285714285,0.8571428571428571,28,
2,33,17,16,1-1-2-2,0.0,1.0,34218,DRAW
2,33,17,16,1-1-2-3,0.0009558126945459463,0.9990441873054541,19704,
2,33,17,16,1-1-2-4,0.0002723311546840959,0.9997276688453159,5508,
2,33,17,16,1-1-2-5,0.0015873015873015873,0.9984126984126984,630,
2,33,17,16,1-1-2-6,0.013157894736842105,0.9868421052631579,38,
2,33,17,16,1-1-3-3,0.0006134969325153375,0.9993865030674847,5705,
2,33,17,16,1-1-3-4,0.0009628345850182937,0.9990371654149817,5193,
2,33,17,16,1-1-3-5,0.0008143322475570033,0.999185667752443,614,
2,33,17,16,1-1-3-6,0.022727272727272728,0.9772727272727273,44,
2,33,17,16,1-1-4-4,0.0008445945945945946,0.9991554054054054,1184,
2,33,17,16,1-1-4-5,0.022613065326633167,0.9773869346733668,597,
2,33,17,16,1-1-4-6,0.018518518518518517,0.9814814814814815,27,
2,33,17,16,1-1-5-5,0.28095238095238095,0.719047619047619,105,
2,33,17,16,1-1-5-6,0.5,0.5,23,
2,33,17,16,1-1-6-6,0.5,0.5,1,
2,33,17,16,1-2-2-2,0.981758618320032,0.018241381679967986,7518,
2,33,17,16,1-2-2-3,0.00025867454557528446,0.9997413254544247,16432,
2,33,17,16,1-2-2-4,0.0015876893014167073,0.9984123106985833,4094,
2,33,17,16,1-2-2-5,0.0010893246187363835,0.9989106753812637,459,
2,33,17,16,1-2-2-6,0.5,0.5,13,
2,33,17,16,1-2-3-3,0.00016388069485414618,0.9998361193051458,12204,
2,33,17,16,1-2-3-4,0.0013305455236647026,0.9986694544763353,10522,
2,33,17,16,1-2-3-5,0.004347826086956522,0.9956521739130435,1265,
2,33,17,16,1-2-3-6,0.4765625,0.5234375,64,
2,33,17,16,1-2-4-4,0.0024783147459727386,0.9975216852540273,2421,
2,33,17,16,1-2-4-5,0.018775510204081632,0.9812244897959184,1225,
2,33,17,16,1-2-4-6,0.5,0.5,49,
2,33,17,16,1-2-4-7,0.5,0.5,1,
2,33,17,16,1-2-5-5,0.0449438202247191,0.9550561797752809,178,
2,33,17,16,1-2-5-6,0.5,0.5,63,
2,33,17,16,1-2-5-7,0.5,0.5,1,
2,33,17,16,1-2-6-6,0.5,0.5,4,
2,33,17,16,1-2-7-7,0.5,0.5,1,
2,33,17,16,1-3-3-3,0.009144542772861357,0.9908554572271386,1695,
2,33,17,16,1-3-3-4,0.005971337579617835,0.9940286624203821,3768,
2,33,17,16,1-3-3-5,0.00437636761487965,0.9956236323851203,457,
2,33,17,16,1-3-3-6,0.017241379310344827,0.9827586206896551,29,
2,33,17,16,1-3-4-4,0.00783630822812364,0.9921636917718764,2297,
2,33,17,16,1-3-4-5,0.013266998341625208,0.9867330016583747,1206,
2,33,17,16,1-3-4-6,0.5,0.5,51,
2,33,17,16,1-3-5-5,0.5,0.5,129,
2,33,17,16,1-3-5-6,0.5,0.5,52,
2,33,17,16,1-3-6-6,0.5,0.5,10,
2,33,17,16,1-4-4-4,0.2679245283018868,0.7320754716981132,265,
2,33,17,16,1-4-4-5,0.0011682242990654205,0.9988317757009346,428,
2,33,17,16,1-4-4-6,0.5,0.5,7,
2,33,17,16,1-4-5-5,0.047752808988764044,0.952247191011236,178,
2,33,17,16,1-4-5-6,0.5,0.5,57,
2,33,17,16,1-4-6-7,0.5,0.5,2,
2,33,17,16,1-5-5-5,0.5,0.5,6,
2,33,17,16,1-5-5-6,0.5,0.5,10,
2,33,17,16,1-5-6-6,0.5,0.5,4,
2,33,17,16,1-6-6-7,0.5,0.5,2,
2,33,17,16,2-2-2-2,0.998641304347826,0.001358695652173913,368,
2,33,17,16,2-2-2-3,0.004604672057502246,0.9953953279424977,2226,
2,33,17,16,2-2-2-4,0.015853658536585366,0.9841463414634146,410,
2,33,17,16,2-2-2-5,0.024390243902439025,0.975609756097561,41,
2,33,17,16,2-2-2-6,0.5,0.5,1,
2,33,17,16,2-2-3-3,0.002380952380952381,0.9976190476190476,3360,
2,33,17,16,2-2-3-4,0.0022079486150140505,0.997792051384986,2491,
2,33,17,16,2-2-3-5,0.009615384615384616,0.9903846153846154,260,
2,33,17,16,2-2-3-6,0.5,0.5,8,
2,33,17,16,2-2-4-4,0.06225296442687747,0.9377470355731226,506,
2,33,17,16,2-2-4-5,0.1569767441860465,0.8430232558139535,258,
2,33,17,16,2-2-4-6,0.5,0.5,6,
2,33,17,16,2-2-5-5,0.5,0.5,18,
2,33,17,16,2-2-5-6,0.5,0.5,10,
2,33,17,16,2-3-3-3,0.000877963125548727,0.9991220368744512,1139,
2,33,17,16,2-3-3-4,0.00019062142584826535,0.9998093785741518,2623,
2,33,17,16,2-3-3-5,0.07454545454545454,0.9254545454545454,275,
2,33,17,16,2-3-3-6,0.5,0.5,13,
2,33,17,16,2-3-4-4,0.0006557377049180328,0.999344262295082,1525,
2,33,17,16,2-3-4-5,0.0006802721088435374,0.9993197278911564,735,
2,33,17,16,2-3-4-6,0.06944444444444445,0.9305555555555556,36,
2,33,17,16,2-3-4-7,0.5,0.5,1,
2,33,17,16,2-3-5-5,0.011538461538461539,0.9884615384615385,130,
2,33,17,16,2-3-5-6,0.025,0.975,40,
2,33,17,16,2-3-6-6,0.5,0.5,1,
2,33,17,16,2-4-4-4,0.5,0.5,140,
2,33,17,16,2-4-4-5,0.16019417475728157,0.8398058252427184,206,
2,33,17,16,2-4-4-6,0.5,0.5,2,
2,33,17,16,2-4-5-5,0.5,0.5,65,
2,33,17,16,2-4-5-6,0.11363636363636363,0.8863636363636364,22,
2,33,17,16,2-4-5-7,0.5,0.5,1,
2,33,17,16,2-5-5-5,0.05,0.95,10,
2,33,17,16,2-5-5-6,0.5,0.5,3,
2,33,17,16,2-5-6-6,0.5,0.5,2,
2,33,17,16,2-5-6-7,0.5,0.5,1,
2,33,17,16,2-6-6-7,0.5,0.5,1,
2,33,17,16,3-3-3-3,0.5,0.5,43,
2,33,17,16,3-3-3-4,0.27506112469437655,0.7249388753056235,409,
2,33,17,16,3-3-3-5,0.5,0.5,31,
2,33,17,16,3-3-4-4,0.03021978021978022,0.9697802197802198,546,
2,33,17,16,3-3-4-5,0.5,0.5,219,
2,33,17,16,3-3-4-6,0.5,0.5,3,
2,33,17,16,3-3-5-5,0.5,0.5,31,
2,33,17,16,3-3-5-6,0.5,0.5,8,
2,33,17,16,3-4-4-4,0.5,0.5,140,
2,33,17,16,3-4-4-5,0.5,0.5,124,
2,33,17,16,3-4-4-6,0.5,0.5,4,
2,33,17,16,3-4-5-5,0.5,0.5,25,
2,33,17,16,3-4-5-6,0.5,0.5,12,
2,33,17,16,3-5-5-5,0.5,0.5,3,
2,33,17,16,3-5-5-6,0.5,0.5,4,
2,33,17,16,4-4-4-4,0.5,0.5,1,
2,33,17,16,4-4-4-5,0.5,0.5,7,
2,33,17,16,4-4-4-6,0.5,0.5,2,
2,33,17,16,4-4-5-5,0.5,0.5,20,
2,33,17,16,4-4-5-6,0.5,0.5,3,
2,33,17,16,4-5-5-5,0.5,0.5,3,
2,33,17,16,4-5-5-6,0.5,0.5,10,
2,33,17,16,5-6-7-7,0.5,0.5,1,
2,33,17,16,6-6-7-7,0.0,1.0,1,DRAW
2,35,18,17,1-1-1-1,1.0,0.0,11,STOP
2,35,18,17,1-1-1-2,1.0,0.0,4592,STOP
2,35,18,17,1-1-1-3,1.0,0.0,858,STOP
2,35,18,17,1-1-1-4,0.3169291338582677,0.6830708661417323,254,
2,35,18,17,1-1-1-5,0.1,0.9,15,
2,35,18,17,1-1-2-2,0.0,1.0,36687,DRAW
2,35,18,17,1-1-2-3,2.4343931057987243e-05,0.999975656068942,20539,
2,35,18,17,1-1-2-4,0.000108038029386344,0.9998919619706137,4628,
2,35,18,17,1-1-2-5,0.009828009828009828,0.9901719901719902,407,
2,35,18,17,1-1-2-6,0.023809523809523808,0.9761904761904762,21,
2,35,18,17,1-1-3-3,0.00035676061362825543,0.9996432393863718,5606,
2,35,18,17,1-1-3-4,0.0015004616805170822,0.9984995383194829,4332,
2,35,18,17,1-1-3-5,0.005154639175257732,0.9948453608247423,388,
2,35,18,17,1-1-3-6,0.5,0.5,23,
2,35,18,17,1-1-4-4,0.001026694045174538,0.9989733059548255,974,
2,35,18,17,1-1-4-5,0.016216216216216217,0.9837837837837838,370,
2,35,18,17,1-1-4-6,0.05,0.95,10,
2,35,18,17,1-1-5-5,0.5,0.5,52,
2,35,18,17,1-1-5-6,0.5,0.5,5,
2,35,18,17,1-2-2-2,0.9328053267056199,0.0671946732943802,7101,
2,35,18,17,1-2-2-3,0.0005238687708728964,0.9994761312291272,15271,
2,35,18,17,1-2-2-4,0.0007939028262940616,0.9992060971737059,3149,
2,35,18,17,1-2-2-5,0.03917910447761194,0.960820895522388,268,
2,35,18,17,1-2-2-6,0.5,0.5,3,
2,35,18,17,1-2-3-3,0.00013877324451845685,0.9998612267554815,10809,
2,35,18,17,1-2-3-4,0.0009086503513448025,0.9990913496486552,8254,
2,35,18,17,1-2-3-5,0.008547008547008548,0.9914529914529915,702,
2,35,18,17,1-2-3-6,0.5,0.5,14,
2,35,18,17,1-2-4-4,0.0005927682276229994,0.999407231772377,1687,
2,35,18,17,1-2-4-5,0.041666666666666664,0.9583333333333334,684,
2,35,18,17,1-2-4-6,0.5,0.5,11,
2,35,18,17,1-2-4-7,0.5,0.5,1,
2,35,18,17,1-2-5-5,0.5,0.5,94,
2,35,18,17,1-2-5-6,0.5,0.5,17,
2,35,18,17,1-2-5-7,0.5,0.5,2,
2,35,18,17,1-2-6-6,0.5,0.5,2,
2,35,18,17,1-3-3-3,0.008173418621179816,0.9918265813788202,1407,
2,35,18,17,1-3-3-4,0.00034614053305642093,0.9996538594669436,2889,
2,35,18,17,1-3-3-5,0.004,0.996,250,
2,35,18,17,1-3-3-6,0.5,0.5,13,
2,35,18,17,1-3-4-4,0.053044569993722535,0.9469554300062775,1593,
2,35,18,17,1-3-4-5,0.3022222222222222,0.6977777777777778,675,
2,35,18,17,1-3-4-6,0.5,0.5,11,
2,35,18,17,1-3-5-5,0.5,0.5,41,
2,35,18,17,1-3-5-6,0.5,0.5,15,
2,35,18,17,1-3-6-6,0.5,0.5,1,
2,35,18,17,1-4-4-4,0.21428571428571427,0.7857142857142857,133,
2,35,18,17,1-4-4-5,0.5,0.5,247,
2,35,18,17,1-4-4-6,0.5,0.5,2,
2,35,18,17,1-4-5-5,0.5,0.5,92,
2,35,18,17,1-4-5-6,0.5,0.5,8,
2,35,18,17,1-4-6-7,0.5,0.5,1,
2,35,18,17,1-5-5-5,0.5,0.5,2,
2,35,18,17,1-5-5-6,0.5,0.5,2,
2,35,18,17,1-5-6-6,0.5,0.5,1,
2,35,18,17,1-6-6-7,0.5,0.5,1,
2,35,18,17,2-2-2-2,0.9984848484848485,0.0015151515151515152,330,
2,35,18,17,2-2-2-3,0.001122334455667789,0.9988776655443322,1782,
2,35,18,17,2-2-2-4,0.05303030303030303,0.946969696969697,264,
2,35,18,17,2-2-2-5,0.5,0.5,17,
2,35,18,17,2-2-2-6,0.5,0.5,1,
2,35,18,17,2-2-3-3,0.000970873786407767,0.9990291262135922,2575,
2,35,18,17,2-2-3-4,0.005095923261390888,0.9949040767386091,1668,
2,35,18,17,2-2-3-5,0.09090909090909091,0.9090909090909091,132,
2,35,18,17,2-2-3-6,0.5,0.5,1,
2,35,18,17,2-2-4-4,0.07719298245614035,0.9228070175438596,285,
2,35,18,17,2-2-4-5,0.33980582524271846,0.6601941747572816,103,
2,35,18,17,2-2-5-5,0.5,0.5,6,
2,35,18,17,2-2-5-6,0.5,0.5,6,
2,35,18,17,2-3-3-3,0.024390243902439025,0.975609756097561,820,
2,35,18,17,2-3-3-4,0.0002955082742316785,0.9997044917257684,1692,
2,35,18,17,2-3-3-5,0.05701754385964912,0.9429824561403509,114,
2,35,18,17,2-3-3-6,0.5,0.5,5,
2,35,18,17,2-3-4-4,0.0005787037037037037,0.9994212962962963,864,
2,35,18,17,2-3-4-5,0.14972527472527472,0.8502747252747253,364,
2,35,18,17,2-3-4-6,0.5,0.5,9,
2,35,18,17,2-3-5-5,0.02727272727272727,0.9727272727272728,55,
2,35,18,17,2-3-5-6,0.02631578947368421,0.9736842105263158,19,
2,35,18,17,2-4-4-4,0.5,0.5,37,
2,35,18,17,2-4-4-5,0.5,0.5,93,
2,35,18,17,2-4-4-6,0.5,0.5,1,
2,35,18,17,2-4-5-5,0.5,0.5,19,
2,35,18,17,2-4-5-6,0.5,0.5,10,
2,35,18,17,2-5-5-5,0.1,0.9,5,
2,35,18,17,2-5-5-6,0.5,0.5,1,
2,35,18,17,2-5-6-6,0.5,0.5,1,
2,35,18,17,3-3-3-3,0.5,0.5,18,
2,35,18,17,3-3-3-4,0.2044334975369458,0.7955665024630542,203,
2,35,18,17,3-3-3-5,0.5,0.5,13,
2,35,18,17,3-3-4-4,0.02181208053691275,0.9781879194630873,298,
2,35,18,17,3-3-4-5,0.5,0.5,52,
2,35,18,17,3-3-5-5,0.5,0.5,11,
2,35,18,17,3-3-5-6,0.5,0.5,1,
2,35,18,17,3-4-4-4,0.5,0.5,48,
2,35,18,17,3-4-4-5,0.5,0.5,32,
2,35,18,17,3-4-4-6,0.5,0.5,1,
2,35,18,17,3-4-5-5,0.5,0.5,5,
2,35,18,17,3-4-5-6,0.5,0.5,3,
2,35,18,17,3-5-5-6,0.5,0.5,2,
2,35,18,17,4-4-4-5,0.5,0.5,2,
2,35,18,17,4-4-4-6,0.5,0.5,1,
2,35,18,17,4-4-5-5,0.5,0.5,3,
2,35,18,17,4-4-5-6,0.5,0.5,1,
2,35,18,17,4-5-5-6,0.5,0.5,2,
2,35,18,17,4-6-6-7,0.5,0.5,1,
2,35,18,17,5-6-7-7,0.5,0.5,1,
2,37,19,18,1-1-1-1,1.0,0.0,8,STOP
2,37,19,18,1-1-1-2,1.0,0.0,4993,STOP
2,37,19,18,1-1-1-3,1.0,0.0,769,STOP
2,37,19,18,1-1-1-4,0.15465116279069768,0.8453488372093023,215,
2,37,19,18,1-1-1-5,0.1111111111111111,0.8888888888888888,9,
2,37,19,18,1-1-2-2,0.0,1.0,38380,DRAW
2,37,19,18,1-1-2-3,4.820903437304151e-05,0.9999517909656269,20743,
2,37,19,18,1-1-2-4,0.00013231013495633765,0.9998676898650437,3779,
2,37,19,18,1-1-2-5,0.002008032128514056,0.9979919678714859,249,
2,37,19,18,1-1-2-6,0.5,0.5,11,
2,37,19,18,1-1-3-3,9.150805270863836e-05,0.9999084919472914,5464,
2,37,19,18,1-1-3-4,0.0014188422247446084,0.9985811577752554,3524,
2,37,19,18,1-1-3-5,0.00423728813559322,0.9957627118644068,236,
2,37,19,18,1-1-3-6,0.5,0.5,4,
2,37,19,18,1-1-4-4,0.03727144866385373,0.9627285513361463,711,
2,37,19,18,1-1-4-5,0.006818181818181818,0.9931818181818182,220,
2,37,19,18,1-1-4-6,0.1,0.9,5,
2,37,19,18,1-1-5-5,0.5,0.5,21,
2,37,19,18,1-2-2-2,0.00032346757237586933,0.9996765324276241,6183,
2,37,19,18,1-2-2-3,0.0003002101471029721,0.999699789852897,13324,
2,37,19,18,1-2-2-4,0.0002318034306907742,0.9997681965693093,2157,
2,37,19,18,1-2-2-5,0.019083969465648856,0.9809160305343512,131,
2,37,19,18,1-2-2-6,0.5,0.5,3,
2,37,19,18,1-2-3-3,0.0001104728236853734,0.9998895271763146,9052,
2,37,19,18,1-2-3-4,0.0010223206679161698,0.9989776793320838,5869,
2,37,19,18,1-2-3-5,0.22113022113022113,0.7788697788697788,407,
2,37,19,18,1-2-3-6,0.5,0.5,2,
2,37,19,18,1-2-4-4,0.06788990825688074,0.9321100917431193,1090,
2,37,19,18,1-2-4-5,0.08088235294117647,0.9191176470588235,340,
2,37,19,18,1-2-4-6,0.5,0.5,3,
2,37,19,18,1-2-5-5,0.037037037037037035,0.9629629629629629,27,
2,37,19,18,1-2-5-6,0.5,0.5,2,
2,37,19,18,1-3-3-3,0.017101710171017102,0.9828982898289829,1111,
2,37,19,18,1-3-3-4,0.01371571072319202,0.986284289276808,2005,
2,37,19,18,1-3-3-5,0.0036231884057971015,0.9963768115942029,138,
2,37,19,18,1-3-3-6,0.5,0.5,3,
2,37,19,18,1-3-4-4,0.028741865509761388,0.9712581344902386,922,
2,37,19,18,1-3-4-5,0.5,0.5,238,
2,37,19,18,1-3-4-6,0.5,0.5,1,
2,37,19,18,1-3-5-5,0.5,0.5,15,
2,37,19,18,1-3-5-6,0.5,0.5,4,
2,37,19,18,1-3-6-6,0.5,0.5,1,
2,37,19,18,1-4-4-4,0.5,0.5,70,
2,37,19,18,1-4-4-5,0.5,0.5,57,
2,37,19,18,1-4-4-6,0.5,0.5,2,
2,37,19,18,1-4-5-5,0.5,0.5,27,
2,37,19,18,1-5-5-5,0.5,0.5,1,
2,37,19,18,1-5-5-6,0.5,0.5,1,
2,37,19,18,2-2-2-2,0.2839543819402749,0.7160456180597252,258,
2,37,19,18,2-2-2-3,0.0003875968992248062,0.9996124031007751,1290,
2,37,19,18,2-2-2-4,0.11589403973509933,0.8841059602649006,151,
2,37,19,18,2-2-2-5,0.5,0.5,5,
2,37,19,18,2-2-3-3,0.0005636978579481398,0.9994363021420518,1774,
2,37,19,18,2-2-3-4,0.01564185544768069,0.9843581445523193,927,
2,37,19,18,2-2-3-5,0.5,0.5,48,
2,37,19,18,2-2-4-4,0.04966887417218543,0.9503311258278145,151,
2,37,19,18,2-2-4-5,0.5,0.5,28,
2,37,19,18,2-2-5-5,0.5,0.5,1,
2,37,19,18,2-3-3-3,0.016898608349900597,0.9831013916500994,503,
2,37,19,18,2-3-3-4,0.015593561368209255,0.9844064386317908,994,
2,37,19,18,2-3-3-5,0.5,0.5,46,
2,37,19,18,2-3-4-4,0.24429223744292236,0.7557077625570776,438,
2,37,19,18,2-3-4-5,0.007352941176470588,0.9926470588235294,136,
2,37,19,18,2-3-4-6,0.5,0.5,3,
2,37,19,18,2-3-5-5,0.047619047619047616,0.9523809523809523,21,
2,37,19,18,2-3-5-6,0.5,0.5,7,
2,37,19,18,2-4-4-4,0.5,0.5,12,
2,37,19,18,2-4-4-5,0.5,0.5,23,
2,37,19,18,2-4-5-5,0.5,0.5,4,
2,37,19,18,2-4-5-6,0.5,0.5,3,
2,37,19,18,2-5-5-5,0.5,0.5,1,
2,37,19,18,3-3-3-3,0.5,0.5,6,
2,37,19,18,3-3-3-4,0.1875,0.8125,104,
2,37,19,18,3-3-3-5,0.5,0.5,3,
2,37,19,18,3-3-4-4,0.5,0.5,137,
2,37,19,18,3-3-4-5,0.5,0.5,13,
2,37,19,18,3-3-5-5,0.5,0.5,1,
2,37,19,18,3-4-4-4,0.5,0.5,16,
2,37,19,18,3-4-4-5,0.5,0.5,5,
2,37,19,18,3-4-4-6,0.5,0.5,1,
2,37,19,18,4-4-4-5,0.5,0.5,1,
2,37,19,18,4-4-5-5,0.5,0.5,1,
2,37,19,18,4-4-5-6,0.5,0.5,1,
2,37,19,18,4-6-6-7,0.5,0.5,1,
2,37,19,18,5-6-7-7,0.5,0.5,1,
2,39,20,19,1-1-1-1,1.0,0.0,12,STOP
2,39,20,19,1-1-1-2,1.0,0.0,5137,STOP
2,39,20,19,1-1-1-3,1.0,0.0,679,STOP
2,39,20,19,1-1-1-4,0.0351123595505618,0.9648876404494382,178,
2,39,20,19,1-1-1-5,0.5,0.5,4,
2,39,20,19,1-1-2-2,0.0,1.0,40414,DRAW
2,39,20,19,1-1-2-3,0.00024103355187042036,0.9997589664481296,20744,
2,39,20,19,1-1-2-4,0.00016523463317911433,0.9998347653668209,3026,
2,39,20,19,1-1-2-5,0.03873239436619718,0.9612676056338029,142,
2,39,20,19,1-1-2-6,0.5,0.5,2,
2,39,20,19,1-1-3-3,9.733307377846993e-05,0.9999026669262215,5137,
2,39,20,19,1-1-3-4,0.0027502750275027505,0.9972497249724972,2727,
2,39,20,19,1-1-3-5,0.5,0.5,135,
2,39,20,19,1-1-3-6,0.5,0.5,1,
2,39,20,19,1-1-4-4,0.00102880658436214,0.9989711934156379,486,
2,39,20,19,1-1-4-5,0.003816793893129771,0.9961832061068703,131,
2,39,20,19,1-1-4-6,0.5,0.5,3,
2,39,20,19,1-1-5-5,0.5,0.5,5,
2,39,20,19,1-2-2-2,0.00033551417547391375,0.999664485824526,5961,
2,39,20,19,1-2-2-3,0.00022906358805204326,0.9997709364119479,10914,
2,39,20,19,1-2-2-4,0.0028169014084507044,0.9971830985915493,1420,
2,39,20,19,1-2-2-5,0.4785714285714286,0.5214285714285715,70,
2,39,20,19,1-2-3-3,0.0014457134595923088,0.9985542865404077,6917,
2,39,20,19,1-2-3-4,0.00840115515883434,0.9915988448411657,3809,
2,39,20,19,1-2-3-5,0.027607361963190184,0.9723926380368099,163,
2,39,20,19,1-2-4-4,0.4772727272727273,0.5227272727272727,572,
2,39,20,19,1-2-4-5,0.5,0.5,152,
2,39,20,19,1-2-4-6,0.5,0.5,2,
2,39,20,19,1-2-5-5,0.5,0.5,14,
2,39,20,19,1-3-3-3,0.006257822277847309,0.9937421777221527,799,
2,39,20,19,1-3-3-4,0.0070921985815602835,0.9929078014184397,1269,
2,39,20,19,1-3-3-5,0.5,0.5,63,
2,39,20,19,1-3-4-4,0.45582329317269077,0.5441767068273092,498,
2,39,20,19,1-3-4-5,0.5,0.5,67,
2,39,20,19,1-3-5-5,0.5,0.5,5,
2,39,20,19,1-3-5-6,0.5,0.5,1,
2,39,20,19,1-4-4-4,0.5,0.5,23,
2,39,20,19,1-4-4-5,0.5,0.5,15,
2,39,20,19,1-4-5-5,0.5,0.5,11,
2,39,20,19,2-2-2-2,0.030908803819994033,0.969091196180006,179,
2,39,20,19,2-2-2-3,0.0012531328320802004,0.9987468671679198,798,
2,39,20,19,2-2-2-4,0.22142857142857142,0.7785714285714286,70,
2,39,20,19,2-2-3-3,0.0005112474437627812,0.9994887525562373,978,
2,39,20,19,2-2-3-4,0.009594882729211088,0.990405117270789,469,
2,39,20,19,2-2-3-5,0.5,0.5,10,
2,39,20,19,2-2-4-4,0.5,0.5,72,
2,39,20,19,2-2-4-5,0.5,0.5,3,
2,39,20,19,2-3-3-3,0.49646643109540634,0.5035335689045937,283,
2,39,20,19,2-3-3-4,0.5,0.5,478,
2,39,20,19,2-3-3-5,0.5,0.5,11,
2,39,20,19,2-3-4-4,0.013245033112582781,0.9867549668874173,151,
2,39,20,19,2-3-4-5,0.5,0.5,54,
2,39,20,19,2-3-4-6,0.5,0.5,1,
2,39,20,19,2-3-5-5,0.5,0.5,5,
2,39,20,19,2-4-4-4,0.5,0.5,2,
2,39,20,19,2-4-4-5,0.5,0.5,8,
2,39,20,19,3-3-3-3,0.5,0.5,2,
2,39,20,19,3-3-3-4,0.5,0.5,34,
2,39,20,19,3-3-4-4,0.5,0.5,30,
2,39,20,19,3-3-4-5,0.5,0.5,1,
2,39,20,19,3-4-4-4,0.5,0.5,2,
2,39,20,19,3-4-4-5,0.5,0.5,1,
2,39,20,19,4-5-6-6,0.5,0.5,1,
2,39,20,19,5-6-7-7,0.5,0.5,1,
2,41,21,20,1-1-1-1,1.0,0.0,8,STOP
2,41,21,20,1-1-1-2,1.0,0.0,5486,STOP
2,41,21,20,1-1-1-3,1.0,0.0,657,STOP
2,41,21,20,1-1-1-4,0.0031446540880503146,0.9968553459119497,159,
2,41,21,20,1-1-2-2,0.0,1.0,41478,DRAW
2,41,21,20,1-1-2-3,5.0349932027591764e-05,0.9999496500679724,19861,
2,41,21,20,1-1-2-4,0.0022007042253521128,0.9977992957746479,2272,
2,41,21,20,1-1-2-5,0.013333333333333334,0.9866666666666667,75,
2,41,21,20,1-1-3-3,0.00021593608291945585,0.9997840639170805,4631,
2,41,21,20,1-1-3-4,0.05188916876574307,0.9481108312342569,1985,
2,41,21,20,1-1-3-5,0.5,0.5,46,
2,41,21,20,1-1-4-4,0.001524390243902439,0.9984756097560976,328,
2,41,21,20,1-1-4-5,0.5,0.5,73,
2,41,21,20,1-1-5-5,0.5,0.5,3,
2,41,21,20,1-2-2-2,0.0004916420845624386,0.9995083579154376,5085,
2,41,21,20,1-2-2-3,0.00013082155939298797,0.999869178440607,7644,
2,41,21,20,1-2-2-4,0.01139240506329114,0.9886075949367089,790,
2,41,21,20,1-2-2-5,0.5,0.5,14,
2,41,21,20,1-2-3-3,0.0005565449688334817,0.9994434550311665,4492,
2,41,21,20,1-2-3-4,0.00978952520802741,0.9902104747919726,2043,
2,41,21,20,1-2-3-5,0.39855072463768115,0.6014492753623188,69,
2,41,21,20,1-2-4-4,0.5,0.5,173,
2,41,21,20,1-2-4-5,0.5,0.5,39,
2,41,21,20,1-2-4-6,0.5,0.5,1,
2,41,21,20,1-2-5-5,0.5,0.5,1,
2,41,21,20,1-3-3-3,0.04844961240310078,0.9515503875968992,516,
2,41,21,20,1-3-3-4,0.022796352583586626,0.9772036474164134,658,
2,41,21,20,1-3-3-5,0.5,0.5,11,
2,41,21,20,1-3-4-4,0.5,0.5,132,
2,41,21,20,1-3-4-5,0.5,0.5,15,
2,41,21,20,1-3-5-5,0.5,0.5,1,
2,41,21,20,1-4-4-4,0.5,0.5,7,
2,41,21,20,1-4-4-5,0.5,0.5,2,
2,41,21,20,1-4-5-5,0.5,0.5,4,
2,41,21,20,2-2-2-2,0.028846153846153848,0.9711538461538461,104,
2,41,21,20,2-2-2-3,0.001272264631043257,0.9987277353689568,393,
2,41,21,20,2-2-2-4,0.5,0.5,15,
2,41,21,20,2-2-3-3,0.023696682464454975,0.976303317535545,422,
2,41,21,20,2-2-3-4,0.003355704697986577,0.9966442953020134,149,
2,41,21,20,2-2-3-5,0.5,0.5,1,
2,41,21,20,2-2-4-4,0.5,0.5,10,
2,41,21,20,2-3-3-3,0.5,0.5,53,
2,41,21,20,2-3-3-4,0.5,0.5,93,
2,41,21,20,2-3-3-5,0.5,0.5,2,
2,41,21,20,2-3-4-4,0.5,0.5,50,
2,41,21,20,2-3-4-5,0.5,0.5,11,
2,41,21,20,2-4-4-5,0.5,0.5,3,
2,41,21,20,3-3-3-3,0.5,0.5,1,
2,41,21,20,3-3-3-4,0.5,0.5,3,
2,41,21,20,3-3-4-4,0.5,0.5,4,
2,41,21,20,3-4-4-4,0.5,0.5,2,
2,41,21,20,4-5-6-6,0.5,0.5,1,
2,43,22,21,1-1-1-1,1.0,0.0,4,STOP
2,43,22,21,1-1-1-2,1.0,0.0,5264,STOP
2,43,22,21,1-1-1-3,1.0,0.0,530,STOP
2,43,22,21,1-1-1-4,0.022058823529411766,0.9779411764705882,136,
2,43,22,21,1-1-2-2,0.0,1.0,41709,DRAW
2,43,22,21,1-1-2-3,0.0006170852114187594,0.9993829147885812,18636,
2,43,22,21,1-1-2-4,0.001829268292682927,0.9981707317073171,1640,
2,43,22,21,1-1-2-5,0.5,0.5,40,
2,43,22,21,1-1-3-3,0.0016009852216748769,0.9983990147783252,4060,
2,43,22,21,1-1-3-4,0.0011320754716981133,0.9988679245283019,1325,
2,43,22,21,1-1-3-5,0.5,0.5,13,
2,43,22,21,1-1-4-4,0.5,0.5,226,
2,43,22,21,1-1-4-5,0.5,0.5,28,
2,43,22,21,1-1-5-5,0.5,0.5,1,
2,43,22,21,1-2-2-2,0.00032331070158422246,0.9996766892984158,3093,
2,43,22,21,1-2-2-3,0.00099676052828308,0.9990032394717169,4013,
2,43,22,21,1-2-2-4,0.5,0.5,296,
2,43,22,21,1-2-2-5,0.5,0.5,4,
2,43,22,21,1-2-3-3,0.5,0.5,2183,
2,43,22,21,1-2-3-4,0.5,0.5,806,
2,43,22,21,1-2-3-5,0.5,0.5,11,
2,43,22,21,1-2-4-4,0.5,0.5,30,
2,43,22,21,1-2-4-5,0.5,0.5,7,
2,43,22,21,1-3-3-3,0.5,0.5,221,
2,43,22,21,1-3-3-4,0.5,0.5,286,
2,43,22,21,1-3-3-5,0.5,0.5,1,
2,43,22,21,1-3-4-4,0.5,0.5,29,
2,43,22,21,1-3-4-5,0.5,0.5,2,
2,43,22,21,2-2-2-2,0.06,0.94,25,
2,43,22,21,2-2-2-3,0.5,0.5,73,
2,43,22,21,2-2-2-4,0.5,0.5,3,
2,43,22,21,2-2-3-3,0.5,0.5,79,
2,43,22,21,2-2-3-4,0.5,0.5,19,
2,43,22,21,2-2-4-4,0.5,0.5,2,
2,43,22,21,2-3-3-3,0.5,0.5,7,
2,43,22,21,2-3-3-4,0.5,0.5,8,
2,43,22,21,2-3-4-4,0.5,0.5,2,
2,43,22,21,3-3-3-4,0.5,0.5,1,
