player,turn,p1_draws,p2_draws,hand,stop_prob,draw_prob,visits
1,0,0,0,1-1-1-1,0.5,0.5,178
1,0,0,0,1-1-1-10,0.0007309941520467836,0.9992690058479532,684
1,0,0,0,1-1-1-2,0.8753369272237197,0.12466307277628032,742
1,0,0,0,1-1-1-3,0.7270942408376964,0.27290575916230364,764
1,0,0,0,1-1-1-4,0.3973566266319094,0.6026433733680906,824
1,0,0,0,1-1-1-5,0.15411729248774372,0.8458827075122564,736
1,0,0,0,1-1-1-6,0.4643781480895304,0.5356218519104696,788
1,0,0,0,1-1-1-7,0.17147362986018874,0.8285263701398113,784
1,0,0,0,1-1-1-8,0.04981196083209927,0.9501880391679008,832
1,0,0,0,1-1-1-9,0.0006112469437652812,0.9993887530562348,818
1,0,0,0,1-1-10-10,0.0004553734061930783,0.9995446265938069,1098
1,0,0,0,1-1-2-10,0.007340604026845637,0.9926593959731543,2384
1,0,0,0,1-1-2-2,0.9406146179401993,0.059385382059800665,1204
1,0,0,0,1-1-2-3,0.9850965575146935,0.014903442485306465,2382
1,0,0,0,1-1-2-4,0.9989829129373474,0.0010170870626525631,2458
1,0,0,0,1-1-2-5,0.7517430716055022,0.2482569283944978,2356
1,0,0,0,1-1-2-6,0.5226597013391988,0.4773402986608012,2368
1,0,0,0,1-1-2-7,0.21194754122376236,0.7880524587762376,2312
1,0,0,0,1-1-2-8,0.05029253031516772,0.9497074696848322,2328
1,0,0,0,1-1-2-9,0.009871244249839982,0.9901287557501601,2366
1,0,0,0,1-1-3-10,0.0006157635467980296,0.999384236453202,2436
1,0,0,0,1-1-3-3,0.999597423510467,0.00040257648953301127,1242
1,0,0,0,1-1-3-4,0.9936525743336612,0.006347425666338838,2440
1,0,0,0,1-1-3-5,0.9993822075782537,0.0006177924217462932,2428
1,0,0,0,1-1-3-6,0.4127892600270499,0.5872107399729501,2396
1,0,0,0,1-1-3-7,0.03557937838083669,0.9644206216191633,2460
1,0,0,0,1-1-3-8,0.004346026490066225,0.9956539735099338,2416
1,0,0,0,1-1-3-9,0.0010347682119205299,0.9989652317880795,2416
1,0,0,0,1-1-4-10,0.003258036490008688,0.9967419635099913,2302
1,0,0,0,1-1-4-4,0.9553416318590292,0.04465836814097075,1286
1,0,0,0,1-1-4-5,0.9942787746668647,0.005721225333135397,2488
1,0,0,0,1-1-4-6,0.7231437520650887,0.2768562479349112,2400
1,0,0,0,1-1-4-7,0.00020833333333333335,0.9997916666666666,2400
1,0,0,0,1-1-4-8,0.014880264719036878,0.9851197352809632,2408
1,0,0,0,1-1-4-9,0.001953125,0.998046875,2304
1,0,0,0,1-1-5-10,0.00020242914979757084,0.9997975708502024,2470
1,0,0,0,1-1-5-5,0.9810459055779556,0.01895409442204439,1180
1,0,0,0,1-1-5-6,0.47281617063475606,0.5271838293652439,2482
1,0,0,0,1-1-5-7,0.06545512455328141,0.9345448754467186,2484
1,0,0,0,1-1-5-8,0.00020458265139116204,0.9997954173486089,2444
1,0,0,0,1-1-5-9,0.0017800632911392405,0.9982199367088608,2528
1,0,0,0,1-1-6-10,0.0006177924217462932,0.9993822075782537,2428
1,0,0,0,1-1-6-6,0.1324297579160847,0.8675702420839153,1146
1,0,0,0,1-1-6-7,0.00021026072329688813,0.9997897392767031,2378
1,0,0,0,1-1-6-8,0.00021367521367521368,0.9997863247863248,2340
1,0,0,0,1-1-6-9,0.00020955574182732607,0.9997904442581727,2386
1,0,0,0,1-1-7-10,0.00019936204146730463,0.9998006379585327,2508
1,0,0,0,1-1-7-7,0.02603305785123967,0.9739669421487603,1210
1,0,0,0,1-1-7-8,0.004077104810534405,0.9959228951894656,2310
1,0,0,0,1-1-7-9,0.0006224066390041493,0.9993775933609959,2410
1,0,0,0,1-1-8-10,0.00020781379883624273,0.9997921862011637,2406
1,0,0,0,1-1-8-8,0.0066884661117717,0.9933115338882283,1160
1,0,0,0,1-1-8-9,0.00021079258010118043,0.9997892074198989,2372
1,0,0,0,1-1-9-10,0.0010399334442595673,0.9989600665557404,2404
1,0,0,0,1-1-9-9,0.0013204225352112676,0.9986795774647887,1136
1,0,0,0,1-2-10-10,0.00020542317173377156,0.9997945768282662,2434
1,0,0,0,1-2-2-10,0.013308649393276386,0.9866913506067236,2352
1,0,0,0,1-2-2-2,0.5982952017625094,0.40170479823749067,810
1,0,0,0,1-2-2-3,0.992384682332463,0.007615317667536988,2298
1,0,0,0,1-2-2-4,0.9681019178235816,0.031898082176418444,2340
1,0,0,0,1-2-2-5,0.9026455442473137,0.09735445575268638,2290
1,0,0,0,1-2-2-6,0.9972826086956522,0.002717391304347826,2392
1,0,0,0,1-2-2-7,0.005169561621174525,0.9948304383788255,2418
1,0,0,0,1-2-2-8,0.038953084863422714,0.9610469151365773,2442
1,0,0,0,1-2-2-9,0.00021777003484320557,0.9997822299651568,2296
1,0,0,0,1-2-3-10,0.0009731833910034602,0.9990268166089965,4624
1,0,0,0,1-2-3-3,0.9441992813770675,0.055800718622932496,2400
1,0,0,0,1-2-3-4,0.9970619637482968,0.0029380362517031763,4646
1,0,0,0,1-2-3-5,0.9920219138318075,0.007978086168192537,4962
1,0,0,0,1-2-3-6,0.842870103144519,0.15712989685548087,4758
1,0,0,0,1-2-3-7,0.024918188453821783,0.9750818115461781,4892
1,0,0,0,1-2-3-8,0.0032522031053294166,0.9967477968946706,4766
1,0,0,0,1-2-3-9,0.00031289111389236547,0.9996871088861077,4794
1,0,0,0,1-2-4-10,0.00031446540880503143,0.9996855345911949,4770
1,0,0,0,1-2-4-4,0.9080257847099267,0.0919742152900733,2430
1,0,0,0,1-2-4-5,0.9646328934666198,0.035367106533380196,4824
1,0,0,0,1-2-4-6,0.9662316036101528,0.03376839638984719,4614
1,0,0,0,1-2-4-7,0.00517488614997159,0.9948251138500285,4880
1,0,0,0,1-2-4-8,0.00010460251046025104,0.9998953974895397,4780
1,0,0,0,1-2-4-9,0.00010296540362438221,0.9998970345963756,4856
1,0,0,0,1-2-5-10,0.0003092783505154639,0.9996907216494846,4850
1,0,0,0,1-2-5-5,0.7988357731369712,0.2011642268630288,2442
1,0,0,0,1-2-5-6,0.8354632786424369,0.16453672135756311,4774
1,0,0,0,1-2-5-7,0.005026129768013541,0.9949738702319865,4852
1,0,0,0,1-2-5-8,0.013867934135575605,0.9861320658644244,4844
1,0,0,0,1-2-5-9,0.0005034232782923883,0.9994965767217077,4966
1,0,0,0,1-2-6-10,0.0007240380637153496,0.9992759619362847,4834
1,0,0,0,1-2-6-6,0.021733254744283323,0.9782667452557167,2414
1,0,0,0,1-2-6-7,0.0294651392644242,0.9705348607355758,4898
1,0,0,0,1-2-6-8,0.0008694536387709684,0.9991305463612291,4810
1,0,0,0,1-2-6-9,0.002437473505722764,0.9975625264942772,4718
1,0,0,0,1-2-7-10,0.00031739314430808297,0.9996826068556919,4726
1,0,0,0,1-2-7-7,0.0024809365021370056,0.997519063497863,2476
1,0,0,0,1-2-7-8,0.0005156765676567656,0.9994843234323433,4848
1,0,0,0,1-2-7-9,0.00030915086562242374,0.9996908491343776,4852
1,0,0,0,1-2-8-10,0.000106928999144568,0.9998930710008554,4676
1,0,0,0,1-2-8-8,0.00020955574182732607,0.9997904442581727,2386
1,0,0,0,1-2-8-9,0.00032608695652173916,0.9996739130434783,4600
1,0,0,0,1-2-9-10,0.00010799136069114471,0.9998920086393088,4630
1,0,0,0,1-2-9-9,0.0006213753106876554,0.9993786246893124,2414
1,0,0,0,1-3-10-10,0.007634376537105879,0.9923656234628941,2430
1,0,0,0,1-3-3-10,0.0010330578512396695,0.9989669421487604,2420
1,0,0,0,1-3-3-3,0.9887440758293838,0.011255924170616114,844
1,0,0,0,1-3-3-4,0.9976128472222222,0.002387152777777778,2304
1,0,0,0,1-3-3-5,0.995143581081081,0.004856418918918919,2368
1,0,0,0,1-3-3-6,0.9971745780415556,0.0028254219584444517,2352
1,0,0,0,1-3-3-7,0.1402111304512091,0.859788869548791,2470
1,0,0,0,1-3-3-8,0.003998316498316498,0.9960016835016835,2376
1,0,0,0,1-3-3-9,0.009076127407141034,0.9909238725928589,2446
1,0,0,0,1-3-4-10,0.00010517458981909971,0.9998948254101809,4754
1,0,0,0,1-3-4-4,0.9915009275661241,0.008499072433876025,2386
1,0,0,0,1-3-4-5,0.9779435059446634,0.022056494055336596,4796
1,0,0,0,1-3-4-6,0.9348302851703069,0.06516971482969314,4996
1,0,0,0,1-3-4-7,0.0053835938908397656,0.9946164061091602,4872
1,0,0,0,1-3-4-8,0.002233469412562718,0.9977665305874373,4800
1,0,0,0,1-3-4-9,9.956192751891676e-05,0.9999004380724811,5022
1,0,0,0,1-3-5-10,0.00010309278350515464,0.9998969072164948,4850
1,0,0,0,1-3-5-5,0.9967672413793104,0.003232758620689655,2320
1,0,0,0,1-3-5-6,0.6983737295308894,0.3016262704691106,4844
1,0,0,0,1-3-5-7,0.0005305602716468591,0.9994694397283531,4712
1,0,0,0,1-3-5-8,0.00010322047894302229,0.9998967795210569,4844
1,0,0,0,1-3-5-9,0.00010407993338884263,0.9998959200666112,4804
1,0,0,0,1-3-6-10,0.0016801734091453715,0.9983198265908545,4708
1,0,0,0,1-3-6-6,0.2295977476383283,0.7704022523616717,2370
1,0,0,0,1-3-6-7,0.003806819379130092,0.9961931806208698,4776
1,0,0,0,1-3-6-8,0.0018181262574148563,0.9981818737425852,4804
1,0,0,0,1-3-6-9,0.0036663251366120223,0.9963336748633881,4800
1,0,0,0,1-3-7-10,0.0005452022204599524,0.99945479777954,5044
1,0,0,0,1-3-7-7,0.003051151844588556,0.9969488481554114,2330
1,0,0,0,1-3-7-8,0.0013487897346165058,0.9986512102653834,4572
1,0,0,0,1-3-7-9,0.00010638297872340425,0.9998936170212765,4700
1,0,0,0,1-3-8-10,0.00010326311441553078,0.9998967368855844,4842
1,0,0,0,1-3-8-8,0.007273482959268496,0.9927265170407316,2406
1,0,0,0,1-3-8-9,0.00010495382031905961,0.999895046179681,4764
1,0,0,0,1-3-9-10,0.00010146103896103897,0.999898538961039,4928
1,0,0,0,1-3-9-9,0.0006493506493506494,0.9993506493506493,2310
1,0,0,0,1-4-10-10,0.00021114864864864866,0.9997888513513513,2368
1,0,0,0,1-4-4-10,0.001027115858668858,0.9989728841413311,2434
1,0,0,0,1-4-4-4,0.9330092067622588,0.0669907932377412,738
1,0,0,0,1-4-4-5,0.9829804776978969,0.017019522302103164,2334
1,0,0,0,1-4-4-6,0.9727512225944965,0.02724877740550348,2398
1,0,0,0,1-4-4-7,0.5186182011525271,0.48138179884747295,2466
1,0,0,0,1-4-4-8,0.000651461752207968,0.999348538247792,2364
1,0,0,0,1-4-4-9,0.009606545704740737,0.9903934542952593,2350
1,0,0,0,1-4-5-10,0.00010642826734780758,0.9998935717326521,4698
1,0,0,0,1-4-5-5,0.9943000838222967,0.005699916177703268,2386
1,0,0,0,1-4-5-6,0.9558251594049686,0.04417484059503134,4942
1,0,0,0,1-4-5-7,0.019199262763106566,0.9808007372368933,4944
1,0,0,0,1-4-5-8,0.0003053745928338762,0.9996946254071661,4912
1,0,0,0,1-4-5-9,0.00010665529010238908,0.9998933447098977,4688
1,0,0,0,1-4-6-10,0.001266891891891892,0.9987331081081081,4736
1,0,0,0,1-4-6-6,0.001005631536604988,0.9989943684633951,2486
1,0,0,0,1-4-6-7,0.000946969696969697,0.9990530303030303,4752
1,0,0,0,1-4-6-8,0.001941797845898923,0.9980582021541011,4828
1,0,0,0,1-4-6-9,0.00010334849111202976,0.999896651508888,4838
1,0,0,0,1-4-7-10,0.0010223340673167663,0.9989776659326833,4862
1,0,0,0,1-4-7-7,0.0010443217218918154,0.9989556782781083,2568
1,0,0,0,1-4-7-8,0.0020059746404801912,0.9979940253595198,4896
1,0,0,0,1-4-7-9,0.0026273605621431706,0.9973726394378568,4950
1,0,0,0,1-4-8-10,0.0003013258336681398,0.9996986741663318,4978
1,0,0,0,1-4-8-8,0.0027083333333333334,0.9972916666666667,2400
1,0,0,0,1-4-8-9,0.0003064977523498161,0.9996935022476502,4894
1,0,0,0,1-4-9-10,0.001368624826681575,0.9986313751733183,4774
1,0,0,0,1-4-9-9,0.0001979414093428345,0.9998020585906572,2526
1,0,0,0,1-5-10-10,0.0002034174125305126,0.9997965825874695,2458
1,0,0,0,1-5-5-10,0.0002100840336134454,0.9997899159663866,2380
1,0,0,0,1-5-5-5,0.9992957746478873,0.0007042253521126761,710
1,0,0,0,1-5-5-6,0.9656774134157116,0.03432258658428849,2508
1,0,0,0,1-5-5-7,0.0033842622740703127,0.9966157377259296,2454
1,0,0,0,1-5-5-8,0.011716411285258655,0.9882835887147414,2402
1,0,0,0,1-5-5-9,0.0006533101045296168,0.9993466898954704,2296
1,0,0,0,1-5-6-10,0.0001012555690562981,0.9998987444309437,4938
1,0,0,0,1-5-6-6,0.5134415969461377,0.48655840305386217,2360
1,0,0,0,1-5-6-7,0.00010296540362438221,0.9998970345963756,4856
1,0,0,0,1-5-6-8,0.0007175071750717508,0.9992824928249282,4878
1,0,0,0,1-5-6-9,0.0001067463706233988,0.9998932536293766,4684
1,0,0,0,1-5-7-10,0.00010288065843621399,0.9998971193415638,4860
1,0,0,0,1-5-7-7,0.005812541594751833,0.9941874584052481,2412
1,0,0,0,1-5-7-8,0.000744997871434653,0.9992550021285653,4698
1,0,0,0,1-5-7-9,0.0018572018159306646,0.9981427981840694,4846
1,0,0,0,1-5-8-10,0.00010702054794520547,0.9998929794520548,4672
1,0,0,0,1-5-8-8,0.0014995715509854327,0.9985004284490145,2334
1,0,0,0,1-5-8-9,0.0011652542372881357,0.9988347457627119,4720
1,0,0,0,1-5-9-10,0.0011919646577322753,0.9988080353422677,4860
1,0,0,0,1-5-9-9,0.0006302521008403362,0.9993697478991597,2380
1,0,0,0,1-6-6-10,0.001624741952748681,0.9983752580472512,2378
1,0,0,0,1-6-6-6,0.03360499946000008,0.9663950005399999,760
1,0,0,0,1-6-6-7,0.004048266315059419,0.9959517336849405,2382
1,0,0,0,1-6-6-8,0.011756524016116057,0.988243475983884,2374
1,0,0,0,1-6-6-9,0.0006097560975609756,0.999390243902439,2460
1,0,0,0,1-6-7-10,0.00010706638115631691,0.9998929336188437,4670
1,0,0,0,1-6-7-7,0.00020729684908789387,0.9997927031509121,2412
1,0,0,0,1-6-7-8,0.00010748065348237318,0.9998925193465176,4652
1,0,0,0,1-6-7-9,0.00010651896037494674,0.999893481039625,4694
1,0,0,0,1-6-8-10,0.0005260942760942761,0.9994739057239057,4752
1,0,0,0,1-6-8-8,0.00020112630732099757,0.9997988736926791,2486
1,0,0,0,1-6-8-9,0.00010517458981909971,0.9998948254101809,4754
1,0,0,0,1-6-9-10,0.00010539629005059021,0.9998946037099494,4744
1,0,0,0,1-6-9-9,0.0013922036595067622,0.9986077963404932,2514
1,0,0,0,1-7-7-10,0.003132355518830128,0.9968676444811698,2496
1,0,0,0,1-7-7-7,0.0006459948320413437,0.9993540051679587,774
1,0,0,0,1-7-7-8,0.00020576131687242798,0.9997942386831276,2430
1,0,0,0,1-7-7-9,0.0006393861892583121,0.9993606138107417,2346
1,0,0,0,1-7-8-10,0.00010455876202425763,0.9998954412379757,4782
1,0,0,0,1-7-8-8,0.00275657336726039,0.9972434266327396,2358
1,0,0,0,1-7-8-9,0.00206425415319296,0.997935745846807,4766
1,0,0,0,1-7-9-9,0.00020885547201336674,0.9997911445279867,2394
1,0,0,0,1-8-8-8,0.000625,0.999375,800
1,0,0,0,1-8-8-9,0.00020193861066235866,0.9997980613893377,2476
1,0,0,0,2-2-10-10,0.00040192926045016077,0.9995980707395499,1244
1,0,0,0,2-2-2-10,0.0006127450980392157,0.9993872549019608,816
1,0,0,0,2-2-2-2,0.9974747474747475,0.0025252525252525255,198
1,0,0,0,2-2-2-3,0.9946172248803827,0.005382775119617225,836
1,0,0,0,2-2-2-4,0.9939678284182306,0.006032171581769437,746
1,0,0,0,2-2-2-5,0.9943324937027708,0.005667506297229219,794
1,0,0,0,2-2-2-6,0.10286575925687003,0.89713424074313,736
1,0,0,0,2-2-2-7,0.018144940189223104,0.9818550598107769,798
1,0,0,0,2-2-2-8,0.0032216494845360823,0.9967783505154639,776
1,0,0,0,2-2-2-9,0.00548780487804878,0.9945121951219512,820
1,0,0,0,2-2-3-10,0.0006048387096774194,0.9993951612903226,2480
1,0,0,0,2-2-3-3,0.9848908649103357,0.015109135089664187,1250
1,0,0,0,2-2-3-4,0.9985169491525424,0.0014830508474576272,2360
1,0,0,0,2-2-3-5,0.9928844497154138,0.007115550284586189,2320
1,0,0,0,2-2-3-6,0.9262056380092085,0.0737943619907915,2380
1,0,0,0,2-2-3-7,0.0009104481841078301,0.9990895518158921,2376
1,0,0,0,2-2-3-8,0.00605441282835668,0.9939455871716434,2510
1,0,0,0,2-2-3-9,0.0057485662804538,0.9942514337195462,2392
1,0,0,0,2-2-4-10,0.00021496130696474635,0.9997850386930353,2326
1,0,0,0,2-2-4-4,0.9637384470661202,0.03626155293387989,1282
1,0,0,0,2-2-4-5,0.9638868372251378,0.0361131627748622,2546
1,0,0,0,2-2-4-6,0.6032263348895934,0.3967736651104066,2436
1,0,0,0,2-2-4-7,0.009800176580645657,0.9901998234193544,2384
1,0,0,0,2-2-4-8,0.0006426735218508997,0.9993573264781491,2334
1,0,0,0,2-2-4-9,0.032871101205217426,0.9671288987947827,2450
1,0,0,0,2-2-5-10,0.020307100983282936,0.979692899016717,2274
1,0,0,0,2-2-5-5,0.9577649122185005,0.04223508778149957,1304
1,0,0,0,2-2-5-6,0.9487638746319641,0.05123612536803593,2368
1,0,0,0,2-2-5-7,0.2081955396461077,0.7918044603538923,2362
1,0,0,0,2-2-5-8,0.00020678246484698098,0.999793217535153,2418
1,0,0,0,2-2-5-9,0.0018703241895261845,0.9981296758104738,2406
1,0,0,0,2-2-6-10,0.0010212418300653595,0.9989787581699346,2448
1,0,0,0,2-2-6-6,0.27927462324032803,0.7207253767596719,1172
1,0,0,0,2-2-6-7,0.1392612291830564,0.8607387708169437,2392
1,0,0,0,2-2-6-8,0.0006297229219143577,0.9993702770780857,2382
1,0,0,0,2-2-6-9,0.00020661157024793388,0.9997933884297521,2420
1,0,0,0,2-2-7-10,0.0006132968484019282,0.9993867031515982,2390
1,0,0,0,2-2-7-7,0.0028135048231511255,0.9971864951768489,1244
1,0,0,0,2-2-7-8,0.003218884120171674,0.9967811158798283,2330
1,0,0,0,2-2-7-9,0.004018612521150592,0.9959813874788495,2364
1,0,0,0,2-2-8-10,0.00020990764063811922,0.9997900923593619,2382
1,0,0,0,2-2-8-8,0.0020764119601328905,0.9979235880398671,1204
1,0,0,0,2-2-8-9,0.00019809825673534074,0.9998019017432647,2524
1,0,0,0,2-2-9-10,0.0002044153720359771,0.999795584627964,2446
1,0,0,0,2-2-9-9,0.0020064205457463883,0.9979935794542536,1246
1,0,0,0,2-3-10-10,0.000503742084052965,0.9994962579159471,2316
1,0,0,0,2-3-3-10,0.0060431368874825035,0.9939568631125175,2476
1,0,0,0,2-3-3-3,0.9967105263157895,0.003289473684210526,760
1,0,0,0,2-3-3-4,0.9711957833442512,0.028804216655748838,2402
1,0,0,0,2-3-3-5,0.9949081469648562,0.00509185303514377,2504
1,0,0,0,2-3-3-6,0.9973606418918919,0.002639358108108108,2368
1,0,0,0,2-3-3-7,0.02561251988190398,0.9743874801180961,2362
1,0,0,0,2-3-3-8,0.0022159548751007254,0.9977840451248993,2482
1,0,0,0,2-3-3-9,0.0014868309260832626,0.9985131690739167,2354
1,0,0,0,2-3-4-10,0.00010579771476936098,0.9998942022852306,4726
1,0,0,0,2-3-4-4,0.9570110961560617,0.042988903843938296,2526
1,0,0,0,2-3-4-5,0.9925790976732802,0.007420902326719887,4802
1,0,0,0,2-3-4-6,0.9971411482907563,0.002858851709243717,4756
1,0,0,0,2-3-4-7,0.14547091396348658,0.8545290860365135,4818
1,0,0,0,2-3-4-8,0.0016616320535136392,0.9983383679464862,4716
1,0,0,0,2-3-4-9,0.0075485180505306506,0.9924514819494694,5050
1,0,0,0,2-3-5-10,0.0036606777171496723,0.9963393222828504,4798
1,0,0,0,2-3-5-5,0.955332415286135,0.04466758471386504,2346
1,0,0,0,2-3-5-6,0.9901062576222022,0.009893742377797806,4960
1,0,0,0,2-3-5-7,0.0462409420673821,0.953759057932618,4740
1,0,0,0,2-3-5-8,0.008186372601010761,0.9918136273989893,4670
1,0,0,0,2-3-5-9,0.001072961373390558,0.9989270386266095,4660
1,0,0,0,2-3-6-10,0.00010486577181208053,0.9998951342281879,4768
1,0,0,0,2-3-6-6,0.5811370533630611,0.4188629466369389,2410
1,0,0,0,2-3-6-7,0.003034355113747769,0.9969656448862522,4718
1,0,0,0,2-3-6-8,0.0001012555690562981,0.9998987444309437,4938
1,0,0,0,2-3-6-9,0.0003031527890056589,0.9996968472109944,4948
1,0,0,0,2-3-7-10,0.00010656436487638534,0.9998934356351236,4692
1,0,0,0,2-3-7-7,0.002387152777777778,0.9976128472222222,2304
1,0,0,0,2-3-7-8,0.00031942078364565585,0.9996805792163543,4696
1,0,0,0,2-3-7-9,0.0001012965964343598,0.9998987034035657,4936
1,0,0,0,2-3-8-10,0.0001050420168067227,0.9998949579831933,4760
1,0,0,0,2-3-8-8,0.0002109704641350211,0.999789029535865,2370
1,0,0,0,2-3-8-9,0.0010416666666666667,0.9989583333333333,4800
1,0,0,0,2-3-9-10,0.00010224948875255624,0.9998977505112474,4890
1,0,0,0,2-3-9-9,0.0002153316106804479,0.9997846683893196,2322
1,0,0,0,2-4-10-10,0.00020781379883624273,0.9997921862011637,2406
1,0,0,0,2-4-4-10,0.00021168501270110075,0.9997883149872989,2362
1,0,0,0,2-4-4-4,0.9886373120933164,0.011362687906683606,784
1,0,0,0,2-4-4-5,0.9997779751332149,0.00022202486678507994,2252
1,0,0,0,2-4-4-6,0.7114311237343938,0.2885688762656062,2528
1,0,0,0,2-4-4-7,0.004901960784313725,0.9950980392156863,2346
1,0,0,0,2-4-4-8,0.004362923334129061,0.9956370766658709,2368
1,0,0,0,2-4-4-9,0.00020374898125509371,0.9997962510187449,2454
1,0,0,0,2-4-5-10,0.0025608415748932445,0.9974391584251067,4836
1,0,0,0,2-4-5-5,0.9931946734473833,0.006805326552616611,2510
1,0,0,0,2-4-5-6,0.9381910502015753,0.061808949798424564,4882
1,0,0,0,2-4-5-7,0.21404200648029575,0.7859579935197043,4796
1,0,0,0,2-4-5-8,0.0044143478615367845,0.9955856521384632,4934
1,0,0,0,2-4-5-9,0.003845048152939484,0.9961549518470606,4638
1,0,0,0,2-4-6-10,0.00010633772862611655,0.9998936622713739,4702
1,0,0,0,2-4-6-6,0.19479469401388744,0.8052053059861126,2502
1,0,0,0,2-4-6-7,0.004667362079530944,0.9953326379204691,4798
1,0,0,0,2-4-6-8,9.996001599360256e-05,0.9999000399840065,5002
1,0,0,0,2-4-6-9,0.00010611205432937182,0.9998938879456706,4712
1,0,0,0,2-4-7-10,0.0001016260162601626,0.9998983739837398,4920
1,0,0,0,2-4-7-7,0.00020593080724876442,0.9997940691927513,2428
1,0,0,0,2-4-7-8,0.0005120852109791069,0.9994879147890209,4882
1,0,0,0,2-4-7-9,0.00010296540362438221,0.9998970345963756,4856
1,0,0,0,2-4-8-10,0.00010305028854080792,0.9998969497114591,4852
1,0,0,0,2-4-8-8,0.002256541449602089,0.9977434585503979,2562
1,0,0,0,2-4-8-9,0.00010048231511254019,0.9998995176848875,4976
1,0,0,0,2-4-9-10,0.0020465902227990856,0.9979534097772009,4826
1,0,0,0,2-4-9-9,0.0035211267605633804,0.9964788732394366,2272
1,0,0,0,2-5-5-10,0.0015462042202279893,0.9984537957797719,2356
1,0,0,0,2-5-5-5,0.9993638676844784,0.0006361323155216285,786
1,0,0,0,2-5-5-6,0.5958342280597353,0.4041657719402647,2406
1,0,0,0,2-5-5-7,0.12971217791865985,0.8702878220813401,2284
1,0,0,0,2-5-5-8,0.0006696428571428571,0.9993303571428571,2240
1,0,0,0,2-5-5-9,0.00020080321285140563,0.9997991967871486,2490
1,0,0,0,2-5-6-10,0.0015539401601348504,0.9984460598398651,4746
1,0,0,0,2-5-6-6,0.011336754468071267,0.9886632455319287,2566
1,0,0,0,2-5-6-7,0.00010984182776801405,0.999890158172232,4552
1,0,0,0,2-5-6-8,0.0007186858316221766,0.9992813141683778,4870
1,0,0,0,2-5-6-9,0.0009980711434082448,0.9990019288565918,4954
1,0,0,0,2-5-7-10,0.00010530749789385004,0.9998946925021062,4748
1,0,0,0,2-5-7-7,0.00021150592216582064,0.9997884940778342,2364
1,0,0,0,2-5-7-8,0.0005106209150326798,0.9994893790849673,4896
1,0,0,0,2-5-7-9,0.004325577126072789,0.9956744228739273,4842
1,0,0,0,2-5-8-10,0.00010407993338884263,0.9998959200666112,4804
1,0,0,0,2-5-8-8,0.0002042483660130719,0.9997957516339869,2448
1,0,0,0,2-5-8-9,0.00010548523206751055,0.9998945147679325,4740
1,0,0,0,2-5-9-10,0.00010351966873706004,0.999896480331263,4830
1,0,0,0,2-5-9-9,0.0006188118811881188,0.9993811881188119,2424
1,0,0,0,2-6-6-10,0.0031203236064347188,0.9968796763935652,2430
1,0,0,0,2-6-6-6,0.28147308721857933,0.7185269127814207,884
1,0,0,0,2-6-6-7,0.009299148292427901,0.990700851707572,2416
1,0,0,0,2-6-6-8,0.0018028846153846155,0.9981971153846154,2496
1,0,0,0,2-6-6-9,0.00021258503401360543,0.9997874149659864,2352
1,0,0,0,2-6-7-10,0.00010495382031905961,0.999895046179681,4764
1,0,0,0,2-6-7-7,0.0038420057251775676,0.9961579942748224,2332
1,0,0,0,2-6-7-8,0.0003149937001259975,0.999685006299874,4762
1,0,0,0,2-6-7-9,0.00010464629552113855,0.9998953537044789,4778
1,0,0,0,2-6-8-10,0.0003069995906672124,0.9996930004093327,4886
1,0,0,0,2-6-8-8,0.0002044153720359771,0.999795584627964,2446
1,0,0,0,2-6-8-9,0.00023359634551495018,0.9997664036544851,4816
1,0,0,0,2-6-9-9,0.0002032520325203252,0.9997967479674796,2460
1,0,0,0,2-7-7-10,0.0017136329017517135,0.9982863670982483,2626
1,0,0,0,2-7-7-7,0.00785024154589372,0.9921497584541062,828
1,0,0,0,2-7-7-8,0.00020920502092050208,0.9997907949790795,2390
1,0,0,0,2-7-7-9,0.0018488085456039441,0.998151191454396,2434
1,0,0,0,2-7-8-8,0.0035021097046413507,0.9964978902953586,2370
1,0,0,0,2-7-8-9,0.00010584250635055038,0.9998941574936494,4724
1,0,0,0,2-8-8-8,0.000625,0.999375,800
1,0,0,0,3-3-10-10,0.0004280821917808219,0.9995719178082192,1168
1,0,0,0,3-3-3-10,0.008631880217797242,0.9913681197822027,778
1,0,0,0,3-3-3-3,0.7160194174757282,0.28398058252427183,206
1,0,0,0,3-3-3-4,0.9392884346642393,0.060711565335760685,772
1,0,0,0,3-3-3-5,0.996474358974359,0.003525641025641016,780
1,0,0,0,3-3-3-6,0.57921866037627,0.42078133962372993,832
1,0,0,0,3-3-3-7,0.032929279596731684,0.9670707204032684,788
1,0,0,0,3-3-3-8,0.015154997146802542,0.9848450028531975,840
1,0,0,0,3-3-3-9,0.0018703241895261845,0.9981296758104738,802
1,0,0,0,3-3-4-10,0.00020885547201336674,0.9997911445279867,2394
1,0,0,0,3-3-4-4,0.9895349247664987,0.010465075233501316,1154
1,0,0,0,3-3-4-5,0.9503410289201439,0.049658971079856055,2360
1,0,0,0,3-3-4-6,0.9839465671676432,0.016053432832356763,2430
1,0,0,0,3-3-4-7,0.034648433650264175,0.965351566349736,2390
1,0,0,0,3-3-4-8,0.0010539629005059021,0.9989460370994941,2372
1,0,0,0,3-3-4-9,0.00020729684908789387,0.9997927031509121,2412
1,0,0,0,3-3-5-10,0.0002044153720359771,0.999795584627964,2446
1,0,0,0,3-3-5-5,0.9710201303060534,0.0289798696939466,1136
1,0,0,0,3-3-5-6,0.8759810541963896,0.1240189458036104,2300
1,0,0,0,3-3-5-7,0.0474548616464353,0.9525451383535648,2396
1,0,0,0,3-3-5-8,0.0002196836555360281,0.999780316344464,2276
1,0,0,0,3-3-5-9,0.024783375516007504,0.9752166244839926,2382
1,0,0,0,3-3-6-10,0.00020542317173377156,0.9997945768282662,2434
1,0,0,0,3-3-6-6,0.7780022514312763,0.22199774856872365,1150
1,0,0,0,3-3-6-7,0.001099231154800103,0.9989007688451998,2448
1,0,0,0,3-3-6-8,0.0006038647342995169,0.9993961352657005,2484
1,0,0,0,3-3-6-9,0.002635436001988051,0.997364563998012,2360
1,0,0,0,3-3-7-10,0.00020491803278688525,0.9997950819672131,2440
1,0,0,0,3-3-7-7,0.01285240464344942,0.9871475953565506,1206
1,0,0,0,3-3-7-8,0.0002034174125305126,0.9997965825874695,2458
1,0,0,0,3-3-7-9,0.0012605042016806723,0.9987394957983193,2380
1,0,0,0,3-3-8-10,0.000211864406779661,0.9997881355932203,2360
1,0,0,0,3-3-8-8,0.00538971807628524,0.9946102819237148,1206
1,0,0,0,3-3-8-9,0.00021367521367521368,0.9997863247863248,2340
1,0,0,0,3-3-9-10,0.001517779705117086,0.9984822202948829,2306
1,0,0,0,3-3-9-9,0.000429553264604811,0.9995704467353952,1164
1,0,0,0,3-4-4-10,0.017534598728068982,0.982465401271931,2388
1,0,0,0,3-4-4-4,0.9993654822335025,0.0006345177664974619,788
1,0,0,0,3-4-4-5,0.9655262355749225,0.03447376442507746,2370
1,0,0,0,3-4-4-6,0.9998004788507582,0.00019952114924181964,2506
1,0,0,0,3-4-4-7,0.6533166023883364,0.34668339761166356,2450
1,0,0,0,3-4-4-8,0.0006377551020408163,0.9993622448979592,2352
1,0,0,0,3-4-4-9,0.0006152584085315833,0.9993847415914684,2438
1,0,0,0,3-4-5-10,0.00030826140567200987,0.999691738594328,4866
1,0,0,0,3-4-5-5,0.9976042356883801,0.0023957643116198713,2484
1,0,0,0,3-4-5-6,0.9919816370261331,0.008018362973866874,4796
1,0,0,0,3-4-5-7,0.0534280048412156,0.9465719951587844,4728
1,0,0,0,3-4-5-8,0.00010552975939214858,0.9998944702406078,4738
1,0,0,0,3-4-5-9,0.0001042535446205171,0.9998957464553795,4796
1,0,0,0,3-4-6-10,0.00010233319688907081,0.9998976668031109,4886
1,0,0,0,3-4-6-6,0.8799001389303072,0.12009986106969286,2324
1,0,0,0,3-4-6-7,0.00010382059800664452,0.9998961794019934,4816
1,0,0,0,3-4-6-8,0.0005188875051888751,0.9994811124948111,4818
1,0,0,0,3-4-6-9,0.0003184713375796178,0.9996815286624203,4710
1,0,0,0,3-4-7-10,0.0010220768601798855,0.9989779231398201,4892
1,0,0,0,3-4-7-7,0.0065351398768260655,0.9934648601231739,2482
1,0,0,0,3-4-7-8,0.00010526315789473685,0.9998947368421053,4750
1,0,0,0,3-4-7-9,0.0001029230135858378,0.9998970769864142,4858
1,0,0,0,3-4-8-10,0.0005339598462195643,0.9994660401537805,4682
1,0,0,0,3-4-8-8,0.0002085070892410342,0.999791492910759,2398
1,0,0,0,3-4-8-9,0.002821283991387878,0.9971787160086122,4886
1,0,0,0,3-4-9-10,0.00010633772862611655,0.9998936622713739,4702
1,0,0,0,3-4-9-9,0.00020292207792207794,0.999797077922078,2464
1,0,0,0,3-5-5-10,0.0009889240506329115,0.9990110759493671,2528
1,0,0,0,3-5-5-5,0.9298547119225469,0.07014528807745307,754
1,0,0,0,3-5-5-6,0.9914522219392682,0.008547778060731766,2402
1,0,0,0,3-5-5-7,0.0006270903010033445,0.9993729096989966,2392
1,0,0,0,3-5-5-8,0.09119404844679606,0.9088059515532039,2500
1,0,0,0,3-5-5-9,0.0006345177664974619,0.9993654822335025,2364
1,0,0,0,3-5-6-10,0.00052988554472234,0.9994701144552777,4718
1,0,0,0,3-5-6-6,0.41307623271384947,0.5869237672861505,2292
1,0,0,0,3-5-6-7,0.0003142019271051529,0.9996857980728948,4774
1,0,0,0,3-5-6-8,0.00031446540880503143,0.9996855345911949,4770
1,0,0,0,3-5-6-9,0.00031928480204342275,0.9996807151979565,4698
1,0,0,0,3-5-7-10,0.0005344164172723387,0.9994655835827276,4678
1,0,0,0,3-5-7-7,0.007052434123785276,0.9929475658762147,2458
1,0,0,0,3-5-7-8,0.0015526080374346273,0.9984473919625655,4844
1,0,0,0,3-5-7-9,0.00010442773600668337,0.9998955722639933,4788
1,0,0,0,3-5-8-10,0.0035683307621165203,0.9964316692378835,4792
1,0,0,0,3-5-8-8,0.0012924071082390954,0.998707592891761,2476
1,0,0,0,3-5-8-9,0.0019110834246887703,0.9980889165753112,4710
1,0,0,0,3-5-9-9,0.00019171779141104295,0.999808282208589,2608
1,0,0,0,3-6-6-10,0.0014906303236797275,0.9985093696763203,2348
1,0,0,0,3-6-6-6,0.0527226061571408,0.9472773938428591,818
1,0,0,0,3-6-6-7,0.0034634760705289673,0.996536523929471,2382
1,0,0,0,3-6-6-8,0.002346813171686977,0.9976531868283129,2446
1,0,0,0,3-6-6-9,0.001025430680885972,0.998974569319114,2438
1,0,0,0,3-6-7-10,0.0001029230135858378,0.9998970769864142,4858
1,0,0,0,3-6-7-7,0.0019214346712211785,0.9980785653287788,2342
1,0,0,0,3-6-7-8,0.001840062845724828,0.9981599371542752,4596
1,0,0,0,3-6-7-9,0.0003149937001259975,0.999685006299874,4762
1,0,0,0,3-6-8-8,0.00020764119601328904,0.9997923588039868,2408
1,0,0,0,3-6-8-9,0.001038867712303943,0.998961132287696,4924
1,0,0,0,3-7-7-7,0.01294498381877023,0.9870550161812298,824
1,0,0,0,3-7-7-8,0.0002025931928687196,0.9997974068071313,2468
1,0,0,0,3-7-7-9,0.0005919494869771113,0.9994080505130228,2534
1,0,0,0,3-7-8-8,0.00021079258010118043,0.9997892074198989,2372
1,0,0,0,4-4-4-10,0.0017899761336515514,0.9982100238663485,838
1,0,0,0,4-4-4-4,0.9738372093023255,0.02616279069767442,172
1,0,0,0,4-4-4-5,0.9786223975718458,0.02137760242815417,848
1,0,0,0,4-4-4-6,0.9829683454290571,0.01703165457094293,796
1,0,0,0,4-4-4-7,0.6813313507989767,0.31866864920102345,738
1,0,0,0,4-4-4-8,0.13344416242303195,0.8665558375769681,846
1,0,0,0,4-4-4-9,0.0005580357142857143,0.9994419642857143,896
1,0,0,0,4-4-5-10,0.00020242914979757084,0.9997975708502024,2470
1,0,0,0,4-4-5-5,0.9924909221139097,0.007509077886090402,1212
1,0,0,0,4-4-5-6,0.9923913312041927,0.007608668795807309,2368
1,0,0,0,4-4-5-7,0.05414078154097366,0.9458592184590263,2428
1,0,0,0,4-4-5-8,0.00020955574182732607,0.9997904442581727,2386
1,0,0,0,4-4-5-9,0.00020973154362416107,0.9997902684563759,2384
1,0,0,0,4-4-6-10,0.002005830803852514,0.9979941691961476,2296
1,0,0,0,4-4-6-6,0.901306518903877,0.09869348109612294,1156
1,0,0,0,4-4-6-7,0.00020661157024793388,0.9997933884297521,2420
1,0,0,0,4-4-6-8,0.04235983230740434,0.9576401676925957,2454
1,0,0,0,4-4-6-9,0.002050693463464749,0.9979493065365352,2396
1,0,0,0,4-4-7-10,0.0002034174125305126,0.9997965825874695,2458
1,0,0,0,4-4-7-7,0.040826133957350345,0.9591738660426498,1182
1,0,0,0,4-4-7-8,0.00020903010033444816,0.9997909698996655,2392
1,0,0,0,4-4-7-9,0.000646551724137931,0.999353448275862,2320
1,0,0,0,4-4-8-10,0.0005957108816521049,0.9994042891183479,2518
1,0,0,0,4-4-8-8,0.000429553264604811,0.9995704467353952,1164
1,0,0,0,4-4-8-9,0.0035564853556485356,0.9964435146443514,2390
1,0,0,0,4-4-9-9,0.00043252595155709344,0.9995674740484429,1156
1,0,0,0,4-5-5-10,0.005611531664600533,0.9943884683353995,2446
1,0,0,0,4-5-5-5,0.9993540051679587,0.0006459948320413437,774
1,0,0,0,4-5-5-6,0.2640431497727212,0.7359568502272789,2346
1,0,0,0,4-5-5-7,0.0001953125,0.9998046875,2560
1,0,0,0,4-5-5-8,0.01018130399163877,0.9898186960083613,2406
1,0,0,0,4-5-5-9,0.00020729684908789387,0.9997927031509121,2412
1,0,0,0,4-5-6-10,0.00010199918400652795,0.9998980008159934,4902
1,0,0,0,4-5-6-6,0.44259340981424683,0.5574065901857531,2420
1,0,0,0,4-5-6-7,0.00010451505016722408,0.9998954849498328,4784
1,0,0,0,4-5-6-8,0.002435408725116476,0.9975645912748835,4722
1,0,0,0,4-5-6-9,0.0007536606373815676,0.9992463393626184,4644
1,0,0,0,4-5-7-10,0.00010313531353135314,0.9998968646864687,4848
1,0,0,0,4-5-7-7,0.002932266571627744,0.9970677334283723,2334
1,0,0,0,4-5-7-8,0.0037115095369788,0.9962884904630211,4836
1,0,0,0,4-5-7-9,0.0005383290267011198,0.9994616709732989,4644
1,0,0,0,4-5-8-8,0.0006307821698906644,0.9993692178301093,2378
1,0,0,0,4-5-8-9,0.00010638297872340425,0.9998936170212765,4700
1,0,0,0,4-6-6-10,0.0012793687508509555,0.998720631249149,2276
1,0,0,0,4-6-6-6,0.0006024096385542169,0.9993975903614458,830
1,0,0,0,4-6-6-7,0.024639063886240927,0.9753609361137592,2490
1,0,0,0,4-6-6-8,0.04950217065564046,0.9504978293443597,2458
1,0,0,0,4-6-6-9,0.0002100840336134454,0.9997899159663866,2380
1,0,0,0,4-6-7-7,0.0017857142857142857,0.9982142857142857,2520
1,0,0,0,4-6-7-8,0.0005241090146750524,0.999475890985325,4770
1,0,0,0,4-6-7-9,0.00010725010725010725,0.9998927498927499,4662
1,0,0,0,4-6-8-8,0.014551311051557856,0.9854486889484423,2378
1,0,0,0,4-7-7-7,0.013427109974424553,0.9865728900255755,782
1,0,0,0,4-7-7-8,0.005390467987367211,0.9946095320126327,2322
1,0,0,0,5-5-5-10,0.002648736756316218,0.9973512632436838,818
1,0,0,0,5-5-5-5,0.9932432432432432,0.006756756756756757,222
1,0,0,0,5-5-5-6,0.5846895635811709,0.41531043641882914,830
1,0,0,0,5-5-5-7,0.1655166078263492,0.8344833921736508,852
1,0,0,0,5-5-5-8,0.09626703097092475,0.9037329690290753,752
1,0,0,0,5-5-5-9,0.000591016548463357,0.9994089834515366,846
1,0,0,0,5-5-6-10,0.00342525257017936,0.9965747474298206,2352
1,0,0,0,5-5-6-6,0.0004,0.9996,1250
1,0,0,0,5-5-6-7,0.0022840531561461796,0.9977159468438538,2408
1,0,0,0,5-5-6-8,0.0006107491856677524,0.9993892508143323,2456
1,0,0,0,5-5-6-9,0.0006329113924050633,0.9993670886075949,2370
1,0,0,0,5-5-7-7,0.009380097879282219,0.9906199021207178,1226
1,0,0,0,5-5-7-8,0.0014830508474576272,0.9985169491525424,2360
1,0,0,0,5-5-7-9,0.0006297229219143577,0.9993702770780857,2382
1,0,0,0,5-5-8-8,0.0013345195729537367,0.9986654804270463,1124
1,0,0,0,5-6-6-6,0.0005924170616113745,0.9994075829383886,844
1,0,0,0,5-6-6-7,0.0002168256721595837,0.9997831743278404,2306
1,0,0,0,5-6-6-8,0.000211864406779661,0.9997881355932203,2360
1,0,0,0,5-6-6-9,0.000201450443190975,0.999798549556809,2482
1,0,0,0,5-6-7-7,0.017472162496350974,0.982527837503649,2434
1,0,0,0,5-6-7-8,0.00030674846625766873,0.9996932515337423,4890
1,0,0,0,5-7-7-7,0.01154891304347826,0.9884510869565217,736
1,0,0,0,6-6-6-6,0.6700565605197885,0.32994343948021154,180
1,0,0,0,6-6-6-7,0.008034395758560917,0.991965604241439,782
1,0,0,0,6-6-6-8,0.0006887052341597796,0.9993112947658402,726
1,0,0,0,6-6-7-7,0.0004051863857374392,0.9995948136142626,1234
1,2,1,1,1-1-1-1,0.8891242937853108,0.11087570621468927,708
1,2,1,1,1-1-1-10,0.02601156069364162,0.9739884393063584,173
1,2,1,1,1-1-1-2,0.7015615290828097,0.2984384709171902,2365
1,2,1,1,1-1-1-3,0.9841677364142063,0.015832263585793753,2337
1,2,1,1,1-1-1-4,0.9007273835412483,0.09927261645875177,2168
1,2,1,1,1-1-1-5,0.09192989735404856,0.9080701026459514,1913
1,2,1,1,1-1-1-6,0.024170051209606164,0.9758299487903939,1618
1,2,1,1,1-1-1-7,0.0140421705885857,0.9859578294114144,1335
1,2,1,1,1-1-1-8,0.001148898790983641,0.9988511012090163,917
1,2,1,1,1-1-1-9,0.01231060606060606,0.9876893939393939,528
1,2,1,1,1-1-10-10,0.005,0.995,200
1,2,1,1,1-1-2-10,0.0008561643835616438,0.9991438356164384,584
1,2,1,1,1-1-2-2,0.9153714493735833,0.08462855062641675,3391
1,2,1,1,1-1-2-3,0.983564159834659,0.016435840165341026,6370
1,2,1,1,1-1-2-4,0.9855565553264661,0.014443444673533794,5822
1,2,1,1,1-1-2-5,0.9879133678979622,0.012086632102037727,5451
1,2,1,1,1-1-2-6,0.013303318702329535,0.9866966812976704,4916
1,2,1,1,1-1-2-7,0.00012810658467845247,0.9998718934153216,3903
1,2,1,1,1-1-2-8,0.0003575259206292456,0.9996424740793708,2797
1,2,1,1,1-1-2-9,0.0033850091710794935,0.9966149908289205,1690
1,2,1,1,1-1-3-10,0.001639344262295082,0.9983606557377049,610
1,2,1,1,1-1-3-3,0.9774163412297117,0.022583658770288312,3173
1,2,1,1,1-1-3-4,0.998295841854124,0.0017041581458759373,5868
1,2,1,1,1-1-3-5,0.8796480468484386,0.12035195315156152,5261
1,2,1,1,1-1-3-6,0.015168647566058537,0.9848313524339415,4945
1,2,1,1,1-1-3-7,0.004198168409711513,0.9958018315902886,4141
1,2,1,1,1-1-3-8,0.0005108991825613079,0.9994891008174387,2936
1,2,1,1,1-1-3-9,0.0002797985450475658,0.9997202014549524,1787
1,2,1,1,1-1-4-10,0.01997663551401869,0.9800233644859813,535
1,2,1,1,1-1-4-4,0.9668318959519892,0.03316810404801085,2807
1,2,1,1,1-1-4-5,0.9938121762625247,0.006187823737475209,5291
1,2,1,1,1-1-4-6,0.006902469936133419,0.9930975300638665,4711
1,2,1,1,1-1-4-7,0.019018471838352684,0.9809815281616473,4159
1,2,1,1,1-1-4-8,0.003658536585365854,0.9963414634146341,2870
1,2,1,1,1-1-4-9,0.003733486502010339,0.9962665134979897,1741
1,2,1,1,1-1-5-10,0.0008090614886731392,0.9991909385113269,618
1,2,1,1,1-1-5-5,0.4782323333176588,0.5217676666823412,2634
1,2,1,1,1-1-5-6,0.04719300350470172,0.9528069964952983,4900
1,2,1,1,1-1-5-7,0.0004709206498704968,0.9995290793501295,4247
1,2,1,1,1-1-5-8,0.0020215633423180594,0.9979784366576819,2968
1,2,1,1,1-1-5-9,0.000555247084952804,0.9994447529150472,1801
1,2,1,1,1-1-6-10,0.005008347245409015,0.994991652754591,599
1,2,1,1,1-1-6-6,0.030826841172606624,0.9691731588273934,2544
1,2,1,1,1-1-6-7,0.0038104310550130982,0.9961895689449869,4199
1,2,1,1,1-1-6-8,0.012589092785405093,0.987410907214595,2954
1,2,1,1,1-1-6-9,0.0017201834862385322,0.9982798165137615,1744
1,2,1,1,1-1-7-10,0.0017452006980802793,0.9982547993019197,573
1,2,1,1,1-1-7-7,0.0004938271604938272,0.9995061728395062,2025
1,2,1,1,1-1-7-8,0.0003427004797806717,0.9996572995202193,2918
1,2,1,1,1-1-7-9,0.0014916467780429594,0.9985083532219571,1676
1,2,1,1,1-1-8-10,0.0009191176470588235,0.9990808823529411,544
1,2,1,1,1-1-8-8,0.00037965072133637056,0.9996203492786636,1317
1,2,1,1,1-1-8-9,0.0034266133637921186,0.9965733866362079,1751
1,2,1,1,1-1-9-10,0.0008103727714748784,0.9991896272285251,617
1,2,1,1,1-1-9-9,0.001221001221001221,0.9987789987789988,819
1,2,1,1,1-2-10-10,0.003826530612244898,0.9961734693877551,392
1,2,1,1,1-2-2-10,0.0009041591320072332,0.9990958408679927,553
1,2,1,1,1-2-2-2,0.9745101115075815,0.02548988849241864,2362
1,2,1,1,1-2-2-3,0.9836605098646393,0.016339490135360745,6338
1,2,1,1,1-2-2-4,0.9705203392312386,0.029479660768761445,5738
1,2,1,1,1-2-2-5,0.9146905769075326,0.08530942309246738,5063
1,2,1,1,1-2-2-6,0.04400212702173917,0.9559978729782608,4642
1,2,1,1,1-2-2-7,0.010416666666666666,0.9895833333333334,4200
1,2,1,1,1-2-2-8,0.0018363939899833056,0.9981636060100167,2995
1,2,1,1,1-2-2-9,0.0017241379310344827,0.9982758620689656,1740
1,2,1,1,1-2-3-10,0.0004288164665523156,0.9995711835334476,1166
1,2,1,1,1-2-3-3,0.9955448880952981,0.0044551119047018806,6140
1,2,1,1,1-2-3-4,0.9818030580312257,0.018196941968774315,11454
1,2,1,1,1-2-3-5,0.9991271503840539,0.0008728496159461689,10502
1,2,1,1,1-2-3-6,5.292125317527519e-05,0.9999470787468248,9448
1,2,1,1,1-2-3-7,0.002784970222764856,0.9972150297772352,8350
1,2,1,1,1-2-3-8,0.005518650327941938,0.9944813496720581,5754
1,2,1,1,1-2-3-9,0.0005636978579481398,0.9994363021420518,3548
1,2,1,1,1-2-4-10,0.0021645021645021645,0.9978354978354979,1155
1,2,1,1,1-2-4-4,0.999027073749921,0.00097292625007899,5587
1,2,1,1,1-2-4-5,0.9317386253413771,0.06826137465862295,10300
1,2,1,1,1-2-4-6,0.009149531582511413,0.9908504684174886,9343
1,2,1,1,1-2-4-7,0.002013556618819777,0.9979864433811801,8360
1,2,1,1,1-2-4-8,0.000295308808639892,0.9997046911913601,5926
1,2,1,1,1-2-4-9,0.00013877324451845685,0.9998612267554815,3603
1,2,1,1,1-2-5-10,0.0008361204013377926,0.9991638795986622,1196
1,2,1,1,1-2-5-5,0.03455647342148382,0.9654435265785162,5253
1,2,1,1,1-2-5-6,0.0011367241196996933,0.9988632758803003,9457
1,2,1,1,1-2-5-7,0.00011956001912960307,0.9998804399808704,8364
1,2,1,1,1-2-5-8,0.000343878954607978,0.999656121045392,5816
1,2,1,1,1-2-5-9,0.0005824111822947001,0.9994175888177053,3434
1,2,1,1,1-2-6-10,0.02030204595201282,0.9796979540479872,1260
1,2,1,1,1-2-6-6,0.001296111665004985,0.998703888334995,5015
1,2,1,1,1-2-6-7,0.00048484848484848484,0.9995151515151515,8250
1,2,1,1,1-2-6-8,8.655011251514626e-05,0.9999134498874849,5777
1,2,1,1,1-2-6-9,0.0008573878250928837,0.9991426121749071,3499
1,2,1,1,1-2-7-10,0.0025020850708924102,0.9974979149291076,1199
1,2,1,1,1-2-7-7,0.00025523226135783564,0.9997447677386422,3918
1,2,1,1,1-2-7-8,8.605851979345956e-05,0.9999139414802065,5810
1,2,1,1,1-2-7-9,0.00014184397163120567,0.9998581560283688,3525
1,2,1,1,1-2-8-10,0.0025466893039049238,0.9974533106960951,1178
1,2,1,1,1-2-8-8,0.00018294914013904133,0.999817050859861,2733
1,2,1,1,1-2-8-9,0.0006053268765133172,0.9993946731234867,3304
1,2,1,1,1-2-9-10,0.0012552301255230125,0.998744769874477,1195
1,2,1,1,1-2-9-9,0.0026579111944965606,0.9973420888055035,1599
1,2,1,1,1-3-10-10,0.0012658227848101266,0.9987341772151899,395
1,2,1,1,1-3-3-10,0.0049261083743842365,0.9950738916256158,609
1,2,1,1,1-3-3-3,0.9973052425281724,0.0026947574718275357,2041
1,2,1,1,1-3-3-4,0.9911477009868193,0.008852299013180747,5643
1,2,1,1,1-3-3-5,0.9303618867086522,0.06963811329134778,5111
1,2,1,1,1-3-3-6,0.041427579888267806,0.9585724201117323,4583
1,2,1,1,1-3-3-7,0.00594979183484063,0.9940502081651594,4025
1,2,1,1,1-3-3-8,0.009498973403535652,0.9905010265964643,2925
1,2,1,1,1-3-3-9,0.0017191977077363897,0.9982808022922636,1745
1,2,1,1,1-3-4-10,0.0017542491927411354,0.9982457508072589,1221
1,2,1,1,1-3-4-4,0.9846971775299638,0.01530282247003618,5420
1,2,1,1,1-3-4-5,0.9741926526936089,0.025807347306391046,10218
1,2,1,1,1-3-4-6,0.009943240632719293,0.9900567593672808,9604
1,2,1,1,1-3-4-7,0.0001840942562592047,0.9998159057437408,8148
1,2,1,1,1-3-4-8,0.00045575074577394763,0.999544249254226,6034
1,2,1,1,1-3-4-9,0.000971682398667407,0.9990283176013326,3602
1,2,1,1,1-3-5-10,0.0024813895781637717,0.9975186104218362,1209
1,2,1,1,1-3-5-5,0.9837341197150908,0.016265880284909186,5080
1,2,1,1,1-3-5-6,0.001896752864442659,0.9981032471355574,9637
1,2,1,1,1-3-5-7,0.0017891224242751625,0.9982108775757248,8212
1,2,1,1,1-3-5-8,8.5295121119072e-05,0.9999147048788809,5862
1,2,1,1,1-3-5-9,0.00027307482250136535,0.9997269251774986,3662
1,2,1,1,1-3-6-10,0.0008547008547008547,0.9991452991452991,1170
1,2,1,1,1-3-6-6,0.0016234091465623798,0.9983765908534377,4922
1,2,1,1,1-3-6-7,0.0019125100026673783,0.9980874899973327,8150
1,2,1,1,1-3-6-8,0.0009744111167598712,0.9990255888832401,5901
1,2,1,1,1-3-6-9,0.00014240956992309884,0.9998575904300769,3511
1,2,1,1,1-3-7-10,0.0035303776683087026,0.9964696223316913,1218
1,2,1,1,1-3-7-7,0.0004829984544049459,0.9995170015455951,3882
1,2,1,1,1-3-7-8,8.595495960116899e-05,0.9999140450403988,5817
1,2,1,1,1-3-7-9,0.0002844950213371266,0.9997155049786629,3515
1,2,1,1,1-3-8-10,0.0012244897959183673,0.9987755102040816,1225
1,2,1,1,1-3-8-8,0.0009167583425009168,0.9990832416574991,2727
1,2,1,1,1-3-8-9,0.000767679632163206,0.9992323203678368,3616
1,2,1,1,1-3-9-10,0.00042122999157540015,0.9995787700084247,1187
1,2,1,1,1-3-9-9,0.0006501950585175553,0.9993498049414824,1538
1,2,1,1,1-4-10-10,0.003937007874015748,0.9960629921259843,381
1,2,1,1,1-4-4-10,0.011406844106463879,0.9885931558935361,526
1,2,1,1,1-4-4-4,0.9867666637579748,0.013233336242025178,1739
1,2,1,1,1-4-4-5,0.9920226447474221,0.007977355252577933,5113
1,2,1,1,1-4-4-6,0.09205391861805692,0.9079460813819431,4494
1,2,1,1,1-4-4-7,0.0006316321374431531,0.9993683678625569,3958
1,2,1,1,1-4-4-8,0.0016009437141894169,0.9983990562858106,2967
1,2,1,1,1-4-4-9,0.009062993851836886,0.990937006148163,1818
1,2,1,1,1-4-5-10,0.0051325919589392645,0.9948674080410608,1169
1,2,1,1,1-4-5-5,0.94964507869725,0.05035492130275001,5161
1,2,1,1,1-4-5-6,0.0016624004555308516,0.9983375995444691,9296
1,2,1,1,1-4-5-7,0.0013752690743841186,0.9986247309256159,8362
1,2,1,1,1-4-5-8,0.0005106382978723404,0.9994893617021277,5875
1,2,1,1,1-4-5-9,0.0014084507042253522,0.9985915492957746,3550
1,2,1,1,1-4-6-10,0.00387263339070568,0.9961273666092944,1162
1,2,1,1,1-4-6-6,0.0003817522427944264,0.9996182477572055,5239
1,2,1,1,1-4-6-7,0.000413466309226645,0.9995865336907734,8387
1,2,1,1,1-4-6-8,0.0002519737947253486,0.9997480262052747,5953
1,2,1,1,1-4-6-9,0.0016203389216458807,0.9983796610783541,3427
1,2,1,1,1-4-7-10,0.00040032025620496394,0.999599679743795,1249
1,2,1,1,1-4-7-7,0.0047735346358792185,0.9952264653641207,3941
1,2,1,1,1-4-7-8,0.00024715768660405336,0.9997528423133959,6069
1,2,1,1,1-4-7-9,0.00013713658804168953,0.9998628634119583,3646
1,2,1,1,1-4-8-10,0.0026338893766461808,0.9973661106233538,1139
1,2,1,1,1-4-8-8,0.0018175209014903672,0.9981824790985097,2751
1,2,1,1,1-4-8-9,0.0004129955947136564,0.9995870044052864,3632
1,2,1,1,1-4-9-10,0.002181500872600349,0.9978184991273996,1146
1,2,1,1,1-4-9-9,0.0003248862897985705,0.9996751137102015,1539
1,2,1,1,1-5-10-10,0.002544529262086514,0.9974554707379135,393
1,2,1,1,1-5-5-10,0.0016129032258064516,0.9983870967741936,620
1,2,1,1,1-5-5-5,0.9245519241128296,0.07544807588717048,1653
1,2,1,1,1-5-5-6,0.0006273525721455458,0.9993726474278545,4782
1,2,1,1,1-5-5-7,0.024010034013318783,0.9759899659866812,4075
1,2,1,1,1-5-5-8,0.00017711654268508679,0.999822883457315,2823
1,2,1,1,1-5-5-9,0.0031645569620253164,0.9968354430379747,1738
1,2,1,1,1-5-6-10,0.00041152263374485596,0.9995884773662551,1215
1,2,1,1,1-5-6-6,0.007215734283958511,0.9927842657160414,4754
1,2,1,1,1-5-6-7,0.00012233912405187178,0.9998776608759481,8174
1,2,1,1,1-5-6-8,0.0007706799109436547,0.9992293200890563,5839
1,2,1,1,1-5-6-9,0.0006657789613848203,0.9993342210386151,3755
1,2,1,1,1-5-7-10,0.0014856676765322766,0.9985143323234676,1226
1,2,1,1,1-5-7-7,0.00025746652935118434,0.9997425334706488,3884
1,2,1,1,1-5-7-8,0.0008655011251514627,0.9991344988748485,5777
1,2,1,1,1-5-7-9,0.00043642711667151585,0.9995635728833285,3437
1,2,1,1,1-5-8-10,0.0008598452278589854,0.999140154772141,1163
1,2,1,1,1-5-8-8,0.0019927536231884057,0.9980072463768116,2760
1,2,1,1,1-5-8-9,0.0004405286343612335,0.9995594713656387,3405
1,2,1,1,1-5-9-10,0.003006872852233677,0.9969931271477663,1164
1,2,1,1,1-5-9-9,0.0009433962264150943,0.9990566037735849,1590
1,2,1,1,1-6-6-10,0.0008375209380234506,0.9991624790619765,597
1,2,1,1,1-6-6-6,0.03381413136260548,0.9661858686373945,1609
1,2,1,1,1-6-6-7,0.0010529132539091586,0.9989470867460909,4029
1,2,1,1,1-6-6-8,0.0012426274733637744,0.9987573725266362,2920
1,2,1,1,1-6-6-9,0.0011217049915872126,0.9988782950084127,1783
1,2,1,1,1-6-7-10,0.001762114537444934,0.9982378854625551,1135
1,2,1,1,1-6-7-7,0.0012709710218607015,0.9987290289781393,3934
1,2,1,1,1-6-7-8,0.0003563156957063959,0.9996436843042936,5613
1,2,1,1,1-6-7-9,0.00014413375612568464,0.9998558662438743,3469
1,2,1,1,1-6-8-10,0.00044169611307420494,0.9995583038869258,1132
1,2,1,1,1-6-8-8,0.00018294914013904133,0.999817050859861,2733
1,2,1,1,1-6-8-9,0.0014200511218403862,0.9985799488781596,3521
1,2,1,1,1-6-9-10,0.0007942811755361397,0.9992057188244639,1259
1,2,1,1,1-6-9-9,0.001243008079552517,0.9987569919204475,1609
1,2,1,1,1-7-7-10,0.005591054313099041,0.994408945686901,626
1,2,1,1,1-7-7-7,0.006598070611068128,0.9934019293889319,1281
1,2,1,1,1-7-7-8,0.002866435240470539,0.9971335647595294,2964
1,2,1,1,1-7-7-9,0.001176470588235294,0.9988235294117647,1700
1,2,1,1,1-7-8-10,0.003395585738539898,0.9966044142614601,1178
1,2,1,1,1-7-8-8,0.0023314203730272595,0.9976685796269728,2788
1,2,1,1,1-7-8-9,0.000847457627118644,0.9991525423728813,3540
1,2,1,1,1-7-9-9,0.001614987080103359,0.9983850129198967,1548
1,2,1,1,1-8-8-8,0.0011325028312570782,0.9988674971687429,883
1,2,1,1,1-8-8-9,0.0034137228260869563,0.996586277173913,1840
1,2,1,1,2-2-10-10,0.0049504950495049506,0.995049504950495,202
1,2,1,1,2-2-2-10,0.004784688995215311,0.9952153110047847,209
1,2,1,1,2-2-2-2,0.9899497487437185,0.010050251256281407,597
1,2,1,1,2-2-2-3,0.9411188305703712,0.05888116942962883,2123
1,2,1,1,2-2-2-4,0.916672771057687,0.083327228942313,1946
1,2,1,1,2-2-2-5,0.04274241347875681,0.9572575865212432,1658
1,2,1,1,2-2-2-6,0.013831462886394951,0.986168537113605,1693
1,2,1,1,2-2-2-7,0.005,0.995,1400
1,2,1,1,2-2-2-8,0.0015822784810126582,0.9984177215189873,948
1,2,1,1,2-2-2-9,0.0008347245409015025,0.9991652754590985,599
1,2,1,1,2-2-3-10,0.0015503875968992248,0.9984496124031008,645
1,2,1,1,2-2-3-3,0.9972695149373595,0.00273048506264054,3113
1,2,1,1,2-2-3-4,0.9793284261932047,0.02067157380679525,5739
1,2,1,1,2-2-3-5,0.997830792606376,0.002169207393624106,5047
1,2,1,1,2-2-3-6,0.19136200464746303,0.8086379953525371,4636
1,2,1,1,2-2-3-7,0.02226213442910232,0.9777378655708977,4091
1,2,1,1,2-2-3-8,0.012584666590594705,0.9874153334094053,2989
1,2,1,1,2-2-3-9,0.0013804527885146328,0.9986195472114854,1811
1,2,1,1,2-2-4-10,0.0017857142857142857,0.9982142857142857,560
1,2,1,1,2-2-4-4,0.9783856950982504,0.021614304901749565,2961
1,2,1,1,2-2-4-5,0.9806038092183792,0.019396190781620803,5120
1,2,1,1,2-2-4-6,0.007477382735172903,0.9925226172648272,4836
1,2,1,1,2-2-4-7,0.014982159934276118,0.9850178400657238,4030
1,2,1,1,2-2-4-8,0.0005030181086519115,0.9994969818913481,2982
1,2,1,1,2-2-4-9,0.0020471465808994957,0.9979528534191004,1690
1,2,1,1,2-2-5-10,0.000859106529209622,0.9991408934707904,582
1,2,1,1,2-2-5-5,0.9411801700874581,0.058819829912541886,2568
1,2,1,1,2-2-5-6,0.10822394108953669,0.8917760589104633,4665
1,2,1,1,2-2-5-7,0.021680099241306802,0.9783199007586932,4004
1,2,1,1,2-2-5-8,0.0008327781479013991,0.9991672218520986,3002
1,2,1,1,2-2-5-9,0.0023094688221709007,0.9976905311778291,1732
1,2,1,1,2-2-6-10,0.006729966611018364,0.9932700333889817,599
1,2,1,1,2-2-6-6,0.05024041163474718,0.9497595883652529,2473
1,2,1,1,2-2-6-7,0.032514698679955725,0.9674853013200443,3941
1,2,1,1,2-2-6-8,0.0004929346040092015,0.9995070653959908,3043
1,2,1,1,2-2-6-9,0.0022637238256932655,0.9977362761743067,1767
1,2,1,1,2-2-7-10,0.001718213058419244,0.9982817869415808,582
1,2,1,1,2-2-7-7,0.002449779519843214,0.9975502204801567,2041
1,2,1,1,2-2-7-8,0.0008558712769599452,0.99914412872304,2921
1,2,1,1,2-2-7-9,0.0002898550724637681,0.9997101449275362,1725
1,2,1,1,2-2-8-10,0.0032520325203252032,0.9967479674796748,615
1,2,1,1,2-2-8-8,0.009509012625364995,0.990490987374635,1396
1,2,1,1,2-2-8-9,0.009784634499896458,0.9902153655001035,1756
1,2,1,1,2-2-9-10,0.0015698587127158557,0.9984301412872841,637
1,2,1,1,2-2-9-9,0.0005827505827505828,0.9994172494172494,858
1,2,1,1,2-3-10-10,0.004098360655737705,0.9959016393442623,366
1,2,1,1,2-3-3-10,0.006430868167202572,0.9935691318327974,622
1,2,1,1,2-3-3-3,0.9847775025996288,0.015222497400371212,2040
1,2,1,1,2-3-3-4,0.9926297022790366,0.0073702977209634795,5596
1,2,1,1,2-3-3-5,0.9405213647704382,0.05947863522956185,5019
1,2,1,1,2-3-3-6,0.1411394726261444,0.8588605273738555,4585
1,2,1,1,2-3-3-7,0.0008624938393297191,0.9991375061606703,4058
1,2,1,1,2-3-3-8,0.001442052014386071,0.9985579479856139,2964
1,2,1,1,2-3-3-9,0.001972942502818489,0.9980270574971815,1774
1,2,1,1,2-3-4-10,0.0008628127696289905,0.999137187230371,1159
1,2,1,1,2-3-4-4,0.9995542877518274,0.0004457122481725798,5609
1,2,1,1,2-3-4-5,0.9921085860326675,0.007891413967332521,10210
1,2,1,1,2-3-4-6,0.025554973470687272,0.9744450265293126,9157
1,2,1,1,2-3-4-7,0.0005525540275049116,0.9994474459724951,8144
1,2,1,1,2-3-4-8,0.0004196038939241356,0.9995803961060759,5958
1,2,1,1,2-3-4-9,0.005870639934084043,0.994129360065916,3641
1,2,1,1,2-3-5-10,0.0004288164665523156,0.9995711835334476,1166
1,2,1,1,2-3-5-5,0.9617581763821055,0.03824182361789464,4865
1,2,1,1,2-3-5-6,0.0020342494113254257,0.9979657505886745,9274
1,2,1,1,2-3-5-7,0.0001827262760384943,0.9998172737239615,8209
1,2,1,1,2-3-5-8,0.0014777468706536857,0.9985222531293463,5752
1,2,1,1,2-3-5-9,0.002939372245844215,0.9970606277541557,3543
1,2,1,1,2-3-6-10,0.002961082910321489,0.9970389170896785,1182
1,2,1,1,2-3-6-6,0.0004202563563773902,0.9995797436436226,4759
1,2,1,1,2-3-6-7,6.0190201035271456e-05,0.9999398097989647,8307
1,2,1,1,2-3-6-8,0.00016909029421711193,0.9998309097057829,5914
1,2,1,1,2-3-6-9,0.0013970382788488405,0.9986029617211511,3579
1,2,1,1,2-3-7-10,0.0012552301255230125,0.998744769874477,1195
1,2,1,1,2-3-7-7,0.0025632046499446354,0.9974367953500554,3873
1,2,1,1,2-3-7-8,0.0002556672916311573,0.9997443327083688,5867
1,2,1,1,2-3-7-9,0.00028514399771884804,0.9997148560022812,3507
1,2,1,1,2-3-8-10,0.004887502967636151,0.9951124970323638,1162
1,2,1,1,2-3-8-8,0.00018083182640144665,0.9998191681735985,2765
1,2,1,1,2-3-8-9,0.00027662517289073305,0.9997233748271093,3615
1,2,1,1,2-3-9-10,0.00044014084507042255,0.9995598591549296,1136
1,2,1,1,2-3-9-9,0.003955174686882004,0.996044825313118,1517
1,2,1,1,2-4-10-10,0.0066844919786096255,0.9933155080213903,374
1,2,1,1,2-4-4-10,0.004317789291882556,0.9956822107081175,579
1,2,1,1,2-4-4-4,0.9872692657468716,0.012730734253128342,1860
1,2,1,1,2-4-4-5,0.981809599042437,0.018190400957563066,5044
1,2,1,1,2-4-4-6,0.19649021358116472,0.8035097864188353,4858
1,2,1,1,2-4-4-7,0.00012236906510034264,0.9998776309348997,4086
1,2,1,1,2-4-4-8,0.00034940600978336826,0.9996505939902166,2862
1,2,1,1,2-4-4-9,0.000273224043715847,0.9997267759562841,1830
1,2,1,1,2-4-5-10,0.00041911148365465214,0.9995808885163453,1193
1,2,1,1,2-4-5-5,0.9792646845278473,0.020735315472152634,5122
1,2,1,1,2-4-5-6,0.004151753554858465,0.9958482464451416,9554
1,2,1,1,2-4-5-7,0.000186543962193757,0.9998134560378062,8041
1,2,1,1,2-4-5-8,0.00016823687752355316,0.9998317631224765,5944
1,2,1,1,2-4-5-9,0.000552791597567717,0.9994472084024323,3618
1,2,1,1,2-4-6-10,0.0017889087656529517,0.998211091234347,1118
1,2,1,1,2-4-6-6,0.0015806237061281472,0.9984193762938718,5009
1,2,1,1,2-4-6-7,6.085686465433301e-05,0.9999391431353457,8216
1,2,1,1,2-4-6-8,0.002981856133569825,0.9970181438664303,6015
1,2,1,1,2-4-6-9,0.0004266211604095563,0.9995733788395904,3516
1,2,1,1,2-4-7-10,0.002514668901927913,0.9974853310980721,1193
1,2,1,1,2-4-7-7,0.0011550308008213552,0.9988449691991786,3896
1,2,1,1,2-4-7-8,8.305647840531562e-05,0.9999169435215947,6020
1,2,1,1,2-4-7-9,0.002857142857142857,0.9971428571428571,3500
1,2,1,1,2-4-8-10,0.0008650519031141869,0.9991349480968859,1156
1,2,1,1,2-4-8-8,0.004259850445165389,0.9957401495548347,2789
1,2,1,1,2-4-8-9,0.0007064142413111048,0.9992935857586889,3539
1,2,1,1,2-4-9-10,0.0015923566878980893,0.9984076433121019,1256
1,2,1,1,2-4-9-9,0.00133422281521014,0.9986657771847899,1499
1,2,1,1,2-5-5-10,0.011818181818181818,0.9881818181818182,550
1,2,1,1,2-5-5-5,0.7683243670111701,0.23167563298882984,1624
1,2,1,1,2-5-5-6,9.996001599360256e-05,0.9999000399840065,5002
1,2,1,1,2-5-5-7,0.005100285576920645,0.9948997144230793,4038
1,2,1,1,2-5-5-8,0.0008880994671403197,0.9991119005328597,2815
1,2,1,1,2-5-5-9,0.001646542261251372,0.9983534577387486,1822
1,2,1,1,2-5-6-10,0.002973661852166525,0.9970263381478335,1177
1,2,1,1,2-5-6-6,9.637625289128758e-05,0.9999036237471087,5188
1,2,1,1,2-5-6-7,0.0012949326010983525,0.9987050673989016,8012
1,2,1,1,2-5-6-8,8.491847826086956e-05,0.9999150815217391,5888
1,2,1,1,2-5-6-9,0.00013793103448275863,0.9998620689655172,3625
1,2,1,1,2-5-7-10,0.0008628127696289905,0.999137187230371,1159
1,2,1,1,2-5-7-7,0.00012833675564681725,0.9998716632443532,3896
1,2,1,1,2-5-7-8,0.0017322016282695306,0.9982677983717305,5773
1,2,1,1,2-5-7-9,0.000432152117545376,0.9995678478824547,3471
1,2,1,1,2-5-8-10,0.000794912559618442,0.9992050874403816,1258
1,2,1,1,2-5-8-8,0.00017806267806267807,0.9998219373219374,2808
1,2,1,1,2-5-8-9,0.0001405283867341203,0.9998594716132658,3558
1,2,1,1,2-5-9-10,0.0025619128949615714,0.9974380871050385,1171
1,2,1,1,2-5-9-9,0.004638833664678595,0.9953611663353215,1509
1,2,1,1,2-6-6-10,0.0024875621890547263,0.9975124378109452,603
1,2,1,1,2-6-6-6,0.024785745278984164,0.9752142547210159,1660
1,2,1,1,2-6-6-7,0.003218764076463664,0.9967812359235364,4168
1,2,1,1,2-6-6-8,0.0025389302640487473,0.9974610697359513,2954
1,2,1,1,2-6-6-9,0.0011337868480725624,0.9988662131519275,1764
1,2,1,1,2-6-7-10,0.00043782837127845885,0.9995621716287215,1142
1,2,1,1,2-6-7-7,0.0001295672454003628,0.9998704327545996,3859
1,2,1,1,2-6-7-8,0.00033551417547391375,0.999664485824526,5961
1,2,1,1,2-6-7-9,0.0007116424708226587,0.9992883575291773,3513
1,2,1,1,2-6-8-10,0.0013192612137203166,0.9986807387862797,1137
1,2,1,1,2-6-8-8,0.002176278563656148,0.9978237214363439,2757
1,2,1,1,2-6-8-9,0.00042052144659377626,0.9995794785534062,3567
1,2,1,1,2-6-9-9,0.0026962252846015576,0.9973037747153984,1669
1,2,1,1,2-7-7-10,0.005067567567567568,0.9949324324324325,592
1,2,1,1,2-7-7-7,0.002577319587628866,0.9974226804123711,1358
1,2,1,1,2-7-7-8,0.0005131713992473486,0.9994868286007527,2923
1,2,1,1,2-7-7-9,0.0002765486725663717,0.9997234513274337,1808
1,2,1,1,2-7-8-8,0.0009549274255156608,0.9990450725744844,2618
1,2,1,1,2-7-8-9,0.001011853136744724,0.9989881468632553,3459
1,2,1,1,2-8-8-8,0.010180995475113122,0.9898190045248869,884
1,2,1,1,3-3-10-10,0.004784688995215311,0.9952153110047847,209
1,2,1,1,3-3-3-10,0.010582010582010581,0.9894179894179894,189
1,2,1,1,3-3-3-3,0.9935897435897436,0.00641025641025641,546
1,2,1,1,3-3-3-4,0.9994769874476988,0.0005230125523012552,1912
1,2,1,1,3-3-3-5,0.9481854553104323,0.05181454468956771,1738
1,2,1,1,3-3-3-6,0.9852651575544964,0.014734842445503544,1610
1,2,1,1,3-3-3-7,0.0032211882605583395,0.9967788117394416,1397
1,2,1,1,3-3-3-8,0.0031545741324921135,0.9968454258675079,951
1,2,1,1,3-3-3-9,0.006003430531732418,0.9939965694682675,583
1,2,1,1,3-3-4-10,0.001597444089456869,0.9984025559105432,626
1,2,1,1,3-3-4-4,0.9982562408223201,0.0017437591776798826,2724
1,2,1,1,3-3-4-5,0.9843461276402994,0.015653872359700626,5053
1,2,1,1,3-3-4-6,0.2421321056866587,0.7578678943133413,4529
1,2,1,1,3-3-4-7,0.0002345765892563922,0.9997654234107436,4263
1,2,1,1,3-3-4-8,0.00034614053305642093,0.9996538594669436,2889
1,2,1,1,3-3-4-9,0.0002913752913752914,0.9997086247086248,1716
1,2,1,1,3-3-5-10,0.026705059116516685,0.9732949408834835,586
1,2,1,1,3-3-5-5,0.8854119998326283,0.11458800016737165,2442
1,2,1,1,3-3-5-6,0.1856979308618281,0.8143020691381719,4670
1,2,1,1,3-3-5-7,0.0001255020080321285,0.9998744979919679,3984
1,2,1,1,3-3-5-8,0.0025519031141868513,0.9974480968858132,2890
1,2,1,1,3-3-5-9,0.002001143510577473,0.9979988564894225,1749
1,2,1,1,3-3-6-10,0.0017035775127768314,0.9982964224872232,587
1,2,1,1,3-3-6-6,0.00042625745950554135,0.9995737425404945,2346
1,2,1,1,3-3-6-7,0.003788177547252955,0.9962118224527471,4008
1,2,1,1,3-3-6-8,0.0003312355084465055,0.9996687644915535,3019
1,2,1,1,3-3-6-9,0.0026026604973973396,0.9973973395026027,1729
1,2,1,1,3-3-7-10,0.0008051529790660225,0.999194847020934,621
1,2,1,1,3-3-7-7,0.0007575757575757576,0.9992424242424243,1980
1,2,1,1,3-3-7-8,0.0015015015015015015,0.9984984984984985,2997
1,2,1,1,3-3-7-9,0.0002942907592701589,0.9997057092407299,1699
1,2,1,1,3-3-8-10,0.013983732656260173,0.9860162673437398,546
1,2,1,1,3-3-8-8,0.004000548646671543,0.9959994513533285,1367
1,2,1,1,3-3-8-9,0.0002797985450475658,0.9997202014549524,1787
1,2,1,1,3-3-9-10,0.0036900369003690036,0.996309963099631,542
1,2,1,1,3-3-9-9,0.004492939666238768,0.9955070603337612,779
1,2,1,1,3-4-4-10,0.01733821733821734,0.9826617826617827,585
1,2,1,1,3-4-4-4,0.9896491423661988,0.010350857633801162,1694
1,2,1,1,3-4-4-5,0.9589812662217356,0.04101873377826432,4990
1,2,1,1,3-4-4-6,0.3570757933551846,0.6429242066448155,4398
1,2,1,1,3-4-4-7,0.00025806451612903227,0.9997419354838709,3875
1,2,1,1,3-4-4-8,0.021789051246936107,0.9782109487530639,2974
1,2,1,1,3-4-4-9,0.00446458817549216,0.9955354118245078,1766
1,2,1,1,3-4-5-10,0.002064409578860446,0.9979355904211396,1211
1,2,1,1,3-4-5-5,0.9985291119331257,0.0014708880668744362,5282
1,2,1,1,3-4-5-6,0.00021853146853146853,0.9997814685314685,9152
1,2,1,1,3-4-5-7,0.00018454724409448819,0.9998154527559056,8128
1,2,1,1,3-4-5-8,0.0023955147808358813,0.997604485219164,5886
1,2,1,1,3-4-5-9,0.0005511160099200882,0.9994488839900799,3629
1,2,1,1,3-4-6-10,0.0021968365553602814,0.9978031634446397,1138
1,2,1,1,3-4-6-6,0.0002185792349726776,0.9997814207650273,4575
1,2,1,1,3-4-6-7,6.0834651417447376e-05,0.9999391653485825,8219
1,2,1,1,3-4-6-8,0.00017152658662092623,0.9998284734133791,5830
1,2,1,1,3-4-6-9,0.0007126567844925884,0.9992873432155074,3508
1,2,1,1,3-4-7-10,0.0008071025020177562,0.9991928974979822,1239
1,2,1,1,3-4-7-7,0.005041066401844068,0.9949589335981559,4001
1,2,1,1,3-4-7-8,0.000608695652173913,0.9993913043478261,5750
1,2,1,1,3-4-7-9,0.00042005040604872583,0.9995799495939512,3571
1,2,1,1,3-4-8-10,0.0034904013961605585,0.9965095986038395,1146
1,2,1,1,3-4-8-8,0.0034123563218390806,0.9965876436781609,2784
1,2,1,1,3-4-8-9,0.0009971509971509972,0.999002849002849,3510
1,2,1,1,3-4-9-10,0.0004317789291882556,0.9995682210708118,1158
1,2,1,1,3-4-9-9,0.0022508038585209,0.9977491961414791,1555
1,2,1,1,3-5-5-10,0.004111842105263158,0.9958881578947368,608
1,2,1,1,3-5-5-5,0.9262618893704322,0.07373811062956782,1747
1,2,1,1,3-5-5-6,0.0006444683136412459,0.9993555316863587,4655
1,2,1,1,3-5-5-7,0.04980493423731766,0.9501950657626823,4106
1,2,1,1,3-5-5-8,0.00017500875043752187,0.9998249912495625,2857
1,2,1,1,3-5-5-9,0.006578947368421052,0.993421052631579,1786
1,2,1,1,3-5-6-10,0.0017035775127768314,0.9982964224872232,1174
1,2,1,1,3-5-6-6,0.00030637254901960784,0.9996936274509803,4896
1,2,1,1,3-5-6-7,0.00048514251061249243,0.9995148574893875,8245
1,2,1,1,3-5-6-8,0.00017482517482517483,0.9998251748251749,5720
1,2,1,1,3-5-6-9,0.0004246885617214043,0.9995753114382786,3532
1,2,1,1,3-5-7-10,0.0013404825737265416,0.9986595174262735,1119
1,2,1,1,3-5-7-7,0.00012588116817724068,0.9998741188318228,3972
1,2,1,1,3-5-7-8,0.00017337031900138697,0.9998266296809986,5768
1,2,1,1,3-5-7-9,0.00044829647340107593,0.999551703526599,3346
1,2,1,1,3-5-8-10,0.000859106529209622,0.9991408934707904,1164
1,2,1,1,3-5-8-8,0.0001757469244288225,0.9998242530755712,2845
1,2,1,1,3-5-8-9,0.002101449275362319,0.9978985507246377,3450
1,2,1,1,3-5-9-9,0.00031466331025802394,0.999685336689742,1589
1,2,1,1,3-6-6-10,0.003436426116838488,0.9965635738831615,582
1,2,1,1,3-6-6-6,0.0024286581663630845,0.9975713418336369,1647
1,2,1,1,3-6-6-7,0.014256856349361902,0.9857431436506381,4103
1,2,1,1,3-6-6-8,0.0005121201775349949,0.999487879822465,2929
1,2,1,1,3-6-6-9,0.004459308807134894,0.9955406911928651,1794
1,2,1,1,3-6-7-10,0.001279863481228669,0.9987201365187713,1172
1,2,1,1,3-6-7-7,0.0013832997987927565,0.9986167002012073,3976
1,2,1,1,3-6-7-8,0.0011597938144329897,0.998840206185567,5820
1,2,1,1,3-6-7-9,0.00041736227045075126,0.9995826377295493,3594
1,2,1,1,3-6-8-8,0.0005372492836676218,0.9994627507163324,2792
1,2,1,1,3-6-8-9,0.0015076754385964911,0.9984923245614035,3648
1,2,1,1,3-7-7-7,0.0011337868480725624,0.9988662131519275,1323
1,2,1,1,3-7-7-8,0.00034083162917518747,0.9996591683708248,2934
1,2,1,1,3-7-7-9,0.0013340448239060833,0.9986659551760939,1874
1,2,1,1,3-7-8-8,0.0005480453050785532,0.9994519546949214,2737
1,2,1,1,4-4-4-10,0.0045662100456621,0.9954337899543378,219
1,2,1,1,4-4-4-4,0.8276343878093196,0.17236561219068033,425
1,2,1,1,4-4-4-5,0.8492024168914655,0.15079758310853442,1652
1,2,1,1,4-4-4-6,0.9118145604730055,0.08818543952699452,1490
1,2,1,1,4-4-4-7,0.09231684599099117,0.9076831540090088,1315
1,2,1,1,4-4-4-8,0.001998001998001998,0.998001998001998,1001
1,2,1,1,4-4-4-9,0.0035026269702276708,0.9964973730297724,571
1,2,1,1,4-4-5-10,0.046221852063036466,0.9537781479369636,589
1,2,1,1,4-4-5-5,0.9214912390582336,0.07850876094176638,2585
1,2,1,1,4-4-5-6,0.5855309730650606,0.41446902693493937,4635
1,2,1,1,4-4-5-7,0.00012077294685990338,0.9998792270531401,4140
1,2,1,1,4-4-5-8,0.00016835016835016836,0.9998316498316498,2970
1,2,1,1,4-4-5-9,0.0036661026508742244,0.9963338973491258,1773
1,2,1,1,4-4-6-10,0.006294964028776978,0.9937050359712231,556
1,2,1,1,4-4-6-6,0.06240466050672904,0.9375953394932709,2283
1,2,1,1,4-4-6-7,0.00023775558725630053,0.9997622444127438,4206
1,2,1,1,4-4-6-8,0.0006786562606040041,0.999321343739396,2947
1,2,1,1,4-4-6-9,0.0011594202898550724,0.998840579710145,1725
1,2,1,1,4-4-7-10,0.009548611111111112,0.9904513888888888,576
1,2,1,1,4-4-7-7,0.005221531980352503,0.9947784680196475,1970
1,2,1,1,4-4-7-8,0.0034482159679161423,0.9965517840320839,2941
1,2,1,1,4-4-7-9,0.0028735632183908046,0.9971264367816092,1740
1,2,1,1,4-4-8-10,0.009983361064891847,0.9900166389351082,601
1,2,1,1,4-4-8-8,0.001405129244058925,0.9985948707559411,1359
1,2,1,1,4-4-8-9,0.001434308663224326,0.9985656913367756,1743
1,2,1,1,4-4-9-9,0.0025974025974025974,0.9974025974025974,770
1,2,1,1,4-5-5-10,0.0008928571428571428,0.9991071428571429,560
1,2,1,1,4-5-5-5,0.7135285218522582,0.28647147814774176,1748
1,2,1,1,4-5-5-6,0.025553722795282074,0.9744462772047179,4969
1,2,1,1,4-5-5-7,0.0023568230025925053,0.9976431769974075,4243
1,2,1,1,4-5-5-8,0.0005168849069607167,0.9994831150930393,2902
1,2,1,1,4-5-5-9,0.003961516694963215,0.9960384833050367,1767
1,2,1,1,4-5-6-10,0.0008583690987124463,0.9991416309012876,1165
1,2,1,1,4-5-6-6,0.00010375596596804317,0.999896244034032,4819
1,2,1,1,4-5-6-7,0.00012351778656126481,0.9998764822134387,8096
1,2,1,1,4-5-6-8,8.503401360544217e-05,0.9999149659863945,5880
1,2,1,1,4-5-6-9,0.0022727272727272726,0.9977272727272727,3520
1,2,1,1,4-5-7-10,0.0008183306055646482,0.9991816693944353,1222
1,2,1,1,4-5-7-7,0.0005323396326856535,0.9994676603673144,3757
1,2,1,1,4-5-7-8,0.00269012520924447,0.9973098747907556,5918
1,2,1,1,4-5-7-9,0.0002857959416976279,0.9997142040583024,3499
1,2,1,1,4-5-8-8,0.006124291211143382,0.9938757087888567,2703
1,2,1,1,4-5-8-9,0.0001410039481105471,0.9998589960518894,3546
1,2,1,1,4-6-6-10,0.004551509769094139,0.9954484902309059,563
1,2,1,1,4-6-6-6,0.006758057612187287,0.9932419423878127,1649
1,2,1,1,4-6-6-7,0.00024242424242424242,0.9997575757575757,4125
1,2,1,1,4-6-6-8,0.0007109847138286527,0.9992890152861713,2813
1,2,1,1,4-6-6-9,0.0028636884306987398,0.9971363115693013,1746
1,2,1,1,4-6-7-7,0.0007761966364812419,0.9992238033635188,3865
1,2,1,1,4-6-7-8,8.704735376044568e-05,0.9999129526462396,5744
1,2,1,1,4-6-7-9,0.0007250580046403712,0.9992749419953596,3448
1,2,1,1,4-6-8-8,0.00018328445747800586,0.9998167155425219,2728
1,2,1,1,4-7-7-7,0.0028317152103559872,0.997168284789644,1236
1,2,1,1,4-7-7-8,0.00035211267605633805,0.9996478873239436,2840
1,2,1,1,5-5-5-10,0.0234375,0.9765625,192
1,2,1,1,5-5-5-5,0.6619887162441466,0.33801128375585354,437
1,2,1,1,5-5-5-6,0.0006112469437652812,0.9993887530562348,1636
1,2,1,1,5-5-5-7,0.046309107722202564,0.9536908922777974,1414
1,2,1,1,5-5-5-8,0.005773943605225694,0.9942260563947743,903
1,2,1,1,5-5-5-9,0.0008561643835616438,0.9991438356164384,584
1,2,1,1,5-5-6-10,0.0034129692832764505,0.9965870307167235,586
1,2,1,1,5-5-6-6,0.0048437564328957855,0.9951562435671043,2547
1,2,1,1,5-5-6-7,0.0011064666830587658,0.9988935333169412,4067
1,2,1,1,5-5-6-8,0.00016469038208168644,0.9998353096179183,3036
1,2,1,1,5-5-6-9,0.0014204545454545455,0.9985795454545454,1760
1,2,1,1,5-5-7-7,0.0002512562814070352,0.999748743718593,1990
1,2,1,1,5-5-7-8,0.001047851903597625,0.9989521480964024,2863
1,2,1,1,5-5-7-9,0.0013943112102621305,0.9986056887897379,1793
1,2,1,1,5-5-8-8,0.0022091310751104565,0.9977908689248896,1358
1,2,1,1,5-6-6-6,0.02667615863452599,0.9733238413654741,1695
1,2,1,1,5-6-6-7,0.001218026796589525,0.9987819732034104,4105
1,2,1,1,5-6-6-8,0.0016926201760324984,0.9983073798239676,2954
1,2,1,1,5-6-6-9,0.0005458515283842794,0.9994541484716157,1832
1,2,1,1,5-6-7-7,0.0005104645227156713,0.9994895354772844,3918
1,2,1,1,5-6-7-8,0.0004210880916287687,0.9995789119083712,5937
1,2,1,1,5-7-7-7,0.0015923566878980893,0.9984076433121019,1256
1,2,1,1,6-6-6-6,0.016,0.984,375
1,2,1,1,6-6-6-7,0.0010861694424330196,0.998913830557567,1381
1,2,1,1,6-6-6-8,0.011207425888982065,0.9887925741110178,982
1,2,1,1,6-6-7-7,0.0016900048285852245,0.9983099951714147,2071
1,4,2,2,1-1-1-1,0.918680600914435,0.08131939908556499,1531
1,4,2,2,1-1-1-10,0.021739130434782608,0.9782608695652174,46
1,4,2,2,1-1-1-2,0.9961149961149961,0.003885003885003885,5148
1,4,2,2,1-1-1-3,0.9419149448315546,0.0580850551684454,4101
1,4,2,2,1-1-1-4,0.7752442579607378,0.22475574203926219,3422
1,4,2,2,1-1-1-5,0.7345440343023936,0.2654559656976064,3101
1,4,2,2,1-1-1-6,0.03221960761017381,0.9677803923898262,2224
1,4,2,2,1-1-1-7,0.008786066134618542,0.9912139338653814,1409
1,4,2,2,1-1-1-8,0.005925925925925926,0.9940740740740741,675
1,4,2,2,1-1-1-9,0.006122448979591836,0.9938775510204082,245
1,4,2,2,1-1-10-10,0.05,0.95,20
1,4,2,2,1-1-2-10,0.028037383177570093,0.9719626168224299,107
1,4,2,2,1-1-2-2,0.8784232743257151,0.12157672567428493,7106
1,4,2,2,1-1-2-3,0.9780104985903582,0.021989501409641864,11925
1,4,2,2,1-1-2-4,0.9893272628378282,0.010672737162171816,9775
1,4,2,2,1-1-2-5,0.044513422939999596,0.9554865770600004,7994
1,4,2,2,1-1-2-6,0.0023439235655893643,0.9976560764344106,6636
1,4,2,2,1-1-2-7,0.0022319770902794914,0.9977680229097204,4104
1,4,2,2,1-1-2-8,0.00047281323877068556,0.9995271867612293,2115
1,4,2,2,1-1-2-9,0.0019582245430809398,0.9980417754569191,766
1,4,2,2,1-1-3-10,0.03488372093023256,0.9651162790697675,129
1,4,2,2,1-1-3-3,0.9993235244376797,0.0006764755623203111,5913
1,4,2,2,1-1-3-4,0.9953711542188166,0.004628845781183322,9725
1,4,2,2,1-1-3-5,0.03662449139423828,0.9633755086057617,8010
1,4,2,2,1-1-3-6,0.006104608345347241,0.9938953916546528,6926
1,4,2,2,1-1-3-7,0.0009135200974421437,0.9990864799025578,4105
1,4,2,2,1-1-3-8,0.00024003840614498319,0.999759961593855,2083
1,4,2,2,1-1-3-9,0.0006157635467980296,0.999384236453202,812
1,4,2,2,1-1-4-10,0.00423728813559322,0.9957627118644068,118
1,4,2,2,1-1-4-4,0.7620569889494425,0.23794301105055757,4590
1,4,2,2,1-1-4-5,0.013833355526641743,0.9861666444733583,7928
1,4,2,2,1-1-4-6,0.0008112094395280236,0.9991887905604719,6780
1,4,2,2,1-1-4-7,0.006140274504557913,0.9938597254954421,4240
1,4,2,2,1-1-4-8,0.0011853959222380276,0.998814604077762,2109
1,4,2,2,1-1-4-9,0.004984803335037466,0.9950151966649625,773
1,4,2,2,1-1-5-10,0.004310344827586207,0.9956896551724138,116
1,4,2,2,1-1-5-5,0.023326854529230175,0.9766731454707699,4039
1,4,2,2,1-1-5-6,0.007403641757259927,0.9925963582427402,6633
1,4,2,2,1-1-5-7,0.0002353494939985879,0.9997646505060014,4249
1,4,2,2,1-1-5-8,0.0018231540565177757,0.9981768459434822,2194
1,4,2,2,1-1-5-9,0.006031363088057901,0.9939686369119421,829
1,4,2,2,1-1-6-10,0.01048951048951049,0.9895104895104895,143
1,4,2,2,1-1-6-6,0.007012295647410903,0.9929877043525891,3171
1,4,2,2,1-1-6-7,0.00023315458148752622,0.9997668454185125,4289
1,4,2,2,1-1-6-8,0.001347103726986978,0.998652896273013,2227
1,4,2,2,1-1-6-9,0.000625,0.999375,800
1,4,2,2,1-1-7-10,0.013392857142857142,0.9866071428571429,112
1,4,2,2,1-1-7-7,0.00025303643724696357,0.999746963562753,1976
1,4,2,2,1-1-7-8,0.0023481014962321166,0.9976518985037678,2113
1,4,2,2,1-1-7-9,0.002577319587628866,0.9974226804123711,776
1,4,2,2,1-1-8-10,0.003875968992248062,0.9961240310077519,129
1,4,2,2,1-1-8-8,0.003735325506937033,0.996264674493063,937
1,4,2,2,1-1-8-9,0.0006657789613848203,0.9993342210386151,751
1,4,2,2,1-1-9-10,0.004545454545454545,0.9954545454545455,110
1,4,2,2,1-1-9-9,0.0189873417721519,0.9810126582278481,316
1,4,2,2,1-2-10-10,0.023076923076923078,0.9769230769230769,65
1,4,2,2,1-2-2-10,0.012096774193548387,0.9879032258064516,124
1,4,2,2,1-2-2-2,0.999466609771709,0.0005333902282910177,4687
1,4,2,2,1-2-2-3,0.9680382958379377,0.03196170416206239,11826
1,4,2,2,1-2-2-4,0.9967784841724815,0.003221515827518592,9866
1,4,2,2,1-2-2-5,0.3437973095985748,0.6562026904014252,7908
1,4,2,2,1-2-2-6,0.0006057852491291837,0.9993942147508709,6603
1,4,2,2,1-2-2-7,0.001342519374980028,0.9986574806250199,4158
1,4,2,2,1-2-2-8,0.003191009122543027,0.996808990877457,2170
1,4,2,2,1-2-2-9,0.0006265664160401002,0.9993734335839599,798
1,4,2,2,1-2-3-10,0.04591836734693878,0.9540816326530612,196
1,4,2,2,1-2-3-3,0.9873840910055758,0.012615908994424194,11588
1,4,2,2,1-2-3-4,0.9978439193138177,0.0021560806861822507,19712
1,4,2,2,1-2-3-5,0.818354213431925,0.18164578656807487,15822
1,4,2,2,1-2-3-6,7.501875468867217e-05,0.9999249812453114,13330
1,4,2,2,1-2-3-7,7.303332271964645e-05,0.9999269666772804,8547
1,4,2,2,1-2-3-8,0.001379310344827586,0.9986206896551724,4350
1,4,2,2,1-2-3-9,0.0006414368184733803,0.9993585631815266,1559
1,4,2,2,1-2-4-10,0.0091324200913242,0.9908675799086758,219
1,4,2,2,1-2-4-4,0.9858770292661736,0.014122970733826434,9243
1,4,2,2,1-2-4-5,0.11333680465824024,0.8866631953417599,16006
1,4,2,2,1-2-4-6,3.82321455880104e-05,0.999961767854412,13078
1,4,2,2,1-2-4-7,0.0004709760979630284,0.999529023902037,8493
1,4,2,2,1-2-4-8,0.00011420740063956144,0.9998857925993604,4378
1,4,2,2,1-2-4-9,0.0009196811771919068,0.9990803188228081,1631
1,4,2,2,1-2-5-10,0.007692307692307693,0.9923076923076923,260
1,4,2,2,1-2-5-5,0.002198358735141563,0.9978016412648585,8700
1,4,2,2,1-2-5-6,0.00011122645706658758,0.9998887735429334,13486
1,4,2,2,1-2-5-7,0.002220422839550881,0.9977795771604492,8562
1,4,2,2,1-2-5-8,0.00046609182008855747,0.9995339081799114,4291
1,4,2,2,1-2-5-9,0.0009428032683846638,0.9990571967316153,1591
1,4,2,2,1-2-6-10,0.02014218009478673,0.9798578199052133,211
1,4,2,2,1-2-6-6,0.008638635103856903,0.9913613648961431,6354
1,4,2,2,1-2-6-7,0.00017912586577501792,0.9998208741342249,8374
1,4,2,2,1-2-6-8,0.0009280742459396752,0.9990719257540603,4310
1,4,2,2,1-2-6-9,0.0021618282890673254,0.9978381717109327,1619
1,4,2,2,1-2-7-10,0.01072961373390558,0.9892703862660944,233
1,4,2,2,1-2-7-7,0.001441299790356394,0.9985587002096437,3816
1,4,2,2,1-2-7-8,0.0011507479861910242,0.998849252013809,4345
1,4,2,2,1-2-7-9,0.0046875,0.9953125,1600
1,4,2,2,1-2-8-10,0.026074074074074076,0.9739259259259259,225
1,4,2,2,1-2-8-8,0.0005379236148466917,0.9994620763851533,1859
1,4,2,2,1-2-8-9,0.0013306719893546241,0.9986693280106453,1503
1,4,2,2,1-2-9-10,0.004524886877828055,0.995475113122172,221
1,4,2,2,1-2-9-9,0.0023961661341853034,0.9976038338658147,626
1,4,2,2,1-3-10-10,0.011904761904761904,0.9880952380952381,42
1,4,2,2,1-3-3-10,0.00847457627118644,0.9915254237288136,118
1,4,2,2,1-3-3-3,0.992491160474252,0.0075088395257479805,3687
1,4,2,2,1-3-3-4,0.966163620765202,0.033836379234798,9616
1,4,2,2,1-3-3-5,0.5786392133683441,0.42136078663165577,7767
1,4,2,2,1-3-3-6,0.009990227401240564,0.9900097725987594,6504
1,4,2,2,1-3-3-7,0.00012138868657441127,0.9998786113134256,4119
1,4,2,2,1-3-3-8,0.00022779043280182233,0.9997722095671981,2195
1,4,2,2,1-3-3-9,0.0030637254901960784,0.9969362745098039,816
1,4,2,2,1-3-4-10,0.004310344827586207,0.9956896551724138,232
1,4,2,2,1-3-4-4,0.9931844023595121,0.0068155976404878854,9208
1,4,2,2,1-3-4-5,0.9106317110810875,0.0893682889189125,15623
1,4,2,2,1-3-4-6,0.00020346449637870533,0.9997965355036212,13393
1,4,2,2,1-3-4-7,0.00011715089034676664,0.9998828491096532,8536
1,4,2,2,1-3-4-8,0.0006709908297919928,0.9993290091702081,4471
1,4,2,2,1-3-4-9,0.0009416195856873823,0.9990583804143126,1593
1,4,2,2,1-3-5-10,0.006944444444444444,0.9930555555555556,216
1,4,2,2,1-3-5-5,0.00027037988373665,0.9997296201162633,7397
1,4,2,2,1-3-5-6,0.00040858777208231184,0.9995914122279177,13461
1,4,2,2,1-3-5-7,0.0007057993177273262,0.9992942006822727,8501
1,4,2,2,1-3-5-8,0.0004542357483533954,0.9995457642516467,4403
1,4,2,2,1-3-5-9,0.0038585209003215433,0.9961414790996784,1555
1,4,2,2,1-3-6-10,0.0020833333333333333,0.9979166666666667,240
1,4,2,2,1-3-6-6,0.00047740292807129216,0.9995225970719287,6284
1,4,2,2,1-3-6-7,0.0007098071690524074,0.9992901928309476,8453
1,4,2,2,1-3-6-8,0.00011798017932987259,0.9998820198206702,4238
1,4,2,2,1-3-6-9,0.0006402048655569782,0.9993597951344431,1562
1,4,2,2,1-3-7-10,0.01643192488262911,0.9835680751173709,213
1,4,2,2,1-3-7-7,0.0006532532009406846,0.9993467467990593,3827
1,4,2,2,1-3-7-8,0.00022747952684258417,0.9997725204731575,4396
1,4,2,2,1-3-7-9,0.0006211180124223603,0.9993788819875776,1610
1,4,2,2,1-3-8-10,0.002145922746781116,0.9978540772532188,233
1,4,2,2,1-3-8-8,0.0005173305742369374,0.999482669425763,1933
1,4,2,2,1-3-8-9,0.0015873015873015873,0.9984126984126984,1575
1,4,2,2,1-3-9-10,0.004098360655737705,0.9959016393442623,244
1,4,2,2,1-3-9-9,0.003129890453834116,0.9968701095461658,639
1,4,2,2,1-4-10-10,0.018867924528301886,0.9811320754716981,53
1,4,2,2,1-4-4-10,0.03682151534737999,0.96317848465262,104
1,4,2,2,1-4-4-4,0.998489932885906,0.0015100671140939597,2980
1,4,2,2,1-4-4-5,0.9840301022974656,0.01596989770253437,7677
1,4,2,2,1-4-4-6,0.00395304850945747,0.9960469514905426,6427
1,4,2,2,1-4-4-7,0.00023540489642184556,0.9997645951035782,4248
1,4,2,2,1-4-4-8,0.00022789425706472196,0.9997721057429353,2194
1,4,2,2,1-4-4-9,0.0012422360248447205,0.9987577639751553,805
1,4,2,2,1-4-5-10,0.09649122807017543,0.9035087719298246,228
1,4,2,2,1-4-5-5,0.0026384757949751364,0.9973615242050249,7533
1,4,2,2,1-4-5-6,0.00011369665731827485,0.9998863033426817,13193
1,4,2,2,1-4-5-7,0.000526131182041389,0.9994738688179586,8553
1,4,2,2,1-4-5-8,0.0008164217401446233,0.9991835782598554,4287
1,4,2,2,1-4-5-9,0.0018529956763434219,0.9981470043236566,1619
1,4,2,2,1-4-6-10,0.004878048780487805,0.9951219512195122,205
1,4,2,2,1-4-6-6,0.00045599635202918376,0.9995440036479708,6579
1,4,2,2,1-4-6-7,0.0024986742233957327,0.9975013257766043,8538
1,4,2,2,1-4-6-8,0.0007306654676258993,0.9992693345323741,4448
1,4,2,2,1-4-6-9,0.0009541984732824427,0.9990458015267175,1572
1,4,2,2,1-4-7-10,0.002,0.998,250
1,4,2,2,1-4-7-7,0.00012843565373747752,0.9998715643462626,3893
1,4,2,2,1-4-7-8,0.0005684402000909505,0.999431559799909,4398
1,4,2,2,1-4-7-9,0.00031665611146295124,0.9996833438885371,1579
1,4,2,2,1-4-8-10,0.01694915254237288,0.9830508474576272,236
1,4,2,2,1-4-8-8,0.0005208333333333333,0.9994791666666667,1920
1,4,2,2,1-4-8-9,0.0018808777429467085,0.9981191222570532,1595
1,4,2,2,1-4-9-10,0.007142857142857143,0.9928571428571429,210
1,4,2,2,1-4-9-9,0.0007861635220125787,0.9992138364779874,636
1,4,2,2,1-5-10-10,0.008928571428571428,0.9910714285714286,56
1,4,2,2,1-5-5-10,0.05894308943089431,0.9410569105691057,123
1,4,2,2,1-5-5-5,0.0014607679465776294,0.9985392320534223,2396
1,4,2,2,1-5-5-6,7.425007425007424e-05,0.9999257499257499,6734
1,4,2,2,1-5-5-7,0.0005966587112171838,0.9994033412887828,4190
1,4,2,2,1-5-5-8,0.0025486561631139944,0.997451343836886,2158
1,4,2,2,1-5-5-9,0.00818639798488665,0.9918136020151134,794
1,4,2,2,1-5-6-10,0.004201680672268907,0.9957983193277311,238
1,4,2,2,1-5-6-6,0.0032871386901737296,0.9967128613098263,6334
1,4,2,2,1-5-6-7,0.00047670122750566085,0.9995232987724944,8391
1,4,2,2,1-5-6-8,0.0005718206770356817,0.9994281793229643,4372
1,4,2,2,1-5-6-9,0.0014611338398597311,0.9985388661601403,1711
1,4,2,2,1-5-7-10,0.00847457627118644,0.9915254237288136,236
1,4,2,2,1-5-7-7,0.004322022018689428,0.9956779779813105,3702
1,4,2,2,1-5-7-8,0.00023540489642184556,0.9997645951035782,4248
1,4,2,2,1-5-7-9,0.0003215434083601286,0.9996784565916399,1555
1,4,2,2,1-5-8-10,0.008968609865470852,0.9910313901345291,223
1,4,2,2,1-5-8-8,0.0005327650506126798,0.9994672349493873,1877
1,4,2,2,1-5-8-9,0.0006329113924050633,0.9993670886075949,1580
1,4,2,2,1-5-9-10,0.01606425702811245,0.9839357429718876,249
1,4,2,2,1-5-9-9,0.001652892561983471,0.9983471074380166,605
1,4,2,2,1-6-6-10,0.009009009009009009,0.990990990990991,111
1,4,2,2,1-6-6-6,0.008353808353808353,0.9916461916461916,2035
1,4,2,2,1-6-6-7,0.00011873664212776063,0.9998812633578722,4211
1,4,2,2,1-6-6-8,0.00045934772622875517,0.9995406522737712,2177
1,4,2,2,1-6-6-9,0.00311332503113325,0.9968866749688667,803
1,4,2,2,1-6-7-10,0.0027472527472527475,0.9972527472527473,182
1,4,2,2,1-6-7-7,0.0001321003963011889,0.9998678996036988,3785
1,4,2,2,1-6-7-8,0.002840909090909091,0.9971590909090909,4224
1,4,2,2,1-6-7-9,0.004239854633555421,0.9957601453664445,1651
1,4,2,2,1-6-8-10,0.002145922746781116,0.9978540772532188,233
1,4,2,2,1-6-8-8,0.0016565433462175593,0.9983434566537824,1811
1,4,2,2,1-6-8-9,0.0006385696040868455,0.9993614303959132,1566
1,4,2,2,1-6-9-10,0.010460251046025104,0.9895397489539749,239
1,4,2,2,1-6-9-9,0.0048543689320388345,0.9951456310679612,618
1,4,2,2,1-7-7-10,0.06770833333333333,0.9322916666666666,96
1,4,2,2,1-7-7-7,0.0004088307440719542,0.9995911692559281,1223
1,4,2,2,1-7-7-8,0.00045578851412944393,0.9995442114858706,2194
1,4,2,2,1-7-7-9,0.0006693440428380187,0.999330655957162,747
1,4,2,2,1-7-8-10,0.0024875621890547263,0.9975124378109452,201
1,4,2,2,1-7-8-8,0.0028526970954356845,0.9971473029045643,1928
1,4,2,2,1-7-8-9,0.00031645569620253165,0.9996835443037975,1580
1,4,2,2,1-7-9-9,0.0008012820512820513,0.999198717948718,624
1,4,2,2,1-8-8-8,0.004180602006688963,0.995819397993311,598
1,4,2,2,1-8-8-9,0.0012547051442910915,0.998745294855709,797
1,4,2,2,2-2-10-10,0.05555555555555555,0.9444444444444444,27
1,4,2,2,2-2-2-10,0.05813953488372093,0.9418604651162791,43
1,4,2,2,2-2-2-2,0.9860579216793678,0.01394207832063234,1231
1,4,2,2,2-2-2-3,0.9683209907803069,0.03167900921969309,4014
1,4,2,2,2-2-2-4,0.5351387511287262,0.4648612488712738,3371
1,4,2,2,2-2-2-5,0.002900026439488763,0.9970999735605113,2931
1,4,2,2,2-2-2-6,0.0002255299954894001,0.9997744700045106,2217
1,4,2,2,2-2-2-7,0.0007137758743754461,0.9992862241256245,1401
1,4,2,2,2-2-2-8,0.0407966437277725,0.9592033562722275,711
1,4,2,2,2-2-2-9,0.04716981132075472,0.9528301886792453,265
1,4,2,2,2-2-3-10,0.027522935779816515,0.9724770642201835,109
1,4,2,2,2-2-3-3,0.99930301446245,0.0006969855375500958,5739
1,4,2,2,2-2-3-4,0.9914313134869728,0.008568686513027248,9665
1,4,2,2,2-2-3-5,0.8329244867766616,0.1670755132233383,7550
1,4,2,2,2-2-3-6,0.011426765261897821,0.9885732347381021,6400
1,4,2,2,2-2-3-7,0.0009383063570255688,0.9990616936429745,4263
1,4,2,2,2-2-3-8,0.0006824385805277526,0.9993175614194723,2198
1,4,2,2,2-2-3-9,0.013147249190938515,0.9868527508090614,824
1,4,2,2,2-2-4-10,0.009433962264150943,0.9905660377358491,106
1,4,2,2,2-2-4-4,0.972039538567037,0.027960461432963064,4679
1,4,2,2,2-2-4-5,0.8845367858844195,0.11546321411558046,7709
1,4,2,2,2-2-4-6,0.00022071806945261918,0.9997792819305473,6796
1,4,2,2,2-2-4-7,0.00012045290291496025,0.999879547097085,4151
1,4,2,2,2-2-4-8,0.0009086778736937755,0.9990913221263062,2201
1,4,2,2,2-2-4-9,0.0006361323155216285,0.9993638676844784,786
1,4,2,2,2-2-5-10,0.08,0.92,100
1,4,2,2,2-2-5-5,0.11259923042530146,0.8874007695746986,3932
1,4,2,2,2-2-5-6,0.002019436970434133,0.9979805630295658,6324
1,4,2,2,2-2-5-7,0.0006024096385542169,0.9993975903614458,4150
1,4,2,2,2-2-5-8,0.0017889087656529517,0.998211091234347,2236
1,4,2,2,2-2-5-9,0.001854140914709518,0.9981458590852905,809
1,4,2,2,2-2-6-10,0.008333333333333333,0.9916666666666667,120
1,4,2,2,2-2-6-6,0.022393586590851555,0.9776064134091486,3149
1,4,2,2,2-2-6-7,0.0004798464491362764,0.9995201535508638,4168
1,4,2,2,2-2-6-8,0.0018340210912425492,0.9981659789087575,2181
1,4,2,2,2-2-6-9,0.005973715651135006,0.994026284348865,837
1,4,2,2,2-2-7-10,0.010638297872340425,0.9893617021276596,94
1,4,2,2,2-2-7-7,0.0017570281124497991,0.9982429718875502,1992
1,4,2,2,2-2-7-8,0.0021156558533145277,0.9978843441466855,2127
1,4,2,2,2-2-7-9,0.003229974160206718,0.9967700258397932,774
1,4,2,2,2-2-8-10,0.008064516129032258,0.9919354838709677,124
1,4,2,2,2-2-8-8,0.0010111223458038423,0.9989888776541962,989
1,4,2,2,2-2-8-9,0.0018867924528301887,0.9981132075471698,795
1,4,2,2,2-2-9-10,0.022123893805309734,0.9778761061946902,113
1,4,2,2,2-2-9-9,0.01278409090909091,0.9872159090909091,352
1,4,2,2,2-3-10-10,0.03571428571428571,0.9642857142857143,56
1,4,2,2,2-3-3-10,0.003875968992248062,0.9961240310077519,129
1,4,2,2,2-3-3-3,0.9971598805911716,0.0028401194088284233,3606
1,4,2,2,2-3-3-4,0.9481863882170211,0.05181361178297886,9744
1,4,2,2,2-3-3-5,0.8541345506857623,0.14586544931423778,7647
1,4,2,2,2-3-3-6,0.022227138303404746,0.9777728616965953,6383
1,4,2,2,2-3-3-7,0.00023696682464454977,0.9997630331753554,4220
1,4,2,2,2-3-3-8,0.0016018306636155606,0.9983981693363845,2185
1,4,2,2,2-3-3-9,0.002509410288582183,0.9974905897114178,797
1,4,2,2,2-3-4-10,0.0225,0.9775,200
1,4,2,2,2-3-4-4,0.9512735352193459,0.0487264647806541,9162
1,4,2,2,2-3-4-5,0.6369751357520187,0.3630248642479813,15344
1,4,2,2,2-3-4-6,0.0012963218989152346,0.9987036781010847,13084
1,4,2,2,2-3-4-7,0.00023551577955723034,0.9997644842204427,8492
1,4,2,2,2-3-4-8,0.00228750756200847,0.9977124924379916,4408
1,4,2,2,2-3-4-9,0.0040347610180012415,0.9959652389819987,1611
1,4,2,2,2-3-5-10,0.004464285714285714,0.9955357142857143,224
1,4,2,2,2-3-5-5,0.09044876326841834,0.9095512367315816,7355
1,4,2,2,2-3-5-6,0.00037896013339396695,0.999621039866606,13194
1,4,2,2,2-3-5-7,0.00011858176212498517,0.999881418237875,8433
1,4,2,2,2-3-5-8,0.00022517451024544022,0.9997748254897546,4441
1,4,2,2,2-3-5-9,0.0009603072983354673,0.9990396927016645,1562
1,4,2,2,2-3-6-10,0.009259259259259259,0.9907407407407407,216
1,4,2,2,2-3-6-6,0.004695964455254355,0.9953040355447456,6314
1,4,2,2,2-3-6-7,0.00023721978412999644,0.99976278021587,8431
1,4,2,2,2-3-6-8,0.00011160714285714285,0.9998883928571428,4480
1,4,2,2,2-3-6-9,0.0020995800839832034,0.9979004199160167,1667
1,4,2,2,2-3-7-10,0.004291845493562232,0.9957081545064378,233
1,4,2,2,2-3-7-7,0.000258732212160414,0.9997412677878396,3865
1,4,2,2,2-3-7-8,0.0009214466712739,0.9990785533287261,4341
1,4,2,2,2-3-7-9,0.0009168704156479218,0.9990831295843521,1636
1,4,2,2,2-3-8-10,0.04659090909090909,0.9534090909090909,220
1,4,2,2,2-3-8-8,0.0023149124315136257,0.9976850875684864,1874
1,4,2,2,2-3-8-9,0.015941937195940035,0.98405806280406,1668
1,4,2,2,2-3-9-10,0.00425531914893617,0.9957446808510638,235
1,4,2,2,2-3-9-9,0.003189792663476874,0.9968102073365231,627
1,4,2,2,2-4-10-10,0.07692307692307693,0.9230769230769231,52
1,4,2,2,2-4-4-10,0.06092436974789915,0.9390756302521008,119
1,4,2,2,2-4-4-4,0.969520050356102,0.03047994964389804,2969
1,4,2,2,2-4-4-5,0.7150375834592625,0.2849624165407375,7421
1,4,2,2,2-4-4-6,0.019809831417596974,0.980190168582403,6632
1,4,2,2,2-4-4-7,0.0006022645145748012,0.9993977354854252,4151
1,4,2,2,2-4-4-8,0.00046274872744099955,0.999537251272559,2161
1,4,2,2,2-4-4-9,0.0044585987261146496,0.9955414012738854,785
1,4,2,2,2-4-5-10,0.004166666666666667,0.9958333333333333,240
1,4,2,2,2-4-5-5,0.031383762185040076,0.96861623781496,7537
1,4,2,2,2-4-5-6,3.7127793866488455e-05,0.9999628722061336,13467
1,4,2,2,2-4-5-7,0.0001774937877174299,0.9998225062122825,8451
1,4,2,2,2-4-5-8,0.00011143302874972142,0.9998885669712503,4487
1,4,2,2,2-4-5-9,0.012254901960784314,0.9877450980392157,1632
1,4,2,2,2-4-6-10,0.010101010101010102,0.98989898989899,198
1,4,2,2,2-4-6-6,0.0011807263710254849,0.9988192736289746,6363
1,4,2,2,2-4-6-7,5.936127270568681e-05,0.9999406387272943,8423
1,4,2,2,2-4-6-8,0.0017458100558659217,0.9982541899441341,4296
1,4,2,2,2-4-6-9,0.00128783000643915,0.9987121699935608,1553
1,4,2,2,2-4-7-10,0.003952569169960474,0.9960474308300395,253
1,4,2,2,2-4-7-7,0.000514668039114771,0.9994853319608852,3886
1,4,2,2,2-4-7-8,0.0010178692603483375,0.9989821307396517,4421
1,4,2,2,2-4-7-9,0.002777777777777778,0.9972222222222222,1620
1,4,2,2,2-4-8-10,0.00980392156862745,0.9901960784313726,255
1,4,2,2,2-4-8-8,0.00606220347917765,0.9939377965208224,1897
1,4,2,2,2-4-8-9,0.0012523481527864746,0.9987476518472135,1597
1,4,2,2,2-4-9-10,0.04811715481171548,0.9518828451882845,239
1,4,2,2,2-4-9-9,0.003129890453834116,0.9968701095461658,639
1,4,2,2,2-5-5-10,0.03125,0.96875,96
1,4,2,2,2-5-5-5,0.09657152685651935,0.9034284731434807,2478
1,4,2,2,2-5-5-6,0.0011707888189667788,0.9988292111810332,6833
1,4,2,2,2-5-5-7,0.002374047253640103,0.9976259527463599,4180
1,4,2,2,2-5-5-8,0.0002405002405002405,0.9997594997594997,2079
1,4,2,2,2-5-5-9,0.0029832935560859188,0.997016706443914,838
1,4,2,2,2-5-6-10,0.004291845493562232,0.9957081545064378,233
1,4,2,2,2-5-6-6,7.864108210128971e-05,0.9999213589178987,6358
1,4,2,2,2-5-6-7,0.0016157801493895793,0.9983842198506104,8284
1,4,2,2,2-5-6-8,0.0002255299954894001,0.9997744700045106,4434
1,4,2,2,2-5-6-9,0.0020833333333333333,0.9979166666666667,1680
1,4,2,2,2-5-7-10,0.023540887886121485,0.9764591121138785,238
1,4,2,2,2-5-7-7,0.0006512112529304506,0.9993487887470696,3839
1,4,2,2,2-5-7-8,0.0007970849464814393,0.9992029150535185,4391
1,4,2,2,2-5-7-9,0.0003248862897985705,0.9996751137102015,1539
1,4,2,2,2-5-8-10,0.006550218340611353,0.9934497816593887,229
1,4,2,2,2-5-8-8,0.006827731092436975,0.993172268907563,1904
1,4,2,2,2-5-8-9,0.001567398119122257,0.9984326018808778,1595
1,4,2,2,2-5-9-10,0.0020408163265306124,0.9979591836734694,245
1,4,2,2,2-5-9-9,0.00546021840873635,0.9945397815912637,641
1,4,2,2,2-6-6-10,0.0049504950495049506,0.995049504950495,101
1,4,2,2,2-6-6-6,0.008961205198481348,0.9910387948015187,2090
1,4,2,2,2-6-6-7,0.004320595229686138,0.9956794047703139,4356
1,4,2,2,2-6-6-8,0.0031717263253285004,0.9968282736746715,2207
1,4,2,2,2-6-6-9,0.0005945303210463733,0.9994054696789536,841
1,4,2,2,2-6-7-10,0.004807692307692308,0.9951923076923077,208
1,4,2,2,2-6-7-7,0.0015756302521008404,0.9984243697478992,3808
1,4,2,2,2-6-7-8,0.0006855575868372943,0.9993144424131627,4376
1,4,2,2,2-6-7-9,0.0003154574132492114,0.9996845425867508,1585
1,4,2,2,2-6-8-10,0.011061946902654867,0.9889380530973452,226
1,4,2,2,2-6-8-8,0.0002699784017278618,0.9997300215982722,1852
1,4,2,2,2-6-8-9,0.0006321112515802782,0.9993678887484198,1582
1,4,2,2,2-6-9-9,0.003169572107765452,0.9968304278922345,631
1,4,2,2,2-7-7-10,0.008771929824561403,0.9912280701754386,114
1,4,2,2,2-7-7-7,0.0016194331983805667,0.9983805668016195,1235
1,4,2,2,2-7-7-8,0.00023923444976076556,0.9997607655502392,2090
1,4,2,2,2-7-7-9,0.0006134969325153375,0.9993865030674847,815
1,4,2,2,2-7-8-8,0.004518872939925572,0.9954811270600744,1881
1,4,2,2,2-7-8-9,0.0012626262626262627,0.9987373737373737,1584
1,4,2,2,2-8-8-8,0.004393673110720563,0.9956063268892794,569
1,4,2,2,3-3-10-10,0.5,0.5,20
1,4,2,2,3-3-3-10,0.01282051282051282,0.9871794871794872,39
1,4,2,2,3-3-3-3,0.9790334435869166,0.02096655641308344,907
1,4,2,2,3-3-3-4,0.9892410006072072,0.010758999392792713,3183
1,4,2,2,3-3-3-5,0.5822272456852627,0.4177727543147372,2414
1,4,2,2,3-3-3-6,0.34000092496943224,0.6599990750305678,1903
1,4,2,2,3-3-3-7,0.006721433905899925,0.9932785660941,1339
1,4,2,2,3-3-3-8,0.005829015544041451,0.9941709844559585,772
1,4,2,2,3-3-3-9,0.014732742581874136,0.9852672574181258,266
1,4,2,2,3-3-4-10,0.019801980198019802,0.9801980198019802,101
1,4,2,2,3-3-4-4,0.9909670961665811,0.009032903833418881,4487
1,4,2,2,3-3-4-5,0.6107996566150008,0.38920034338499915,7576
1,4,2,2,3-3-4-6,0.012939874254147842,0.9870601257458522,6269
1,4,2,2,3-3-4-7,0.00019250019250019248,0.9998074998074998,4329
1,4,2,2,3-3-4-8,0.002629753293650059,0.9973702467063499,2058
1,4,2,2,3-3-4-9,0.001800720288115246,0.9981992797118847,833
1,4,2,2,3-3-5-10,0.008130081300813009,0.991869918699187,123
1,4,2,2,3-3-5-5,0.0034898922709296555,0.9965101077290703,3650
1,4,2,2,3-3-5-6,0.00015686274509803922,0.9998431372549019,6375
1,4,2,2,3-3-5-7,0.000117813383600377,0.9998821866163996,4244
1,4,2,2,3-3-5-8,0.005634734256485006,0.994365265743515,2097
1,4,2,2,3-3-5-9,0.002976190476190476,0.9970238095238095,840
1,4,2,2,3-3-6-10,0.05042016806722689,0.9495798319327731,119
1,4,2,2,3-3-6-6,0.009818299660369942,0.99018170033963,3112
1,4,2,2,3-3-6-7,0.0002403268445085316,0.9997596731554914,4161
1,4,2,2,3-3-6-8,0.005107167189341457,0.9948928328106584,2146
1,4,2,2,3-3-6-9,0.00398406374501992,0.9960159362549801,753
1,4,2,2,3-3-7-10,0.16015625,0.83984375,128
1,4,2,2,3-3-7-7,0.002127659574468085,0.997872340425532,1880
1,4,2,2,3-3-7-8,0.0004589261128958238,0.9995410738871042,2179
1,4,2,2,3-3-7-9,0.005562422744128554,0.9944375772558715,809
1,4,2,2,3-3-8-10,0.03211009174311927,0.9678899082568807,109
1,4,2,2,3-3-8-8,0.0016268980477223427,0.9983731019522777,922
1,4,2,2,3-3-8-9,0.0012836970474967907,0.9987163029525032,779
1,4,2,2,3-3-9-10,0.08181818181818182,0.9181818181818182,110
1,4,2,2,3-3-9-9,0.0017605633802816902,0.9982394366197183,284
1,4,2,2,3-4-4-10,0.005813953488372093,0.9941860465116279,86
1,4,2,2,3-4-4-4,0.9828792000935314,0.0171207999064686,2775
1,4,2,2,3-4-4-5,0.8858231868952171,0.11417681310478285,7579
1,4,2,2,3-4-4-6,0.050829900494515246,0.9491700995054847,6135
1,4,2,2,3-4-4-7,0.011328884469160186,0.9886711155308399,4117
1,4,2,2,3-4-4-8,0.002154393731938786,0.9978456062680612,2215
1,4,2,2,3-4-4-9,0.002976190476190476,0.9970238095238095,840
1,4,2,2,3-4-5-10,0.023696682464454975,0.976303317535545,211
1,4,2,2,3-4-5-5,0.5021936501416928,0.49780634985830713,7456
1,4,2,2,3-4-5-6,7.730962504831851e-05,0.9999226903749516,12935
1,4,2,2,3-4-5-7,0.0011838369416449742,0.9988161630583551,8484
1,4,2,2,3-4-5-8,0.005520254185967104,0.9944797458140329,4384
1,4,2,2,3-4-5-9,0.0006289308176100629,0.9993710691823899,1590
1,4,2,2,3-4-6-10,0.006696428571428571,0.9933035714285714,224
1,4,2,2,3-4-6-6,0.0011391375101708705,0.9988608624898291,6145
1,4,2,2,3-4-6-7,0.0003890591841546805,0.9996109408158455,8482
1,4,2,2,3-4-6-8,0.000924000924000924,0.9990759990759991,4329
1,4,2,2,3-4-6-9,0.0019181585677749361,0.9980818414322251,1564
1,4,2,2,3-4-7-10,0.06571648758901093,0.9342835124109891,247
1,4,2,2,3-4-7-7,0.0003978779840848806,0.9996021220159151,3770
1,4,2,2,3-4-7-8,0.0009467455621301775,0.9990532544378699,4225
1,4,2,2,3-4-7-9,0.0033866995073891628,0.9966133004926109,1624
1,4,2,2,3-4-8-10,0.002232142857142857,0.9977678571428571,224
1,4,2,2,3-4-8-8,0.0015881418740074113,0.9984118581259925,1889
1,4,2,2,3-4-8-9,0.0009096422073984233,0.9990903577926016,1649
1,4,2,2,3-4-9-10,0.002336448598130841,0.9976635514018691,214
1,4,2,2,3-4-9-9,0.01753048780487805,0.9824695121951219,656
1,4,2,2,3-5-5-10,0.01293103448275862,0.9870689655172413,116
1,4,2,2,3-5-5-5,0.0008291873963515755,0.9991708126036484,2412
1,4,2,2,3-5-5-6,0.001689401590720709,0.9983105984092794,6603
1,4,2,2,3-5-5-7,0.000362844702467344,0.9996371552975326,4134
1,4,2,2,3-5-5-8,0.001364256480218281,0.9986357435197817,2199
1,4,2,2,3-5-5-9,0.002531645569620253,0.9974683544303797,790
1,4,2,2,3-5-6-10,0.002127659574468085,0.997872340425532,235
1,4,2,2,3-5-6-6,0.00039550704002531246,0.9996044929599747,6321
1,4,2,2,3-5-6-7,0.0002977253781112302,0.9997022746218888,8397
1,4,2,2,3-5-6-8,0.0003430139492339355,0.999656986050766,4373
1,4,2,2,3-5-6-9,0.0015537600994406464,0.9984462399005594,1609
1,4,2,2,3-5-7-10,0.019138755980861243,0.9808612440191388,209
1,4,2,2,3-5-7-7,0.00026455026455026457,0.9997354497354497,3780
1,4,2,2,3-5-7-8,0.00011964584828906437,0.999880354151711,4179
1,4,2,2,3-5-7-9,0.00030120481927710846,0.9996987951807229,1660
1,4,2,2,3-5-8-10,0.0069767441860465115,0.9930232558139535,215
1,4,2,2,3-5-8-8,0.0002538071065989848,0.999746192893401,1970
1,4,2,2,3-5-8-9,0.010759489888783894,0.9892405101112162,1636
1,4,2,2,3-5-9-9,0.0023734177215189874,0.997626582278481,632
1,4,2,2,3-6-6-10,0.09583333333333334,0.9041666666666667,120
1,4,2,2,3-6-6-6,0.0043457267020762915,0.9956542732979237,2071
1,4,2,2,3-6-6-7,0.00011720581340834506,0.9998827941865917,4266
1,4,2,2,3-6-6-8,0.0011332728921124207,0.9988667271078876,2206
1,4,2,2,3-6-6-9,0.009768009768009768,0.9902319902319903,819
1,4,2,2,3-6-7-10,0.004484304932735426,0.9955156950672646,223
1,4,2,2,3-6-7-7,0.0009227524387028737,0.9990772475612971,3793
1,4,2,2,3-6-7-8,0.001249715973642354,0.9987502840263577,4401
1,4,2,2,3-6-7-9,0.003384615384615385,0.9966153846153846,1625
1,4,2,2,3-6-8-8,0.004372427983539095,0.9956275720164609,1944
1,4,2,2,3-6-8-9,0.0003056234718826406,0.9996943765281173,1636
1,4,2,2,3-7-7-7,0.0008143322475570033,0.999185667752443,1228
1,4,2,2,3-7-7-8,0.0011742602160638798,0.9988257397839361,2129
1,4,2,2,3-7-7-9,0.002997601918465228,0.9970023980815348,834
1,4,2,2,3-7-8-8,0.006892895015906681,0.9931071049840933,1886
1,4,2,2,4-4-4-10,0.38235294117647056,0.6176470588235294,34
1,4,2,2,4-4-4-4,0.9258733706380445,0.0741266293619555,680
1,4,2,2,4-4-4-5,0.783346387849577,0.216653612150423,2444
1,4,2,2,4-4-4-6,0.023610682266169518,0.9763893177338305,1882
1,4,2,2,4-4-4-7,0.004847129008202834,0.9951528709917972,1341
1,4,2,2,4-4-4-8,0.0022354694485842027,0.9977645305514158,671
1,4,2,2,4-4-4-9,0.009398496240601503,0.9906015037593985,266
1,4,2,2,4-4-5-10,0.004424778761061947,0.995575221238938,113
1,4,2,2,4-4-5-5,0.529297935857758,0.4707020641422421,3672
1,4,2,2,4-4-5-6,8.362602441879912e-05,0.9999163739755812,5979
1,4,2,2,4-4-5-7,0.00024449877750611245,0.9997555012224939,4090
1,4,2,2,4-4-5-8,0.0006830601092896175,0.9993169398907104,2196
1,4,2,2,4-4-5-9,0.010625,0.989375,800
1,4,2,2,4-4-6-10,0.23655913978494625,0.7634408602150538,93
1,4,2,2,4-4-6-6,0.003639973527465255,0.9963600264725347,3022
1,4,2,2,4-4-6-7,0.00011704119850187266,0.9998829588014981,4272
1,4,2,2,4-4-6-8,0.0002376425855513308,0.9997623574144486,2104
1,4,2,2,4-4-6-9,0.019003931847968544,0.9809960681520314,763
1,4,2,2,4-4-7-10,0.008620689655172414,0.9913793103448276,116
1,4,2,2,4-4-7-7,0.0018115942028985507,0.9981884057971014,1932
1,4,2,2,4-4-7-8,0.0013556258472661546,0.9986443741527339,2213
1,4,2,2,4-4-7-9,0.001935483870967742,0.9980645161290322,775
1,4,2,2,4-4-8-10,0.10091743119266056,0.8990825688073395,109
1,4,2,2,4-4-8-8,0.001607717041800643,0.9983922829581994,933
1,4,2,2,4-4-8-9,0.0030450669914738123,0.9969549330085262,821
1,4,2,2,4-4-9-9,0.014240506329113924,0.9857594936708861,316
1,4,2,2,4-5-5-10,0.07446808510638298,0.925531914893617,94
1,4,2,2,4-5-5-5,0.004437017867865813,0.9955629821321342,2634
1,4,2,2,4-5-5-6,0.007883307000929228,0.9921166929990708,6730
1,4,2,2,4-5-5-7,0.0008135750813575082,0.9991864249186425,4302
1,4,2,2,4-5-5-8,0.0030559473436765397,0.9969440526563235,2127
1,4,2,2,4-5-5-9,0.0019083969465648854,0.9980916030534351,786
1,4,2,2,4-5-6-10,0.02066115702479339,0.9793388429752066,242
1,4,2,2,4-5-6-6,0.0032214444797963727,0.9967785555202037,6286
1,4,2,2,4-5-6-7,0.0008468424872973627,0.9991531575127026,8266
1,4,2,2,4-5-6-8,0.0018308517891861508,0.9981691482108139,4313
1,4,2,2,4-5-6-9,0.00030959752321981426,0.9996904024767802,1615
1,4,2,2,4-5-7-10,0.021653543307086614,0.9783464566929134,254
1,4,2,2,4-5-7-7,0.00026399155227032733,0.9997360084477297,3788
1,4,2,2,4-5-7-8,0.0002294630564479119,0.9997705369435521,4358
1,4,2,2,4-5-7-9,0.0006060606060606061,0.9993939393939394,1650
1,4,2,2,4-5-8-8,0.005534034311012728,0.9944659656889873,1807
1,4,2,2,4-5-8-9,0.0048543689320388345,0.9951456310679612,1648
1,4,2,2,4-6-6-10,0.01904761904761905,0.9809523809523809,105
1,4,2,2,4-6-6-6,0.001160631383472609,0.9988393686165274,2154
1,4,2,2,4-6-6-7,0.0013186286262287222,0.9986813713737713,4171
1,4,2,2,4-6-6-8,0.002329916123019571,0.9976700838769804,2146
1,4,2,2,4-6-6-9,0.0013003901170351106,0.9986996098829649,769
1,4,2,2,4-6-7-7,0.00013635124079629124,0.9998636487592037,3667
1,4,2,2,4-6-7-8,0.00011726078799249531,0.9998827392120075,4264
1,4,2,2,4-6-7-9,0.03285009253547193,0.9671499074645281,1621
1,4,2,2,4-6-8-8,0.0075715305846242925,0.9924284694153757,1890
1,4,2,2,4-7-7-7,0.0012647554806070826,0.9987352445193929,1186
1,4,2,2,4-7-7-8,0.0007156488549618321,0.9992843511450382,2096
1,4,2,2,5-5-5-10,0.6585365853658537,0.34146341463414637,41
1,4,2,2,5-5-5-5,0.0030211480362537764,0.9969788519637462,662
1,4,2,2,5-5-5-6,0.00022222222222222223,0.9997777777777778,2250
1,4,2,2,5-5-5-7,0.0007352941176470588,0.9992647058823529,1360
1,4,2,2,5-5-5-8,0.000727802037845706,0.9992721979621543,687
1,4,2,2,5-5-5-9,0.016791044776119403,0.9832089552238806,268
1,4,2,2,5-5-6-10,0.016129032258064516,0.9838709677419355,124
1,4,2,2,5-5-6-6,0.0007805182641273806,0.9992194817358726,3203
1,4,2,2,5-5-6-7,0.0032798833819241984,0.9967201166180758,4116
1,4,2,2,5-5-6-8,0.0011276499774470004,0.998872350022553,2217
1,4,2,2,5-5-6-9,0.0031645569620253164,0.9968354430379747,790
1,4,2,2,5-5-7-7,0.004334523202447731,0.9956654767975522,1961
1,4,2,2,5-5-7-8,0.001336898395721925,0.9986631016042781,2244
1,4,2,2,5-5-7-9,0.0170316301703163,0.9829683698296837,822
1,4,2,2,5-5-8-8,0.002205071664829107,0.9977949283351709,907
1,4,2,2,5-6-6-6,0.0034120153053599053,0.9965879846946402,2085
1,4,2,2,5-6-6-7,0.00011582117211026175,0.9998841788278897,4317
1,4,2,2,5-6-6-8,0.00117096018735363,0.9988290398126464,2135
1,4,2,2,5-6-6-9,0.00199203187250996,0.99800796812749,753
1,4,2,2,5-6-7-7,0.0002639218791237794,0.9997360781208762,3789
1,4,2,2,5-6-7-8,0.0007959972708664999,0.9992040027291335,4397
1,4,2,2,5-7-7-7,0.00749375520399667,0.9925062447960034,1201
1,4,2,2,6-6-6-6,0.019916142557651992,0.980083857442348,477
1,4,2,2,6-6-6-7,0.0021008403361344537,0.9978991596638656,1428
1,4,2,2,6-6-6-8,0.016936671575846832,0.9830633284241531,679
1,4,2,2,6-6-7-7,0.005583756345177665,0.9944162436548223,1970
1,6,3,3,1-1-1-1,0.7652581710731211,0.2347418289268789,2680
1,6,3,3,1-1-1-10,0.5,0.5,5
1,6,3,3,1-1-1-2,0.9701912253099186,0.029808774690081447,8774
1,6,3,3,1-1-1-3,0.9666576386120427,0.03334236138795729,6315
1,6,3,3,1-1-1-4,0.7549490846742545,0.2450509153257454,4782
1,6,3,3,1-1-1-5,0.013468291266707844,0.9865317087332921,3378
1,6,3,3,1-1-1-6,0.013847756413539653,0.9861522435864603,2284
1,6,3,3,1-1-1-7,0.014018653851890637,0.9859813461481095,1141
1,6,3,3,1-1-1-8,0.05583126550868486,0.9441687344913151,403
1,6,3,3,1-1-1-9,0.13288288288288289,0.8671171171171171,111
1,6,3,3,1-1-10-10,0.16666666666666666,0.8333333333333334,3
1,6,3,3,1-1-2-10,0.043478260869565216,0.9565217391304348,23
1,6,3,3,1-1-2-2,0.999718785151856,0.00028121484814398203,12446
1,6,3,3,1-1-2-3,0.9950546734172999,0.004945326582700069,18839
1,6,3,3,1-1-2-4,0.9830039583805362,0.016996041619463786,14035
1,6,3,3,1-1-2-5,0.00045150803684305583,0.999548491963157,11074
1,6,3,3,1-1-2-6,0.00014419610670511897,0.9998558038932949,6935
1,6,3,3,1-1-2-7,0.00980371633631835,0.9901962836636816,3257
1,6,3,3,1-1-2-8,0.005461094660049397,0.9945389053399506,1221
1,6,3,3,1-1-2-9,0.04763605612091461,0.9523639438790854,286
1,6,3,3,1-1-3-10,0.025,0.975,20
1,6,3,3,1-1-3-3,0.9970126856935071,0.002987314306492776,8971
1,6,3,3,1-1-3-4,0.9928940811460301,0.0071059188539699236,13552
1,6,3,3,1-1-3-5,0.008205987456491532,0.9917940125435085,11078
1,6,3,3,1-1-3-6,0.0009276023120641502,0.9990723976879359,7126
1,6,3,3,1-1-3-7,0.00014952153110047846,0.9998504784688995,3344
1,6,3,3,1-1-3-8,0.00078064012490242,0.9992193598750976,1281
1,6,3,3,1-1-3-9,0.006472491909385114,0.9935275080906149,309
1,6,3,3,1-1-4-10,0.023809523809523808,0.9761904761904762,21
1,6,3,3,1-1-4-4,0.9647902766962712,0.035209723303728756,6526
1,6,3,3,1-1-4-5,0.00018165304268846503,0.9998183469573115,11010
1,6,3,3,1-1-4-6,0.0002815711671124877,0.9997184288328875,7103
1,6,3,3,1-1-4-7,0.0004377006127808579,0.9995622993872192,3427
1,6,3,3,1-1-4-8,0.00849199334270417,0.9915080066572959,1206
1,6,3,3,1-1-4-9,0.005415162454873646,0.9945848375451264,277
1,6,3,3,1-1-5-10,0.07894736842105263,0.9210526315789473,19
1,6,3,3,1-1-5-5,0.007970060607374312,0.9920299393926257,5297
1,6,3,3,1-1-5-6,0.0008973863592508933,0.9991026136407491,6973
1,6,3,3,1-1-5-7,0.0002927400468384075,0.9997072599531616,3416
1,6,3,3,1-1-5-8,0.0008006405124099279,0.9991993594875901,1249
1,6,3,3,1-1-5-9,0.0035335689045936395,0.9964664310954063,283
1,6,3,3,1-1-6-10,0.075,0.925,20
1,6,3,3,1-1-6-6,0.010002284731012225,0.9899977152689877,3127
1,6,3,3,1-1-6-7,0.003397739196703483,0.9966022608032966,3365
1,6,3,3,1-1-6-8,0.003504510756419153,0.9964954892435809,1310
1,6,3,3,1-1-6-9,0.01939709899027841,0.9806029010097216,308
1,6,3,3,1-1-7-10,0.0625,0.9375,24
1,6,3,3,1-1-7-7,0.0010744985673352436,0.9989255014326648,1396
1,6,3,3,1-1-7-8,0.000784313725490196,0.9992156862745099,1275
1,6,3,3,1-1-7-9,0.005208333333333333,0.9947916666666666,288
1,6,3,3,1-1-8-10,0.02631578947368421,0.9736842105263158,19
1,6,3,3,1-1-8-8,0.0009596928982725527,0.9990403071017274,521
1,6,3,3,1-1-8-9,0.0017667844522968198,0.9982332155477032,283
1,6,3,3,1-1-9-10,0.09615384615384616,0.9038461538461539,26
1,6,3,3,1-1-9-9,0.01764705882352941,0.9823529411764705,85
1,6,3,3,1-2-10-10,0.2727272727272727,0.7272727272727273,11
1,6,3,3,1-2-2-10,0.075,0.925,20
1,6,3,3,1-2-2-2,0.9821365175182949,0.017863482481705002,8016
1,6,3,3,1-2-2-3,0.9973295165823195,0.002670483417680538,18283
1,6,3,3,1-2-2-4,0.997286481906177,0.002713518093822946,13578
1,6,3,3,1-2-2-5,0.05371665696471301,0.9462833430352869,10362
1,6,3,3,1-2-2-6,0.0029253006810607157,0.9970746993189393,6901
1,6,3,3,1-2-2-7,0.004335890186296379,0.9956641098137036,3300
1,6,3,3,1-2-2-8,0.001820743668569755,0.9981792563314301,1242
1,6,3,3,1-2-2-9,0.00510204081632653,0.9948979591836735,294
1,6,3,3,1-2-3-10,0.03225806451612903,0.967741935483871,31
1,6,3,3,1-2-3-3,0.9989546258111611,0.0010453741888388872,17508
1,6,3,3,1-2-3-4,0.990075934659508,0.009924065340492012,26681
1,6,3,3,1-2-3-5,0.0002056238112373413,0.9997943761887627,19453
1,6,3,3,1-2-3-6,0.0006388109119700568,0.99936118908803,13893
1,6,3,3,1-2-3-7,0.00029175784099197665,0.999708242159008,6855
1,6,3,3,1-2-3-8,0.00019896538002387584,0.9998010346199762,2513
1,6,3,3,1-2-3-9,0.00938566552901024,0.9906143344709898,586
1,6,3,3,1-2-4-10,0.09375,0.90625,32
1,6,3,3,1-2-4-4,0.9764166020425039,0.02358339795749604,12575
1,6,3,3,1-2-4-5,0.0009409880584864433,0.9990590119415136,21923
1,6,3,3,1-2-4-6,0.00014456089627755693,0.9998554391037224,13835
1,6,3,3,1-2-4-7,0.00014587892049598833,0.999854121079504,6855
1,6,3,3,1-2-4-8,0.007488479262672811,0.9925115207373272,2604
1,6,3,3,1-2-4-9,0.0017123287671232876,0.9982876712328768,584
1,6,3,3,1-2-5-10,0.05319148936170213,0.9468085106382979,47
1,6,3,3,1-2-5-5,0.0016976448539675823,0.9983023551460324,10717
1,6,3,3,1-2-5-6,0.00014215651432226883,0.9998578434856777,14069
1,6,3,3,1-2-5-7,0.00014664906877841325,0.9998533509312216,6819
1,6,3,3,1-2-5-8,0.0016148566814695195,0.9983851433185305,2477
1,6,3,3,1-2-5-9,0.001639344262295082,0.9983606557377049,610
1,6,3,3,1-2-6-10,0.043478260869565216,0.9565217391304348,46
1,6,3,3,1-2-6-6,0.0021737844210988674,0.9978262155789012,6377
1,6,3,3,1-2-6-7,0.0007694562509160194,0.9992305437490839,6823
1,6,3,3,1-2-6-8,0.00040749796251018743,0.9995925020374898,2454
1,6,3,3,1-2-6-9,0.0017123287671232876,0.9982876712328768,584
1,6,3,3,1-2-7-10,0.1125,0.8875,40
1,6,3,3,1-2-7-7,0.000870170553428472,0.9991298294465716,2873
1,6,3,3,1-2-7-8,0.0039012252137376052,0.9960987747862624,2538
1,6,3,3,1-2-7-9,0.013617542206981238,0.9863824577930187,592
1,6,3,3,1-2-8-10,0.025,0.975,40
1,6,3,3,1-2-8-8,0.002577319587628866,0.9974226804123711,970
1,6,3,3,1-2-8-9,0.0008576329331046312,0.9991423670668954,583
1,6,3,3,1-2-9-10,0.014285714285714285,0.9857142857142858,35
1,6,3,3,1-2-9-9,0.013613861386138614,0.9863861386138614,202
1,6,3,3,1-3-10-10,0.07142857142857142,0.9285714285714286,7
1,6,3,3,1-3-3-10,0.17857142857142858,0.8214285714285714,14
1,6,3,3,1-3-3-3,0.9995534916949456,0.000446508305054474,5599
1,6,3,3,1-3-3-4,0.9746172122794955,0.025382787720504424,13074
1,6,3,3,1-3-3-5,0.00989073481379993,0.9901092651862001,9941
1,6,3,3,1-3-3-6,0.003382171238434935,0.9966178287615651,6796
1,6,3,3,1-3-3-7,0.00014938751120406333,0.9998506124887959,3347
1,6,3,3,1-3-3-8,0.0012345679012345679,0.9987654320987654,1215
1,6,3,3,1-3-3-9,0.0019305019305019305,0.9980694980694981,259
1,6,3,3,1-3-4-10,0.10526315789473684,0.8947368421052632,38
1,6,3,3,1-3-4-4,0.9822978794475901,0.017702120552409925,12199
1,6,3,3,1-3-4-5,5.2812252442566676e-05,0.9999471877475574,18935
1,6,3,3,1-3-4-6,0.00028735632183908046,0.9997126436781609,13920
1,6,3,3,1-3-4-7,7.23589001447178e-05,0.9999276410998553,6910
1,6,3,3,1-3-4-8,0.00019801980198019803,0.9998019801980198,2525
1,6,3,3,1-3-4-9,0.0008547008547008547,0.9991452991452991,585
1,6,3,3,1-3-5-10,0.5083333333333333,0.49166666666666664,30
1,6,3,3,1-3-5-5,0.0002452904238618524,0.9997547095761381,10192
1,6,3,3,1-3-5-6,0.00014353380221042057,0.9998564661977896,13934
1,6,3,3,1-3-5-7,0.0005154639175257732,0.9994845360824742,6790
1,6,3,3,1-3-5-8,0.0041452822739834186,0.9958547177260166,2533
1,6,3,3,1-3-5-9,0.005145797598627788,0.9948542024013722,583
1,6,3,3,1-3-6-10,0.011904761904761904,0.9880952380952381,42
1,6,3,3,1-3-6-6,0.00046941010796432484,0.9995305898920357,6391
1,6,3,3,1-3-6-7,0.0004399472063352398,0.9995600527936648,6819
1,6,3,3,1-3-6-8,0.006049274712296477,0.9939507252877035,2447
1,6,3,3,1-3-6-9,0.0034904013961605585,0.9965095986038395,573
1,6,3,3,1-3-7-10,0.1111111111111111,0.8888888888888888,36
1,6,3,3,1-3-7-7,0.00034002040122407346,0.999659979598776,2941
1,6,3,3,1-3-7-8,0.0011923688394276629,0.9988076311605724,2516
1,6,3,3,1-3-7-9,0.012280701754385965,0.987719298245614,570
1,6,3,3,1-3-8-10,0.0125,0.9875,40
1,6,3,3,1-3-8-8,0.0009363295880149813,0.9990636704119851,1068
1,6,3,3,1-3-8-9,0.0008503401360544217,0.9991496598639455,588
1,6,3,3,1-3-9-10,0.013888888888888888,0.9861111111111112,36
1,6,3,3,1-3-9-9,0.0024752475247524753,0.9975247524752475,202
1,6,3,3,1-4-10-10,0.35,0.65,10
1,6,3,3,1-4-4-10,0.225,0.775,20
1,6,3,3,1-4-4-4,0.899386014297146,0.10061398570285393,3865
1,6,3,3,1-4-4-5,0.150009600692558,0.8499903993074419,9298
1,6,3,3,1-4-4-6,7.429420505200594e-05,0.999925705794948,6730
1,6,3,3,1-4-4-7,0.004760353315957139,0.9952396466840429,3453
1,6,3,3,1-4-4-8,0.001176470588235294,0.9988235294117647,1275
1,6,3,3,1-4-4-9,0.0033333333333333335,0.9966666666666667,300
1,6,3,3,1-4-5-10,0.02564102564102564,0.9743589743589743,39
1,6,3,3,1-4-5-5,0.0015960877077002935,0.9984039122922997,10151
1,6,3,3,1-4-5-6,0.0002848191398461977,0.9997151808601538,14044
1,6,3,3,1-4-5-7,0.005314579406215986,0.994685420593784,6754
1,6,3,3,1-4-5-8,0.002982530890498509,0.9970174691095015,2347
1,6,3,3,1-4-5-9,0.0008156606851549756,0.9991843393148451,613
1,6,3,3,1-4-6-10,0.09615384615384616,0.9038461538461539,26
1,6,3,3,1-4-6-6,0.0010872941907424667,0.9989127058092575,6438
1,6,3,3,1-4-6-7,0.00022431583669807088,0.999775684163302,6687
1,6,3,3,1-4-6-8,0.0009819324430479183,0.9990180675569521,2546
1,6,3,3,1-4-6-9,0.011164274322169059,0.988835725677831,627
1,6,3,3,1-4-7-10,0.011363636363636364,0.9886363636363636,44
1,6,3,3,1-4-7-7,0.00017313019390581717,0.9998268698060941,2888
1,6,3,3,1-4-7-8,0.0007920792079207921,0.9992079207920792,2525
1,6,3,3,1-4-7-9,0.0018115942028985507,0.9981884057971014,552
1,6,3,3,1-4-8-10,0.02564102564102564,0.9743589743589743,39
1,6,3,3,1-4-8-8,0.0004830917874396135,0.9995169082125603,1035
1,6,3,3,1-4-8-9,0.004432624113475178,0.9955673758865248,564
1,6,3,3,1-4-9-10,0.041666666666666664,0.9583333333333334,36
1,6,3,3,1-4-9-9,0.0075,0.9925,200
1,6,3,3,1-5-10-10,0.2222222222222222,0.7777777777777778,9
1,6,3,3,1-5-5-10,0.022727272727272728,0.9772727272727273,22
1,6,3,3,1-5-5-5,0.00015365703749231714,0.9998463429625076,3254
1,6,3,3,1-5-5-6,0.004771195823045839,0.9952288041769541,7083
1,6,3,3,1-5-5-7,0.0009036144578313253,0.9990963855421687,3320
1,6,3,3,1-5-5-8,0.001971608832807571,0.9980283911671924,1268
1,6,3,3,1-5-5-9,0.009900990099009901,0.9900990099009901,303
1,6,3,3,1-5-6-10,0.20238095238095238,0.7976190476190477,42
1,6,3,3,1-5-6-6,0.00016225864027259452,0.9998377413597274,6163
1,6,3,3,1-5-6-7,0.0005938242280285036,0.9994061757719715,6736
1,6,3,3,1-5-6-8,0.00039277297721916735,0.9996072270227808,2546
1,6,3,3,1-5-6-9,0.0017211703958691911,0.9982788296041308,581
1,6,3,3,1-5-7-10,0.014705882352941176,0.9852941176470589,34
1,6,3,3,1-5-7-7,0.0008588114050154586,0.9991411885949846,2911
1,6,3,3,1-5-7-8,0.004920049200492005,0.995079950799508,2439
1,6,3,3,1-5-7-9,0.002365930599369085,0.9976340694006309,634
1,6,3,3,1-5-8-10,0.036585365853658534,0.9634146341463414,41
1,6,3,3,1-5-8-8,0.0005005005005005005,0.9994994994994995,999
1,6,3,3,1-5-8-9,0.010887772194304857,0.9891122278056952,597
1,6,3,3,1-5-9-10,0.08333333333333333,0.9166666666666666,36
1,6,3,3,1-5-9-9,0.014634146341463415,0.9853658536585366,205
1,6,3,3,1-6-6-10,0.1875,0.8125,16
1,6,3,3,1-6-6-6,0.0034808552958727,0.9965191447041273,2011
1,6,3,3,1-6-6-7,0.00014513788098693758,0.9998548621190131,3445
1,6,3,3,1-6-6-8,0.00040032025620496394,0.999599679743795,1249
1,6,3,3,1-6-6-9,0.003436426116838488,0.9965635738831615,291
1,6,3,3,1-6-7-10,0.05172413793103448,0.9482758620689655,29
1,6,3,3,1-6-7-7,0.002292768959435626,0.9977072310405644,2835
1,6,3,3,1-6-7-8,0.0028067361668003207,0.9971932638331997,2494
1,6,3,3,1-6-7-9,0.0015923566878980893,0.9984076433121019,628
1,6,3,3,1-6-8-10,0.09722222222222222,0.9027777777777778,36
1,6,3,3,1-6-8-8,0.002551020408163265,0.9974489795918368,980
1,6,3,3,1-6-8-9,0.0026086956521739132,0.9973913043478261,575
1,6,3,3,1-6-9-10,0.02702702702702703,0.972972972972973,37
1,6,3,3,1-6-9-9,0.00966183574879227,0.9903381642512077,207
1,6,3,3,1-7-7-10,0.022727272727272728,0.9772727272727273,22
1,6,3,3,1-7-7-7,0.0005393743257820927,0.9994606256742179,927
1,6,3,3,1-7-7-8,0.0008176614881439084,0.9991823385118561,1223
1,6,3,3,1-7-7-9,0.0058823529411764705,0.9941176470588236,255
1,6,3,3,1-7-8-10,0.037037037037037035,0.9629629629629629,27
1,6,3,3,1-7-8-8,0.0014705882352941176,0.9985294117647059,1020
1,6,3,3,1-7-8-9,0.0008517887563884157,0.9991482112436116,587
1,6,3,3,1-7-9-9,0.05806451612903226,0.9419354838709677,155
1,6,3,3,1-8-8-8,0.0064516129032258064,0.9935483870967742,310
1,6,3,3,1-8-8-9,0.004918032786885246,0.9950819672131147,305
1,6,3,3,2-2-10-10,0.3,0.7,5
1,6,3,3,2-2-2-10,0.5,0.5,7
1,6,3,3,2-2-2-2,0.9955952380952381,0.004404761904761904,2100
1,6,3,3,2-2-2-3,0.998778899381309,0.00122110061869098,6142
1,6,3,3,2-2-2-4,0.9874554869665418,0.012544513033458068,4731
1,6,3,3,2-2-2-5,0.0052767638197318955,0.994723236180268,3804
1,6,3,3,2-2-2-6,0.022134365509047016,0.977865634490953,2382
1,6,3,3,2-2-2-7,0.0013574660633484162,0.9986425339366516,1105
1,6,3,3,2-2-2-8,0.0037688442211055275,0.9962311557788944,398
1,6,3,3,2-2-2-9,0.030303030303030304,0.9696969696969697,99
1,6,3,3,2-2-3-10,0.0625,0.9375,16
1,6,3,3,2-2-3-3,0.9994750349976668,0.0005249650023331778,8572
1,6,3,3,2-2-3-4,0.9942455764709996,0.00575442352900035,13125
1,6,3,3,2-2-3-5,0.000536037715746857,0.9994639622842532,9386
1,6,3,3,2-2-3-6,0.00338179110471997,0.9966182088952801,6882
1,6,3,3,2-2-3-7,0.0004407875404055245,0.9995592124595944,3403
1,6,3,3,2-2-3-8,0.001549186676994578,0.9984508133230054,1291
1,6,3,3,2-2-3-9,0.003278688524590164,0.9967213114754099,305
1,6,3,3,2-2-4-10,0.5526315789473685,0.4473684210526316,19
1,6,3,3,2-2-4-4,0.9719467870649258,0.02805321293507422,6028
1,6,3,3,2-2-4-5,0.12317065329175995,0.87682934670824,9491
1,6,3,3,2-2-4-6,0.0012893090329054923,0.9987106909670945,7008
1,6,3,3,2-2-4-7,0.0026278444705067254,0.9973721555294933,3474
1,6,3,3,2-2-4-8,0.0035216434336023494,0.9964783565663977,1363
1,6,3,3,2-2-4-9,0.003484320557491289,0.9965156794425087,287
1,6,3,3,2-2-5-10,0.08333333333333333,0.9166666666666666,18
1,6,3,3,2-2-5-5,0.0032304541678347086,0.9967695458321653,5113
1,6,3,3,2-2-5-6,0.0017494856754111721,0.9982505143245889,6906
1,6,3,3,2-2-5-7,0.00044816253361219,0.9995518374663878,3347
1,6,3,3,2-2-5-8,0.0011885895404120444,0.998811410459588,1262
1,6,3,3,2-2-5-9,0.015527950310559006,0.984472049689441,322
1,6,3,3,2-2-6-10,0.13333333333333333,0.8666666666666667,15
1,6,3,3,2-2-6-6,0.0023615719729345452,0.9976384280270655,3129
1,6,3,3,2-2-6-7,0.0008795074758135445,0.9991204925241864,3411
1,6,3,3,2-2-6-8,0.0028067361668003207,0.9971932638331997,1247
1,6,3,3,2-2-6-9,0.008038585209003215,0.9919614147909968,311
1,6,3,3,2-2-7-10,0.021739130434782608,0.9782608695652174,23
1,6,3,3,2-2-7-7,0.003417634996582365,0.9965823650034177,1463
1,6,3,3,2-2-7-8,0.0015923566878980893,0.9984076433121019,1256
1,6,3,3,2-2-7-9,0.05804970139777206,0.941950298602228,277
1,6,3,3,2-2-8-10,0.09375,0.90625,16
1,6,3,3,2-2-8-8,0.0019083969465648854,0.9980916030534351,524
1,6,3,3,2-2-8-9,0.019230769230769232,0.9807692307692307,286
1,6,3,3,2-2-9-10,0.027777777777777776,0.9722222222222222,18
1,6,3,3,2-2-9-9,0.030927835051546393,0.9690721649484536,97
1,6,3,3,2-3-10-10,0.21428571428571427,0.7857142857142857,7
1,6,3,3,2-3-3-10,0.3235294117647059,0.6764705882352942,17
1,6,3,3,2-3-3-3,0.9940247729457616,0.005975227054238242,5497
1,6,3,3,2-3-3-4,0.9920247511653113,0.007975248834688628,13156
1,6,3,3,2-3-3-5,0.0010787206663971408,0.9989212793336028,9323
1,6,3,3,2-3-3-6,0.003865092885481298,0.9961349071145187,6857
1,6,3,3,2-3-3-7,0.00044039929536112744,0.9995596007046389,3406
1,6,3,3,2-3-3-8,0.004681274900398406,0.9953187250996016,1255
1,6,3,3,2-3-3-9,0.00865051903114187,0.9913494809688581,289
1,6,3,3,2-3-4-10,0.03225806451612903,0.967741935483871,31
1,6,3,3,2-3-4-4,0.9917060357281896,0.008293964271810334,12306
1,6,3,3,2-3-4-5,0.00012878631774160314,0.9998712136822584,19412
1,6,3,3,2-3-4-6,7.179781734635267e-05,0.9999282021826537,13928
1,6,3,3,2-3-4-7,0.0005852231163130944,0.9994147768836869,6835
1,6,3,3,2-3-4-8,0.00019142419601837673,0.9998085758039816,2612
1,6,3,3,2-3-4-9,0.0008635578583765112,0.9991364421416234,579
1,6,3,3,2-3-5-10,0.109375,0.890625,32
1,6,3,3,2-3-5-5,5.0080128205128203e-05,0.9999499198717948,9984
1,6,3,3,2-3-5-6,3.614022406938923e-05,0.9999638597759306,13835
1,6,3,3,2-3-5-7,0.0008357558139534884,0.9991642441860465,6880
1,6,3,3,2-3-5-8,0.00019485580670303975,0.9998051441932969,2566
1,6,3,3,2-3-5-9,0.0034423407917383822,0.9965576592082617,581
1,6,3,3,2-3-6-10,0.18421052631578946,0.8157894736842105,38
1,6,3,3,2-3-6-6,0.00015792798483891344,0.9998420720151611,6332
1,6,3,3,2-3-6-7,0.00022284950230277818,0.9997771504976972,6731
1,6,3,3,2-3-6-8,0.0019677292404565133,0.9980322707595435,2541
1,6,3,3,2-3-6-9,0.0008620689655172414,0.9991379310344828,580
1,6,3,3,2-3-7-10,0.027777777777777776,0.9722222222222222,36
1,6,3,3,2-3-7-7,0.0013127666557269445,0.998687233344273,3047
1,6,3,3,2-3-7-8,0.0007964954201513341,0.9992035045798486,2511
1,6,3,3,2-3-7-9,0.0008223684210526315,0.9991776315789473,608
1,6,3,3,2-3-8-10,0.011363636363636364,0.9886363636363636,44
1,6,3,3,2-3-8-8,0.0005341880341880342,0.999465811965812,936
1,6,3,3,2-3-8-9,0.00625,0.99375,600
1,6,3,3,2-3-9-10,0.013513513513513514,0.9864864864864865,37
1,6,3,3,2-3-9-9,0.015384615384615385,0.9846153846153847,195
1,6,3,3,2-4-10-10,0.5,0.5,6
1,6,3,3,2-4-4-10,0.023809523809523808,0.9761904761904762,21
1,6,3,3,2-4-4-4,0.9895368473749174,0.010463152625082595,3924
1,6,3,3,2-4-4-5,0.00015713387806411063,0.9998428661219358,9546
1,6,3,3,2-4-4-6,0.0017487612940833576,0.9982512387059166,6862
1,6,3,3,2-4-4-7,0.03806817733752546,0.9619318226624745,3358
1,6,3,3,2-4-4-8,0.0008097165991902834,0.9991902834008097,1235
1,6,3,3,2-4-4-9,0.013605442176870748,0.9863945578231292,294
1,6,3,3,2-4-5-10,0.017241379310344827,0.9827586206896551,29
1,6,3,3,2-4-5-5,0.00010711193538426798,0.9998928880646156,10325
1,6,3,3,2-4-5-6,3.5814053434567724e-05,0.9999641859465654,13961
1,6,3,3,2-4-5-7,0.00014425851125216387,0.9998557414887478,6932
1,6,3,3,2-4-5-8,0.0005938242280285036,0.9994061757719715,2526
1,6,3,3,2-4-5-9,0.03271028037383177,0.9672897196261683,642
1,6,3,3,2-4-6-10,0.041666666666666664,0.9583333333333334,24
1,6,3,3,2-4-6-6,7.908889591901297e-05,0.999920911104081,6322
1,6,3,3,2-4-6-7,0.0002931261908251502,0.9997068738091749,6823
1,6,3,3,2-4-6-8,0.0002008838891120932,0.9997991161108879,2489
1,6,3,3,2-4-6-9,0.0016501650165016502,0.9983498349834984,606
1,6,3,3,2-4-7-10,0.06060606060606061,0.9393939393939394,33
1,6,3,3,2-4-7-7,0.000333667000333667,0.9996663329996663,2997
1,6,3,3,2-4-7-8,0.0016326530612244899,0.9983673469387755,2450
1,6,3,3,2-4-7-9,0.021744844019010508,0.9782551559809896,596
1,6,3,3,2-4-8-10,0.02,0.98,50
1,6,3,3,2-4-8-8,0.018726226618241762,0.9812737733817583,1025
1,6,3,3,2-4-8-9,0.016363636363636365,0.9836363636363636,550
1,6,3,3,2-4-9-10,0.11290322580645161,0.8870967741935484,31
1,6,3,3,2-4-9-9,0.030232558139534883,0.9697674418604652,215
1,6,3,3,2-5-5-10,0.15384615384615385,0.8461538461538461,26
1,6,3,3,2-5-5-5,0.0027650122549019605,0.997234987745098,3264
1,6,3,3,2-5-5-6,0.00035796105383734247,0.9996420389461627,6984
1,6,3,3,2-5-5-7,0.0036775522212415417,0.9963224477787584,3399
1,6,3,3,2-5-5-8,0.013021762377807273,0.9869782376221927,1225
1,6,3,3,2-5-5-9,0.0060790273556231,0.993920972644377,329
1,6,3,3,2-5-6-10,0.010638297872340425,0.9893617021276596,47
1,6,3,3,2-5-6-6,7.821054278116691e-05,0.9999217894572189,6393
1,6,3,3,2-5-6-7,0.0006011421701232341,0.9993988578298768,6654
1,6,3,3,2-5-6-8,0.004780309194467047,0.995219690805533,2458
1,6,3,3,2-5-6-9,0.00684931506849315,0.9931506849315068,584
1,6,3,3,2-5-7-10,0.03571428571428571,0.9642857142857143,42
1,6,3,3,2-5-7-7,0.0012089810017271157,0.9987910189982729,2895
1,6,3,3,2-5-7-8,0.0006142506142506142,0.9993857493857494,2442
1,6,3,3,2-5-7-9,0.007259528130671506,0.9927404718693285,551
1,6,3,3,2-5-8-10,0.02857142857142857,0.9714285714285714,35
1,6,3,3,2-5-8-8,0.0013736263736263737,0.9986263736263736,1092
1,6,3,3,2-5-8-9,0.007246376811594203,0.9927536231884058,621
1,6,3,3,2-5-9-10,0.025,0.975,40
1,6,3,3,2-5-9-9,0.02926829268292683,0.9707317073170731,205
1,6,3,3,2-6-6-10,0.5,0.5,15
1,6,3,3,2-6-6-6,0.00024912805181863477,0.9997508719481814,2007
1,6,3,3,2-6-6-7,0.004960608229386773,0.9950393917706132,3452
1,6,3,3,2-6-6-8,0.0024429967426710096,0.997557003257329,1228
1,6,3,3,2-6-6-9,0.006688963210702341,0.9933110367892977,299
1,6,3,3,2-6-7-10,0.013513513513513514,0.9864864864864865,37
1,6,3,3,2-6-7-7,0.00035174111853675694,0.9996482588814632,2843
1,6,3,3,2-6-7-8,0.0001976284584980237,0.999802371541502,2530
1,6,3,3,2-6-7-9,0.0026223776223776225,0.9973776223776224,572
1,6,3,3,2-6-8-10,0.05555555555555555,0.9444444444444444,36
1,6,3,3,2-6-8-8,0.014562853760886672,0.9854371462391134,1011
1,6,3,3,2-6-8-9,0.002707581227436823,0.9972924187725631,554
1,6,3,3,2-6-9-9,0.005235602094240838,0.9947643979057592,191
1,6,3,3,2-7-7-10,0.4090909090909091,0.5909090909090909,22
1,6,3,3,2-7-7-7,0.0016375545851528383,0.9983624454148472,916
1,6,3,3,2-7-7-8,0.0019857029388403494,0.9980142970611596,1259
1,6,3,3,2-7-7-9,0.008116883116883116,0.9918831168831169,308
1,6,3,3,2-7-8-8,0.016132210411362164,0.9838677895886379,970
1,6,3,3,2-7-8-9,0.0016750418760469012,0.998324958123953,597
1,6,3,3,2-8-8-8,0.01644736842105263,0.9835526315789473,304
1,6,3,3,3-3-10-10,0.5,0.5,2
1,6,3,3,3-3-3-3,0.9974838245866283,0.0025161754133716753,1391
1,6,3,3,3-3-3-4,0.9943094074785497,0.005690592521450328,4430
1,6,3,3,3-3-3-5,0.15184753503478746,0.8481524649652125,3166
1,6,3,3,3-3-3-6,0.05830253120171294,0.9416974687982871,2060
1,6,3,3,3-3-3-7,0.03310691010159095,0.966893089898409,1128
1,6,3,3,3-3-3-8,0.0035629453681710215,0.996437054631829,421
1,6,3,3,3-3-3-9,0.1395666131621188,0.8604333868378812,89
1,6,3,3,3-3-4-10,0.1875,0.8125,24
1,6,3,3,3-3-4-4,0.9642915281383733,0.035708471861626685,6075
1,6,3,3,3-3-4-5,0.046367315425027984,0.953632684574972,9660
1,6,3,3,3-3-4-6,0.000816144828609586,0.9991838551713904,6739
1,6,3,3,3-3-4-7,0.00043795620437956203,0.9995620437956204,3425
1,6,3,3,3-3-4-8,0.00550314465408805,0.9944968553459119,1272
1,6,3,3,3-3-4-9,0.013888888888888888,0.9861111111111112,288
1,6,3,3,3-3-5-10,0.027777777777777776,0.9722222222222222,18
1,6,3,3,3-3-5-5,0.002650461442949415,0.9973495385570506,4927
1,6,3,3,3-3-5-6,7.250580046403712e-05,0.999927494199536,6896
1,6,3,3,3-3-5-7,0.0002920560747663551,0.9997079439252337,3424
1,6,3,3,3-3-5-8,0.0071610982140648104,0.9928389017859351,1224
1,6,3,3,3-3-5-9,0.032423208191126277,0.9675767918088737,293
1,6,3,3,3-3-6-10,0.4166666666666667,0.5833333333333334,18
1,6,3,3,3-3-6-6,0.00016061676839062,0.9998393832316094,3113
1,6,3,3,3-3-6-7,0.003069367710251688,0.9969306322897483,3258
1,6,3,3,3-3-6-8,0.0020341741253051262,0.9979658258746948,1229
1,6,3,3,3-3-6-9,0.015579071134626688,0.9844209288653734,243
1,6,3,3,3-3-7-10,0.20454545454545456,0.7954545454545454,22
1,6,3,3,3-3-7-7,0.001053370786516854,0.9989466292134831,1424
1,6,3,3,3-3-7-8,0.0003980891719745223,0.9996019108280255,1256
1,6,3,3,3-3-7-9,0.03114754098360656,0.9688524590163935,305
1,6,3,3,3-3-8-10,0.25,0.75,14
1,6,3,3,3-3-8-8,0.0009746588693957114,0.9990253411306043,513
1,6,3,3,3-3-8-9,0.01079136690647482,0.9892086330935251,278
1,6,3,3,3-3-9-10,0.3541666666666667,0.6458333333333334,24
1,6,3,3,3-3-9-9,0.041666666666666664,0.9583333333333334,96
1,6,3,3,3-4-4-10,0.25,0.75,18
1,6,3,3,3-4-4-4,0.9466988084874646,0.05330119151253538,3701
1,6,3,3,3-4-4-5,0.2563876357977217,0.7436123642022782,9121
1,6,3,3,3-4-4-6,0.0027042614123561457,0.9972957385876439,6572
1,6,3,3,3-4-4-7,0.0017362036987656954,0.9982637963012344,3309
1,6,3,3,3-4-4-8,0.0050115651503469544,0.994988434849653,1297
1,6,3,3,3-4-4-9,0.028037383177570093,0.9719626168224299,321
1,6,3,3,3-4-5-10,0.25,0.75,36
1,6,3,3,3-4-5-5,0.0046035367430905345,0.9953964632569094,9395
1,6,3,3,3-4-5-6,3.669455452810803e-05,0.9999633054454719,13626
1,6,3,3,3-4-5-7,0.0014613473622680112,0.998538652637732,6843
1,6,3,3,3-4-5-8,0.00019546520719311962,0.9998045347928068,2558
1,6,3,3,3-4-5-9,0.0017857142857142857,0.9982142857142857,560
1,6,3,3,3-4-6-10,0.01282051282051282,0.9871794871794872,39
1,6,3,3,3-4-6-6,0.00048138639281129655,0.9995186136071887,6232
1,6,3,3,3-4-6-7,0.0001483459427384661,0.9998516540572615,6741
1,6,3,3,3-4-6-8,0.001,0.999,2500
1,6,3,3,3-4-6-9,0.002640845070422535,0.9973591549295775,568
1,6,3,3,3-4-7-10,0.390625,0.609375,32
1,6,3,3,3-4-7-7,0.0001721763085399449,0.9998278236914601,2904
1,6,3,3,3-4-7-8,0.0006004803843074459,0.9993995196156925,2498
1,6,3,3,3-4-7-9,0.0016051364365971107,0.9983948635634029,623
1,6,3,3,3-4-8-10,0.04054054054054054,0.9594594594594594,37
1,6,3,3,3-4-8-8,0.0014577259475218659,0.9985422740524781,1029
1,6,3,3,3-4-8-9,0.002793296089385475,0.9972067039106145,537
1,6,3,3,3-4-9-10,0.056818181818181816,0.9431818181818182,44
1,6,3,3,3-4-9-9,0.009523809523809525,0.9904761904761905,210
1,6,3,3,3-5-5-10,0.08333333333333333,0.9166666666666666,18
1,6,3,3,3-5-5-5,0.0031845328091926217,0.9968154671908074,3307
1,6,3,3,3-5-5-6,0.0007337833871441151,0.9992662166128559,6814
1,6,3,3,3-5-5-7,0.0011922503725782414,0.9988077496274218,3355
1,6,3,3,3-5-5-8,0.0022522522522522522,0.9977477477477478,1332
1,6,3,3,3-5-5-9,0.0057251908396946565,0.9942748091603053,262
1,6,3,3,3-5-6-10,0.037037037037037035,0.9629629629629629,54
1,6,3,3,3-5-6-6,0.0010414997596539016,0.998958500240346,6241
1,6,3,3,3-5-6-7,0.00045024763619990995,0.9995497523638001,6663
1,6,3,3,3-5-6-8,0.0015698587127158557,0.9984301412872841,2548
1,6,3,3,3-5-6-9,0.0008787346221441124,0.9991212653778558,569
1,6,3,3,3-5-7-10,0.025,0.975,40
1,6,3,3,3-5-7-7,0.0008747375787263821,0.9991252624212736,2858
1,6,3,3,3-5-7-8,0.0012279983626688497,0.9987720016373312,2443
1,6,3,3,3-5-7-9,0.008488964346349746,0.9915110356536503,589
1,6,3,3,3-5-8-10,0.03333333333333333,0.9666666666666667,45
1,6,3,3,3-5-8-8,0.00048590864917395527,0.999514091350826,1029
1,6,3,3,3-5-8-9,0.009136212624584718,0.9908637873754153,602
1,6,3,3,3-5-9-9,0.004975124378109453,0.9950248756218906,201
1,6,3,3,3-6-6-10,0.5,0.5,18
1,6,3,3,3-6-6-6,0.017032873445750305,0.9829671265542498,1957
1,6,3,3,3-6-6-7,0.0016002327611288915,0.9983997672388711,3437
1,6,3,3,3-6-6-8,0.013632025699970862,0.9863679743000291,1214
1,6,3,3,3-6-6-9,0.00528169014084507,0.9947183098591549,284
1,6,3,3,3-6-7-10,0.5,0.5,36
1,6,3,3,3-6-7-7,0.0013351134846461949,0.9986648865153538,2996
1,6,3,3,3-6-7-8,0.0034924330616996507,0.9965075669383003,2577
1,6,3,3,3-6-7-9,0.016666666666666666,0.9833333333333333,570
1,6,3,3,3-6-8-8,0.001976284584980237,0.9980237154150198,1012
1,6,3,3,3-6-8-9,0.014629948364888123,0.9853700516351118,581
1,6,3,3,3-7-7-7,0.0005617977528089888,0.999438202247191,890
1,6,3,3,3-7-7-8,0.004493464052287581,0.9955065359477124,1224
1,6,3,3,3-7-7-9,0.021666666666666667,0.9783333333333334,300
1,6,3,3,3-7-8-8,0.005263157894736842,0.9947368421052631,1045
1,6,3,3,4-4-4-10,0.2727272727272727,0.7272727272727273,11
1,6,3,3,4-4-4-4,0.9579670160429778,0.042032983957022096,915
1,6,3,3,4-4-4-5,0.36989396125673546,0.6301060387432645,3024
1,6,3,3,4-4-4-6,0.03578605641777649,0.9642139435822236,2094
1,6,3,3,4-4-4-7,0.0015037289436467558,0.9984962710563532,1111
1,6,3,3,4-4-4-8,0.01048951048951049,0.9895104895104895,429
1,6,3,3,4-4-4-9,0.0872093023255814,0.9127906976744186,86
1,6,3,3,4-4-5-10,0.34375,0.65625,16
1,6,3,3,4-4-5-5,0.009857146917777304,0.9901428530822227,4601
1,6,3,3,4-4-5-6,7.566585956416465e-05,0.9999243341404358,6608
1,6,3,3,4-4-5-7,0.0011823825007389892,0.998817617499261,3383
1,6,3,3,4-4-5-8,0.003169572107765452,0.9968304278922345,1262
1,6,3,3,4-4-5-9,0.003236245954692557,0.9967637540453075,309
1,6,3,3,4-4-6-10,0.1,0.9,15
1,6,3,3,4-4-6-6,0.0001595405232929164,0.9998404594767071,3134
1,6,3,3,4-4-6-7,0.0008902077151335311,0.9991097922848665,3370
1,6,3,3,4-4-6-8,0.00435126582278481,0.9956487341772152,1264
1,6,3,3,4-4-6-9,0.0865676929298156,0.9134323070701844,272
1,6,3,3,4-4-7-10,0.5,0.5,19
1,6,3,3,4-4-7-7,0.001,0.999,1500
1,6,3,3,4-4-7-8,0.001979414093428345,0.9980205859065716,1263
1,6,3,3,4-4-7-9,0.0034482758620689655,0.996551724137931,290
1,6,3,3,4-4-8-10,0.1388888888888889,0.8611111111111112,18
1,6,3,3,4-4-8-8,0.0436236055084961,0.9563763944915039,511
1,6,3,3,4-4-8-9,0.011666666666666667,0.9883333333333333,300
1,6,3,3,4-4-9-9,0.13440860215053763,0.8655913978494624,93
1,6,3,3,4-5-5-10,0.5,0.5,17
1,6,3,3,4-5-5-5,0.0001463271875914545,0.9998536728124086,3417
1,6,3,3,4-5-5-6,0.0003549623739883572,0.9996450376260116,7043
1,6,3,3,4-5-5-7,0.0033275462962962963,0.9966724537037037,3456
1,6,3,3,4-5-5-8,0.004058441558441558,0.9959415584415584,1232
1,6,3,3,4-5-5-9,0.03832116788321168,0.9616788321167883,274
1,6,3,3,4-5-6-10,0.07627118644067797,0.923728813559322,59
1,6,3,3,4-5-6-6,0.0003201024327784891,0.9996798975672215,6248
1,6,3,3,4-5-6-7,0.0001497678598172832,0.9998502321401828,6677
1,6,3,3,4-5-6-8,0.0009335324869305452,0.9990664675130695,2678
1,6,3,3,4-5-6-9,0.009615384615384616,0.9903846153846154,572
1,6,3,3,4-5-7-10,0.5,0.5,36
1,6,3,3,4-5-7-7,0.0032815198618307427,0.9967184801381692,2895
1,6,3,3,4-5-7-8,0.007757808292945605,0.9922421917070543,2476
1,6,3,3,4-5-7-9,0.01011804384485666,0.9898819561551433,593
1,6,3,3,4-5-8-8,0.004916420845624385,0.9950835791543756,1017
1,6,3,3,4-5-8-9,0.010673234811165846,0.9893267651888341,609
1,6,3,3,4-6-6-10,0.5,0.5,16
1,6,3,3,4-6-6-6,0.0004975124378109452,0.9995024875621891,2010
1,6,3,3,4-6-6-7,0.0011668611435239206,0.9988331388564761,3428
1,6,3,3,4-6-6-8,0.002875924404272802,0.9971240755957272,1217
1,6,3,3,4-6-6-9,0.0017667844522968198,0.9982332155477032,283
1,6,3,3,4-6-7-7,0.0003455425017277125,0.9996544574982723,2894
1,6,3,3,4-6-7-8,0.002214170692431562,0.9977858293075684,2484
1,6,3,3,4-6-7-9,0.006433823529411764,0.9935661764705882,544
1,6,3,3,4-6-8-8,0.0008984725965858042,0.9991015274034142,1113
1,6,3,3,4-7-7-7,0.0017281105990783411,0.9982718894009217,868
1,6,3,3,4-7-7-8,0.005171042163882259,0.9948289578361177,1257
1,6,3,3,5-5-5-10,0.08333333333333333,0.9166666666666666,6
1,6,3,3,5-5-5-5,0.13031563101107974,0.8696843689889203,825
1,6,3,3,5-5-5-6,0.002123468948113498,0.9978765310518865,2321
1,6,3,3,5-5-5-7,0.009830205540661306,0.9901697944593387,1119
1,6,3,3,5-5-5-8,0.013784461152882205,0.9862155388471178,399
1,6,3,3,5-5-5-9,0.02608695652173913,0.9739130434782609,115
1,6,3,3,5-5-6-10,0.058823529411764705,0.9411764705882353,17
1,6,3,3,5-5-6-6,0.0018650917003419335,0.9981349082996581,3217
1,6,3,3,5-5-6-7,0.0013317549570878958,0.9986682450429121,3379
1,6,3,3,5-5-6-8,0.005430566330488751,0.9945694336695112,1289
1,6,3,3,5-5-6-9,0.007987220447284345,0.9920127795527156,313
1,6,3,3,5-5-7-7,0.0019801980198019802,0.998019801980198,1515
1,6,3,3,5-5-7-8,0.01191391237509608,0.9880860876249039,1301
1,6,3,3,5-5-7-9,0.03278688524590164,0.9672131147540983,305
1,6,3,3,5-5-8-8,0.0022271714922048997,0.9977728285077951,449
1,6,3,3,5-6-6-6,0.0004916420845624386,0.9995083579154376,2034
1,6,3,3,5-6-6-7,0.0021551724137931034,0.9978448275862069,3480
1,6,3,3,5-6-6-8,0.0015822784810126582,0.9984177215189873,1264
1,6,3,3,5-6-6-9,0.007017543859649123,0.9929824561403509,285
1,6,3,3,5-6-7-7,0.0010270455323519343,0.9989729544676481,2921
1,6,3,3,5-6-7-8,0.003105590062111801,0.9968944099378882,2576
1,6,3,3,5-7-7-7,0.00547645125958379,0.9945235487404163,913
1,6,3,3,6-6-6-6,0.03549060542797495,0.964509394572025,479
1,6,3,3,6-6-6-7,0.01933453237410072,0.9806654676258992,1112
1,6,3,3,6-6-6-8,0.019230769230769232,0.9807692307692307,442
1,6,3,3,6-6-7-7,0.020688240182244445,0.9793117598177555,1511
1,8,4,4,1-1-1-1,0.8200153927837832,0.1799846072162168,4627
1,8,4,4,1-1-1-10,0.5,0.5,1
1,8,4,4,1-1-1-2,0.9993828505046105,0.0006171494953895303,13773
1,8,4,4,1-1-1-3,0.9931540221443904,0.006845977855609536,8851
1,8,4,4,1-1-1-4,0.4157735088632516,0.5842264911367484,5919
1,8,4,4,1-1-1-5,0.0012232097958034878,0.9987767902041965,4079
1,8,4,4,1-1-1-6,0.00024224806201550387,0.9997577519379846,2064
1,8,4,4,1-1-1-7,0.004931426332288401,0.9950685736677116,800
1,8,4,4,1-1-1-8,0.01699029126213592,0.9830097087378641,206
1,8,4,4,1-1-1-9,0.6166666666666667,0.38333333333333336,30
1,8,4,4,1-1-10-10,0.5,0.5,1
1,8,4,4,1-1-2-10,0.5,0.5,2
1,8,4,4,1-1-2-2,0.9960624907408657,0.003937509259134279,18688
1,8,4,4,1-1-2-3,0.9903710186048831,0.009628981395116903,26722
1,8,4,4,1-1-2-4,0.9382563810947073,0.061743618905292744,17127
1,8,4,4,1-1-2-5,0.0037009686556491333,0.9962990313443508,12698
1,8,4,4,1-1-2-6,0.0007120253164556962,0.9992879746835444,6320
1,8,4,4,1-1-2-7,0.0018768768768768769,0.9981231231231231,2331
1,8,4,4,1-1-2-8,0.002840909090909091,0.9971590909090909,660
1,8,4,4,1-1-2-9,0.00684931506849315,0.9931506849315068,73
1,8,4,4,1-1-3-10,0.5,0.5,1
1,8,4,4,1-1-3-3,0.9870250413527742,0.012974958647225657,12195
1,8,4,4,1-1-3-4,0.9838304888818215,0.016169511118178485,16985
1,8,4,4,1-1-3-5,7.9827572443522e-05,0.9999201724275565,12527
1,8,4,4,1-1-3-6,0.002122826257245809,0.9978771737427542,6383
1,8,4,4,1-1-3-7,0.001466275659824047,0.998533724340176,2387
1,8,4,4,1-1-3-8,0.0016051364365971107,0.9983948635634029,623
1,8,4,4,1-1-3-9,0.04395604395604396,0.9560439560439561,91
1,8,4,4,1-1-4-10,0.16666666666666666,0.8333333333333334,3
1,8,4,4,1-1-4-4,0.7274616889591452,0.2725383110408548,7691
1,8,4,4,1-1-4-5,0.00035447026388341866,0.9996455297361165,12695
1,8,4,4,1-1-4-6,0.0010188087774294671,0.9989811912225706,6380
1,8,4,4,1-1-4-7,0.0002050020500205002,0.9997949979499795,2439
1,8,4,4,1-1-4-8,0.000794912559618442,0.9992050874403816,629
1,8,4,4,1-1-4-9,0.008928571428571428,0.9910714285714286,112
1,8,4,4,1-1-5-10,0.5,0.5,4
1,8,4,4,1-1-5-5,0.0007808433107756377,0.9992191566892243,5763
1,8,4,4,1-1-5-6,0.00023404587299110627,0.9997659541270089,6409
1,8,4,4,1-1-5-7,0.0010309278350515464,0.9989690721649485,2425
1,8,4,4,1-1-5-8,0.0007763975155279503,0.9992236024844721,644
1,8,4,4,1-1-5-9,0.010638297872340425,0.9893617021276596,94
1,8,4,4,1-1-6-10,0.3333333333333333,0.6666666666666666,3
1,8,4,4,1-1-6-6,0.021039638383811496,0.9789603616161885,2712
1,8,4,4,1-1-6-7,0.0010588733587462938,0.9989411266412537,2361
1,8,4,4,1-1-6-8,0.0007496251874062968,0.9992503748125937,667
1,8,4,4,1-1-6-9,0.011494252873563218,0.9885057471264368,87
1,8,4,4,1-1-7-10,0.5,0.5,1
1,8,4,4,1-1-7-7,0.0025380710659898475,0.9974619289340102,985
1,8,4,4,1-1-7-8,0.0007751937984496124,0.9992248062015504,645
1,8,4,4,1-1-7-9,0.017241379310344827,0.9827586206896551,87
1,8,4,4,1-1-8-10,0.16666666666666666,0.8333333333333334,3
1,8,4,4,1-1-8-8,0.0041841004184100415,0.99581589958159,239
1,8,4,4,1-1-8-9,0.006666666666666667,0.9933333333333333,75
1,8,4,4,1-1-9-10,0.0625,0.9375,8
1,8,4,4,1-1-9-9,0.14285714285714285,0.8571428571428571,28
1,8,4,4,1-2-10-10,0.5,0.5,1
1,8,4,4,1-2-2-10,0.5,0.5,1
1,8,4,4,1-2-2-2,0.9902397149316267,0.009760285068373351,11984
1,8,4,4,1-2-2-3,0.9978876653898433,0.0021123346101566093,26197
1,8,4,4,1-2-2-4,0.9952454449384367,0.004754555061563257,16784
1,8,4,4,1-2-2-5,4.1237113402061855e-05,0.9999587628865979,12125
1,8,4,4,1-2-2-6,0.00399310786699806,0.9960068921330019,6212
1,8,4,4,1-2-2-7,0.001409585179218687,0.9985904148207813,2483
1,8,4,4,1-2-2-8,0.0007727975270479134,0.999227202472952,647
1,8,4,4,1-2-2-9,0.03608247422680412,0.9639175257731959,97
1,8,4,4,1-2-3-10,0.16666666666666666,0.8333333333333334,3
1,8,4,4,1-2-3-3,0.9982121363860341,0.0017878636139658742,24308
1,8,4,4,1-2-3-4,0.9875791655983196,0.012420834401680392,33416
1,8,4,4,1-2-3-5,0.0031649819978416885,0.9968350180021582,23984
1,8,4,4,1-2-3-6,7.898270278808941e-05,0.999921017297212,12661
1,8,4,4,1-2-3-7,0.0001040582726326743,0.9998959417273673,4805
1,8,4,4,1-2-3-8,0.001519756838905775,0.9984802431610942,1316
1,8,4,4,1-2-3-9,0.005747126436781609,0.9942528735632183,174
1,8,4,4,1-2-4-10,0.14285714285714285,0.8571428571428571,7
1,8,4,4,1-2-4-4,0.9299818349174408,0.0700181650825592,15374
1,8,4,4,1-2-4-5,0.0005913893707617095,0.9994086106292382,25364
1,8,4,4,1-2-4-6,0.00011750881316098707,0.999882491186839,12765
1,8,4,4,1-2-4-7,0.00010611205432937182,0.9998938879456706,4712
1,8,4,4,1-2-4-8,0.0019825535289452814,0.9980174464710547,1261
1,8,4,4,1-2-4-9,0.005714285714285714,0.9942857142857143,175
1,8,4,4,1-2-5-10,0.08333333333333333,0.9166666666666666,6
1,8,4,4,1-2-5-5,4.274234911950761e-05,0.9999572576508805,11698
1,8,4,4,1-2-5-6,3.9610235284797595e-05,0.9999603897647152,12623
1,8,4,4,1-2-5-7,0.00021128248468201986,0.999788717515318,4733
1,8,4,4,1-2-5-8,0.001954652071931196,0.9980453479280688,1279
1,8,4,4,1-2-5-9,0.02669902912621359,0.9733009708737864,206
1,8,4,4,1-2-6-10,0.4444444444444444,0.5555555555555556,9
1,8,4,4,1-2-6-6,0.002669876092828024,0.9973301239071719,5499
1,8,4,4,1-2-6-7,0.0006261740763932373,0.9993738259236068,4791
1,8,4,4,1-2-6-8,0.006488240064882401,0.9935117599351176,1233
1,8,4,4,1-2-6-9,0.01694915254237288,0.9830508474576272,177
1,8,4,4,1-2-7-10,0.25,0.75,4
1,8,4,4,1-2-7-7,0.0007861635220125787,0.9992138364779874,1908
1,8,4,4,1-2-7-8,0.0052922590837282775,0.9947077409162717,1266
1,8,4,4,1-2-7-9,0.0051813471502590676,0.9948186528497409,193
1,8,4,4,1-2-8-10,0.25,0.75,4
1,8,4,4,1-2-8-8,0.0010395010395010396,0.998960498960499,481
1,8,4,4,1-2-8-9,0.009852216748768473,0.9901477832512315,203
1,8,4,4,1-2-9-10,0.5,0.5,3
1,8,4,4,1-2-9-9,0.03773584905660377,0.9622641509433962,53
1,8,4,4,1-3-3-3,0.9928001582533049,0.007199841746695095,7619
1,8,4,4,1-3-3-4,0.9953834371506144,0.004616562849385627,16687
1,8,4,4,1-3-3-5,0.0013071509915409103,0.9986928490084591,11813
1,8,4,4,1-3-3-6,0.004253260724657249,0.9957467392753426,6178
1,8,4,4,1-3-3-7,0.002317741255794353,0.9976822587442057,2373
1,8,4,4,1-3-3-8,0.0015552099533437014,0.9984447900466563,643
1,8,4,4,1-3-3-9,0.03888888888888889,0.9611111111111111,90
1,8,4,4,1-3-4-10,0.5,0.5,10
1,8,4,4,1-3-4-4,0.9736820124574557,0.026317987542544323,15100
1,8,4,4,1-3-4-5,0.0005086065596494933,0.9994913934403505,23430
1,8,4,4,1-3-4-6,3.933291378225299e-05,0.9999606670862178,12712
1,8,4,4,1-3-4-7,0.00020712510356255177,0.9997928748964374,4828
1,8,4,4,1-3-4-8,0.00039032006245121,0.9996096799375488,1281
1,8,4,4,1-3-4-9,0.009708737864077669,0.9902912621359223,206
1,8,4,4,1-3-5-10,0.08333333333333333,0.9166666666666666,6
1,8,4,4,1-3-5-5,0.011219915779412488,0.9887800842205875,11473
1,8,4,4,1-3-5-6,0.0002743806835998746,0.9997256193164001,12756
1,8,4,4,1-3-5-7,0.0003198976327575176,0.9996801023672425,4689
1,8,4,4,1-3-5-8,0.0007604562737642585,0.9992395437262357,1315
1,8,4,4,1-3-5-9,0.0024630541871921183,0.9975369458128078,203
1,8,4,4,1-3-6-10,0.0625,0.9375,8
1,8,4,4,1-3-6-6,0.0010712372790573112,0.9989287627209427,5601
1,8,4,4,1-3-6-7,0.0006338474540460595,0.999366152545954,4733
1,8,4,4,1-3-6-8,0.017133487538440625,0.9828665124615594,1262
1,8,4,4,1-3-6-9,0.011235955056179775,0.9887640449438202,178
1,8,4,4,1-3-7-10,0.5,0.5,3
1,8,4,4,1-3-7-7,0.0007696254489481786,0.9992303745510518,1949
1,8,4,4,1-3-7-8,0.000397456279809221,0.9996025437201908,1258
1,8,4,4,1-3-7-9,0.016203703703703703,0.9837962962962963,216
1,8,4,4,1-3-8-10,0.4166666666666667,0.5833333333333334,12
1,8,4,4,1-3-8-8,0.007633587786259542,0.9923664122137404,524
1,8,4,4,1-3-8-9,0.0049261083743842365,0.9950738916256158,203
1,8,4,4,1-3-9-10,0.25,0.75,4
1,8,4,4,1-3-9-9,0.05,0.95,60
1,8,4,4,1-4-10-10,0.5,0.5,1
1,8,4,4,1-4-4-10,0.5,0.5,3
1,8,4,4,1-4-4-4,0.6506563116584794,0.34934368834152074,4817
1,8,4,4,1-4-4-5,4.460701222232135e-05,0.9999553929877777,11209
1,8,4,4,1-4-4-6,0.00048622366288492705,0.999513776337115,6170
1,8,4,4,1-4-4-7,0.0014868309260832626,0.9985131690739167,2354
1,8,4,4,1-4-4-8,0.0023923444976076554,0.9976076555023924,627
1,8,4,4,1-4-4-9,0.0297029702970297,0.9702970297029703,101
1,8,4,4,1-4-5-10,0.5,0.5,3
1,8,4,4,1-4-5-5,0.0005716071166005,0.9994283928833996,11335
1,8,4,4,1-4-5-6,0.0008822828074079963,0.999117717192592,12581
1,8,4,4,1-4-5-7,0.0006403415154749199,0.9993596584845251,4685
1,8,4,4,1-4-5-8,0.002899751449875725,0.9971002485501242,1207
1,8,4,4,1-4-5-9,0.020642201834862386,0.9793577981651376,218
1,8,4,4,1-4-6-10,0.2,0.8,5
1,8,4,4,1-4-6-6,0.00017908309455587392,0.9998209169054442,5584
1,8,4,4,1-4-6-7,0.0002143163309044149,0.9997856836690956,4666
1,8,4,4,1-4-6-8,0.0003885003885003885,0.9996114996114996,1287
1,8,4,4,1-4-6-9,0.019138755980861243,0.9808612440191388,209
1,8,4,4,1-4-7-10,0.5,0.5,4
1,8,4,4,1-4-7-7,0.000762582613116421,0.9992374173868835,1967
1,8,4,4,1-4-7-8,0.0012048192771084338,0.9987951807228915,1245
1,8,4,4,1-4-7-9,0.0028735632183908046,0.9971264367816092,174
1,8,4,4,1-4-8-10,0.5,0.5,5
1,8,4,4,1-4-8-8,0.009861932938856016,0.9901380670611439,507
1,8,4,4,1-4-8-9,0.022727272727272728,0.9772727272727273,198
1,8,4,4,1-4-9-10,0.125,0.875,4
1,8,4,4,1-4-9-9,0.025423728813559324,0.9745762711864406,59
1,8,4,4,1-5-10-10,0.5,0.5,1
1,8,4,4,1-5-5-10,0.5,0.5,3
1,8,4,4,1-5-5-5,0.0037385283910612256,0.9962614716089389,3584
1,8,4,4,1-5-5-6,0.0010992462311557789,0.9989007537688442,6368
1,8,4,4,1-5-5-7,0.0006366723259762309,0.9993633276740238,2356
1,8,4,4,1-5-5-8,0.002304147465437788,0.9976958525345622,651
1,8,4,4,1-5-5-9,0.024509803921568627,0.9754901960784313,102
1,8,4,4,1-5-6-10,0.5625,0.4375,8
1,8,4,4,1-5-6-6,9.377344336084021e-05,0.9999062265566392,5332
1,8,4,4,1-5-6-7,0.00020703933747412008,0.9997929606625259,4830
1,8,4,4,1-5-6-8,0.0011609907120743034,0.9988390092879257,1292
1,8,4,4,1-5-6-9,0.005128205128205128,0.9948717948717949,195
1,8,4,4,1-5-7-10,0.5,0.5,8
1,8,4,4,1-5-7-7,0.0007716049382716049,0.9992283950617284,1944
1,8,4,4,1-5-7-8,0.0011961722488038277,0.9988038277511961,1254
1,8,4,4,1-5-7-9,0.0024509803921568627,0.9975490196078431,204
1,8,4,4,1-5-8-10,0.25,0.75,4
1,8,4,4,1-5-8-8,0.0031847133757961785,0.9968152866242038,471
1,8,4,4,1-5-8-9,0.013227513227513227,0.9867724867724867,189
1,8,4,4,1-5-9-10,0.5,0.5,5
1,8,4,4,1-5-9-9,0.18478260869565216,0.8152173913043478,46
1,8,4,4,1-6-6-10,0.5,0.5,5
1,8,4,4,1-6-6-6,0.0030248033877797943,0.9969751966122202,1653
1,8,4,4,1-6-6-7,0.002517834662190516,0.9974821653378095,2383
1,8,4,4,1-6-6-8,0.003918495297805642,0.9960815047021944,638
1,8,4,4,1-6-6-9,0.014285714285714285,0.9857142857142858,105
1,8,4,4,1-6-7-10,0.045454545454545456,0.9545454545454546,11
1,8,4,4,1-6-7-7,0.0022099447513812156,0.9977900552486187,1810
1,8,4,4,1-6-7-8,0.0015313935681470138,0.998468606431853,1306
1,8,4,4,1-6-7-9,0.025252525252525252,0.9747474747474747,198
1,8,4,4,1-6-8-10,0.4375,0.5625,8
1,8,4,4,1-6-8-8,0.010893246187363835,0.9891067538126361,459
1,8,4,4,1-6-8-9,0.022167487684729065,0.9778325123152709,203
1,8,4,4,1-6-9-10,0.5,0.5,6
1,8,4,4,1-6-9-9,0.020833333333333332,0.9791666666666666,48
1,8,4,4,1-7-7-10,0.5,0.5,4
1,8,4,4,1-7-7-7,0.0008517887563884157,0.9991482112436116,587
1,8,4,4,1-7-7-8,0.0008156606851549756,0.9991843393148451,613
1,8,4,4,1-7-7-9,0.011764705882352941,0.9882352941176471,85
1,8,4,4,1-7-8-10,0.5,0.5,5
1,8,4,4,1-7-8-8,0.0010438413361169101,0.9989561586638831,479
1,8,4,4,1-7-8-9,0.013736263736263736,0.9862637362637363,182
1,8,4,4,1-7-9-9,0.028846153846153848,0.9711538461538461,52
1,8,4,4,1-8-8-8,0.04710144927536232,0.9528985507246377,138
1,8,4,4,1-8-8-9,0.005376344086021506,0.9946236559139785,93
1,8,4,4,2-2-2-10,0.5,0.5,1
1,8,4,4,2-2-2-2,0.9949903038138332,0.005009696186166775,3094
1,8,4,4,2-2-2-3,0.9994241621559369,0.0005758378440631119,8683
1,8,4,4,2-2-2-4,0.9381443773187798,0.061855622681220336,5570
1,8,4,4,2-2-2-5,0.0009197516670498966,0.9990802483329501,4349
1,8,4,4,2-2-2-6,0.003784454857170449,0.9962155451428295,2112
1,8,4,4,2-2-2-7,0.0006361323155216285,0.9993638676844784,786
1,8,4,4,2-2-2-8,0.0136986301369863,0.9863013698630136,219
1,8,4,4,2-2-2-9,0.04054054054054054,0.9594594594594594,37
1,8,4,4,2-2-3-10,0.5,0.5,2
1,8,4,4,2-2-3-3,0.9911832788018936,0.0088167211981063,12074
1,8,4,4,2-2-3-4,0.9643287874164976,0.03567121258350242,16535
1,8,4,4,2-2-3-5,0.0034061727569591627,0.9965938272430408,11741
1,8,4,4,2-2-3-6,0.001614575027906235,0.9983854249720938,6271
1,8,4,4,2-2-3-7,0.0024113475177304972,0.9975886524822696,2350
1,8,4,4,2-2-3-8,0.027777777777777776,0.9722222222222222,666
1,8,4,4,2-2-3-9,0.005263157894736842,0.9947368421052631,95
1,8,4,4,2-2-4-10,0.5,0.5,2
1,8,4,4,2-2-4-4,0.9176554221104322,0.08234457788956785,7474
1,8,4,4,2-2-4-5,0.0006249860910662155,0.9993750139089338,11588
1,8,4,4,2-2-4-6,0.00015586034912718204,0.9998441396508728,6416
1,8,4,4,2-2-4-7,0.0020876826722338203,0.9979123173277662,2395
1,8,4,4,2-2-4-8,0.0014619883040935672,0.9985380116959064,684
1,8,4,4,2-2-4-9,0.010416666666666666,0.9895833333333334,96
1,8,4,4,2-2-5-10,0.3333333333333333,0.6666666666666666,3
1,8,4,4,2-2-5-5,0.002990743560399407,0.9970092564396005,5779
1,8,4,4,2-2-5-6,0.00046985121378230227,0.9995301487862177,6385
1,8,4,4,2-2-5-7,0.0004185851820845542,0.9995814148179154,2389
1,8,4,4,2-2-5-8,0.011208206686930091,0.9887917933130699,658
1,8,4,4,2-2-5-9,0.043689320388349516,0.9563106796116505,103
1,8,4,4,2-2-6-10,0.5,0.5,3
1,8,4,4,2-2-6-6,0.0007230657989877079,0.9992769342010123,2766
1,8,4,4,2-2-6-7,0.003281117696867062,0.996718882303133,2362
1,8,4,4,2-2-6-8,0.0030911901081916537,0.9969088098918083,647
1,8,4,4,2-2-6-9,0.022727272727272728,0.9772727272727273,110
1,8,4,4,2-2-7-10,0.5,0.5,2
1,8,4,4,2-2-7-7,0.0016059957173447537,0.9983940042826552,934
1,8,4,4,2-2-7-8,0.0040650406504065045,0.9959349593495935,615
1,8,4,4,2-2-7-9,0.0049504950495049506,0.995049504950495,101
1,8,4,4,2-2-8-10,0.5,0.5,2
1,8,4,4,2-2-8-8,0.015873015873015872,0.9841269841269841,252
1,8,4,4,2-2-8-9,0.017045454545454544,0.9829545454545454,88
1,8,4,4,2-2-9-10,0.1,0.9,5
1,8,4,4,2-2-9-9,0.037037037037037035,0.9629629629629629,27
1,8,4,4,2-3-3-10,0.5,0.5,4
1,8,4,4,2-3-3-3,0.992343172717239,0.007656827282761047,7695
1,8,4,4,2-3-3-4,0.9707148895795609,0.029285110420439017,16435
1,8,4,4,2-3-3-5,0.00021654395842355997,0.9997834560415765,11545
1,8,4,4,2-3-3-6,0.000563879490897374,0.9994361205091026,6207
1,8,4,4,2-3-3-7,0.0010195758564437193,0.9989804241435563,2452
1,8,4,4,2-3-3-8,0.0017123287671232876,0.9982876712328768,584
1,8,4,4,2-3-3-9,0.005154639175257732,0.9948453608247423,97
1,8,4,4,2-3-4-10,0.5,0.5,5
1,8,4,4,2-3-4-4,0.9304743606844719,0.06952563931552815,15132
1,8,4,4,2-3-4-5,0.00018899622007559848,0.9998110037799244,23810
1,8,4,4,2-3-4-6,0.0012207608096400726,0.9987792391903599,12697
1,8,4,4,2-3-4-7,0.00031519226728304265,0.999684807732717,4759
1,8,4,4,2-3-4-8,0.00989345509893455,0.9901065449010654,1314
1,8,4,4,2-3-4-9,0.012690355329949238,0.9873096446700508,197
1,8,4,4,2-3-5-10,0.4,0.6,5
1,8,4,4,2-3-5-5,0.0016469331434167186,0.9983530668565833,11233
1,8,4,4,2-3-5-6,0.0002765705254839984,0.999723429474516,12655
1,8,4,4,2-3-5-7,0.00020959966464053657,0.9997904003353595,4771
1,8,4,4,2-3-5-8,0.0019201228878648233,0.9980798771121352,1302
1,8,4,4,2-3-5-9,0.10752688172043011,0.8924731182795699,186
1,8,4,4,2-3-6-10,0.5,0.5,4
1,8,4,4,2-3-6-6,0.0014831294030404152,0.9985168705969596,5394
1,8,4,4,2-3-6-7,0.0022184660891612085,0.9977815339108388,4733
1,8,4,4,2-3-6-8,0.010301109350237718,0.9896988906497622,1262
1,8,4,4,2-3-6-9,0.0025252525252525255,0.9974747474747475,198
1,8,4,4,2-3-7-10,0.5,0.5,2
1,8,4,4,2-3-7-7,0.0007334963325183374,0.9992665036674817,2045
1,8,4,4,2-3-7-8,0.00040096230954290296,0.9995990376904571,1247
1,8,4,4,2-3-7-9,0.02631578947368421,0.9736842105263158,190
1,8,4,4,2-3-8-10,0.35714285714285715,0.6428571428571429,7
1,8,4,4,2-3-8-8,0.0010570824524312897,0.9989429175475687,473
1,8,4,4,2-3-8-9,0.004901960784313725,0.9950980392156863,204
1,8,4,4,2-3-9-10,0.125,0.875,4
1,8,4,4,2-3-9-9,0.030612244897959183,0.9693877551020408,49
1,8,4,4,2-4-10-10,0.5,0.5,3
1,8,4,4,2-4-4-10,0.5,0.5,2
1,8,4,4,2-4-4-4,0.8942054729074532,0.10579452709254689,4760
1,8,4,4,2-4-4-5,0.0015247830942358904,0.9984752169057641,11641
1,8,4,4,2-4-4-6,0.00023870146403564608,0.9997612985359644,6284
1,8,4,4,2-4-4-7,0.0004177109440267335,0.9995822890559732,2394
1,8,4,4,2-4-4-8,0.0064,0.9936,625
1,8,4,4,2-4-4-9,0.07476635514018691,0.9252336448598131,107
1,8,4,4,2-4-5-10,0.5,0.5,5
1,8,4,4,2-4-5-5,0.002686086347642951,0.997313913652357,11478
1,8,4,4,2-4-5-6,0.0013978679480098051,0.9986021320519902,12636
1,8,4,4,2-4-5-7,0.00020785699438786114,0.9997921430056121,4811
1,8,4,4,2-4-5-8,0.0038138825324180014,0.996186117467582,1311
1,8,4,4,2-4-5-9,0.007537688442211055,0.992462311557789,199
1,8,4,4,2-4-6-10,0.16666666666666666,0.8333333333333334,6
1,8,4,4,2-4-6-6,9.19793966151582e-05,0.9999080206033848,5436
1,8,4,4,2-4-6-7,0.0008361204013377926,0.9991638795986622,4784
1,8,4,4,2-4-6-8,0.0032076984763432237,0.9967923015236567,1247
1,8,4,4,2-4-6-9,0.005649717514124294,0.9943502824858758,177
1,8,4,4,2-4-7-10,0.16666666666666666,0.8333333333333334,3
1,8,4,4,2-4-7-7,0.0007481296758104738,0.9992518703241895,2005
1,8,4,4,2-4-7-8,0.0015503875968992248,0.9984496124031008,1290
1,8,4,4,2-4-7-9,0.022222222222222223,0.9777777777777777,180
1,8,4,4,2-4-8-10,0.5,0.5,8
1,8,4,4,2-4-8-8,0.0032119914346895075,0.9967880085653105,467
1,8,4,4,2-4-8-9,0.014534883720930232,0.9854651162790697,172
1,8,4,4,2-4-9-10,0.25,0.75,4
1,8,4,4,2-4-9-9,0.058823529411764705,0.9411764705882353,68
1,8,4,4,2-5-5-10,0.5,0.5,3
1,8,4,4,2-5-5-5,0.018933511070991105,0.9810664889290089,3513
1,8,4,4,2-5-5-6,0.002234198353966923,0.9977658016460331,6391
1,8,4,4,2-5-5-7,0.00041017227235438887,0.9995898277276456,2438
1,8,4,4,2-5-5-8,0.03035143769968051,0.9696485623003195,626
1,8,4,4,2-5-5-9,0.12272727272727273,0.8772727272727273,110
1,8,4,4,2-5-6-10,0.2222222222222222,0.7777777777777778,9
1,8,4,4,2-5-6-6,0.00018321729571271528,0.9998167827042873,5458
1,8,4,4,2-5-6-7,0.0004286326618088298,0.9995713673381912,4666
1,8,4,4,2-5-6-8,0.00040225261464199515,0.999597747385358,1243
1,8,4,4,2-5-6-9,0.005434782608695652,0.9945652173913043,184
1,8,4,4,2-5-7-10,0.5,0.5,5
1,8,4,4,2-5-7-7,0.0010548523206751054,0.9989451476793249,1896
1,8,4,4,2-5-7-8,0.0008084074373484236,0.9991915925626516,1237
1,8,4,4,2-5-7-9,0.0223463687150838,0.9776536312849162,179
1,8,4,4,2-5-8-10,0.2857142857142857,0.7142857142857143,7
1,8,4,4,2-5-8-8,0.03112033195020747,0.9688796680497925,482
1,8,4,4,2-5-8-9,0.02546296296296296,0.9745370370370371,216
1,8,4,4,2-5-9-10,0.16666666666666666,0.8333333333333334,3
1,8,4,4,2-5-9-9,0.03333333333333333,0.9666666666666667,60
1,8,4,4,2-6-6-10,0.5,0.5,2
1,8,4,4,2-6-6-6,0.0003045066991473812,0.9996954933008526,1642
1,8,4,4,2-6-6-7,0.000835421888053467,0.9991645781119465,2394
1,8,4,4,2-6-6-8,0.05069967099224786,0.9493003290077522,604
1,8,4,4,2-6-6-9,0.10555555555555556,0.8944444444444445,90
1,8,4,4,2-6-7-10,0.5,0.5,5
1,8,4,4,2-6-7-7,0.00026041666666666666,0.9997395833333333,1920
1,8,4,4,2-6-7-8,0.0015048908954100827,0.9984951091045899,1329
1,8,4,4,2-6-7-9,0.04076086956521739,0.9592391304347826,184
1,8,4,4,2-6-8-10,0.5,0.5,4
1,8,4,4,2-6-8-8,0.0234375,0.9765625,448
1,8,4,4,2-6-8-9,0.0055248618784530384,0.994475138121547,181
1,8,4,4,2-6-9-9,0.06382978723404255,0.9361702127659575,47
1,8,4,4,2-7-7-10,0.5,0.5,4
1,8,4,4,2-7-7-7,0.009025270758122744,0.9909747292418772,554
1,8,4,4,2-7-7-8,0.0031645569620253164,0.9968354430379747,632
1,8,4,4,2-7-7-9,0.016,0.984,125
1,8,4,4,2-7-8-8,0.0255863539445629,0.9744136460554371,469
1,8,4,4,2-7-8-9,0.026829268292682926,0.973170731707317,205
1,8,4,4,2-8-8-8,0.01282051282051282,0.9871794871794872,117
1,8,4,4,3-3-3-3,0.9931289640591966,0.006871035940803382,1892
1,8,4,4,3-3-3-4,0.9939520501239721,0.006047949876027896,5420
1,8,4,4,3-3-3-5,0.024314882866961034,0.975685117133039,3768
1,8,4,4,3-3-3-6,0.011774435587769522,0.9882255644122305,1888
1,8,4,4,3-3-3-7,0.0038363171355498722,0.9961636828644501,782
1,8,4,4,3-3-3-8,0.016908212560386472,0.9830917874396136,207
1,8,4,4,3-3-3-9,0.2413793103448276,0.7586206896551724,29
1,8,4,4,3-3-4-10,0.5,0.5,1
1,8,4,4,3-3-4-4,0.9320392947911277,0.0679607052088723,7433
1,8,4,4,3-3-4-5,0.0019015240112679665,0.998098475988732,11472
1,8,4,4,3-3-4-6,0.002608346709470305,0.9973916532905297,6230
1,8,4,4,3-3-4-7,0.0022185110707075672,0.9977814889292925,2379
1,8,4,4,3-3-4-8,0.0007668711656441718,0.9992331288343558,652
1,8,4,4,3-3-4-9,0.18072289156626506,0.8192771084337349,83
1,8,4,4,3-3-5-10,0.5,0.5,2
1,8,4,4,3-3-5-5,8.866820358219543e-05,0.9999113317964178,5639
1,8,4,4,3-3-5-6,0.0001584032947885316,0.9998415967052114,6313
1,8,4,4,3-3-5-7,0.000434593654932638,0.9995654063450674,2301
1,8,4,4,3-3-5-8,0.0030959752321981426,0.9969040247678018,646
1,8,4,4,3-3-5-9,0.05434782608695652,0.9456521739130435,92
1,8,4,4,3-3-6-10,0.5,0.5,3
1,8,4,4,3-3-6-6,0.0018335166850018336,0.9981664833149981,2727
1,8,4,4,3-3-6-7,0.002166377816291161,0.9978336221837089,2308
1,8,4,4,3-3-6-8,0.026339954544263886,0.9736600454557361,665
1,8,4,4,3-3-6-9,0.02197802197802198,0.978021978021978,91
1,8,4,4,3-3-7-10,0.5,0.5,3
1,8,4,4,3-3-7-7,0.0010449320794148381,0.9989550679205852,957
1,8,4,4,3-3-7-8,0.0015503875968992248,0.9984496124031008,645
1,8,4,4,3-3-7-9,0.0625,0.9375,80
1,8,4,4,3-3-8-10,0.5,0.5,1
1,8,4,4,3-3-8-8,0.014830508474576272,0.9851694915254238,236
1,8,4,4,3-3-8-9,0.02717391304347826,0.9728260869565217,92
1,8,4,4,3-3-9-10,0.5,0.5,2
1,8,4,4,3-3-9-9,0.09523809523809523,0.9047619047619048,21
1,8,4,4,3-4-4-10,0.5,0.5,3
1,8,4,4,3-4-4-4,0.8655632154203057,0.13443678457969438,4687
1,8,4,4,3-4-4-5,4.686474833630143e-05,0.9999531352516637,10669
1,8,4,4,3-4-4-6,0.0014800197335964479,0.9985199802664035,6081
1,8,4,4,3-4-4-7,0.0006284038542103058,0.9993715961457897,2387
1,8,4,4,3-4-4-8,0.014858841010401188,0.9851411589895989,673
1,8,4,4,3-4-4-9,0.02631578947368421,0.9736842105263158,95
1,8,4,4,3-4-5-10,0.5,0.5,6
1,8,4,4,3-4-5-5,0.009984455547364268,0.9900155444526356,10692
1,8,4,4,3-4-5-6,7.987220447284345e-05,0.9999201277955272,12520
1,8,4,4,3-4-5-7,0.00041245617653124357,0.9995875438234687,4849
1,8,4,4,3-4-5-8,0.004761904761904762,0.9952380952380953,1365
1,8,4,4,3-4-5-9,0.011904761904761904,0.9880952380952381,168
1,8,4,4,3-4-6-10,0.2,0.8,5
1,8,4,4,3-4-6-6,0.00284821756707093,0.9971517824329291,5442
1,8,4,4,3-4-6-7,0.0019824707846410683,0.9980175292153589,4792
1,8,4,4,3-4-6-8,0.0011811023622047244,0.9988188976377953,1270
1,8,4,4,3-4-6-9,0.00228310502283105,0.997716894977169,219
1,8,4,4,3-4-7-10,0.5,0.5,7
1,8,4,4,3-4-7-7,0.0015831134564643799,0.9984168865435357,1895
1,8,4,4,3-4-7-8,0.0023328149300155523,0.9976671850699844,1286
1,8,4,4,3-4-7-9,0.01015228426395939,0.9898477157360406,197
1,8,4,4,3-4-8-10,0.4375,0.5625,8
1,8,4,4,3-4-8-8,0.0032537960954446853,0.9967462039045553,461
1,8,4,4,3-4-8-9,0.06432748538011696,0.935672514619883,171
1,8,4,4,3-4-9-10,0.4375,0.5625,8
1,8,4,4,3-4-9-9,0.007142857142857143,0.9928571428571429,70
1,8,4,4,3-5-5-10,0.5,0.5,1
1,8,4,4,3-5-5-5,0.0011004126547455295,0.9988995873452545,3635
1,8,4,4,3-5-5-6,0.0010643523825118715,0.9989356476174881,6107
1,8,4,4,3-5-5-7,0.0008613264427217916,0.9991386735572783,2322
1,8,4,4,3-5-5-8,0.019245426829268292,0.9807545731707317,656
1,8,4,4,3-5-5-9,0.012195121951219513,0.9878048780487805,82
1,8,4,4,3-5-6-10,0.5,0.5,5
1,8,4,4,3-5-6-6,0.00019004180919802356,0.999809958190802,5262
1,8,4,4,3-5-6-7,0.0032345575959933223,0.9967654424040067,4792
1,8,4,4,3-5-6-8,0.005426356589147287,0.9945736434108527,1290
1,8,4,4,3-5-6-9,0.008021390374331552,0.9919786096256684,187
1,8,4,4,3-5-7-10,0.5,0.5,7
1,8,4,4,3-5-7-7,0.0038619979402677654,0.9961380020597322,1942
1,8,4,4,3-5-7-8,0.0027711797307996833,0.9972288202692003,1263
1,8,4,4,3-5-7-9,0.017341040462427744,0.9826589595375722,173
1,8,4,4,3-5-8-10,0.5,0.5,4
1,8,4,4,3-5-8-8,0.003067484662576687,0.9969325153374233,489
1,8,4,4,3-5-8-9,0.041025641025641026,0.958974358974359,195
1,8,4,4,3-5-9-9,0.017543859649122806,0.9824561403508771,57
1,8,4,4,3-6-6-6,0.006020469596628537,0.9939795304033715,1661
1,8,4,4,3-6-6-7,0.0022249190938511327,0.9977750809061489,2472
1,8,4,4,3-6-6-8,0.000794912559618442,0.9992050874403816,629
1,8,4,4,3-6-6-9,0.0872093023255814,0.9127906976744186,86
1,8,4,4,3-6-7-10,0.5,0.5,2
1,8,4,4,3-6-7-7,0.0010188487009679063,0.9989811512990321,1963
1,8,4,4,3-6-7-8,0.0007656967840735069,0.9992343032159265,1306
1,8,4,4,3-6-7-9,0.02030456852791878,0.9796954314720813,197
1,8,4,4,3-6-8-8,0.00851063829787234,0.9914893617021276,470
1,8,4,4,3-6-8-9,0.04106280193236715,0.9589371980676329,207
1,8,4,4,3-7-7-7,0.0017452006980802793,0.9982547993019197,573
1,8,4,4,3-7-7-8,0.005,0.995,600
1,8,4,4,3-7-7-9,0.013392857142857142,0.9866071428571429,112
1,8,4,4,3-7-8-8,0.008695652173913044,0.991304347826087,460
1,8,4,4,4-4-4-10,0.5,0.5,1
1,8,4,4,4-4-4-4,0.5670508116502242,0.43294918834977586,1105
1,8,4,4,4-4-4-5,0.0011490950876185005,0.9988509049123815,3481
1,8,4,4,4-4-4-6,0.06573222775560018,0.9342677722443998,1976
1,8,4,4,4-4-4-7,0.003826530612244898,0.9961734693877551,784
1,8,4,4,4-4-4-8,0.0691994051395672,0.9308005948604328,213
1,8,4,4,4-4-4-9,0.4117647058823529,0.5882352941176471,34
1,8,4,4,4-4-5-10,0.5,0.5,3
1,8,4,4,4-4-5-5,0.0015913663800987744,0.9984086336199013,5467
1,8,4,4,4-4-5-6,0.0006345527782375989,0.9993654472217625,6041
1,8,4,4,4-4-5-7,0.0004266211604095563,0.9995733788395904,2344
1,8,4,4,4-4-5-8,0.004497751124437781,0.9955022488755623,667
1,8,4,4,4-4-5-9,0.005434782608695652,0.9945652173913043,92
1,8,4,4,4-4-6-10,0.5,0.5,2
1,8,4,4,4-4-6-6,0.0005671077504725897,0.9994328922495274,2645
1,8,4,4,4-4-6-7,0.001736111111111111,0.9982638888888888,2304
1,8,4,4,4-4-6-8,0.002297090352220521,0.9977029096477795,653
1,8,4,4,4-4-6-9,0.0058823529411764705,0.9941176470588236,85
1,8,4,4,4-4-7-10,0.5,0.5,3
1,8,4,4,4-4-7-7,0.0009727626459143969,0.9990272373540856,1028
1,8,4,4,4-4-7-8,0.0016366612111292963,0.9983633387888707,611
1,8,4,4,4-4-7-9,0.2692307692307692,0.7307692307692307,91
1,8,4,4,4-4-8-10,0.1,0.9,5
1,8,4,4,4-4-8-8,0.00597609561752988,0.9940239043824701,251
1,8,4,4,4-4-8-9,0.026881720430107527,0.9731182795698925,93
1,8,4,4,4-4-9-9,0.38461538461538464,0.6153846153846154,13
1,8,4,4,4-5-5-10,0.5,0.5,2
1,8,4,4,4-5-5-5,0.002242152466367713,0.9977578475336323,3791
1,8,4,4,4-5-5-6,0.000474158368895211,0.9995258416311048,6327
1,8,4,4,4-5-5-7,0.014610043769609182,0.9853899562303907,2347
1,8,4,4,4-5-5-8,0.005833333333333334,0.9941666666666666,600
1,8,4,4,4-5-5-9,0.07608695652173914,0.9239130434782609,92
1,8,4,4,4-5-6-10,0.5,0.5,11
1,8,4,4,4-5-6-6,0.003627130939426913,0.9963728690605731,5514
1,8,4,4,4-5-6-7,0.00010519671786240269,0.9998948032821376,4753
1,8,4,4,4-5-6-8,0.0007535795026375283,0.9992464204973625,1327
1,8,4,4,4-5-6-9,0.03333333333333333,0.9666666666666667,195
1,8,4,4,4-5-7-10,0.5,0.5,6
1,8,4,4,4-5-7-7,0.002403846153846154,0.9975961538461539,1872
1,8,4,4,4-5-7-8,0.0003912363067292645,0.9996087636932708,1278
1,8,4,4,4-5-7-9,0.03783783783783784,0.9621621621621622,185
1,8,4,4,4-5-8-8,0.013541666666666667,0.9864583333333333,480
1,8,4,4,4-5-8-9,0.016216216216216217,0.9837837837837838,185
1,8,4,4,4-6-6-10,0.5,0.5,6
1,8,4,4,4-6-6-6,0.004383401519579193,0.9956165984804208,1711
1,8,4,4,4-6-6-7,0.0012836970474967907,0.9987163029525032,2337
1,8,4,4,4-6-6-8,0.00228310502283105,0.997716894977169,657
1,8,4,4,4-6-6-9,0.04245283018867924,0.9575471698113207,106
1,8,4,4,4-6-7-7,0.0030181086519114686,0.9969818913480886,1988
1,8,4,4,4-6-7-8,0.002380952380952381,0.9976190476190476,1260
1,8,4,4,4-6-7-9,0.1044776119402985,0.8955223880597015,201
1,8,4,4,4-6-8-8,0.0009225092250922509,0.9990774907749077,542
1,8,4,4,4-7-7-7,0.012411347517730497,0.9875886524822695,564
1,8,4,4,4-7-7-8,0.003703703703703704,0.9962962962962963,675
1,8,4,4,5-5-5-5,0.21068093456584142,0.7893190654341586,842
1,8,4,4,5-5-5-6,0.014452756837453543,0.9855472431625465,2093
1,8,4,4,5-5-5-7,0.005980861244019139,0.9940191387559809,836
1,8,4,4,5-5-5-8,0.02102803738317757,0.9789719626168224,214
1,8,4,4,5-5-5-9,0.011904761904761904,0.9880952380952381,42
1,8,4,4,5-5-6-10,0.5,0.5,8
1,8,4,4,5-5-6-6,0.0008887308922858159,0.9991112691077142,2813
1,8,4,4,5-5-6-7,0.0030198446937014668,0.9969801553062986,2318
1,8,4,4,5-5-6-8,0.0023112480739599386,0.99768875192604,649
1,8,4,4,5-5-6-9,0.044444444444444446,0.9555555555555556,90
1,8,4,4,5-5-7-7,0.001990049751243781,0.9980099502487563,1005
1,8,4,4,5-5-7-8,0.005434782608695652,0.9945652173913043,644
1,8,4,4,5-5-7-9,0.010869565217391304,0.9891304347826086,92
1,8,4,4,5-5-8-8,0.23170731707317074,0.7682926829268293,246
1,8,4,4,5-6-6-6,0.012518069992467172,0.9874819300075328,1713
1,8,4,4,5-6-6-7,0.005976916735366859,0.9940230832646332,2426
1,8,4,4,5-6-6-8,0.003676470588235294,0.9963235294117647,680
1,8,4,4,5-6-6-9,0.011764705882352941,0.9882352941176471,85
1,8,4,4,5-6-7-7,0.00586734693877551,0.9941326530612244,1960
1,8,4,4,5-6-7-8,0.007177033492822967,0.992822966507177,1254
1,8,4,4,5-7-7-7,0.03865546218487395,0.9613445378151261,595
1,8,4,4,6-6-6-6,0.01097560975609756,0.9890243902439024,410
1,8,4,4,6-6-6-7,0.0012804097311139564,0.998719590268886,781
1,8,4,4,6-6-6-8,0.06136363636363636,0.9386363636363636,220
1,8,4,4,6-6-7-7,0.01264591439688716,0.9873540856031129,1028
1,10,5,5,1-1-1-1,0.9980609418282549,0.0019390581717451524,7220
1,10,5,5,1-1-1-2,0.986803260857095,0.013196739142904998,19888
1,10,5,5,1-1-1-3,0.9969566488105713,0.0030433511894287406,11152
1,10,5,5,1-1-1-4,0.02510289976750127,0.9748971002324986,7030
1,10,5,5,1-1-1-5,0.04871160410972311,0.9512883958902769,4256
1,10,5,5,1-1-1-6,0.0002932551319648094,0.9997067448680352,1705
1,10,5,5,1-1-1-7,0.0031446540880503146,0.9968553459119497,477
1,10,5,5,1-1-1-8,0.057291666666666664,0.9427083333333334,96
1,10,5,5,1-1-1-9,0.1,0.9,10
1,10,5,5,1-1-2-2,0.9965213043969283,0.003478695603071671,26361
1,10,5,5,1-1-2-3,0.9958992470179578,0.004100752982042254,34097
1,10,5,5,1-1-2-4,0.6306317911942265,0.3693682088057735,19002
1,10,5,5,1-1-2-5,0.002725301958782848,0.9972746980412172,12850
1,10,5,5,1-1-2-6,0.0009918666931164452,0.9990081333068835,5041
1,10,5,5,1-1-2-7,0.00033852403520649965,0.9996614759647935,1477
1,10,5,5,1-1-2-8,0.001597444089456869,0.9984025559105432,313
1,10,5,5,1-1-2-9,0.0625,0.9375,32
1,10,5,5,1-1-3-3,0.9978155603823896,0.002184439617610405,14976
1,10,5,5,1-1-3-4,0.9863963003286185,0.013603699671381475,18910
1,10,5,5,1-1-3-5,3.8801800403538726e-05,0.9999611981995965,12886
1,10,5,5,1-1-3-6,0.009978680881390813,0.9900213191186092,5319
1,10,5,5,1-1-3-7,0.0035673543479395613,0.9964326456520605,1458
1,10,5,5,1-1-3-8,0.0017482517482517483,0.9982517482517482,286
1,10,5,5,1-1-3-9,0.06666666666666667,0.9333333333333333,30
1,10,5,5,1-1-4-10,0.5,0.5,1
1,10,5,5,1-1-4-4,0.00045501080650665453,0.9995449891934933,8791
1,10,5,5,1-1-4-5,0.00022536444650491936,0.9997746355534951,12942
1,10,5,5,1-1-4-6,0.0004768262445164982,0.9995231737554835,5243
1,10,5,5,1-1-4-7,0.00032133676092544985,0.9996786632390745,1556
1,10,5,5,1-1-4-8,0.001524390243902439,0.9984756097560976,328
1,10,5,5,1-1-4-9,0.22058823529411764,0.7794117647058824,34
1,10,5,5,1-1-5-5,0.0006979584714709475,0.9993020415285291,5731
1,10,5,5,1-1-5-6,0.0005961844197138314,0.9994038155802861,5032
1,10,5,5,1-1-5-7,0.00032278889606197545,0.999677211103938,1549
1,10,5,5,1-1-5-8,0.0016181229773462784,0.9983818770226537,309
1,10,5,5,1-1-5-9,0.04,0.96,25
1,10,5,5,1-1-6-6,0.00042064450053037785,0.9995793554994696,2103
1,10,5,5,1-1-6-7,0.0009861932938856016,0.9990138067061144,1521
1,10,5,5,1-1-6-8,0.0015772870662460567,0.998422712933754,317
1,10,5,5,1-1-6-9,0.018518518518518517,0.9814814814814815,27
1,10,5,5,1-1-7-7,0.0033277870216306157,0.9966722129783694,601
1,10,5,5,1-1-7-8,0.0016666666666666668,0.9983333333333333,300
1,10,5,5,1-1-7-9,0.5555555555555556,0.4444444444444444,18
1,10,5,5,1-1-8-8,0.020833333333333332,0.9791666666666666,96
1,10,5,5,1-1-8-9,0.02,0.98,25
1,10,5,5,1-1-9-10,0.5,0.5,1
1,10,5,5,1-1-9-9,0.21428571428571427,0.7857142857142857,7
1,10,5,5,1-2-2-10,0.5,0.5,1
1,10,5,5,1-2-2-2,0.9993343268753104,0.0006656731246895185,16775
1,10,5,5,1-2-2-3,0.9948421144594428,0.005157885540557284,33523
1,10,5,5,1-2-2-4,0.08319165852022403,0.9168083414797759,18716
1,10,5,5,1-2-2-5,0.00047154982709839675,0.9995284501729016,12724
1,10,5,5,1-2-2-6,0.000791765637371338,0.9992082343626286,5052
1,10,5,5,1-2-2-7,0.0006688963210702341,0.9993311036789297,1495
1,10,5,5,1-2-2-8,0.001557632398753894,0.9984423676012462,321
1,10,5,5,1-2-2-9,0.3541666666666667,0.6458333333333334,24
1,10,5,5,1-2-3-10,0.5,0.5,1
1,10,5,5,1-2-3-3,0.9990462256960209,0.0009537743039791178,30287
1,10,5,5,1-2-3-4,0.8919970780445559,0.10800292195544417,37496
1,10,5,5,1-2-3-5,0.0010141181149333864,0.9989858818850667,25145
1,10,5,5,1-2-3-6,0.00014563106796116506,0.9998543689320388,10300
1,10,5,5,1-2-3-7,0.0013364517206815904,0.9986635482793184,2993
1,10,5,5,1-2-3-8,0.0016722408026755853,0.9983277591973244,598
1,10,5,5,1-2-3-9,0.12037037037037036,0.8796296296296297,54
1,10,5,5,1-2-4-10,0.5,0.5,1
1,10,5,5,1-2-4-4,0.04063920180041878,0.9593607981995812,17057
1,10,5,5,1-2-4-5,0.00038738668939335244,0.9996126133106067,25814
1,10,5,5,1-2-4-6,0.000430828147438966,0.999569171852561,10445
1,10,5,5,1-2-4-7,0.0003281916639317361,0.9996718083360683,3047
1,10,5,5,1-2-4-8,0.0017605633802816902,0.9982394366197183,568
1,10,5,5,1-2-4-9,0.03571428571428571,0.9642857142857143,56
1,10,5,5,1-2-5-10,0.5,0.5,1
1,10,5,5,1-2-5-5,0.004404675520640204,0.9955953244793597,11283
1,10,5,5,1-2-5-6,4.905327185323261e-05,0.9999509467281468,10193
1,10,5,5,1-2-5-7,0.0017966389807545042,0.9982033610192456,3047
1,10,5,5,1-2-5-8,0.009041591320072333,0.9909584086799277,553
1,10,5,5,1-2-5-9,0.02459016393442623,0.9754098360655737,61
1,10,5,5,1-2-6-10,0.5,0.5,1
1,10,5,5,1-2-6-6,0.0005847953216374269,0.9994152046783625,4275
1,10,5,5,1-2-6-7,0.00016644474034620507,0.9998335552596538,3004
1,10,5,5,1-2-6-8,0.005,0.995,600
1,10,5,5,1-2-6-9,0.05128205128205128,0.9487179487179487,39
1,10,5,5,1-2-7-10,0.5,0.5,1
1,10,5,5,1-2-7-7,0.00044169611307420494,0.9995583038869258,1132
1,10,5,5,1-2-7-8,0.0008064516129032258,0.9991935483870967,620
1,10,5,5,1-2-7-9,0.10714285714285714,0.8928571428571429,42
1,10,5,5,1-2-8-8,0.002336448598130841,0.9976635514018691,214
1,10,5,5,1-2-8-9,0.03508771929824561,0.9649122807017544,57
1,10,5,5,1-2-9-9,0.16666666666666666,0.8333333333333334,9
1,10,5,5,1-3-3-3,0.9850936757571135,0.014906324242886486,9647
1,10,5,5,1-3-3-4,0.9628579856559181,0.037142014344082,18550
1,10,5,5,1-3-3-5,0.0015678902275643148,0.9984321097724357,12390
1,10,5,5,1-3-3-6,0.0026706827309236954,0.9973293172690763,4980
1,10,5,5,1-3-3-7,0.0006464124111182935,0.9993535875888817,1547
1,10,5,5,1-3-3-8,0.005084745762711864,0.9949152542372881,295
1,10,5,5,1-3-3-9,0.014705882352941176,0.9852941176470589,34
1,10,5,5,1-3-4-4,0.0005999160117583539,0.9994000839882416,16669
1,10,5,5,1-3-4-5,0.0039939166270720845,0.9960060833729278,24583
1,10,5,5,1-3-4-6,4.828118964851294e-05,0.9999517188103515,10356
1,10,5,5,1-3-4-7,0.0016490765171503958,0.9983509234828496,3032
1,10,5,5,1-3-4-8,0.001694915254237288,0.9983050847457627,590
1,10,5,5,1-3-4-9,0.00909090909090909,0.990909090909091,55
1,10,5,5,1-3-5-5,0.00018183471224656787,0.9998181652877535,10999
1,10,5,5,1-3-5-6,0.00024278916189181314,0.9997572108381082,10297
1,10,5,5,1-3-5-7,0.00033211557622052476,0.9996678844237795,3011
1,10,5,5,1-3-5-8,0.022066458982346847,0.9779335410176532,642
1,10,5,5,1-3-5-9,0.041666666666666664,0.9583333333333334,48
1,10,5,5,1-3-6-10,0.5,0.5,1
1,10,5,5,1-3-6-6,0.0016248839368616526,0.9983751160631383,4308
1,10,5,5,1-3-6-7,0.00017053206002728513,0.9998294679399727,2932
1,10,5,5,1-3-6-8,0.0016129032258064516,0.9983870967741936,620
1,10,5,5,1-3-6-9,0.007575757575757576,0.9924242424242424,66
1,10,5,5,1-3-7-7,0.004409171075837741,0.9955908289241623,1134
1,10,5,5,1-3-7-8,0.006923076923076923,0.9930769230769231,650
1,10,5,5,1-3-7-9,0.019230769230769232,0.9807692307692307,52
1,10,5,5,1-3-8-10,0.5,0.5,1
1,10,5,5,1-3-8-8,0.007317073170731708,0.9926829268292683,205
1,10,5,5,1-3-8-9,0.04,0.96,50
1,10,5,5,1-3-9-9,0.027777777777777776,0.9722222222222222,18
1,10,5,5,1-4-4-10,0.5,0.5,1
1,10,5,5,1-4-4-4,0.00664298704090943,0.9933570129590906,5532
1,10,5,5,1-4-4-5,0.0036455355974548713,0.996354464402545,11842
1,10,5,5,1-4-4-6,0.000827953971372439,0.9991720460286276,5090
1,10,5,5,1-4-4-7,0.0024104683195592287,0.9975895316804407,1452
1,10,5,5,1-4-4-8,0.019543973941368076,0.9804560260586319,307
1,10,5,5,1-4-4-9,0.2,0.8,30
1,10,5,5,1-4-5-5,4.4988303041209284e-05,0.9999550116969588,11114
1,10,5,5,1-4-5-6,0.0002941753284957835,0.9997058246715043,10198
1,10,5,5,1-4-5-7,0.0003380662609871535,0.9996619337390128,2958
1,10,5,5,1-4-5-8,0.011627906976744186,0.9883720930232558,602
1,10,5,5,1-4-5-9,0.05357142857142857,0.9464285714285714,56
1,10,5,5,1-4-6-6,0.0017470300489168414,0.9982529699510831,4293
1,10,5,5,1-4-6-7,0.00016920473773265651,0.9998307952622674,2955
1,10,5,5,1-4-6-8,0.0008090614886731392,0.9991909385113269,618
1,10,5,5,1-4-6-9,0.00847457627118644,0.9915254237288136,59
1,10,5,5,1-4-7-7,0.0021168501270110076,0.997883149872989,1181
1,10,5,5,1-4-7-8,0.004966887417218543,0.9950331125827815,604
1,10,5,5,1-4-7-9,0.009615384615384616,0.9903846153846154,52
1,10,5,5,1-4-8-10,0.5,0.5,1
1,10,5,5,1-4-8-8,0.04433497536945813,0.9556650246305419,203
1,10,5,5,1-4-8-9,0.12727272727272726,0.8727272727272727,55
1,10,5,5,1-4-9-10,0.5,0.5,1
1,10,5,5,1-4-9-9,0.08333333333333333,0.9166666666666666,18
1,10,5,5,1-5-5-10,0.5,0.5,1
1,10,5,5,1-5-5-5,0.0019179699026261434,0.9980820300973738,3389
1,10,5,5,1-5-5-6,0.0003798670465337132,0.9996201329534663,5265
1,10,5,5,1-5-5-7,0.00224791265253693,0.9977520873474631,1557
1,10,5,5,1-5-5-8,0.004918032786885246,0.9950819672131147,305
1,10,5,5,1-5-5-9,0.18181818181818182,0.8181818181818182,22
1,10,5,5,1-5-6-10,0.5,0.5,1
1,10,5,5,1-5-6-6,0.0002346866932644919,0.9997653133067355,4261
1,10,5,5,1-5-6-7,0.0018121911037891271,0.9981878088962108,3035
1,10,5,5,1-5-6-8,0.008960573476702509,0.9910394265232975,558
1,10,5,5,1-5-6-9,0.016129032258064516,0.9838709677419355,62
1,10,5,5,1-5-7-7,0.001266891891891892,0.9987331081081081,1184
1,10,5,5,1-5-7-8,0.0017543859649122807,0.9982456140350877,570
1,10,5,5,1-5-7-9,0.017543859649122806,0.9824561403508771,57
1,10,5,5,1-5-8-8,0.009708737864077669,0.9902912621359223,206
1,10,5,5,1-5-8-9,0.031746031746031744,0.9682539682539683,63
1,10,5,5,1-5-9-9,0.5,0.5,11
1,10,5,5,1-6-6-6,0.0031520882584712374,0.9968479117415288,1269
1,10,5,5,1-6-6-7,0.01201923076923077,0.9879807692307693,1456
1,10,5,5,1-6-6-8,0.006688963210702341,0.9933110367892977,299
1,10,5,5,1-6-6-9,0.03333333333333333,0.9666666666666667,30
1,10,5,5,1-6-7-10,0.5,0.5,1
1,10,5,5,1-6-7-7,0.001288659793814433,0.9987113402061856,1164
1,10,5,5,1-6-7-8,0.0008264462809917355,0.9991735537190083,605
1,10,5,5,1-6-7-9,0.038461538461538464,0.9615384615384616,52
1,10,5,5,1-6-8-10,0.5,0.5,1
1,10,5,5,1-6-8-8,0.0748663101604278,0.9251336898395722,187
1,10,5,5,1-6-8-9,0.03333333333333333,0.9666666666666667,60
1,10,5,5,1-6-9-10,0.5,0.5,1
1,10,5,5,1-6-9-9,0.5,0.5,7
1,10,5,5,1-7-7-7,0.014492753623188406,0.9855072463768116,345
1,10,5,5,1-7-7-8,0.039711191335740074,0.9602888086642599,277
1,10,5,5,1-7-7-9,0.06944444444444445,0.9305555555555556,36
1,10,5,5,1-7-8-8,0.009433962264150943,0.9905660377358491,212
1,10,5,5,1-7-8-9,0.03636363636363636,0.9636363636363636,55
1,10,5,5,1-7-9-9,0.23076923076923078,0.7692307692307693,13
1,10,5,5,1-8-8-8,0.12280701754385964,0.8771929824561403,57
1,10,5,5,1-8-8-9,0.16176470588235295,0.8382352941176471,34
1,10,5,5,2-2-2-2,0.9997616777883699,0.00023832221163012392,4196
1,10,5,5,2-2-2-3,0.9997034201808578,0.00029657981914226877,11169
1,10,5,5,2-2-2-4,0.9309374747313356,0.06906252526866435,6340
1,10,5,5,2-2-2-5,0.013039841260987952,0.986960158739012,4427
1,10,5,5,2-2-2-6,0.015768017563880122,0.9842319824361199,1690
1,10,5,5,2-2-2-7,0.001834862385321101,0.998165137614679,545
1,10,5,5,2-2-2-8,0.0297029702970297,0.9702970297029703,101
1,10,5,5,2-2-2-9,0.08333333333333333,0.9166666666666666,12
1,10,5,5,2-2-3-3,0.9899819934214672,0.010018006578532785,15141
1,10,5,5,2-2-3-4,0.7005127197168762,0.2994872802831239,18752
1,10,5,5,2-2-3-5,0.0006103515625,0.9993896484375,12288
1,10,5,5,2-2-3-6,0.002268280382024124,0.9977317196179759,5070
1,10,5,5,2-2-3-7,0.000981675392670157,0.9990183246073299,1528
1,10,5,5,2-2-3-8,0.016835016835016835,0.9831649831649831,297
1,10,5,5,2-2-3-9,0.027777777777777776,0.9722222222222222,18
1,10,5,5,2-2-4-4,0.19851035917198612,0.8014896408280139,8498
1,10,5,5,2-2-4-5,4.0973531098910105e-05,0.9999590264689011,12203
1,10,5,5,2-2-4-6,0.001115671203255514,0.9988843287967444,5178
1,10,5,5,2-2-4-7,0.004016064257028112,0.9959839357429718,1494
1,10,5,5,2-2-4-8,0.0015625,0.9984375,320
1,10,5,5,2-2-4-9,0.0625,0.9375,24
1,10,5,5,2-2-5-5,0.0010154952882709945,0.9989845047117291,5631
1,10,5,5,2-2-5-6,0.000689383494189482,0.9993106165058105,5077
1,10,5,5,2-2-5-7,0.0029840848806366046,0.9970159151193634,1508
1,10,5,5,2-2-5-8,0.0033333333333333335,0.9966666666666667,300
1,10,5,5,2-2-5-9,0.0625,0.9375,24
1,10,5,5,2-2-6-6,0.008262511803588292,0.9917374881964117,2118
1,10,5,5,2-2-6-7,0.0003295978905735003,0.9996704021094265,1517
1,10,5,5,2-2-6-8,0.006666666666666667,0.9933333333333333,300
1,10,5,5,2-2-6-9,0.03260869565217391,0.967391304347826,46
1,10,5,5,2-2-7-7,0.0038022813688212928,0.9961977186311787,526
1,10,5,5,2-2-7-8,0.006779661016949152,0.9932203389830508,295
1,10,5,5,2-2-7-9,0.12857142857142856,0.8714285714285714,35
1,10,5,5,2-2-8-10,0.5,0.5,1
1,10,5,5,2-2-8-8,0.016129032258064516,0.9838709677419355,93
1,10,5,5,2-2-8-9,0.11538461538461539,0.8846153846153846,26
1,10,5,5,2-2-9-10,0.5,0.5,1
1,10,5,5,2-2-9-9,0.08333333333333333,0.9166666666666666,6
1,10,5,5,2-3-3-10,0.5,0.5,2
1,10,5,5,2-3-3-3,0.9949777323227873,0.005022267677212738,9442
1,10,5,5,2-3-3-4,0.915760758615597,0.08423924138440306,18667
1,10,5,5,2-3-3-5,0.0005740057400574006,0.9994259942599426,12195
1,10,5,5,2-3-3-6,0.0007855459544383347,0.9992144540455616,5092
1,10,5,5,2-3-3-7,0.0003205128205128205,0.9996794871794872,1560
1,10,5,5,2-3-3-8,0.013678328474246843,0.9863216715257532,294
1,10,5,5,2-3-3-9,0.13043478260869565,0.8695652173913043,23
1,10,5,5,2-3-4-4,0.5716487745101669,0.428351225489833,16736
1,10,5,5,2-3-4-5,8e-05,0.99992,25000
1,10,5,5,2-3-4-6,0.0002871088142405972,0.9997128911857595,10449
1,10,5,5,2-3-4-7,0.00016666666666666666,0.9998333333333334,3000
1,10,5,5,2-3-4-8,0.006968641114982578,0.9930313588850174,574
1,10,5,5,2-3-4-9,0.03333333333333333,0.9666666666666667,60
1,10,5,5,2-3-5-10,0.5,0.5,1
1,10,5,5,2-3-5-5,0.0002720101550457884,0.9997279898449543,11029
1,10,5,5,2-3-5-6,0.0002447620912473076,0.9997552379087526,10214
1,10,5,5,2-3-5-7,0.0003201024327784891,0.9996798975672215,3124
1,10,5,5,2-3-5-8,0.01694915254237288,0.9830508474576272,590
1,10,5,5,2-3-5-9,0.07291666666666667,0.9270833333333334,48
1,10,5,5,2-3-6-10,0.5,0.5,2
1,10,5,5,2-3-6-6,0.0007175316909830184,0.999282468309017,4181
1,10,5,5,2-3-6-7,0.001658374792703151,0.9983416252072969,3015
1,10,5,5,2-3-6-8,0.0026362038664323375,0.9973637961335676,569
1,10,5,5,2-3-6-9,0.06666666666666667,0.9333333333333333,60
1,10,5,5,2-3-7-7,0.005301794453507341,0.9946982055464927,1226
1,10,5,5,2-3-7-8,0.0025210084033613447,0.9974789915966387,595
1,10,5,5,2-3-7-9,0.08333333333333333,0.9166666666666666,72
1,10,5,5,2-3-8-8,0.0024875621890547263,0.9975124378109452,201
1,10,5,5,2-3-8-9,0.14814814814814814,0.8518518518518519,54
1,10,5,5,2-3-9-9,0.07692307692307693,0.9230769230769231,13
1,10,5,5,2-4-4-4,0.022519863698366175,0.9774801363016339,5395
1,10,5,5,2-4-4-5,0.0005518121065912433,0.9994481878934087,12021
1,10,5,5,2-4-4-6,0.00039580447259054025,0.9996041955274094,5053
1,10,5,5,2-4-4-7,0.0006514657980456026,0.9993485342019544,1535
1,10,5,5,2-4-4-8,0.0035971223021582736,0.9964028776978417,278
1,10,5,5,2-4-4-9,0.1,0.9,30
1,10,5,5,2-4-5-5,0.0014413695227958134,0.9985586304772042,11274
1,10,5,5,2-4-5-6,0.0004823461315840247,0.999517653868416,10366
1,10,5,5,2-4-5-7,0.0016291951775822744,0.9983708048224177,3069
1,10,5,5,2-4-5-8,0.0069124423963133645,0.9930875576036866,651
1,10,5,5,2-4-5-9,0.2558139534883721,0.7441860465116279,43
1,10,5,5,2-4-6-10,0.5,0.5,2
1,10,5,5,2-4-6-6,0.00011978917105893628,0.9998802108289411,4174
1,10,5,5,2-4-6-7,0.0025,0.9975,3000
1,10,5,5,2-4-6-8,0.0008650519031141869,0.9991349480968859,578
1,10,5,5,2-4-6-9,0.03076923076923077,0.9692307692307692,65
1,10,5,5,2-4-7-7,0.0012067578439259854,0.998793242156074,1243
1,10,5,5,2-4-7-8,0.0017331022530329288,0.9982668977469671,577
1,10,5,5,2-4-7-9,0.09259259259259259,0.9074074074074074,54
1,10,5,5,2-4-8-10,0.5,0.5,2
1,10,5,5,2-4-8-8,0.014705882352941176,0.9852941176470589,204
1,10,5,5,2-4-8-9,0.041666666666666664,0.9583333333333334,60
1,10,5,5,2-4-9-10,0.16666666666666666,0.8333333333333334,3
1,10,5,5,2-4-9-9,0.1388888888888889,0.8611111111111112,18
1,10,5,5,2-5-5-5,0.0007411799584939224,0.9992588200415061,3373
1,10,5,5,2-5-5-6,0.00759626457948731,0.9924037354205127,5215
1,10,5,5,2-5-5-7,0.005795235028976175,0.9942047649710238,1553
1,10,5,5,2-5-5-8,0.030249110320284697,0.9697508896797153,281
1,10,5,5,2-5-5-9,0.04054054054054054,0.9594594594594594,37
1,10,5,5,2-5-6-6,0.00035680304471931494,0.9996431969552807,4204
1,10,5,5,2-5-6-7,0.0009884678747940692,0.9990115321252059,3035
1,10,5,5,2-5-6-8,0.0137221269296741,0.9862778730703259,583
1,10,5,5,2-5-6-9,0.07407407407407407,0.9259259259259259,54
1,10,5,5,2-5-7-7,0.014096916299559472,0.9859030837004406,1135
1,10,5,5,2-5-7-8,0.0008561643835616438,0.9991438356164384,584
1,10,5,5,2-5-7-9,0.10909090909090909,0.8909090909090909,55
1,10,5,5,2-5-8-10,0.5,0.5,1
1,10,5,5,2-5-8-8,0.02511415525114155,0.9748858447488584,219
1,10,5,5,2-5-8-9,0.025423728813559324,0.9745762711864406,59
1,10,5,5,2-5-9-9,0.125,0.875,12
1,10,5,5,2-6-6-6,0.0018968133535660092,0.9981031866464339,1318
1,10,5,5,2-6-6-7,0.0010309278350515464,0.9989690721649485,1455
1,10,5,5,2-6-6-8,0.012727272727272728,0.9872727272727273,275
1,10,5,5,2-6-6-9,0.44,0.56,25
1,10,5,5,2-6-7-7,0.01206896551724138,0.9879310344827587,1160
1,10,5,5,2-6-7-8,0.002377179080824089,0.9976228209191759,631
1,10,5,5,2-6-7-9,0.17272727272727273,0.8272727272727273,55
1,10,5,5,2-6-8-10,0.5,0.5,1
1,10,5,5,2-6-8-8,0.012626262626262626,0.9873737373737373,198
1,10,5,5,2-6-8-9,0.0392156862745098,0.9607843137254902,51
1,10,5,5,2-6-9-9,0.038461538461538464,0.9615384615384616,13
1,10,5,5,2-7-7-7,0.028391167192429023,0.9716088328075709,317
1,10,5,5,2-7-7-8,0.03389830508474576,0.9661016949152542,295
1,10,5,5,2-7-7-9,0.04285714285714286,0.9571428571428572,35
1,10,5,5,2-7-8-8,0.021844660194174758,0.9781553398058253,206
1,10,5,5,2-7-8-9,0.038461538461538464,0.9615384615384616,52
1,10,5,5,2-8-8-8,0.375,0.625,44
1,10,5,5,3-3-3-3,0.9957003352281008,0.00429966477189914,2287
1,10,5,5,3-3-3-4,0.9583527738449891,0.041647226155010944,6150
1,10,5,5,3-3-3-5,0.0008896797153024911,0.9991103202846975,3934
1,10,5,5,3-3-3-6,0.0006329113924050633,0.9993670886075949,1580
1,10,5,5,3-3-3-7,0.027803698438472017,0.9721963015615279,524
1,10,5,5,3-3-3-8,0.025252525252525252,0.9747474747474747,99
1,10,5,5,3-3-3-9,0.5,0.5,6
1,10,5,5,3-3-4-4,0.6849562480814539,0.315043751918546,8219
1,10,5,5,3-3-4-5,0.0002082986168971838,0.9997917013831028,12002
1,10,5,5,3-3-4-6,0.00248683440608543,0.9975131655939146,5127
1,10,5,5,3-3-4-7,0.030445654932345877,0.969554345067654,1480
1,10,5,5,3-3-4-8,0.009868421052631578,0.9901315789473685,304
1,10,5,5,3-3-4-9,0.5,0.5,20
1,10,5,5,3-3-5-5,0.00036603221083455345,0.9996339677891655,5464
1,10,5,5,3-3-5-6,0.0003972983710766786,0.9996027016289233,5034
1,10,5,5,3-3-5-7,0.0003348961821835231,0.9996651038178165,1493
1,10,5,5,3-3-5-8,0.004629629629629629,0.9953703703703703,324
1,10,5,5,3-3-5-9,0.06521739130434782,0.9347826086956522,23
1,10,5,5,3-3-6-6,0.0023062730627306273,0.9976937269372693,2168
1,10,5,5,3-3-6-7,0.0006891798759476223,0.9993108201240524,1451
1,10,5,5,3-3-6-8,0.07894736842105263,0.9210526315789473,285
1,10,5,5,3-3-6-9,0.06521739130434782,0.9347826086956522,23
1,10,5,5,3-3-7-10,0.5,0.5,1
1,10,5,5,3-3-7-7,0.0008561643835616438,0.9991438356164384,584
1,10,5,5,3-3-7-8,0.0017730496453900709,0.99822695035461,282
1,10,5,5,3-3-7-9,0.04,0.96,25
1,10,5,5,3-3-8-8,0.02702702702702703,0.972972972972973,111
1,10,5,5,3-3-8-9,0.017857142857142856,0.9821428571428571,28
1,10,5,5,3-3-9-9,0.125,0.875,4
1,10,5,5,3-4-4-10,0.5,0.5,1
1,10,5,5,3-4-4-4,0.15131825770876456,0.8486817422912354,5150
1,10,5,5,3-4-4-5,4.347070074769605e-05,0.9999565292992523,11502
1,10,5,5,3-4-4-6,0.0013005202080832333,0.9986994797919168,4998
1,10,5,5,3-4-4-7,0.0006402048655569782,0.9993597951344431,1562
1,10,5,5,3-4-4-8,0.06386292834890965,0.9361370716510904,321
1,10,5,5,3-4-4-9,0.20689655172413793,0.7931034482758621,29
1,10,5,5,3-4-5-5,0.002703429919813178,0.9972965700801868,10712
1,10,5,5,3-4-5-6,0.0005298651252408478,0.9994701348747591,10380
1,10,5,5,3-4-5-7,0.0020026702269692926,0.9979973297730307,2996
1,10,5,5,3-4-5-8,0.0046439628482972135,0.9953560371517027,646
1,10,5,5,3-4-5-9,0.00909090909090909,0.990909090909091,55
1,10,5,5,3-4-6-10,0.5,0.5,3
1,10,5,5,3-4-6-6,0.0016532829475673122,0.9983467170524327,4234
1,10,5,5,3-4-6-7,0.0012857602057216328,0.9987142397942783,3111
1,10,5,5,3-4-6-8,0.011111111111111112,0.9888888888888889,630
1,10,5,5,3-4-6-9,0.16666666666666666,0.8333333333333334,60
1,10,5,5,3-4-7-7,0.0004233700254022015,0.9995766299745978,1181
1,10,5,5,3-4-7-8,0.0025684931506849314,0.997431506849315,584
1,10,5,5,3-4-7-9,0.12962962962962962,0.8703703703703703,54
1,10,5,5,3-4-8-10,0.5,0.5,1
1,10,5,5,3-4-8-8,0.017167381974248927,0.9828326180257511,233
1,10,5,5,3-4-8-9,0.05,0.95,50
1,10,5,5,3-4-9-10,0.5,0.5,1
1,10,5,5,3-4-9-9,0.3125,0.6875,16
1,10,5,5,3-5-5-5,0.00043782837127845885,0.9995621716287215,3426
1,10,5,5,3-5-5-6,0.00019696671262556627,0.9998030332873744,5077
1,10,5,5,3-5-5-7,0.000663129973474801,0.9993368700265252,1508
1,10,5,5,3-5-5-8,0.010309278350515464,0.9896907216494846,291
1,10,5,5,3-5-5-9,0.16129032258064516,0.8387096774193549,31
1,10,5,5,3-5-6-6,0.001912960306073649,0.9980870396939263,4182
1,10,5,5,3-5-6-7,0.0043788517677586765,0.9956211482322413,3083
1,10,5,5,3-5-6-8,0.025535420098846788,0.9744645799011532,607
1,10,5,5,3-5-6-9,0.08,0.92,50
1,10,5,5,3-5-7-7,0.005838198498748957,0.994161801501251,1199
1,10,5,5,3-5-7-8,0.0017793594306049821,0.998220640569395,562
1,10,5,5,3-5-7-9,0.03125,0.96875,48
1,10,5,5,3-5-8-10,0.5,0.5,1
1,10,5,5,3-5-8-8,0.007425742574257425,0.9925742574257426,202
1,10,5,5,3-5-8-9,0.03,0.97,50
1,10,5,5,3-5-9-9,0.5,0.5,10
1,10,5,5,3-6-6-10,0.5,0.5,2
1,10,5,5,3-6-6-6,0.004300234558248631,0.9956997654417513,1279
1,10,5,5,3-6-6-7,0.005765534913516977,0.994234465086483,1561
1,10,5,5,3-6-6-8,0.03806228373702422,0.9619377162629758,289
1,10,5,5,3-6-6-9,0.39705882352941174,0.6029411764705882,34
1,10,5,5,3-6-7-10,0.5,0.5,1
1,10,5,5,3-6-7-7,0.028558875219683654,0.9714411247803163,1138
1,10,5,5,3-6-7-8,0.037953795379537955,0.9620462046204621,606
1,10,5,5,3-6-7-9,0.09821428571428571,0.9017857142857143,56
1,10,5,5,3-6-8-8,0.010101010101010102,0.98989898989899,198
1,10,5,5,3-6-8-9,0.17,0.83,50
1,10,5,5,3-7-7-7,0.03058103975535168,0.9694189602446484,327
1,10,5,5,3-7-7-8,0.0050335570469798654,0.9949664429530202,298
1,10,5,5,3-7-7-9,0.5,0.5,26
1,10,5,5,3-7-8-8,0.004901960784313725,0.9950980392156863,204
1,10,5,5,4-4-4-4,0.8238476573843394,0.17615234261566048,1314
1,10,5,5,4-4-4-5,0.0035856573705179283,0.996414342629482,3765
1,10,5,5,4-4-4-6,0.0021432945499081446,0.9978567054500919,1633
1,10,5,5,4-4-4-7,0.002982107355864811,0.9970178926441352,503
1,10,5,5,4-4-4-8,0.07291666666666667,0.9270833333333334,96
1,10,5,5,4-4-4-9,0.5,0.5,5
1,10,5,5,4-4-5-10,0.5,0.5,1
1,10,5,5,4-4-5-5,0.0016489556614144375,0.9983510443385856,5458
1,10,5,5,4-4-5-6,0.0004888541259288229,0.9995111458740712,5114
1,10,5,5,4-4-5-7,0.0006666666666666666,0.9993333333333333,1500
1,10,5,5,4-4-5-8,0.005154639175257732,0.9948453608247423,291
1,10,5,5,4-4-5-9,0.015625,0.984375,32
1,10,5,5,4-4-6-6,0.0012007684918347744,0.9987992315081652,2082
1,10,5,5,4-4-6-7,0.0023240371845949536,0.997675962815405,1506
1,10,5,5,4-4-6-8,0.04377104377104377,0.9562289562289562,297
1,10,5,5,4-4-6-9,0.5,0.5,23
1,10,5,5,4-4-7-7,0.021927739481816002,0.978072260518184,601
1,10,5,5,4-4-7-8,0.01129032258064516,0.9887096774193549,310
1,10,5,5,4-4-7-9,0.28846153846153844,0.7115384615384616,26
1,10,5,5,4-4-8-10,0.5,0.5,1
1,10,5,5,4-4-8-8,0.005154639175257732,0.9948453608247423,97
1,10,5,5,4-4-8-9,0.4523809523809524,0.5476190476190477,21
1,10,5,5,4-4-9-9,0.25,0.75,8
1,10,5,5,4-5-5-5,0.006656169481820785,0.9933438305181792,3493
1,10,5,5,4-5-5-6,0.0050009710623422025,0.9949990289376578,5149
1,10,5,5,4-5-5-7,0.0006706908115358819,0.9993293091884641,1491
1,10,5,5,4-5-5-8,0.06333333333333334,0.9366666666666666,300
1,10,5,5,4-5-5-9,0.5,0.5,28
1,10,5,5,4-5-6-10,0.5,0.5,1
1,10,5,5,4-5-6-6,0.0033752327746741154,0.9966247672253259,4296
1,10,5,5,4-5-6-7,0.003940886699507389,0.9960591133004926,3045
1,10,5,5,4-5-6-8,0.004893964110929853,0.9951060358890701,613
1,10,5,5,4-5-6-9,0.042682926829268296,0.9573170731707317,82
1,10,5,5,4-5-7-7,0.009005145797598629,0.9909948542024014,1166
1,10,5,5,4-5-7-8,0.0061403508771929825,0.993859649122807,570
1,10,5,5,4-5-7-9,0.5,0.5,52
1,10,5,5,4-5-8-8,0.09953703703703703,0.9004629629629629,216
1,10,5,5,4-5-8-9,0.02727272727272727,0.9727272727272728,55
1,10,5,5,4-6-6-10,0.5,0.5,1
1,10,5,5,4-6-6-6,0.004185692541856925,0.995814307458143,1314
1,10,5,5,4-6-6-7,0.014098360655737704,0.9859016393442623,1525
1,10,5,5,4-6-6-8,0.04672897196261682,0.9532710280373832,321
1,10,5,5,4-6-6-9,0.08620689655172414,0.9137931034482759,29
1,10,5,5,4-6-7-7,0.003352891869237217,0.9966471081307627,1193
1,10,5,5,4-6-7-8,0.03177257525083612,0.9682274247491639,598
1,10,5,5,4-6-7-9,0.1746987951807229,0.8253012048192772,83
1,10,5,5,4-6-8-8,0.08502024291497975,0.9149797570850202,247
1,10,5,5,4-7-7-7,0.0770440251572327,0.9229559748427673,318
1,10,5,5,4-7-7-8,0.0015290519877675841,0.9984709480122325,327
1,10,5,5,5-5-5-5,0.009305210918114143,0.9906947890818859,806
1,10,5,5,5-5-5-6,0.002586206896551724,0.9974137931034482,1740
1,10,5,5,5-5-5-7,0.046351084812623275,0.9536489151873767,507
1,10,5,5,5-5-5-8,0.20833333333333334,0.7916666666666666,96
1,10,5,5,5-5-5-9,0.5,0.5,15
1,10,5,5,5-5-6-10,0.5,0.5,1
1,10,5,5,5-5-6-6,0.0027548209366391185,0.9972451790633609,2178
1,10,5,5,5-5-6-7,0.0016589250165892503,0.9983410749834107,1507
1,10,5,5,5-5-6-8,0.0032258064516129032,0.9967741935483871,310
1,10,5,5,5-5-6-9,0.5,0.5,19
1,10,5,5,5-5-7-7,0.00429553264604811,0.9957044673539519,582
1,10,5,5,5-5-7-8,0.109375,0.890625,320
1,10,5,5,5-5-7-9,0.5,0.5,23
1,10,5,5,5-5-8-8,0.1702127659574468,0.8297872340425532,94
1,10,5,5,5-6-6-6,0.008274231678486996,0.991725768321513,1269
1,10,5,5,5-6-6-7,0.0055762081784386614,0.9944237918215614,1614
1,10,5,5,5-6-6-8,0.00625,0.99375,320
1,10,5,5,5-6-6-9,0.037037037037037035,0.9629629629629629,27
1,10,5,5,5-6-7-7,0.04608096468561585,0.9539190353143842,1161
1,10,5,5,5-6-7-8,0.01366120218579235,0.9863387978142076,549
1,10,5,5,5-7-7-7,0.024691358024691357,0.9753086419753086,324
1,10,5,5,6-6-6-6,0.01892744479495268,0.9810725552050473,317
1,10,5,5,6-6-6-7,0.0019083969465648854,0.9980916030534351,524
1,10,5,5,6-6-6-8,0.5,0.5,97
1,10,5,5,6-6-7-7,0.04424040066777963,0.9557595993322203,599
1,12,6,6,1-1-1-1,0.9595083960881132,0.04049160391188687,10708
1,12,6,6,1-1-1-2,0.999573489596855,0.0004265104031450506,26963
1,12,6,6,1-1-1-3,0.8106638005480411,0.18933619945195884,13542
1,12,6,6,1-1-1-4,0.011677394926738917,0.9883226050732611,8373
1,12,6,6,1-1-1-5,0.06324710195080653,0.9367528980491934,3927
1,12,6,6,1-1-1-6,0.00786330148020518,0.9921366985197948,1269
1,12,6,6,1-1-1-7,0.0072992700729927005,0.9927007299270073,274
1,12,6,6,1-1-1-8,0.046875,0.953125,32
1,12,6,6,1-1-1-9,0.5,0.5,3
1,12,6,6,1-1-2-2,0.998478856099787,0.0015211439002129601,36157
1,12,6,6,1-1-2-3,0.9957030051628976,0.0042969948371024795,41115
1,12,6,6,1-1-2-4,0.09359405864270234,0.9064059413572977,21298
1,12,6,6,1-1-2-5,0.0011982480786711844,0.9988017519213288,12101
1,12,6,6,1-1-2-6,0.00012833675564681725,0.9998716632443532,3896
1,12,6,6,1-1-2-7,0.0005574136008918618,0.9994425863991081,897
1,12,6,6,1-1-2-8,0.003424657534246575,0.9965753424657534,146
1,12,6,6,1-1-2-9,0.375,0.625,4
1,12,6,6,1-1-3-3,0.9926741795887891,0.007325820411210961,17580
1,12,6,6,1-1-3-4,0.007770219509196438,0.9922297804908036,20353
1,12,6,6,1-1-3-5,0.00012456402590931738,0.9998754359740907,12042
1,12,6,6,1-1-3-6,0.003907445405589324,0.9960925545944106,4056
1,12,6,6,1-1-3-7,0.00117096018735363,0.9988290398126464,854
1,12,6,6,1-1-3-8,0.07723577235772358,0.9227642276422764,123
1,12,6,6,1-1-3-9,0.6666666666666666,0.3333333333333333,9
1,12,6,6,1-1-4-4,9.553835865099838e-05,0.999904461641349,10467
1,12,6,6,1-1-4-5,4.082299150881777e-05,0.9999591770084911,12248
1,12,6,6,1-1-4-6,0.002589331952356292,0.9974106680476437,3862
1,12,6,6,1-1-4-7,0.0005330490405117271,0.9994669509594882,938
1,12,6,6,1-1-4-8,0.0078125,0.9921875,128
1,12,6,6,1-1-4-9,0.5,0.5,7
1,12,6,6,1-1-5-5,0.0017641613325412996,0.9982358386674586,5156
1,12,6,6,1-1-5-6,0.0007741935483870968,0.9992258064516129,3875
1,12,6,6,1-1-5-7,0.003161222339304531,0.9968387776606955,949
1,12,6,6,1-1-5-8,0.003424657534246575,0.9965753424657534,146
1,12,6,6,1-1-5-9,0.16666666666666666,0.8333333333333334,6
1,12,6,6,1-1-6-6,0.0009746588693957114,0.9990253411306043,1539
1,12,6,6,1-1-6-7,0.002229654403567447,0.9977703455964325,897
1,12,6,6,1-1-6-8,0.010948905109489052,0.9890510948905109,137
1,12,6,6,1-1-6-9,0.5,0.5,9
1,12,6,6,1-1-7-7,0.013636363636363636,0.9863636363636363,330
1,12,6,6,1-1-7-8,0.0040650406504065045,0.9959349593495935,123
1,12,6,6,1-1-7-9,0.5,0.5,4
1,12,6,6,1-1-8-8,0.15,0.85,30
1,12,6,6,1-1-8-9,0.08333333333333333,0.9166666666666666,6
1,12,6,6,1-1-9-9,0.5,0.5,1
1,12,6,6,1-2-2-2,0.999339846844468,0.0006601531555320834,22722
1,12,6,6,1-2-2-3,0.9961587809671488,0.003841219032851144,41067
1,12,6,6,1-2-2-4,0.022197968442610273,0.9778020315573897,22872
1,12,6,6,1-2-2-5,0.00024906600249066,0.9997509339975094,12045
1,12,6,6,1-2-2-6,0.00013354700854700856,0.9998664529914529,3744
1,12,6,6,1-2-2-7,0.0005399568034557236,0.9994600431965442,926
1,12,6,6,1-2-2-8,0.02464788732394366,0.9753521126760564,142
1,12,6,6,1-2-2-9,0.5,0.5,2
1,12,6,6,1-2-3-3,0.9992264972195152,0.0007735027804846983,35563
1,12,6,6,1-2-3-4,4.910988336402701e-05,0.999950890116636,40725
1,12,6,6,1-2-3-5,6.304110279902497e-05,0.999936958897201,23794
1,12,6,6,1-2-3-6,0.00044688457609805927,0.9995531154239019,7832
1,12,6,6,1-2-3-7,0.0013631406761177754,0.9986368593238822,1834
1,12,6,6,1-2-3-8,0.001968503937007874,0.9980314960629921,254
1,12,6,6,1-2-3-9,0.17647058823529413,0.8235294117647058,17
1,12,6,6,1-2-4-4,0.013927877569816496,0.9860721224301834,20601
1,12,6,6,1-2-4-5,2.0764119601328905e-05,0.9999792358803987,24080
1,12,6,6,1-2-4-6,0.00018837121687806103,0.9998116287831219,7963
1,12,6,6,1-2-4-7,0.0002813731007315701,0.9997186268992684,1777
1,12,6,6,1-2-4-8,0.013461538461538462,0.9865384615384616,260
1,12,6,6,1-2-4-9,0.2,0.8,10
1,12,6,6,1-2-5-5,0.00019683102056884165,0.9998031689794311,10161
1,12,6,6,1-2-5-6,6.475006475006475e-05,0.99993524993525,7722
1,12,6,6,1-2-5-7,0.00028686173264486515,0.9997131382673551,1743
1,12,6,6,1-2-5-8,0.016597510373443983,0.983402489626556,241
1,12,6,6,1-2-5-9,0.15625,0.84375,16
1,12,6,6,1-2-6-6,0.002402306213965407,0.9975976937860346,3122
1,12,6,6,1-2-6-7,0.0002805836139169473,0.9997194163860831,1782
1,12,6,6,1-2-6-8,0.030737704918032786,0.9692622950819673,244
1,12,6,6,1-2-6-9,0.5,0.5,16
1,12,6,6,1-2-7-7,0.00234009360374415,0.9976599063962559,641
1,12,6,6,1-2-7-8,0.0018115942028985507,0.9981884057971014,276
1,12,6,6,1-2-7-9,0.5,0.5,6
1,12,6,6,1-2-8-8,0.022988505747126436,0.9770114942528736,87
1,12,6,6,1-2-8-9,0.23333333333333334,0.7666666666666667,15
1,12,6,6,1-2-9-9,0.4,0.6,5
1,12,6,6,1-3-3-3,0.9960234513338864,0.003976548666113522,11164
1,12,6,6,1-3-3-4,0.00080452870458373,0.9991954712954163,19991
1,12,6,6,1-3-3-5,0.001700908239970917,0.9982990917600291,11852
1,12,6,6,1-3-3-6,0.0005270092226613965,0.9994729907773386,3795
1,12,6,6,1-3-3-7,0.0005617977528089888,0.999438202247191,890
1,12,6,6,1-3-3-8,0.01968503937007874,0.9803149606299213,127
1,12,6,6,1-3-3-9,0.45454545454545453,0.5454545454545454,11
1,12,6,6,1-3-4-4,0.0005512679162072767,0.9994487320837927,19954
1,12,6,6,1-3-4-5,0.0005593322433525514,0.9994406677566474,23242
1,12,6,6,1-3-4-6,6.264879087833605e-05,0.9999373512091216,7981
1,12,6,6,1-3-4-7,0.001654715940430226,0.9983452840595698,1813
1,12,6,6,1-3-4-8,0.0017857142857142857,0.9982142857142857,280
1,12,6,6,1-3-4-9,0.13636363636363635,0.8636363636363636,11
1,12,6,6,1-3-5-5,4.9578582052553296e-05,0.9999504214179474,10085
1,12,6,6,1-3-5-6,6.502796202367018e-05,0.9999349720379763,7689
1,12,6,6,1-3-5-7,0.0002777777777777778,0.9997222222222222,1800
1,12,6,6,1-3-5-8,0.007042253521126761,0.9929577464788732,284
1,12,6,6,1-3-5-9,0.39285714285714285,0.6071428571428571,14
1,12,6,6,1-3-6-6,0.0009963467286615742,0.9990036532713384,3011
1,12,6,6,1-3-6-7,0.0011086474501108647,0.9988913525498891,1804
1,12,6,6,1-3-6-8,0.0055147058823529415,0.9944852941176471,272
1,12,6,6,1-3-6-9,0.029411764705882353,0.9705882352941176,17
1,12,6,6,1-3-7-7,0.008012820512820512,0.9919871794871795,624
1,12,6,6,1-3-7-8,0.00929368029739777,0.9907063197026023,269
1,12,6,6,1-3-7-9,0.03333333333333333,0.9666666666666667,15
1,12,6,6,1-3-8-8,0.03260869565217391,0.967391304347826,92
1,12,6,6,1-3-8-9,0.2727272727272727,0.7272727272727273,11
1,12,6,6,1-3-9-9,0.5,0.5,5
1,12,6,6,1-4-4-4,0.00031357792411414236,0.9996864220758859,6378
1,12,6,6,1-4-4-5,0.0010804516447844245,0.9989195483552156,11400
1,12,6,6,1-4-4-6,0.0005189413596263622,0.9994810586403736,3854
1,12,6,6,1-4-4-7,0.0027502750275027505,0.9972497249724972,909
1,12,6,6,1-4-4-8,0.0648854961832061,0.9351145038167938,131
1,12,6,6,1-4-4-9,0.1875,0.8125,8
1,12,6,6,1-4-5-5,4.927079227433977e-05,0.9999507292077257,10148
1,12,6,6,1-4-5-6,0.00018965735238336072,0.9998103426476166,7909
1,12,6,6,1-4-5-7,0.0002834467120181406,0.9997165532879818,1764
1,12,6,6,1-4-5-8,0.03682170542635659,0.9631782945736435,258
1,12,6,6,1-4-5-9,0.38235294117647056,0.6176470588235294,17
1,12,6,6,1-4-6-6,0.001140436624307592,0.9988595633756924,3069
1,12,6,6,1-4-6-7,0.0002845759817871372,0.9997154240182129,1757
1,12,6,6,1-4-6-8,0.0019230769230769232,0.9980769230769231,260
1,12,6,6,1-4-6-9,0.022727272727272728,0.9772727272727273,22
1,12,6,6,1-4-7-7,0.0015060240963855422,0.9984939759036144,664
1,12,6,6,1-4-7-8,0.00196078431372549,0.9980392156862745,255
1,12,6,6,1-4-7-9,0.125,0.875,16
1,12,6,6,1-4-8-8,0.07746478873239436,0.9225352112676056,71
1,12,6,6,1-4-8-9,0.125,0.875,12
1,12,6,6,1-4-9-9,0.5,0.5,5
1,12,6,6,1-5-5-5,0.002182672934855608,0.9978173270651444,2978
1,12,6,6,1-5-5-6,0.0003715630418627694,0.9996284369581372,4037
1,12,6,6,1-5-5-7,0.0011185682326621924,0.9988814317673378,894
1,12,6,6,1-5-5-8,0.07751937984496124,0.9224806201550387,129
1,12,6,6,1-5-5-9,0.5,0.5,5
1,12,6,6,1-5-6-6,0.0016196954972465176,0.9983803045027535,3087
1,12,6,6,1-5-6-7,0.010784121652112462,0.9892158783478876,1778
1,12,6,6,1-5-6-8,0.02620967741935484,0.9737903225806451,248
1,12,6,6,1-5-6-9,0.05555555555555555,0.9444444444444444,18
1,12,6,6,1-5-7-7,0.006828528072837633,0.9931714719271624,659
1,12,6,6,1-5-7-8,0.0035587188612099642,0.99644128113879,281
1,12,6,6,1-5-7-9,0.5,0.5,14
1,12,6,6,1-5-8-8,0.02564102564102564,0.9743589743589743,78
1,12,6,6,1-5-8-9,0.1111111111111111,0.8888888888888888,18
1,12,6,6,1-5-9-9,0.5,0.5,3
1,12,6,6,1-6-6-6,0.002802690582959641,0.9971973094170403,892
1,12,6,6,1-6-6-7,0.009837962962962963,0.9901620370370371,864
1,12,6,6,1-6-6-8,0.0037593984962406013,0.9962406015037594,133
1,12,6,6,1-6-6-9,0.5,0.5,5
1,12,6,6,1-6-7-7,0.0015313935681470138,0.998468606431853,653
1,12,6,6,1-6-7-8,0.032846715328467155,0.9671532846715328,274
1,12,6,6,1-6-7-9,0.5,0.5,11
1,12,6,6,1-6-8-8,0.10119047619047619,0.8988095238095238,84
1,12,6,6,1-6-8-9,0.5,0.5,20
1,12,6,6,1-6-9-9,0.5,0.5,3
1,12,6,6,1-7-7-7,0.013888888888888888,0.9861111111111112,180
1,12,6,6,1-7-7-8,0.07142857142857142,0.9285714285714286,126
1,12,6,6,1-7-7-9,0.5,0.5,6
1,12,6,6,1-7-8-8,0.052941176470588235,0.9470588235294117,85
1,12,6,6,1-7-8-9,0.5,0.5,20
1,12,6,6,1-7-9-9,0.5,0.5,2
1,12,6,6,1-8-8-8,0.14705882352941177,0.8529411764705882,17
1,12,6,6,1-8-8-9,0.5,0.5,8
1,12,6,6,2-2-2-2,0.9928929574013716,0.007107042598628292,5532
1,12,6,6,2-2-2-3,0.9976811046429792,0.0023188953570207533,13445
1,12,6,6,2-2-2-4,0.17929627924449318,0.8207037207555069,6801
1,12,6,6,2-2-2-5,0.0009775171065493646,0.9990224828934506,4092
1,12,6,6,2-2-2-6,0.0047694753577106515,0.9952305246422893,1258
1,12,6,6,2-2-2-7,0.040215946543864935,0.9597840534561349,316
1,12,6,6,2-2-2-8,0.08333333333333333,0.9166666666666666,42
1,12,6,6,2-2-2-9,0.125,0.875,4
1,12,6,6,2-2-3-3,0.9991636680535252,0.0008363319464747554,17786
1,12,6,6,2-2-3-4,0.0005441091120139291,0.999455890887986,20676
1,12,6,6,2-2-3-5,0.00042401628222523747,0.9995759837177748,11792
1,12,6,6,2-2-3-6,0.005853515161487641,0.9941464848385124,3883
1,12,6,6,2-2-3-7,0.004419889502762431,0.9955801104972376,905
1,12,6,6,2-2-3-8,0.022388059701492536,0.9776119402985075,134
1,12,6,6,2-2-3-9,0.25,0.75,6
1,12,6,6,2-2-4-4,0.014591999468231653,0.9854080005317684,10038
1,12,6,6,2-2-4-5,4.303296324984939e-05,0.9999569670367502,11619
1,12,6,6,2-2-4-6,0.0002589331952356292,0.9997410668047644,3862
1,12,6,6,2-2-4-7,0.005688282138794084,0.9943117178612059,879
1,12,6,6,2-2-4-8,0.006369426751592357,0.9936305732484076,157
1,12,6,6,2-2-4-9,0.0625,0.9375,8
1,12,6,6,2-2-5-5,0.0002965599051008304,0.9997034400948992,5058
1,12,6,6,2-2-5-6,0.0006406970784213224,0.9993593029215787,3902
1,12,6,6,2-2-5-7,0.006880733944954129,0.9931192660550459,872
1,12,6,6,2-2-5-8,0.004310344827586207,0.9956896551724138,116
1,12,6,6,2-2-5-9,0.1875,0.8125,8
1,12,6,6,2-2-6-6,0.003613162022434012,0.996386837977566,1499
1,12,6,6,2-2-6-7,0.001611170784103115,0.9983888292158969,931
1,12,6,6,2-2-6-8,0.06896551724137931,0.9310344827586207,116
1,12,6,6,2-2-6-9,0.13636363636363635,0.8636363636363636,11
1,12,6,6,2-2-7-7,0.003194888178913738,0.9968051118210862,313
1,12,6,6,2-2-7-8,0.004201680672268907,0.9957983193277311,119
1,12,6,6,2-2-7-9,0.5,0.5,3
1,12,6,6,2-2-8-8,0.06521739130434782,0.9347826086956522,46
1,12,6,6,2-2-8-9,0.5,0.5,10
1,12,6,6,2-2-9-9,0.5,0.5,3
1,12,6,6,2-3-3-3,0.9928737424573557,0.007126257542644334,11087
1,12,6,6,2-3-3-4,0.0005231949773282176,0.9994768050226718,20069
1,12,6,6,2-3-3-5,0.0006836438215689625,0.9993163561784311,11702
1,12,6,6,2-3-3-6,0.0012997140629061607,0.9987002859370938,3847
1,12,6,6,2-3-3-7,0.0005580357142857143,0.9994419642857143,896
1,12,6,6,2-3-3-8,0.14147286821705427,0.8585271317829457,129
1,12,6,6,2-3-3-9,0.3333333333333333,0.6666666666666666,3
1,12,6,6,2-3-4-4,0.0009662873094266695,0.9990337126905733,18628
1,12,6,6,2-3-4-5,0.002375164856689261,0.9976248351433107,23828
1,12,6,6,2-3-4-6,6.391409945033875e-05,0.9999360859005496,7823
1,12,6,6,2-3-4-7,0.0008361204013377926,0.9991638795986622,1794
1,12,6,6,2-3-4-8,0.005813953488372093,0.9941860465116279,258
1,12,6,6,2-3-4-9,0.03333333333333333,0.9666666666666667,15
1,12,6,6,2-3-5-5,0.000548683160415004,0.999451316839585,10024
1,12,6,6,2-3-5-6,0.00019392372333548803,0.9998060762766645,7735
1,12,6,6,2-3-5-7,0.00026567481402763017,0.9997343251859724,1882
1,12,6,6,2-3-5-8,0.04474708171206226,0.9552529182879378,257
1,12,6,6,2-3-5-9,0.15,0.85,10
1,12,6,6,2-3-6-6,0.0009823182711198428,0.9990176817288802,3054
1,12,6,6,2-3-6-7,0.0019347705914870095,0.9980652294085129,1809
1,12,6,6,2-3-6-8,0.0040650406504065045,0.9959349593495935,246
1,12,6,6,2-3-6-9,0.1111111111111111,0.8888888888888888,18
1,12,6,6,2-3-7-7,0.003676470588235294,0.9963235294117647,680
1,12,6,6,2-3-7-8,0.011278195488721804,0.9887218045112782,266
1,12,6,6,2-3-7-9,0.11764705882352941,0.8823529411764706,17
1,12,6,6,2-3-8-8,0.24719101123595505,0.7528089887640449,89
1,12,6,6,2-3-8-9,0.5,0.5,8
1,12,6,6,2-3-9-9,0.16666666666666666,0.8333333333333334,3
1,12,6,6,2-4-4-4,0.0001598721023181455,0.9998401278976818,6255
1,12,6,6,2-4-4-5,0.00038550501156515033,0.9996144949884348,11673
1,12,6,6,2-4-4-6,0.000651890482398957,0.999348109517601,3835
1,12,6,6,2-4-4-7,0.010795454545454546,0.9892045454545455,880
1,12,6,6,2-4-4-8,0.018656716417910446,0.9813432835820896,134
1,12,6,6,2-4-4-9,0.13636363636363635,0.8636363636363636,11
1,12,6,6,2-4-5-5,0.00014864730948369834,0.9998513526905163,10091
1,12,6,6,2-4-5-6,0.0001923076923076923,0.9998076923076923,7800
1,12,6,6,2-4-5-7,0.0005580357142857143,0.9994419642857143,1792
1,12,6,6,2-4-5-8,0.016722408026755852,0.9832775919732442,299
1,12,6,6,2-4-5-9,0.5,0.5,12
1,12,6,6,2-4-6-6,0.001,0.999,3000
1,12,6,6,2-4-6-7,0.001092896174863388,0.9989071038251366,1830
1,12,6,6,2-4-6-8,0.02355072463768116,0.9764492753623188,276
1,12,6,6,2-4-6-9,0.5,0.5,17
1,12,6,6,2-4-7-7,0.002127659574468085,0.997872340425532,705
1,12,6,6,2-4-7-8,0.01556420233463035,0.9844357976653697,257
1,12,6,6,2-4-7-9,0.058823529411764705,0.9411764705882353,17
1,12,6,6,2-4-8-10,0.5,0.5,1
1,12,6,6,2-4-8-8,0.04375,0.95625,80
1,12,6,6,2-4-8-9,0.047619047619047616,0.9523809523809523,21
1,12,6,6,2-4-9-10,0.5,0.5,1
1,12,6,6,2-4-9-9,0.5,0.5,2
1,12,6,6,2-5-5-5,0.0010073875083948958,0.9989926124916051,2978
1,12,6,6,2-5-5-6,0.0006287726358148893,0.9993712273641852,3976
1,12,6,6,2-5-5-7,0.003264417845484222,0.9967355821545157,919
1,12,6,6,2-5-5-8,0.12162162162162163,0.8783783783783784,111
1,12,6,6,2-5-5-9,0.1875,0.8125,8
1,12,6,6,2-5-6-6,0.011153018580375075,0.988846981419625,3071
1,12,6,6,2-5-6-7,0.008,0.992,1750
1,12,6,6,2-5-6-8,0.039923954372623575,0.9600760456273765,263
1,12,6,6,2-5-6-9,0.5,0.5,12
1,12,6,6,2-5-7-7,0.024,0.976,625
1,12,6,6,2-5-7-8,0.013257575757575758,0.9867424242424242,264
1,12,6,6,2-5-7-9,0.25,0.75,12
1,12,6,6,2-5-8-8,0.13829787234042554,0.8617021276595744,94
1,12,6,6,2-5-8-9,0.3333333333333333,0.6666666666666666,12
1,12,6,6,2-5-9-9,0.4166666666666667,0.5833333333333334,6
1,12,6,6,2-6-6-6,0.01549085479656589,0.984509145203434,893
1,12,6,6,2-6-6-7,0.00823271130625686,0.9917672886937431,911
1,12,6,6,2-6-6-8,0.017361111111111112,0.9826388888888888,144
1,12,6,6,2-6-6-9,0.35714285714285715,0.6428571428571429,7
1,12,6,6,2-6-7-7,0.009345794392523364,0.9906542056074766,642
1,12,6,6,2-6-7-8,0.0038022813688212928,0.9961977186311787,263
1,12,6,6,2-6-7-9,0.13157894736842105,0.868421052631579,19
1,12,6,6,2-6-8-8,0.3230769230769231,0.676923076923077,65
1,12,6,6,2-6-8-9,0.5,0.5,16
1,12,6,6,2-6-9-9,0.16666666666666666,0.8333333333333334,6
1,12,6,6,2-7-7-7,0.06626506024096386,0.9337349397590361,166
1,12,6,6,2-7-7-8,0.0948905109489051,0.9051094890510949,137
1,12,6,6,2-7-7-9,0.20833333333333334,0.7916666666666666,12
1,12,6,6,2-7-8-8,0.012987012987012988,0.987012987012987,77
1,12,6,6,2-7-8-9,0.43333333333333335,0.5666666666666667,15
1,12,6,6,2-8-8-8,0.46153846153846156,0.5384615384615384,13
1,12,6,6,3-3-3-3,0.9879981910325065,0.012001808967493439,2706
1,12,6,6,3-3-3-4,0.1447127197327636,0.8552872802672363,6397
1,12,6,6,3-3-3-5,0.01371841519247098,0.9862815848075289,3771
1,12,6,6,3-3-3-6,0.0008084074373484236,0.9991915925626516,1237
1,12,6,6,3-3-3-7,0.016233766233766232,0.9837662337662337,308
1,12,6,6,3-3-3-8,0.2976190476190476,0.7023809523809523,42
1,12,6,6,3-3-4-4,0.019815028571149435,0.9801849714288506,8937
1,12,6,6,3-3-4-5,0.0003848785494355115,0.9996151214505645,11692
1,12,6,6,3-3-4-6,0.00012850167052171679,0.9998714983294783,3891
1,12,6,6,3-3-4-7,0.0035046728971962616,0.9964953271028038,856
1,12,6,6,3-3-4-8,0.10820895522388059,0.8917910447761194,134
1,12,6,6,3-3-4-9,0.5,0.5,4
1,12,6,6,3-3-5-5,0.00020206102242877348,0.9997979389775712,4949
1,12,6,6,3-3-5-6,0.00038501026694045176,0.9996149897330595,3896
1,12,6,6,3-3-5-7,0.0005530973451327434,0.9994469026548672,904
1,12,6,6,3-3-5-8,0.0037313432835820895,0.996268656716418,134
1,12,6,6,3-3-5-9,0.14285714285714285,0.8571428571428571,7
1,12,6,6,3-3-6-6,0.0029239766081871343,0.9970760233918129,1539
1,12,6,6,3-3-6-7,0.0709922988404,0.9290077011596,869
1,12,6,6,3-3-6-8,0.025,0.975,120
1,12,6,6,3-3-6-9,0.0625,0.9375,8
1,12,6,6,3-3-7-10,0.5,0.5,1
1,12,6,6,3-3-7-7,0.04618700221091607,0.9538129977890839,346
1,12,6,6,3-3-7-8,0.003424657534246575,0.9965753424657534,146
1,12,6,6,3-3-7-9,0.1,0.9,5
1,12,6,6,3-3-8-8,0.013157894736842105,0.9868421052631579,38
1,12,6,6,3-3-8-9,0.4375,0.5625,8
1,12,6,6,3-3-9-9,0.5,0.5,1
1,12,6,6,3-4-4-4,0.0005853821709315939,0.9994146178290684,5979
1,12,6,6,3-4-4-5,0.0025782361308677097,0.9974217638691323,11248
1,12,6,6,3-4-4-6,0.012863825363825365,0.9871361746361746,3848
1,12,6,6,3-4-4-7,0.0025329280648429585,0.997467071935157,987
1,12,6,6,3-4-4-8,0.031914893617021274,0.9680851063829787,141
1,12,6,6,3-4-4-9,0.5,0.5,4
1,12,6,6,3-4-5-5,0.0001525320317266626,0.9998474679682733,9834
1,12,6,6,3-4-5-6,0.0003736455349358575,0.9996263544650641,8029
1,12,6,6,3-4-5-7,0.0019908987485779293,0.9980091012514221,1758
1,12,6,6,3-4-5-8,0.058394160583941604,0.9416058394160584,274
1,12,6,6,3-4-5-9,0.38461538461538464,0.6153846153846154,13
1,12,6,6,3-4-6-10,0.5,0.5,1
1,12,6,6,3-4-6-6,0.0003252032520325203,0.9996747967479674,3075
1,12,6,6,3-4-6-7,0.002213613724405091,0.9977863862755949,1807
1,12,6,6,3-4-6-8,0.01293103448275862,0.9870689655172413,232
1,12,6,6,3-4-6-9,0.5,0.5,16
1,12,6,6,3-4-7-7,0.0007072135785007072,0.9992927864214993,707
1,12,6,6,3-4-7-8,0.020370370370370372,0.9796296296296296,270
1,12,6,6,3-4-7-9,0.1388888888888889,0.8611111111111112,18
1,12,6,6,3-4-8-8,0.06896551724137931,0.9310344827586207,87
1,12,6,6,3-4-8-9,0.5,0.5,15
1,12,6,6,3-4-9-9,0.5,0.5,1
1,12,6,6,3-5-5-5,0.000999333777481679,0.9990006662225184,3002
1,12,6,6,3-5-5-6,0.0007894736842105263,0.9992105263157894,3800
1,12,6,6,3-5-5-7,0.010844748858447488,0.9891552511415526,876
1,12,6,6,3-5-5-8,0.007246376811594203,0.9927536231884058,138
1,12,6,6,3-5-5-9,0.5,0.5,2
1,12,6,6,3-5-6-6,0.006358004564721226,0.9936419954352788,3067
1,12,6,6,3-5-6-7,0.004639737991266376,0.9953602620087336,1832
1,12,6,6,3-5-6-8,0.0018050541516245488,0.9981949458483754,277
1,12,6,6,3-5-6-9,0.09375,0.90625,16
1,12,6,6,3-5-7-7,0.006144393241167435,0.9938556067588326,651
1,12,6,6,3-5-7-8,0.03244274809160305,0.9675572519083969,262
1,12,6,6,3-5-7-9,0.2857142857142857,0.7142857142857143,21
1,12,6,6,3-5-8-8,0.19230769230769232,0.8076923076923077,78
1,12,6,6,3-5-8-9,0.5,0.5,10
1,12,6,6,3-5-9-9,0.5,0.5,2
1,12,6,6,3-6-6-6,0.036151279199110126,0.9638487208008899,899
1,12,6,6,3-6-6-7,0.0020429009193054137,0.9979570990806946,979
1,12,6,6,3-6-6-8,0.25390625,0.74609375,128
1,12,6,6,3-6-6-9,0.5,0.5,5
1,12,6,6,3-6-7-7,0.003236245954692557,0.9967637540453075,618
1,12,6,6,3-6-7-8,0.06666666666666667,0.9333333333333333,240
1,12,6,6,3-6-7-9,0.15384615384615385,0.8461538461538461,13
1,12,6,6,3-6-8-8,0.0759493670886076,0.9240506329113924,79
1,12,6,6,3-6-8-9,0.46153846153846156,0.5384615384615384,13
1,12,6,6,3-7-7-7,0.07754010695187166,0.9224598930481284,187
1,12,6,6,3-7-7-8,0.007936507936507936,0.9920634920634921,126
1,12,6,6,3-7-7-9,0.5,0.5,9
1,12,6,6,3-7-8-8,0.005952380952380952,0.9940476190476191,84
1,12,6,6,4-4-4-4,0.4036232364123106,0.5963767635876893,1300
1,12,6,6,4-4-4-5,0.0008212428141253764,0.9991787571858747,3653
1,12,6,6,4-4-4-6,0.013333805892714334,0.9866661941072856,1282
1,12,6,6,4-4-4-7,0.0018050541516245488,0.9981949458483754,277
1,12,6,6,4-4-4-8,0.5,0.5,36
1,12,6,6,4-4-4-9,0.5,0.5,3
1,12,6,6,4-4-5-5,0.0026854983091306943,0.9973145016908693,5027
1,12,6,6,4-4-5-6,0.017864822797346334,0.9821351772026536,3903
1,12,6,6,4-4-5-7,0.008978675645342313,0.9910213243546577,891
1,12,6,6,4-4-5-8,0.022222222222222223,0.9777777777777777,135
1,12,6,6,4-4-5-9,0.3333333333333333,0.6666666666666666,9
1,12,6,6,4-4-6-6,0.0006934812760055479,0.9993065187239945,1442
1,12,6,6,4-4-6-7,0.03347732181425486,0.9665226781857451,926
1,12,6,6,4-4-6-8,0.03759398496240601,0.9624060150375939,133
1,12,6,6,4-4-6-9,0.5,0.5,2
1,12,6,6,4-4-7-7,0.051319648093841645,0.9486803519061584,341
1,12,6,6,4-4-7-8,0.1423076923076923,0.8576923076923076,130
1,12,6,6,4-4-7-9,0.5,0.5,7
1,12,6,6,4-4-8-8,0.011111111111111112,0.9888888888888889,45
1,12,6,6,4-4-8-9,0.5,0.5,7
1,12,6,6,4-5-5-5,0.009449332029977192,0.9905506679700228,3069
1,12,6,6,4-5-5-6,0.006110625610445693,0.9938893743895543,3970
1,12,6,6,4-5-5-7,0.020301624129930394,0.9796983758700696,862
1,12,6,6,4-5-5-8,0.021929824561403508,0.9780701754385965,114
1,12,6,6,4-5-5-9,0.5,0.5,11
1,12,6,6,4-5-6-6,0.0034336167429692608,0.9965663832570307,3058
1,12,6,6,4-5-6-7,0.004518872939925572,0.9954811270600744,1881
1,12,6,6,4-5-6-8,0.054982817869415807,0.9450171821305842,291
1,12,6,6,4-5-6-9,0.5,0.5,21
1,12,6,6,4-5-7-7,0.044233807266982623,0.9557661927330173,633
1,12,6,6,4-5-7-8,0.07818930041152264,0.9218106995884774,243
1,12,6,6,4-5-7-9,0.5,0.5,12
1,12,6,6,4-5-8-8,0.14935064935064934,0.8506493506493507,77
1,12,6,6,4-5-8-9,0.3611111111111111,0.6388888888888888,18
1,12,6,6,4-6-6-6,0.004596527068437181,0.9954034729315628,979
1,12,6,6,4-6-6-7,0.0048025613660619,0.9951974386339381,937
1,12,6,6,4-6-6-8,0.18478260869565216,0.8152173913043478,138
1,12,6,6,4-6-6-9,0.5,0.5,7
1,12,6,6,4-6-7-7,0.0948905109489051,0.9051094890510949,685
1,12,6,6,4-6-7-8,0.06844106463878327,0.9315589353612167,263
1,12,6,6,4-6-7-9,0.5,0.5,20
1,12,6,6,4-6-8-8,0.0797872340425532,0.9202127659574468,94
1,12,6,6,4-7-7-7,0.11878453038674033,0.8812154696132597,181
1,12,6,6,4-7-7-8,0.12686567164179105,0.8731343283582089,134
1,12,6,6,5-5-5-5,0.003586800573888092,0.996413199426112,697
1,12,6,6,5-5-5-6,0.0011303692539562924,0.9988696307460437,1327
1,12,6,6,5-5-5-7,0.21308724832214765,0.7869127516778524,298
1,12,6,6,5-5-5-8,0.5,0.5,36
1,12,6,6,5-5-5-9,0.5,0.5,3
1,12,6,6,5-5-6-6,0.0009640102827763496,0.9990359897172236,1556
1,12,6,6,5-5-6-7,0.011547344110854504,0.9884526558891455,866
1,12,6,6,5-5-6-8,0.23129251700680273,0.7687074829931972,147
1,12,6,6,5-5-6-9,0.5,0.5,5
1,12,6,6,5-5-7-7,0.0030303030303030303,0.996969696969697,330
1,12,6,6,5-5-7-8,0.12937062937062938,0.8706293706293706,143
1,12,6,6,5-5-7-9,0.5,0.5,7
1,12,6,6,5-5-8-8,0.5,0.5,41
1,12,6,6,5-6-6-6,0.01233183856502242,0.9876681614349776,892
1,12,6,6,5-6-6-7,0.026701570680628273,0.9732984293193717,955
1,12,6,6,5-6-6-8,0.004347826086956522,0.9956521739130435,115
1,12,6,6,5-6-6-9,0.5,0.5,4
1,12,6,6,5-6-7-7,0.036308623298033284,0.9636913767019667,661
1,12,6,6,5-6-7-8,0.03696498054474708,0.9630350194552529,257
1,12,6,6,5-7-7-7,0.23641304347826086,0.7635869565217391,184
1,12,6,6,6-6-6-6,0.13228699551569506,0.8677130044843049,223
1,12,6,6,6-6-6-7,0.009900990099009901,0.9900990099009901,303
1,12,6,6,6-6-6-8,0.5,0.5,31
1,12,6,6,6-6-7-7,0.09335443037974683,0.9066455696202531,316
1,14,7,7,1-1-1-1,0.9907401348079314,0.009259865192068562,15281
1,14,7,7,1-1-1-2,0.9989965994120817,0.0010034005879183715,35786
1,14,7,7,1-1-1-3,0.9954322670604614,0.004567732939538617,16338
1,14,7,7,1-1-1-4,0.0019433766550735249,0.9980566233449264,9105
1,14,7,7,1-1-1-5,0.0020144263845320886,0.9979855736154679,3410
1,14,7,7,1-1-1-6,0.004877945214849519,0.9951220547851505,911
1,14,7,7,1-1-1-7,0.002717391304347826,0.9972826086956522,184
1,14,7,7,1-1-1-8,0.13333333333333333,0.8666666666666667,15
1,14,7,7,1-1-1-9,0.5,0.5,1
1,14,7,7,1-1-2-2,0.996377718177777,0.0036222818222229965,47157
1,14,7,7,1-1-2-3,0.9963608319793178,0.003639168020682111,48978
1,14,7,7,1-1-2-4,0.0015618408709154165,0.9984381591290846,24424
1,14,7,7,1-1-2-5,9.31619154089808e-05,0.999906838084591,10734
1,14,7,7,1-1-2-6,0.004124820659971305,0.9958751793400287,2788
1,14,7,7,1-1-2-7,0.005747126436781609,0.9942528735632183,522
1,14,7,7,1-1-2-8,0.028846153846153848,0.9711538461538461,52
1,14,7,7,1-1-2-9,0.5,0.5,1
1,14,7,7,1-1-3-3,0.950459300417863,0.049540699582137124,20841
1,14,7,7,1-1-3-4,0.0013430252598780642,0.9986569747401219,24023
1,14,7,7,1-1-3-5,0.006267184981511333,0.9937328150184886,10547
1,14,7,7,1-1-3-6,0.00034258307639602604,0.999657416923604,2919
1,14,7,7,1-1-3-7,0.0010204081632653062,0.9989795918367347,490
1,14,7,7,1-1-3-8,0.010638297872340425,0.9893617021276596,47
1,14,7,7,1-1-3-9,0.5,0.5,1
1,14,7,7,1-1-4-4,0.00015126135765146693,0.9998487386423486,11271
1,14,7,7,1-1-4-5,0.0003246753246753247,0.9996753246753247,10780
1,14,7,7,1-1-4-6,0.0010718113612004287,0.9989281886387996,2799
1,14,7,7,1-1-4-7,0.001893939393939394,0.9981060606060606,528
1,14,7,7,1-1-4-8,0.075,0.925,40
1,14,7,7,1-1-4-9,0.5,0.5,2
1,14,7,7,1-1-5-5,0.0012514220705346986,0.9987485779294653,4395
1,14,7,7,1-1-5-6,0.0007217610970768675,0.9992782389029231,2771
1,14,7,7,1-1-5-7,0.008211678832116789,0.9917883211678832,548
1,14,7,7,1-1-5-8,0.02112676056338028,0.9788732394366197,71
1,14,7,7,1-1-5-9,0.5,0.5,3
1,14,7,7,1-1-6-6,0.0013636363636363637,0.9986363636363637,1100
1,14,7,7,1-1-6-7,0.002008032128514056,0.9979919678714859,498
1,14,7,7,1-1-6-8,0.02,0.98,50
1,14,7,7,1-1-6-9,0.5,0.5,2
1,14,7,7,1-1-7-7,0.01744186046511628,0.9825581395348837,172
1,14,7,7,1-1-7-8,0.03125,0.96875,48
1,14,7,7,1-1-8-8,0.25,0.75,8
1,14,7,7,1-1-9-9,0.5,0.5,1
1,14,7,7,1-2-2-2,0.9982810266185581,0.0017189733814418954,29378
1,14,7,7,1-2-2-3,0.9773057746247187,0.02269422537528137,48724
1,14,7,7,1-2-2-4,0.015991707391919765,0.9840082926080802,25807
1,14,7,7,1-2-2-5,0.000900303260045489,0.9990996967399545,10552
1,14,7,7,1-2-2-6,0.0014668133480014668,0.9985331866519985,2727
1,14,7,7,1-2-2-7,0.002840909090909091,0.9971590909090909,528
1,14,7,7,1-2-2-8,0.12745098039215685,0.8725490196078431,51
1,14,7,7,1-2-3-3,0.9996575762100898,0.0003424237899102335,41805
1,14,7,7,1-2-3-4,0.00012462094462676026,0.9998753790553733,48146
1,14,7,7,1-2-3-5,0.0003470086278963391,0.9996529913721037,21133
1,14,7,7,1-2-3-6,0.00026776151374509105,0.9997322384862549,5602
1,14,7,7,1-2-3-7,0.0009671179883945841,0.9990328820116054,1034
1,14,7,7,1-2-3-8,0.004464285714285714,0.9955357142857143,112
1,14,7,7,1-2-3-9,0.5,0.5,1
1,14,7,7,1-2-4-4,0.00018455743879472691,0.9998154425612054,22125
1,14,7,7,1-2-4-5,2.3279634975323588e-05,0.9999767203650247,21478
1,14,7,7,1-2-4-6,0.000176522506619594,0.9998234774933804,5665
1,14,7,7,1-2-4-7,0.012042389210019268,0.9879576107899807,1038
1,14,7,7,1-2-4-8,0.016666666666666666,0.9833333333333333,120
1,14,7,7,1-2-5-5,0.00908775179439685,0.9909122482056032,8638
1,14,7,7,1-2-5-6,0.0001775568181818182,0.9998224431818182,5632
1,14,7,7,1-2-5-7,0.0010050251256281408,0.9989949748743718,995
1,14,7,7,1-2-5-8,0.016129032258064516,0.9838709677419355,93
1,14,7,7,1-2-5-9,0.25,0.75,10
1,14,7,7,1-2-6-6,0.0022502250225022503,0.9977497749774977,2222
1,14,7,7,1-2-6-7,0.000484027105517909,0.9995159728944821,1033
1,14,7,7,1-2-6-8,0.031578947368421054,0.968421052631579,95
1,14,7,7,1-2-6-9,0.5,0.5,7
1,14,7,7,1-2-7-7,0.01483679525222552,0.9851632047477745,337
1,14,7,7,1-2-7-8,0.013888888888888888,0.9861111111111112,108
1,14,7,7,1-2-7-9,0.5,0.5,5
1,14,7,7,1-2-8-8,0.08108108108108109,0.918918918918919,37
1,14,7,7,1-2-8-9,0.4166666666666667,0.5833333333333334,6
1,14,7,7,1-3-3-3,0.9971498893157016,0.0028501106842984143,12957
1,14,7,7,1-3-3-4,0.00025538435345194517,0.999744615646548,23494
1,14,7,7,1-3-3-5,4.729921483303377e-05,0.999952700785167,10571
1,14,7,7,1-3-3-6,0.0007251631617113851,0.9992748368382887,2758
1,14,7,7,1-3-3-7,0.0009689922480620155,0.999031007751938,516
1,14,7,7,1-3-3-8,0.019230769230769232,0.9807692307692307,52
1,14,7,7,1-3-3-9,0.5,0.5,2
1,14,7,7,1-3-4-4,0.0002758493862351156,0.9997241506137649,21751
1,14,7,7,1-3-4-5,0.00021536252692031587,0.9997846374730797,20895
1,14,7,7,1-3-4-6,8.907892392659897e-05,0.9999109210760734,5613
1,14,7,7,1-3-4-7,0.0029069767441860465,0.997093023255814,1032
1,14,7,7,1-3-4-8,0.008333333333333333,0.9916666666666667,120
1,14,7,7,1-3-4-9,0.5,0.5,1
1,14,7,7,1-3-5-5,0.010997521162944248,0.9890024788370557,8649
1,14,7,7,1-3-5-6,0.001636958894143325,0.9983630411058567,5498
1,14,7,7,1-3-5-7,0.0004887585532746823,0.9995112414467253,1023
1,14,7,7,1-3-5-8,0.017241379310344827,0.9827586206896551,116
1,14,7,7,1-3-5-9,0.5,0.5,2
1,14,7,7,1-3-6-6,0.003861003861003861,0.9961389961389961,2072
1,14,7,7,1-3-6-7,0.004433497536945813,0.9955665024630542,1015
1,14,7,7,1-3-6-8,0.0330188679245283,0.9669811320754716,106
1,14,7,7,1-3-6-9,0.5,0.5,7
1,14,7,7,1-3-7-7,0.0073964497041420114,0.992603550295858,338
1,14,7,7,1-3-7-8,0.01,0.99,100
1,14,7,7,1-3-7-9,0.5,0.5,7
1,14,7,7,1-3-8-8,0.018518518518518517,0.9814814814814815,27
1,14,7,7,1-3-8-9,0.5,0.5,4
1,14,7,7,1-3-9-9,0.5,0.5,1
1,14,7,7,1-4-4-4,0.0002981514609421586,0.9997018485390579,6708
1,14,7,7,1-4-4-5,0.000548352505361669,0.9994516474946383,10258
1,14,7,7,1-4-4-6,0.00017667844522968197,0.9998233215547703,2830
1,14,7,7,1-4-4-7,0.04852125693160813,0.9514787430683919,541
1,14,7,7,1-4-4-8,0.11904761904761904,0.8809523809523809,63
1,14,7,7,1-4-4-9,0.5,0.5,1
1,14,7,7,1-4-5-5,0.002417683628827999,0.997582316371172,8686
1,14,7,7,1-4-5-6,0.00026141512722202857,0.999738584872778,5738
1,14,7,7,1-4-5-7,0.0004921259842519685,0.999507874015748,1016
1,14,7,7,1-4-5-8,0.16666666666666666,0.8333333333333334,105
1,14,7,7,1-4-5-9,0.5,0.5,3
1,14,7,7,1-4-6-6,0.009826325411334552,0.9901736745886655,2188
1,14,7,7,1-4-6-7,0.01497584541062802,0.985024154589372,1035
1,14,7,7,1-4-6-8,0.004545454545454545,0.9954545454545455,110
1,14,7,7,1-4-6-9,0.5,0.5,4
1,14,7,7,1-4-7-7,0.0014492753623188406,0.9985507246376811,345
1,14,7,7,1-4-7-8,0.009009009009009009,0.990990990990991,111
1,14,7,7,1-4-7-9,0.5,0.5,3
1,14,7,7,1-4-8-8,0.09090909090909091,0.9090909090909091,22
1,14,7,7,1-4-8-9,0.5,0.5,5
1,14,7,7,1-4-9-9,0.5,0.5,3
1,14,7,7,1-5-5-5,0.00870253164556962,0.9912974683544303,2528
1,14,7,7,1-5-5-6,0.00017325017325017325,0.9998267498267498,2886
1,14,7,7,1-5-5-7,0.001,0.999,500
1,14,7,7,1-5-5-8,0.012195121951219513,0.9878048780487805,41
1,14,7,7,1-5-6-6,0.001583710407239819,0.9984162895927602,2210
1,14,7,7,1-5-6-7,0.00099601593625498,0.999003984063745,1004
1,14,7,7,1-5-6-8,0.03125,0.96875,128
1,14,7,7,1-5-6-9,0.5,0.5,6
1,14,7,7,1-5-7-7,0.004629629629629629,0.9953703703703703,324
1,14,7,7,1-5-7-8,0.021052631578947368,0.9789473684210527,95
1,14,7,7,1-5-7-9,0.5,0.5,2
1,14,7,7,1-5-8-8,0.5,0.5,34
1,14,7,7,1-5-8-9,0.5,0.5,4
1,14,7,7,1-6-6-6,0.016835016835016835,0.9831649831649831,594
1,14,7,7,1-6-6-7,0.025157232704402517,0.9748427672955975,477
1,14,7,7,1-6-6-8,0.6956521739130435,0.30434782608695654,46
1,14,7,7,1-6-6-9,0.5,0.5,1
1,14,7,7,1-6-7-7,0.033707865168539325,0.9662921348314607,356
1,14,7,7,1-6-7-8,0.03333333333333333,0.9666666666666667,120
1,14,7,7,1-6-7-9,0.5,0.5,1
1,14,7,7,1-6-8-8,0.48214285714285715,0.5178571428571429,28
1,14,7,7,1-6-8-9,0.5,0.5,6
1,14,7,7,1-7-7-7,0.061224489795918366,0.9387755102040817,98
1,14,7,7,1-7-7-8,0.14893617021276595,0.851063829787234,47
1,14,7,7,1-7-7-9,0.5,0.5,2
1,14,7,7,1-7-8-8,0.20512820512820512,0.7948717948717948,39
1,14,7,7,1-7-8-9,0.5,0.5,4
1,14,7,7,1-8-8-8,0.5,0.5,7
1,14,7,7,1-8-8-9,0.5,0.5,2
1,14,7,7,2-2-2-2,0.9635050461567897,0.036494953843210415,6969
1,14,7,7,2-2-2-3,0.9849241628122782,0.015075837187721677,16112
1,14,7,7,2-2-2-4,0.004926138696425973,0.995073861303574,7882
1,14,7,7,2-2-2-5,0.0005595970900951316,0.9994404029099049,3574
1,14,7,7,2-2-2-6,0.02014846235418876,0.9798515376458112,943
1,14,7,7,2-2-2-7,0.023668639053254437,0.9763313609467456,169
1,14,7,7,2-2-2-8,0.05263157894736842,0.9473684210526315,19
1,14,7,7,2-2-2-9,0.5,0.5,1
1,14,7,7,2-2-3-3,0.9757017628942547,0.024298237105745378,20654
1,14,7,7,2-2-3-4,0.00018665228752747935,0.9998133477124725,24109
1,14,7,7,2-2-3-5,0.0004757373929590866,0.9995242626070409,10510
1,14,7,7,2-2-3-6,0.007500055053351567,0.9924999449466485,2846
1,14,7,7,2-2-3-7,0.004016064257028112,0.9959839357429718,498
1,14,7,7,2-2-3-8,0.05454545454545454,0.9454545454545454,55
1,14,7,7,2-2-3-9,0.5,0.5,1
1,14,7,7,2-2-4-4,4.633920296570899e-05,0.9999536607970343,10790
1,14,7,7,2-2-4-5,4.7966231772831926e-05,0.9999520337682272,10424
1,14,7,7,2-2-4-6,0.0033521524347212422,0.9966478475652788,2834
1,14,7,7,2-2-4-7,0.0010121457489878543,0.9989878542510121,494
1,14,7,7,2-2-4-8,0.009615384615384616,0.9903846153846154,52
1,14,7,7,2-2-5-5,0.0005879586077140169,0.999412041392286,4252
1,14,7,7,2-2-5-6,0.00035298270384751147,0.9996470172961525,2833
1,14,7,7,2-2-5-7,0.0031645569620253164,0.9968354430379747,474
1,14,7,7,2-2-5-8,0.5333333333333333,0.4666666666666667,45
1,14,7,7,2-2-5-9,0.375,0.625,4
1,14,7,7,2-2-6-6,0.0004830917874396135,0.9995169082125603,1035
1,14,7,7,2-2-6-7,0.0009689922480620155,0.999031007751938,516
1,14,7,7,2-2-6-8,0.05813953488372093,0.9418604651162791,43
1,14,7,7,2-2-6-9,0.25,0.75,2
1,14,7,7,2-2-7-7,0.0335195530726257,0.9664804469273743,179
1,14,7,7,2-2-7-8,0.023255813953488372,0.9767441860465116,43
1,14,7,7,2-2-8-8,0.1111111111111111,0.8888888888888888,18
1,14,7,7,2-2-8-9,0.5,0.5,3
1,14,7,7,2-2-9-9,0.5,0.5,2
1,14,7,7,2-3-3-3,0.972752563673799,0.027247436326200893,12569
1,14,7,7,2-3-3-4,0.00019135093761959434,0.9998086490623804,23517
1,14,7,7,2-3-3-5,0.00014246367176370026,0.9998575363282363,10529
1,14,7,7,2-3-3-6,0.010918499569450577,0.9890815004305494,2840
1,14,7,7,2-3-3-7,0.011904761904761904,0.9880952380952381,504
1,14,7,7,2-3-3-8,0.11904761904761904,0.8809523809523809,42
1,14,7,7,2-3-3-9,0.5,0.5,1
1,14,7,7,2-3-4-4,0.0003821716906320164,0.999617828309368,20933
1,14,7,7,2-3-4-5,0.004945856168941155,0.9950541438310588,20992
1,14,7,7,2-3-4-6,0.004177777777777778,0.9958222222222223,5625
1,14,7,7,2-3-4-7,0.006280193236714976,0.993719806763285,1035
1,14,7,7,2-3-4-8,0.05660377358490566,0.9433962264150944,106
1,14,7,7,2-3-4-9,0.5,0.5,2
1,14,7,7,2-3-5-5,0.0007014262333411269,0.9992985737666589,8554
1,14,7,7,2-3-5-6,0.0007903055848261328,0.9992096944151738,5694
1,14,7,7,2-3-5-7,0.026937618147448016,0.973062381852552,1058
1,14,7,7,2-3-5-8,0.11616161616161616,0.8838383838383839,99
1,14,7,7,2-3-5-9,0.25,0.75,2
1,14,7,7,2-3-6-6,0.0068299576071596795,0.9931700423928403,2123
1,14,7,7,2-3-6-7,0.006660323501427212,0.9933396764985728,1051
1,14,7,7,2-3-6-8,0.0058823529411764705,0.9941176470588236,85
1,14,7,7,2-3-6-9,0.05555555555555555,0.9444444444444444,9
1,14,7,7,2-3-7-7,0.006906077348066298,0.9930939226519337,362
1,14,7,7,2-3-7-8,0.1,0.9,120
1,14,7,7,2-3-7-9,0.5,0.5,4
1,14,7,7,2-3-8-8,0.4782608695652174,0.5217391304347826,23
1,14,7,7,2-3-8-9,0.5,0.5,1
1,14,7,7,2-4-4-4,0.006194833915135172,0.9938051660848648,6672
1,14,7,7,2-4-4-5,0.0008042388116188855,0.9991957611883812,10569
1,14,7,7,2-4-4-6,0.0012464387464387464,0.9987535612535613,2808
1,14,7,7,2-4-4-7,0.00691699604743083,0.9930830039525692,506
1,14,7,7,2-4-4-8,0.03076923076923077,0.9692307692307692,65
1,14,7,7,2-4-4-9,0.16666666666666666,0.8333333333333334,3
1,14,7,7,2-4-5-5,0.0005823433496389472,0.9994176566503611,8586
1,14,7,7,2-4-5-6,0.0012639942217407005,0.9987360057782593,5538
1,14,7,7,2-4-5-7,0.01799610894941634,0.9820038910505836,1028
1,14,7,7,2-4-5-8,0.09565217391304348,0.9043478260869565,115
1,14,7,7,2-4-5-9,0.5,0.5,2
1,14,7,7,2-4-6-6,0.009402121504339441,0.9905978784956606,2074
1,14,7,7,2-4-6-7,0.0075681130171543895,0.9924318869828456,991
1,14,7,7,2-4-6-8,0.004761904761904762,0.9952380952380953,105
1,14,7,7,2-4-6-9,0.5,0.5,3
1,14,7,7,2-4-7-7,0.07512953367875648,0.9248704663212435,386
1,14,7,7,2-4-7-8,0.11403508771929824,0.8859649122807017,114
1,14,7,7,2-4-7-9,0.5,0.5,7
1,14,7,7,2-4-8-8,0.4166666666666667,0.5833333333333334,30
1,14,7,7,2-4-8-9,0.5,0.5,7
1,14,7,7,2-5-5-5,0.0007861635220125787,0.9992138364779874,2544
1,14,7,7,2-5-5-6,0.0008614748449345279,0.9991385251550655,2902
1,14,7,7,2-5-5-7,0.020750988142292492,0.9792490118577075,506
1,14,7,7,2-5-5-8,0.35555555555555557,0.6444444444444445,45
1,14,7,7,2-5-5-9,0.5,0.5,4
1,14,7,7,2-5-6-6,0.0004798464491362764,0.9995201535508638,2084
1,14,7,7,2-5-6-7,0.012247071352502662,0.9877529286474973,939
1,14,7,7,2-5-6-8,0.09313725490196079,0.9068627450980392,102
1,14,7,7,2-5-6-9,0.5,0.5,5
1,14,7,7,2-5-7-10,0.5,0.5,1
1,14,7,7,2-5-7-7,0.08882521489971347,0.9111747851002865,349
1,14,7,7,2-5-7-8,0.08333333333333333,0.9166666666666666,108
1,14,7,7,2-5-7-9,0.5,0.5,4
1,14,7,7,2-5-8-8,0.15714285714285714,0.8428571428571429,35
1,14,7,7,2-5-8-9,0.5,0.5,5
1,14,7,7,2-5-9-9,0.5,0.5,1
1,14,7,7,2-6-6-6,0.0371900826446281,0.9628099173553719,605
1,14,7,7,2-6-6-7,0.047379032258064516,0.9526209677419355,496
1,14,7,7,2-6-6-8,0.5,0.5,54
1,14,7,7,2-6-6-9,0.4,0.6,5
1,14,7,7,2-6-7-7,0.048672566371681415,0.9513274336283186,339
1,14,7,7,2-6-7-8,0.06930693069306931,0.9306930693069307,101
1,14,7,7,2-6-7-9,0.5,0.5,5
1,14,7,7,2-6-8-8,0.32,0.68,25
1,14,7,7,2-6-8-9,0.5,0.5,1
1,14,7,7,2-6-9-9,0.5,0.5,3
1,14,7,7,2-7-7-7,0.20987654320987653,0.7901234567901234,81
1,14,7,7,2-7-7-8,0.5,0.5,60
1,14,7,7,2-7-7-9,0.5,0.5,3
1,14,7,7,2-7-8-8,0.5,0.5,32
1,14,7,7,2-7-8-9,0.5,0.5,3
1,14,7,7,2-8-8-8,0.5,0.5,6
1,14,7,7,3-3-3-3,0.9991901522513768,0.0008098477486232588,3087
1,14,7,7,3-3-3-4,0.0003370180641682394,0.9996629819358318,7418
1,14,7,7,3-3-3-5,0.0005827505827505828,0.9994172494172494,3432
1,14,7,7,3-3-3-6,0.021885521885521887,0.9781144781144782,891
1,14,7,7,3-3-3-7,0.11559139784946236,0.8844086021505376,186
1,14,7,7,3-3-3-8,0.23333333333333334,0.7666666666666667,15
1,14,7,7,3-3-4-4,0.008197916328285117,0.9918020836717149,10143
1,14,7,7,3-3-4-5,0.00033412887828162294,0.9996658711217183,10475
1,14,7,7,3-3-4-6,0.0001799208348326736,0.9998200791651674,2779
1,14,7,7,3-3-4-7,0.01089108910891089,0.9891089108910891,505
1,14,7,7,3-3-4-8,0.4339622641509434,0.5660377358490566,53
1,14,7,7,3-3-4-9,0.5,0.5,1
1,14,7,7,3-3-5-5,0.0018726591760299626,0.99812734082397,4272
1,14,7,7,3-3-5-6,0.005543633762517883,0.9944563662374821,2796
1,14,7,7,3-3-5-7,0.000945179584120983,0.999054820415879,529
1,14,7,7,3-3-5-8,0.20588235294117646,0.7941176470588235,51
1,14,7,7,3-3-5-9,0.5,0.5,1
1,14,7,7,3-3-6-6,0.0019102196752626551,0.9980897803247374,1047
1,14,7,7,3-3-6-7,0.03932584269662921,0.9606741573033708,445
1,14,7,7,3-3-6-8,0.09,0.91,50
1,14,7,7,3-3-7-7,0.0024630541871921183,0.9975369458128078,203
1,14,7,7,3-3-7-8,0.022727272727272728,0.9772727272727273,44
1,14,7,7,3-3-8-8,0.02631578947368421,0.9736842105263158,19
1,14,7,7,3-3-8-9,0.5,0.5,1
1,14,7,7,3-4-4-4,0.027966075669048435,0.9720339243309515,6490
1,14,7,7,3-4-4-5,0.0004897639337839161,0.999510236066216,10209
1,14,7,7,3-4-4-6,0.0033952823445318084,0.9966047176554682,2798
1,14,7,7,3-4-4-7,0.002640845070422535,0.9973591549295775,568
1,14,7,7,3-4-4-8,0.05555555555555555,0.9444444444444444,54
1,14,7,7,3-4-4-9,0.5,0.5,1
1,14,7,7,3-4-5-5,0.002303058934687611,0.9976969410653124,8467
1,14,7,7,3-4-5-6,0.0008674531575294934,0.9991325468424705,5764
1,14,7,7,3-4-5-7,0.023946360153256706,0.9760536398467433,1044
1,14,7,7,3-4-5-8,0.16216216216216217,0.8378378378378378,111
1,14,7,7,3-4-5-9,0.5,0.5,1
1,14,7,7,3-4-6-6,0.003793266951161688,0.9962067330488383,2109
1,14,7,7,3-4-6-7,0.021586345381526106,0.9784136546184738,996
1,14,7,7,3-4-6-8,0.045454545454545456,0.9545454545454546,110
1,14,7,7,3-4-6-9,0.5,0.5,4
1,14,7,7,3-4-7-7,0.006443298969072165,0.9935567010309279,388
1,14,7,7,3-4-7-8,0.5,0.5,109
1,14,7,7,3-4-7-9,0.5,0.5,7
1,14,7,7,3-4-8-8,0.5,0.5,32
1,14,7,7,3-4-8-9,0.5,0.5,2
1,14,7,7,3-5-5-5,0.000397456279809221,0.9996025437201908,2516
1,14,7,7,3-5-5-6,0.0023593466424682396,0.9976406533575317,2755
1,14,7,7,3-5-5-7,0.2029598308668076,0.7970401691331924,473
1,14,7,7,3-5-5-8,0.39215686274509803,0.6078431372549019,51
1,14,7,7,3-5-6-6,0.006100422336931018,0.993899577663069,2131
1,14,7,7,3-5-6-7,0.04536290322580645,0.9546370967741935,992
1,14,7,7,3-5-6-8,0.1875,0.8125,112
1,14,7,7,3-5-6-9,0.5,0.5,2
1,14,7,7,3-5-7-7,0.07142857142857142,0.9285714285714286,315
1,14,7,7,3-5-7-8,0.1926605504587156,0.8073394495412844,109
1,14,7,7,3-5-7-9,0.5,0.5,8
1,14,7,7,3-5-8-8,0.125,0.875,24
1,14,7,7,3-5-8-9,0.5,0.5,2
1,14,7,7,3-5-9-9,0.5,0.5,1
1,14,7,7,3-6-6-6,0.02711323763955343,0.9728867623604466,627
1,14,7,7,3-6-6-7,0.11715867158671586,0.8828413284132841,542
1,14,7,7,3-6-6-8,0.5,0.5,41
1,14,7,7,3-6-6-9,0.5,0.5,1
1,14,7,7,3-6-7-7,0.045584045584045586,0.9544159544159544,351
1,14,7,7,3-6-7-8,0.2616822429906542,0.7383177570093458,107
1,14,7,7,3-6-7-9,0.5,0.5,4
1,14,7,7,3-6-8-8,0.43333333333333335,0.5666666666666667,30
1,14,7,7,3-6-8-9,0.5,0.5,1
1,14,7,7,3-7-7-7,0.5,0.5,82
1,14,7,7,3-7-7-8,0.1557377049180328,0.8442622950819673,61
1,14,7,7,3-7-7-9,0.5,0.5,1
1,14,7,7,3-7-8-8,0.019230769230769232,0.9807692307692307,26
1,14,7,7,4-4-4-4,0.02716748649857917,0.9728325135014209,1329
1,14,7,7,4-4-4-5,0.0003071253071253071,0.9996928746928747,3256
1,14,7,7,4-4-4-6,0.07170978627671541,0.9282902137232846,889
1,14,7,7,4-4-4-7,0.07947019867549669,0.9205298013245033,151
1,14,7,7,4-4-4-8,0.0625,0.9375,8
1,14,7,7,4-4-4-9,0.5,0.5,1
1,14,7,7,4-4-5-5,0.003963627885287946,0.9960363721147121,4289
1,14,7,7,4-4-5-6,0.02908100880267092,0.970918991197329,2872
1,14,7,7,4-4-5-7,0.008316008316008316,0.9916839916839917,481
1,14,7,7,4-4-5-8,0.5,0.5,48
1,14,7,7,4-4-6-6,0.0019230769230769232,0.9980769230769231,1040
1,14,7,7,4-4-6-7,0.0741444866920152,0.9258555133079848,526
1,14,7,7,4-4-6-8,0.058823529411764705,0.9411764705882353,51
1,14,7,7,4-4-6-9,0.5,0.5,3
1,14,7,7,4-4-7-7,0.14935064935064934,0.8506493506493507,154
1,14,7,7,4-4-7-8,0.34615384615384615,0.6538461538461539,52
1,14,7,7,4-4-7-9,0.5,0.5,1
1,14,7,7,4-4-8-8,0.5,0.5,29
1,14,7,7,4-4-8-9,0.5,0.5,1
1,14,7,7,4-5-5-5,0.007855459544383346,0.9921445404556166,2546
1,14,7,7,4-5-5-6,0.0012156998957971517,0.9987843001042028,2879
1,14,7,7,4-5-5-7,0.03444676409185804,0.965553235908142,479
1,14,7,7,4-5-5-8,0.5,0.5,52
1,14,7,7,4-5-5-9,0.5,0.5,4
1,14,7,7,4-5-6-6,0.009831460674157303,0.9901685393258427,2136
1,14,7,7,4-5-6-7,0.010784313725490196,0.9892156862745098,1020
1,14,7,7,4-5-6-8,0.14351851851851852,0.8564814814814815,108
1,14,7,7,4-5-6-9,0.5,0.5,3
1,14,7,7,4-5-7-7,0.0015151515151515152,0.9984848484848485,330
1,14,7,7,4-5-7-8,0.2358490566037736,0.7641509433962265,106
1,14,7,7,4-5-7-9,0.5,0.5,3
1,14,7,7,4-5-8-8,0.3387096774193548,0.6612903225806451,31
1,14,7,7,4-5-8-9,0.5,0.5,3
1,14,7,7,4-6-6-6,0.08786936236391912,0.9121306376360808,643
1,14,7,7,4-6-6-7,0.02237354085603113,0.9776264591439688,514
1,14,7,7,4-6-6-8,0.33,0.67,50
1,14,7,7,4-6-6-9,0.5,0.5,2
1,14,7,7,4-6-7-7,0.033426183844011144,0.9665738161559888,359
1,14,7,7,4-6-7-8,0.5,0.5,106
1,14,7,7,4-6-7-9,0.5,0.5,4
1,14,7,7,4-6-8-8,0.3088235294117647,0.6911764705882353,34
1,14,7,7,4-7-7-7,0.5,0.5,85
1,14,7,7,4-7-7-8,0.5,0.5,66
1,14,7,7,5-5-5-5,0.020795660036166366,0.9792043399638336,553
1,14,7,7,5-5-5-6,0.0074309978768577496,0.9925690021231423,942
1,14,7,7,5-5-5-7,0.2152777777777778,0.7847222222222222,144
1,14,7,7,5-5-5-8,0.5,0.5,14
1,14,7,7,5-5-5-9,0.5,0.5,1
1,14,7,7,5-5-6-6,0.028110599078341014,0.971889400921659,1085
1,14,7,7,5-5-6-7,0.10256410256410256,0.8974358974358975,507
1,14,7,7,5-5-6-8,0.1171875,0.8828125,64
1,14,7,7,5-5-6-9,0.5,0.5,2
1,14,7,7,5-5-7-7,0.3368421052631579,0.6631578947368421,190
1,14,7,7,5-5-7-8,0.11016949152542373,0.8898305084745762,59
1,14,7,7,5-5-7-9,0.5,0.5,2
1,14,7,7,5-5-8-8,0.5,0.5,15
1,14,7,7,5-6-6-6,0.01430976430976431,0.9856902356902357,594
1,14,7,7,5-6-6-7,0.13711151736745886,0.8628884826325411,547
1,14,7,7,5-6-6-8,0.5,0.5,46
1,14,7,7,5-6-6-9,0.5,0.5,4
1,14,7,7,5-6-7-7,0.0948509485094851,0.9051490514905149,369
1,14,7,7,5-6-7-8,0.03879310344827586,0.9612068965517241,116
1,14,7,7,5-7-7-7,0.5,0.5,98
1,14,7,7,6-6-6-6,0.06666666666666667,0.9333333333333333,135
1,14,7,7,6-6-6-7,0.005681818181818182,0.9943181818181818,176
1,14,7,7,6-6-6-8,0.39285714285714285,0.6071428571428571,14
1,14,7,7,6-6-7-7,0.5,0.5,165
1,16,8,8,1-1-1-1,0.9490150469833117,0.050984953016688254,20696
1,16,8,8,1-1-1-2,0.9995616630503869,0.00043833694961316767,45627
1,16,8,8,1-1-1-3,0.11379139727445481,0.8862086027255451,18077
1,16,8,8,1-1-1-4,0.004766529966184619,0.9952334700338155,9266
1,16,8,8,1-1-1-5,0.001122058018609743,0.9988779419813903,3045
1,16,8,8,1-1-1-6,0.0007776049766718507,0.9992223950233281,643
1,16,8,8,1-1-1-7,0.004901960784313725,0.9950980392156863,102
1,16,8,8,1-1-1-8,0.375,0.625,4
1,16,8,8,1-1-2-2,0.9844467747360183,0.015553225263981788,58721
1,16,8,8,1-1-2-3,0.03379876726686796,0.9662012327331321,55306
1,16,8,8,1-1-2-4,0.0011687965546764826,0.9988312034453235,26045
1,16,8,8,1-1-2-5,5.433010974682169e-05,0.9999456698902531,9203
1,16,8,8,1-1-2-6,0.009515119916579771,0.9904848800834203,1918
1,16,8,8,1-1-2-7,0.00528169014084507,0.9947183098591549,284
1,16,8,8,1-1-2-8,0.02,0.98,25
1,16,8,8,1-1-3-3,0.003445166781168169,0.9965548332188319,23253
1,16,8,8,1-1-3-4,0.0029772759602524285,0.9970227240397476,25705
1,16,8,8,1-1-3-5,0.0007265005029618867,0.9992734994970381,8947
1,16,8,8,1-1-3-6,0.00025113008538422905,0.9997488699146158,1991
1,16,8,8,1-1-3-7,0.00390625,0.99609375,256
1,16,8,8,1-1-3-8,0.025,0.975,20
1,16,8,8,1-1-4-4,4.405286343612335e-05,0.9999559471365639,11350
1,16,8,8,1-1-4-5,0.0003843197540353574,0.9996156802459646,9107
1,16,8,8,1-1-4-6,0.00851117886178862,0.9914888211382114,1968
1,16,8,8,1-1-4-7,0.0035714285714285713,0.9964285714285714,280
1,16,8,8,1-1-4-8,0.13636363636363635,0.8636363636363636,11
1,16,8,8,1-1-4-9,0.5,0.5,1
1,16,8,8,1-1-5-5,0.00014144271570014144,0.9998585572842998,3535
1,16,8,8,1-1-5-6,0.0036726128016789086,0.9963273871983211,1906
1,16,8,8,1-1-5-7,0.019417475728155338,0.9805825242718447,309
1,16,8,8,1-1-5-8,0.14285714285714285,0.8571428571428571,21
1,16,8,8,1-1-5-9,0.5,0.5,1
1,16,8,8,1-1-6-6,0.009985734664764621,0.9900142653352354,701
1,16,8,8,1-1-6-7,0.003703703703703704,0.9962962962962963,270
1,16,8,8,1-1-6-8,0.5,0.5,14
1,16,8,8,1-1-7-7,0.04430379746835443,0.9556962025316456,79
1,16,8,8,1-1-7-8,0.3157894736842105,0.6842105263157895,19
1,16,8,8,1-2-2-2,0.995899034538325,0.004100965461675079,36148
1,16,8,8,1-2-2-3,6.352202399317591e-05,0.9999364779760068,55099
1,16,8,8,1-2-2-4,0.00026070763500931097,0.9997392923649907,26850
1,16,8,8,1-2-2-5,0.002040366163008713,0.9979596338369913,9067
1,16,8,8,1-2-2-6,0.0010735373054213634,0.9989264626945786,1863
1,16,8,8,1-2-2-7,0.009328358208955223,0.9906716417910447,268
1,16,8,8,1-2-2-8,0.09090909090909091,0.9090909090909091,22
1,16,8,8,1-2-3-3,0.005009049254322436,0.9949909507456776,46203
1,16,8,8,1-2-3-4,0.00012628470400808222,0.9998737152959919,51471
1,16,8,8,1-2-3-5,2.7982986344302665e-05,0.9999720170136557,17868
1,16,8,8,1-2-3-6,0.0003951527924130664,0.9996048472075869,3796
1,16,8,8,1-2-3-7,0.005244755244755245,0.9947552447552448,572
1,16,8,8,1-2-3-8,0.0425531914893617,0.9574468085106383,47
1,16,8,8,1-2-4-4,8.93734918223255e-05,0.9999106265081776,22378
1,16,8,8,1-2-4-5,2.7807129748067406e-05,0.999972192870252,17981
1,16,8,8,1-2-4-6,0.0019905449116695696,0.9980094550883304,4019
1,16,8,8,1-2-4-7,0.008241758241758242,0.9917582417582418,546
1,16,8,8,1-2-4-8,0.017543859649122806,0.9824561403508771,57
1,16,8,8,1-2-5-5,0.0031294452347083927,0.9968705547652916,7030
1,16,8,8,1-2-5-6,0.0005112474437627812,0.9994887525562373,3912
1,16,8,8,1-2-5-7,0.0018552875695732839,0.9981447124304267,539
1,16,8,8,1-2-5-8,0.025,0.975,40
1,16,8,8,1-2-5-9,0.5,0.5,2
1,16,8,8,1-2-6-6,0.01633333333333333,0.9836666666666667,1500
1,16,8,8,1-2-6-7,0.008532423208191127,0.9914675767918089,586
1,16,8,8,1-2-6-8,0.2,0.8,40
1,16,8,8,1-2-6-9,0.5,0.5,2
1,16,8,8,1-2-7-7,0.005952380952380952,0.9940476190476191,168
1,16,8,8,1-2-7-8,0.014705882352941176,0.9852941176470589,34
1,16,8,8,1-2-8-8,0.1875,0.8125,8
1,16,8,8,1-2-8-9,0.5,0.5,1
1,16,8,8,1-3-3-3,0.007207781440269537,0.9927922185597304,14170
1,16,8,8,1-3-3-4,0.00024748250554702166,0.9997525174944529,25110
1,16,8,8,1-3-3-5,5.582849486377847e-05,0.9999441715051363,8956
1,16,8,8,1-3-3-6,0.009081196581196582,0.9909188034188035,1872
1,16,8,8,1-3-3-7,0.0017421602787456446,0.9982578397212544,287
1,16,8,8,1-3-3-8,0.45652173913043476,0.5434782608695652,23
1,16,8,8,1-3-4-4,4.552490212146044e-05,0.9999544750978785,21966
1,16,8,8,1-3-4-5,0.0002524827470122875,0.9997475172529877,17823
1,16,8,8,1-3-4-6,0.0006446621970087674,0.9993553378029912,3878
1,16,8,8,1-3-4-7,0.00718132854578097,0.992818671454219,557
1,16,8,8,1-3-4-8,0.15384615384615385,0.8461538461538461,39
1,16,8,8,1-3-5-5,0.0012802275960170698,0.9987197724039829,7030
1,16,8,8,1-3-5-6,0.001180482686253935,0.9988195173137461,3812
1,16,8,8,1-3-5-7,0.0009140767824497258,0.9990859232175503,547
1,16,8,8,1-3-5-8,0.03260869565217391,0.967391304347826,46
1,16,8,8,1-3-6-6,0.0033284023668639054,0.9966715976331361,1352
1,16,8,8,1-3-6-7,0.005366726296958855,0.9946332737030411,559
1,16,8,8,1-3-6-8,0.039473684210526314,0.9605263157894737,38
1,16,8,8,1-3-7-7,0.1303030303030303,0.8696969696969697,165
1,16,8,8,1-3-7-8,0.34210526315789475,0.6578947368421053,38
1,16,8,8,1-3-8-8,0.5,0.5,13
1,16,8,8,1-3-9-9,0.5,0.5,1
1,16,8,8,1-4-4-4,0.00023209036051369334,0.9997679096394863,6463
1,16,8,8,1-4-4-5,0.0002855185015989036,0.9997144814984011,8756
1,16,8,8,1-4-4-6,0.0002556237218813906,0.9997443762781186,1956
1,16,8,8,1-4-4-7,0.043478260869565216,0.9565217391304348,276
1,16,8,8,1-4-4-8,0.5,0.5,23
1,16,8,8,1-4-5-5,0.0018468532461997443,0.9981531467538003,7039
1,16,8,8,1-4-5-6,0.002626970227670753,0.9973730297723292,3997
1,16,8,8,1-4-5-7,0.04173913043478261,0.9582608695652174,575
1,16,8,8,1-4-5-8,0.25,0.75,34
1,16,8,8,1-4-5-9,0.5,0.5,2
1,16,8,8,1-4-6-6,0.006123919308357349,0.9938760806916427,1388
1,16,8,8,1-4-6-7,0.011226252158894647,0.9887737478411054,579
1,16,8,8,1-4-6-8,0.18518518518518517,0.8148148148148148,54
1,16,8,8,1-4-6-9,0.5,0.5,1
1,16,8,8,1-4-7-7,0.060126582278481014,0.939873417721519,158
1,16,8,8,1-4-7-8,0.20967741935483872,0.7903225806451613,31
1,16,8,8,1-4-8-8,0.08333333333333333,0.9166666666666666,12
1,16,8,8,1-4-8-9,0.5,0.5,1
1,16,8,8,1-5-5-5,0.005735660847880299,0.9942643391521196,2005
1,16,8,8,1-5-5-6,0.003279515640766902,0.9967204843592331,1982
1,16,8,8,1-5-5-7,0.022569444444444444,0.9774305555555556,288
1,16,8,8,1-5-5-8,0.5,0.5,13
1,16,8,8,1-5-6-6,0.01848710990502032,0.9815128900949797,1474
1,16,8,8,1-5-6-7,0.0009560229445506692,0.9990439770554493,523
1,16,8,8,1-5-6-8,0.26851851851851855,0.7314814814814815,54
1,16,8,8,1-5-6-9,0.5,0.5,1
1,16,8,8,1-5-7-7,0.16776315789473684,0.8322368421052632,152
1,16,8,8,1-5-7-8,0.3194444444444444,0.6805555555555556,36
1,16,8,8,1-5-7-9,0.5,0.5,2
1,16,8,8,1-5-8-8,0.5,0.5,12
1,16,8,8,1-5-8-9,0.5,0.5,1
1,16,8,8,1-6-6-6,0.015068493150684932,0.9849315068493151,365
1,16,8,8,1-6-6-7,0.17148760330578514,0.8285123966942148,242
1,16,8,8,1-6-6-8,0.5,0.5,18
1,16,8,8,1-6-6-9,0.5,0.5,1
1,16,8,8,1-6-7-7,0.23563218390804597,0.764367816091954,174
1,16,8,8,1-6-7-8,0.5,0.5,38
1,16,8,8,1-6-7-9,0.5,0.5,1
1,16,8,8,1-6-8-8,0.5,0.5,13
1,16,8,8,1-6-8-9,0.5,0.5,2
1,16,8,8,1-7-7-7,0.2543859649122807,0.7456140350877193,57
1,16,8,8,1-7-7-8,0.5,0.5,19
1,16,8,8,1-7-7-9,0.5,0.5,1
1,16,8,8,1-7-8-8,0.5,0.5,12
1,16,8,8,1-7-8-9,0.5,0.5,1
1,16,8,8,1-8-8-8,0.5,0.5,3
1,16,8,8,2-2-2-2,0.9998830682881198,0.00011693171188026193,8552
1,16,8,8,2-2-2-3,0.2663192643250796,0.7336807356749204,18471
1,16,8,8,2-2-2-4,0.00811649876206637,0.9918835012379337,8365
1,16,8,8,2-2-2-5,0.00638795221748788,0.993612047782512,3028
1,16,8,8,2-2-2-6,0.004594180704441042,0.9954058192955589,653
1,16,8,8,2-2-2-7,0.011904761904761904,0.9880952380952381,84
1,16,8,8,2-2-2-8,0.5,0.5,6
1,16,8,8,2-2-3-3,6.45577792123951e-05,0.9999354422207876,23235
1,16,8,8,2-2-3-4,0.0004741209008297116,0.9995258790991702,25310
1,16,8,8,2-2-3-5,0.00027793218454697053,0.999722067815453,8995
1,16,8,8,2-2-3-6,0.0007587253414264037,0.9992412746585736,1977
1,16,8,8,2-2-3-7,0.021400778210116732,0.9785992217898832,257
1,16,8,8,2-2-3-8,0.2857142857142857,0.7142857142857143,14
1,16,8,8,2-2-4-4,4.5433893684688776e-05,0.9999545661063153,11005
1,16,8,8,2-2-4-5,0.00027876895628902766,0.999721231043711,8968
1,16,8,8,2-2-4-6,0.013315926892950391,0.9866840731070496,1915
1,16,8,8,2-2-4-7,0.08436461287111975,0.9156353871288802,282
1,16,8,8,2-2-4-8,0.12962962962962962,0.8703703703703703,27
1,16,8,8,2-2-5-5,0.0005706134094151213,0.9994293865905849,3505
1,16,8,8,2-2-5-6,0.0005246589716684155,0.9994753410283316,1906
1,16,8,8,2-2-5-7,0.004219409282700422,0.9957805907172996,237
1,16,8,8,2-2-5-8,0.5,0.5,14
1,16,8,8,2-2-6-6,0.017518248175182483,0.9824817518248176,685
1,16,8,8,2-2-6-7,0.13433098591549297,0.865669014084507,284
1,16,8,8,2-2-6-8,0.5,0.5,25
1,16,8,8,2-2-6-9,0.5,0.5,1
1,16,8,8,2-2-7-7,0.038461538461538464,0.9615384615384616,91
1,16,8,8,2-2-7-8,0.23333333333333334,0.7666666666666667,15
1,16,8,8,2-2-8-8,0.5,0.5,2
1,16,8,8,2-3-3-3,0.3097389951103211,0.6902610048896789,13857
1,16,8,8,2-3-3-4,0.00039924941110711863,0.9996007505888929,25047
1,16,8,8,2-3-3-5,0.001661036036036037,0.9983389639639639,8880
1,16,8,8,2-3-3-6,0.005759162303664921,0.9942408376963351,1910
1,16,8,8,2-3-3-7,0.001694915254237288,0.9983050847457627,295
1,16,8,8,2-3-3-8,0.4375,0.5625,16
1,16,8,8,2-3-4-4,0.004776328052190121,0.9952236719478099,21460
1,16,8,8,2-3-4-5,0.0005301043468556442,0.9994698956531444,17921
1,16,8,8,2-3-4-6,0.0073836905384213275,0.9926163094615786,3826
1,16,8,8,2-3-4-7,0.01415929203539823,0.9858407079646018,565
1,16,8,8,2-3-4-8,0.26666666666666666,0.7333333333333333,30
1,16,8,8,2-3-5-5,0.00028518465706544986,0.9997148153429346,7013
1,16,8,8,2-3-5-6,0.005237608584568216,0.9947623914154318,3914
1,16,8,8,2-3-5-7,0.03887884267631103,0.961121157323689,553
1,16,8,8,2-3-5-8,0.10714285714285714,0.8928571428571429,42
1,16,8,8,2-3-6-6,0.0021082220660576245,0.9978917779339423,1423
1,16,8,8,2-3-6-7,0.0009433962264150943,0.9990566037735849,530
1,16,8,8,2-3-6-8,0.32857142857142857,0.6714285714285714,35
1,16,8,8,2-3-6-9,0.5,0.5,2
1,16,8,8,2-3-7-7,0.041666666666666664,0.9583333333333334,180
1,16,8,8,2-3-7-8,0.5,0.5,33
1,16,8,8,2-3-8-8,0.5,0.5,5
1,16,8,8,2-4-4-4,0.00684805442862224,0.9931519455713778,6618
1,16,8,8,2-4-4-5,0.0025495750708215297,0.9974504249291785,8825
1,16,8,8,2-4-4-6,0.0005279831045406547,0.9994720168954594,1894
1,16,8,8,2-4-4-7,0.005376344086021506,0.9946236559139785,279
1,16,8,8,2-4-4-8,0.5,0.5,28
1,16,8,8,2-4-5-5,0.000429553264604811,0.9995704467353952,6984
1,16,8,8,2-4-5-6,0.012535538898940294,0.9874644611010597,3869
1,16,8,8,2-4-5-7,0.053415061295971976,0.946584938704028,571
1,16,8,8,2-4-5-8,0.045454545454545456,0.9545454545454546,33
1,16,8,8,2-4-6-6,0.011787072243346007,0.988212927756654,1315
1,16,8,8,2-4-6-7,0.011320754716981131,0.9886792452830189,530
1,16,8,8,2-4-6-8,0.7934782608695652,0.20652173913043478,46
1,16,8,8,2-4-7-7,0.18956043956043955,0.8104395604395604,182
1,16,8,8,2-4-7-8,0.5,0.5,50
1,16,8,8,2-4-7-9,0.5,0.5,2
1,16,8,8,2-4-8-8,0.42857142857142855,0.5714285714285714,7
1,16,8,8,2-5-5-5,0.0009970089730807576,0.9990029910269193,2006
1,16,8,8,2-5-5-6,0.018186347782760338,0.9818136522172397,2007
1,16,8,8,2-5-5-7,0.0425531914893617,0.9574468085106383,282
1,16,8,8,2-5-5-8,0.5,0.5,13
1,16,8,8,2-5-5-9,0.5,0.5,1
1,16,8,8,2-5-6-6,0.030405405405405407,0.9695945945945946,1332
1,16,8,8,2-5-6-7,0.009380863039399626,0.9906191369606003,533
1,16,8,8,2-5-6-8,0.08536585365853659,0.9146341463414634,41
1,16,8,8,2-5-6-9,0.5,0.5,1
1,16,8,8,2-5-7-7,0.18471337579617833,0.8152866242038217,157
1,16,8,8,2-5-7-8,0.17105263157894737,0.8289473684210527,38
1,16,8,8,2-5-8-8,0.5,0.5,13
1,16,8,8,2-6-6-6,0.021144278606965175,0.9788557213930348,402
1,16,8,8,2-6-6-7,0.04365079365079365,0.9563492063492064,252
1,16,8,8,2-6-6-8,0.5,0.5,21
1,16,8,8,2-6-6-9,0.5,0.5,1
1,16,8,8,2-6-7-7,0.03939393939393939,0.9606060606060606,165
1,16,8,8,2-6-7-8,0.5,0.5,35
1,16,8,8,2-6-7-9,0.5,0.5,1
1,16,8,8,2-6-8-8,0.5,0.5,7
1,16,8,8,2-6-9-9,0.5,0.5,1
1,16,8,8,2-7-7-7,0.22115384615384615,0.7788461538461539,52
1,16,8,8,2-7-7-8,0.5,0.5,20
1,16,8,8,2-7-7-9,0.5,0.5,1
1,16,8,8,2-7-8-8,0.5,0.5,9
1,16,8,8,2-7-8-9,0.5,0.5,1
1,16,8,8,2-8-8-8,0.5,0.5,2
1,16,8,8,3-3-3-3,0.1952021302439302,0.8047978697560698,3322
1,16,8,8,3-3-3-4,0.00919368781294891,0.9908063121870511,8079
1,16,8,8,3-3-3-5,0.0031141868512110727,0.9968858131487889,2890
1,16,8,8,3-3-3-6,0.02223926380368098,0.977760736196319,652
1,16,8,8,3-3-3-7,0.015306122448979591,0.9846938775510204,98
1,16,8,8,3-3-3-8,0.5,0.5,6
1,16,8,8,3-3-4-4,0.0007629219912263971,0.9992370780087736,10486
1,16,8,8,3-3-4-5,0.0003354954148959964,0.999664504585104,8942
1,16,8,8,3-3-4-6,0.0007882291119285339,0.9992117708880714,1903
1,16,8,8,3-3-4-7,0.005952380952380952,0.9940476190476191,252
1,16,8,8,3-3-4-8,0.1111111111111111,0.8888888888888888,18
1,16,8,8,3-3-5-5,0.0019801980198019802,0.998019801980198,3535
1,16,8,8,3-3-5-6,0.01664025356576862,0.9833597464342314,1893
1,16,8,8,3-3-5-7,0.0016286644951140066,0.998371335504886,307
1,16,8,8,3-3-5-8,0.07142857142857142,0.9285714285714286,21
1,16,8,8,3-3-6-6,0.0034387895460797797,0.9965612104539202,727
1,16,8,8,3-3-6-7,0.033185840707964605,0.9668141592920354,226
1,16,8,8,3-3-6-8,0.5,0.5,13
1,16,8,8,3-3-7-7,0.0330188679245283,0.9669811320754716,106
1,16,8,8,3-3-7-8,0.019230769230769232,0.9807692307692307,26
1,16,8,8,3-3-8-8,0.4375,0.5625,8
1,16,8,8,3-4-4-4,0.0009285051067780873,0.9990714948932219,6462
1,16,8,8,3-4-4-5,0.0004536690484291709,0.9995463309515709,8817
1,16,8,8,3-4-4-6,0.015,0.985,1900
1,16,8,8,3-4-4-7,0.038834951456310676,0.9611650485436893,309
1,16,8,8,3-4-4-8,0.5,0.5,17
1,16,8,8,3-4-5-5,0.001870772773060872,0.9981292272269391,6949
1,16,8,8,3-4-5-6,0.0005042864346949068,0.9994957135653051,3966
1,16,8,8,3-4-5-7,0.17402826855123674,0.8259717314487632,566
1,16,8,8,3-4-5-8,0.18478260869565216,0.8152173913043478,46
1,16,8,8,3-4-6-6,0.014992503748125937,0.9850074962518741,1334
1,16,8,8,3-4-6-7,0.14339622641509434,0.8566037735849057,530
1,16,8,8,3-4-6-8,0.5,0.5,48
1,16,8,8,3-4-6-9,0.5,0.5,1
1,16,8,8,3-4-7-7,0.08967391304347826,0.9103260869565217,184
1,16,8,8,3-4-7-8,0.5,0.5,33
1,16,8,8,3-4-7-9,0.5,0.5,3
1,16,8,8,3-4-8-8,0.5,0.5,7
1,16,8,8,3-5-5-5,0.0025458248472505093,0.9974541751527495,1964
1,16,8,8,3-5-5-6,0.02663825253063399,0.973361747469366,1877
1,16,8,8,3-5-5-7,0.2557077625570776,0.7442922374429224,219
1,16,8,8,3-5-5-8,0.5,0.5,16
1,16,8,8,3-5-6-6,0.08380084151472651,0.9161991584852734,1426
1,16,8,8,3-5-6-7,0.021937842778793418,0.9780621572212066,547
1,16,8,8,3-5-6-8,0.5,0.5,45
1,16,8,8,3-5-6-9,0.5,0.5,2
1,16,8,8,3-5-7-7,0.07046979865771812,0.9295302013422819,149
1,16,8,8,3-5-7-8,0.5,0.5,32
1,16,8,8,3-5-7-9,0.5,0.5,1
1,16,8,8,3-5-8-8,0.5,0.5,7
1,16,8,8,3-6-6-6,0.11358024691358025,0.8864197530864197,405
1,16,8,8,3-6-6-7,0.1104868913857678,0.8895131086142322,267
1,16,8,8,3-6-6-8,0.5,0.5,14
1,16,8,8,3-6-6-9,0.5,0.5,1
1,16,8,8,3-6-7-7,0.3520710059171598,0.6479289940828402,169
1,16,8,8,3-6-7-8,0.5,0.5,41
1,16,8,8,3-6-7-9,0.5,0.5,1
1,16,8,8,3-6-8-8,0.2692307692307692,0.7307692307692307,13
1,16,8,8,3-7-7-7,0.5,0.5,25
1,16,8,8,3-7-7-8,0.5,0.5,27
1,16,8,8,3-7-8-8,0.5,0.5,8
1,16,8,8,4-4-4-4,0.3224712129578458,0.6775287870421542,1373
1,16,8,8,4-4-4-5,0.000351493848857645,0.9996485061511423,2845
1,16,8,8,4-4-4-6,0.009554140127388535,0.9904458598726115,628
1,16,8,8,4-4-4-7,0.2867647058823529,0.7132352941176471,68
1,16,8,8,4-4-4-8,0.5,0.5,5
1,16,8,8,4-4-5-5,0.013736263736263736,0.9862637362637363,3458
1,16,8,8,4-4-5-6,0.020229007633587787,0.9797709923664122,1965
1,16,8,8,4-4-5-7,0.19498069498069498,0.805019305019305,259
1,16,8,8,4-4-5-8,0.3125,0.6875,24
1,16,8,8,4-4-6-6,0.06102635228848821,0.9389736477115118,721
1,16,8,8,4-4-6-7,0.07789855072463768,0.9221014492753623,276
1,16,8,8,4-4-6-8,0.5,0.5,18
1,16,8,8,4-4-6-9,0.5,0.5,1
1,16,8,8,4-4-7-7,0.12209302325581395,0.877906976744186,86
1,16,8,8,4-4-7-8,0.2608695652173913,0.7391304347826086,23
1,16,8,8,4-4-8-8,0.5,0.5,8
1,16,8,8,4-5-5-5,0.002170767004341534,0.9978292329956585,2073
1,16,8,8,4-5-5-6,0.09737363726461844,0.9026263627353815,2018
1,16,8,8,4-5-5-7,0.09695817490494296,0.903041825095057,263
1,16,8,8,4-5-5-8,0.5,0.5,15
1,16,8,8,4-5-5-9,0.5,0.5,3
1,16,8,8,4-5-6-6,0.007178750897343862,0.9928212491026561,1393
1,16,8,8,4-5-6-7,0.13773584905660377,0.8622641509433963,530
1,16,8,8,4-5-6-8,0.5,0.5,37
1,16,8,8,4-5-6-9,0.5,0.5,1
1,16,8,8,4-5-7-7,0.002688172043010753,0.9973118279569892,186
1,16,8,8,4-5-7-8,0.5,0.5,36
1,16,8,8,4-5-7-9,0.5,0.5,1
1,16,8,8,4-5-8-8,0.5,0.5,9
1,16,8,8,4-5-8-9,0.5,0.5,1
1,16,8,8,4-6-6-6,0.5,0.5,412
1,16,8,8,4-6-6-7,0.10181818181818182,0.8981818181818182,275
1,16,8,8,4-6-6-8,0.5,0.5,12
1,16,8,8,4-6-7-7,0.28273809523809523,0.7172619047619048,168
1,16,8,8,4-6-7-8,0.2857142857142857,0.7142857142857143,35
1,16,8,8,4-6-7-9,0.5,0.5,2
1,16,8,8,4-6-8-8,0.5,0.5,15
1,16,8,8,4-7-7-7,0.5,0.5,49
1,16,8,8,4-7-7-8,0.5,0.5,23
1,16,8,8,5-5-5-5,0.03349282296650718,0.9665071770334929,418
1,16,8,8,5-5-5-6,0.0380952380952381,0.9619047619047619,630
1,16,8,8,5-5-5-7,0.5,0.5,75
1,16,8,8,5-5-5-8,0.5,0.5,5
1,16,8,8,5-5-6-6,0.007779349363507779,0.9922206506364922,707
1,16,8,8,5-5-6-7,0.11172161172161173,0.8882783882783882,273
1,16,8,8,5-5-6-8,0.5,0.5,23
1,16,8,8,5-5-6-9,0.5,0.5,3
1,16,8,8,5-5-7-7,0.3392857142857143,0.6607142857142857,84
1,16,8,8,5-5-7-8,0.5,0.5,23
1,16,8,8,5-5-7-9,0.5,0.5,1
1,16,8,8,5-5-8-8,0.5,0.5,6
1,16,8,8,5-6-6-6,0.003968253968253968,0.996031746031746,378
1,16,8,8,5-6-6-7,0.35687732342007433,0.6431226765799256,269
1,16,8,8,5-6-6-8,0.5,0.5,18
1,16,8,8,5-6-7-7,0.5,0.5,161
1,16,8,8,5-6-7-8,0.5,0.5,42
1,16,8,8,5-7-7-7,0.5,0.5,35
1,16,8,8,6-6-6-6,0.9418604651162791,0.05813953488372093,86
1,16,8,8,6-6-6-7,0.5,0.5,86
1,16,8,8,6-6-6-8,0.5,0.5,5
1,16,8,8,6-6-7-7,0.5,0.5,69
1,18,9,9,1-1-1-1,0.824243925156438,0.17575607484356195,27480
1,18,9,9,1-1-1-2,0.0004395836263890843,0.9995604163736109,56872
1,18,9,9,1-1-1-3,0.0013820920029191323,0.9986179079970808,21535
1,18,9,9,1-1-1-4,0.0010951702989814916,0.9989048297010185,9131
1,18,9,9,1-1-1-5,0.00020056157240272763,0.9997994384275972,2493
1,18,9,9,1-1-1-6,0.0011210762331838565,0.9988789237668162,446
1,18,9,9,1-1-1-7,0.25,0.75,42
1,18,9,9,1-1-1-8,0.25,0.75,2
1,18,9,9,1-1-2-2,0.0030427423102690563,0.996957257689731,71677
1,18,9,9,1-1-2-3,0.0008754318634428642,0.9991245681365571,65676
1,18,9,9,1-1-2-4,0.00021055855441981546,0.9997894414455801,26121
1,18,9,9,1-1-2-5,0.0005375621556242441,0.9994624378443757,7441
1,18,9,9,1-1-2-6,0.02476958525345622,0.9752304147465438,1302
1,18,9,9,1-1-2-7,0.07246376811594203,0.927536231884058,138
1,18,9,9,1-1-2-8,0.05555555555555555,0.9444444444444444,9
1,18,9,9,1-1-3-3,0.00014728625082848515,0.9998527137491715,27158
1,18,9,9,1-1-3-4,0.0003100414680463512,0.9996899585319536,25803
1,18,9,9,1-1-3-5,0.000681013347861618,0.9993189866521384,7342
1,18,9,9,1-1-3-6,0.00274079874706343,0.9972592012529365,1277
1,18,9,9,1-1-3-7,0.011538461538461539,0.9884615384615385,130
1,18,9,9,1-1-3-8,0.16666666666666666,0.8333333333333334,3
1,18,9,9,1-1-3-9,0.5,0.5,1
1,18,9,9,1-1-4-4,0.0072499793399636156,0.9927500206600364,10801
1,18,9,9,1-1-4-5,0.00020166711481581071,0.9997983328851842,7438
1,18,9,9,1-1-4-6,0.000749063670411985,0.9992509363295881,1335
1,18,9,9,1-1-4-7,0.14130434782608695,0.8586956521739131,138
1,18,9,9,1-1-4-8,0.5,0.5,3
1,18,9,9,1-1-5-5,0.009276100400145508,0.9907238995998545,2749
1,18,9,9,1-1-5-6,0.0043720190779014305,0.9956279809220986,1258
1,18,9,9,1-1-5-7,0.08163265306122448,0.9183673469387755,147
1,18,9,9,1-1-5-8,0.5,0.5,7
1,18,9,9,1-1-5-9,0.5,0.5,1
1,18,9,9,1-1-6-6,0.009782608695652175,0.9902173913043478,460
1,18,9,9,1-1-6-7,0.010273972602739725,0.9897260273972602,146
1,18,9,9,1-1-6-8,0.5,0.5,6
1,18,9,9,1-1-7-7,0.3617021276595745,0.6382978723404256,47
1,18,9,9,1-1-7-8,0.5,0.5,2
1,18,9,9,1-1-8-8,0.5,0.5,2
1,18,9,9,1-2-2-2,0.0006560773480662984,0.9993439226519337,43440
1,18,9,9,1-2-2-3,0.00012146056327336218,0.9998785394367267,65865
1,18,9,9,1-2-2-4,3.770881254949282e-05,0.9999622911874505,26519
1,18,9,9,1-2-2-5,0.0036015221527589017,0.9963984778472411,7358
1,18,9,9,1-2-2-6,0.011263073209975865,0.9887369267900241,1243
1,18,9,9,1-2-2-7,0.015625,0.984375,160
1,18,9,9,1-2-2-8,0.2,0.8,10
1,18,9,9,1-2-3-3,0.0008734738996134724,0.9991265261003865,54199
1,18,9,9,1-2-3-4,0.00027148619298789946,0.9997285138070121,51568
1,18,9,9,1-2-3-5,0.0006499281658343025,0.9993500718341657,14617
1,18,9,9,1-2-3-6,0.0003972983710766786,0.9996027016289233,2517
1,18,9,9,1-2-3-7,0.011986301369863013,0.988013698630137,292
1,18,9,9,1-2-3-8,0.05555555555555555,0.9444444444444444,18
1,18,9,9,1-2-4-4,0.00011753643629525152,0.9998824635637047,21270
1,18,9,9,1-2-4-5,3.413901406527379e-05,0.9999658609859348,14646
1,18,9,9,1-2-4-6,0.004693954187007135,0.9953060458129929,2663
1,18,9,9,1-2-4-7,0.03501945525291829,0.9649805447470817,257
1,18,9,9,1-2-4-8,0.275,0.725,20
1,18,9,9,1-2-5-5,0.0005465476407360175,0.999453452359264,5489
1,18,9,9,1-2-5-6,0.002625656414103526,0.9973743435858965,2666
1,18,9,9,1-2-5-7,0.0783132530120482,0.9216867469879518,249
1,18,9,9,1-2-5-8,0.11764705882352941,0.8823529411764706,17
1,18,9,9,1-2-5-9,0.5,0.5,1
1,18,9,9,1-2-6-6,0.0036880927291886197,0.9963119072708114,949
1,18,9,9,1-2-6-7,0.08732876712328767,0.9126712328767124,292
1,18,9,9,1-2-6-8,0.17857142857142858,0.8214285714285714,14
1,18,9,9,1-2-6-9,0.5,0.5,1
1,18,9,9,1-2-7-7,0.24691358024691357,0.7530864197530864,81
1,18,9,9,1-2-7-8,0.045454545454545456,0.9545454545454546,11
1,18,9,9,1-3-3-3,0.004473452301288473,0.9955265476987116,16458
1,18,9,9,1-3-3-4,0.00091502227880331,0.9990849777211966,25136
1,18,9,9,1-3-3-5,0.0004153398864737644,0.9995846601135262,7223
1,18,9,9,1-3-3-6,0.003946329913180742,0.9960536700868192,1267
1,18,9,9,1-3-3-7,0.09933774834437085,0.9006622516556292,151
1,18,9,9,1-3-3-8,0.5,0.5,9
1,18,9,9,1-3-4-4,0.0005213270142180095,0.999478672985782,21100
1,18,9,9,1-3-4-5,0.0011258955987717503,0.9988741044012283,14655
1,18,9,9,1-3-4-6,0.007082695252679939,0.9929173047473201,2612
1,18,9,9,1-3-4-7,0.035211267605633804,0.9647887323943662,284
1,18,9,9,1-3-4-8,0.5,0.5,16
1,18,9,9,1-3-5-5,0.006285919540229885,0.9937140804597702,5568
1,18,9,9,1-3-5-6,0.002614641995172969,0.9973853580048271,2486
1,18,9,9,1-3-5-7,0.046875,0.953125,288
1,18,9,9,1-3-5-8,0.2631578947368421,0.7368421052631579,19
1,18,9,9,1-3-6-6,0.02355072463768116,0.9764492753623188,828
1,18,9,9,1-3-6-7,0.04383116883116883,0.9561688311688312,308
1,18,9,9,1-3-6-8,0.05,0.95,10
1,18,9,9,1-3-7-7,0.4411764705882353,0.5588235294117647,85
1,18,9,9,1-3-7-8,0.5,0.5,11
1,18,9,9,1-3-8-8,0.5,0.5,5
1,18,9,9,1-4-4-4,0.00016225864027259452,0.9998377413597274,6163
1,18,9,9,1-4-4-5,0.001650391968092422,0.9983496080319075,7271
1,18,9,9,1-4-4-6,0.02457098283931357,0.9754290171606864,1282
1,18,9,9,1-4-4-7,0.05136986301369863,0.9486301369863014,146
1,18,9,9,1-4-4-8,0.0625,0.9375,8
1,18,9,9,1-4-5-5,0.0018191740949608877,0.9981808259050391,5497
1,18,9,9,1-4-5-6,0.023076923076923078,0.9769230769230769,2665
1,18,9,9,1-4-5-7,0.035849056603773584,0.9641509433962264,265
1,18,9,9,1-4-5-8,0.5,0.5,15
1,18,9,9,1-4-6-6,0.0677491601343785,0.9322508398656215,893
1,18,9,9,1-4-6-7,0.2735191637630662,0.7264808362369338,287
1,18,9,9,1-4-6-8,0.20833333333333334,0.7916666666666666,24
1,18,9,9,1-4-7-7,0.5,0.5,80
1,18,9,9,1-4-7-8,0.5,0.5,9
1,18,9,9,1-4-8-8,0.5,0.5,8
1,18,9,9,1-4-8-9,0.5,0.5,1
1,18,9,9,1-5-5-5,0.009584664536741214,0.9904153354632588,1565
1,18,9,9,1-5-5-6,0.00941265060240964,0.9905873493975904,1328
1,18,9,9,1-5-5-7,0.11538461538461539,0.8846153846153846,130
1,18,9,9,1-5-5-8,0.5,0.5,4
1,18,9,9,1-5-6-6,0.007972665148063782,0.9920273348519362,878
1,18,9,9,1-5-6-7,0.15708812260536398,0.842911877394636,261
1,18,9,9,1-5-6-8,0.5,0.5,15
1,18,9,9,1-5-7-7,0.38636363636363635,0.6136363636363636,66
1,18,9,9,1-5-7-8,0.5,0.5,11
1,18,9,9,1-5-8-8,0.5,0.5,4
1,18,9,9,1-6-6-6,0.2793427230046948,0.7206572769953051,213
1,18,9,9,1-6-6-7,0.4098360655737705,0.5901639344262295,122
1,18,9,9,1-6-6-8,0.5,0.5,4
1,18,9,9,1-6-7-7,0.5,0.5,76
1,18,9,9,1-6-7-8,0.5,0.5,14
1,18,9,9,1-6-8-8,0.5,0.5,2
1,18,9,9,1-7-7-7,0.5,0.5,24
1,18,9,9,1-7-7-8,0.5,0.5,6
1,18,9,9,1-7-8-8,0.5,0.5,2
1,18,9,9,1-8-8-8,0.5,0.5,3
1,18,9,9,2-2-2-2,0.1790571228189868,0.8209428771810131,10168
1,18,9,9,2-2-2-3,2.3171749003614792e-05,0.9999768282509964,21578
1,18,9,9,2-2-2-4,0.0010583254938852304,0.9989416745061148,8504
1,18,9,9,2-2-2-5,0.003142183817753339,0.9968578161822467,2546
1,18,9,9,2-2-2-6,0.016908212560386472,0.9830917874396136,414
1,18,9,9,2-2-2-7,0.1282051282051282,0.8717948717948718,39
1,18,9,9,2-2-3-3,0.00013030528667163068,0.9998696947133283,26860
1,18,9,9,2-2-3-4,0.0005111871338130628,0.999488812866187,25431
1,18,9,9,2-2-3-5,0.004429065743944637,0.9955709342560554,7225
1,18,9,9,2-2-3-6,0.004327301337529505,0.9956726986624705,1271
1,18,9,9,2-2-3-7,0.011904761904761904,0.9880952380952381,126
1,18,9,9,2-2-3-8,0.5,0.5,6
1,18,9,9,2-2-4-4,4.726791453961051e-05,0.9999527320854604,10578
1,18,9,9,2-2-4-5,0.004473969631236443,0.9955260303687635,7376
1,18,9,9,2-2-4-6,0.008835341365461847,0.9911646586345382,1245
1,18,9,9,2-2-4-7,0.03164556962025317,0.9683544303797469,158
1,18,9,9,2-2-4-8,0.5,0.5,11
1,18,9,9,2-2-5-5,0.004631278945493409,0.9953687210545066,2807
1,18,9,9,2-2-5-6,0.00274294670846395,0.997257053291536,1276
1,18,9,9,2-2-5-7,0.004201680672268907,0.9957983193277311,119
1,18,9,9,2-2-5-8,0.5,0.5,4
1,18,9,9,2-2-6-6,0.06336405529953917,0.9366359447004609,434
1,18,9,9,2-2-6-7,0.05102040816326531,0.9489795918367347,147
1,18,9,9,2-2-6-8,0.5,0.5,6
1,18,9,9,2-2-7-7,0.2553191489361702,0.7446808510638298,47
1,18,9,9,2-2-7-8,0.5,0.5,6
1,18,9,9,2-3-3-3,3.1669622498099825e-05,0.9999683303775019,15788
1,18,9,9,2-3-3-4,0.00035842293906810036,0.9996415770609319,25110
1,18,9,9,2-3-3-5,0.0005497526113249038,0.999450247388675,7276
1,18,9,9,2-3-3-6,0.0011801730920535012,0.9988198269079465,1271
1,18,9,9,2-3-3-7,0.006493506493506494,0.9935064935064936,154
1,18,9,9,2-3-3-8,0.4,0.6,5
1,18,9,9,2-3-4-4,0.0007512237677506907,0.9992487762322493,20633
1,18,9,9,2-3-4-5,0.011679835108210237,0.9883201648917898,14555
1,18,9,9,2-3-4-6,0.0014073180538801769,0.9985926819461198,2487
1,18,9,9,2-3-4-7,0.01056338028169014,0.9894366197183099,284
1,18,9,9,2-3-4-8,0.16666666666666666,0.8333333333333334,12
1,18,9,9,2-3-5-5,0.0037504573728503474,0.9962495426271496,5466
1,18,9,9,2-3-5-6,0.005977632086386425,0.9940223679136135,2593
1,18,9,9,2-3-5-7,0.028368794326241134,0.9716312056737588,282
1,18,9,9,2-3-5-8,0.5,0.5,17
1,18,9,9,2-3-6-6,0.048712206047032476,0.9512877939529675,893
1,18,9,9,2-3-6-7,0.06968641114982578,0.9303135888501742,287
1,18,9,9,2-3-6-8,0.4,0.6,15
1,18,9,9,2-3-7-7,0.011111111111111112,0.9888888888888889,90
1,18,9,9,2-3-7-8,0.5,0.5,8
1,18,9,9,2-3-8-8,0.5,0.5,2
1,18,9,9,2-4-4-4,0.008128759551292473,0.9918712404487076,6151
1,18,9,9,2-4-4-5,0.010717287755673858,0.9892827122443262,7138
1,18,9,9,2-4-4-6,0.02685325264750378,0.9731467473524962,1322
1,18,9,9,2-4-4-7,0.03642384105960265,0.9635761589403974,151
1,18,9,9,2-4-4-8,0.5,0.5,5
1,18,9,9,2-4-5-5,0.001013451262207481,0.9989865487377925,5427
1,18,9,9,2-4-5-6,0.025992632009823987,0.9740073679901761,2443
1,18,9,9,2-4-5-7,0.0017064846416382253,0.9982935153583617,293
1,18,9,9,2-4-5-8,0.21875,0.78125,16
1,18,9,9,2-4-6-6,0.012946979038224414,0.9870530209617756,811
1,18,9,9,2-4-6-7,0.03356890459363958,0.9664310954063604,283
1,18,9,9,2-4-6-8,0.5,0.5,10
1,18,9,9,2-4-7-7,0.5,0.5,84
1,18,9,9,2-4-7-8,0.5,0.5,13
1,18,9,9,2-4-7-9,0.5,0.5,1
1,18,9,9,2-4-8-8,0.5,0.5,4
1,18,9,9,2-5-5-5,0.1369363395225464,0.8630636604774535,1508
1,18,9,9,2-5-5-6,0.011182108626198083,0.9888178913738019,1252
1,18,9,9,2-5-5-7,0.5,0.5,138
1,18,9,9,2-5-5-8,0.5,0.5,6
1,18,9,9,2-5-6-6,0.03567251461988304,0.9643274853801169,855
1,18,9,9,2-5-6-7,0.14893617021276595,0.851063829787234,282
1,18,9,9,2-5-6-8,0.5,0.5,9
1,18,9,9,2-5-7-7,0.18666666666666668,0.8133333333333334,75
1,18,9,9,2-5-7-8,0.5,0.5,15
1,18,9,9,2-5-8-8,0.5,0.5,6
1,18,9,9,2-6-6-6,0.5,0.5,222
1,18,9,9,2-6-6-7,0.45689655172413796,0.5431034482758621,116
1,18,9,9,2-6-6-8,0.5,0.5,9
1,18,9,9,2-6-7-7,0.5,0.5,85
1,18,9,9,2-6-7-8,0.5,0.5,11
1,18,9,9,2-6-8-8,0.5,0.5,4
1,18,9,9,2-7-7-7,0.5,0.5,19
1,18,9,9,2-7-7-8,0.5,0.5,6
1,18,9,9,2-7-8-9,0.5,0.5,1
1,18,9,9,3-3-3-3,0.0720824047860845,0.9279175952139155,3708
1,18,9,9,3-3-3-4,0.0028933760157596653,0.9971066239842403,8122
1,18,9,9,3-3-3-5,0.00458906967042136,0.9954109303295786,2397
1,18,9,9,3-3-3-6,0.01670378619153675,0.9832962138084632,449
1,18,9,9,3-3-3-7,0.6938775510204082,0.30612244897959184,49
1,18,9,9,3-3-3-8,0.5,0.5,3
1,18,9,9,3-3-4-4,0.003920999128666861,0.9960790008713332,10329
1,18,9,9,3-3-4-5,0.00020830440216636578,0.9997916955978337,7201
1,18,9,9,3-3-4-6,0.005171042163882259,0.9948289578361177,1257
1,18,9,9,3-3-4-7,0.2754237288135593,0.7245762711864406,118
1,18,9,9,3-3-4-8,0.3333333333333333,0.6666666666666666,9
1,18,9,9,3-3-5-5,0.006288178224937119,0.9937118217750629,2783
1,18,9,9,3-3-5-6,0.032706459525756335,0.9672935404742437,1223
1,18,9,9,3-3-5-7,0.2127659574468085,0.7872340425531915,141
1,18,9,9,3-3-5-8,0.5,0.5,9
1,18,9,9,3-3-6-6,0.5196078431372549,0.4803921568627451,459
1,18,9,9,3-3-6-7,0.5,0.5,121
1,18,9,9,3-3-6-8,0.5,0.5,4
1,18,9,9,3-3-7-7,0.5,0.5,50
1,18,9,9,3-3-7-8,0.5,0.5,6
1,18,9,9,3-3-8-8,0.5,0.5,2
1,18,9,9,3-4-4-4,0.0020491803278688526,0.9979508196721312,6100
1,18,9,9,3-4-4-5,0.0030838239416876925,0.9969161760583123,7134
1,18,9,9,3-4-4-6,0.011895321173671689,0.9881046788263284,1261
1,18,9,9,3-4-4-7,0.3841059602649007,0.6158940397350994,151
1,18,9,9,3-4-4-8,0.5,0.5,6
1,18,9,9,3-4-5-5,0.0022054769343870613,0.9977945230656129,5441
1,18,9,9,3-4-5-6,0.0003835826620636747,0.9996164173379364,2607
1,18,9,9,3-4-5-7,0.1532567049808429,0.8467432950191571,261
1,18,9,9,3-4-5-8,0.17647058823529413,0.8235294117647058,17
1,18,9,9,3-4-6-6,0.009259259259259259,0.9907407407407407,864
1,18,9,9,3-4-6-7,0.2574074074074074,0.7425925925925926,270
1,18,9,9,3-4-6-8,0.5,0.5,15
1,18,9,9,3-4-6-9,0.5,0.5,1
1,18,9,9,3-4-7-7,0.5,0.5,75
1,18,9,9,3-4-7-8,0.5,0.5,13
1,18,9,9,3-4-8-8,0.5,0.5,3
1,18,9,9,3-5-5-5,0.1353135313531353,0.8646864686468647,1515
1,18,9,9,3-5-5-6,0.04487179487179487,0.9551282051282052,1248
1,18,9,9,3-5-5-7,0.4194915254237288,0.5805084745762712,118
1,18,9,9,3-5-5-8,0.5,0.5,7
1,18,9,9,3-5-6-6,0.1143018018018018,0.8856981981981982,888
1,18,9,9,3-5-6-7,0.014388489208633094,0.9856115107913669,278
1,18,9,9,3-5-6-8,0.5,0.5,18
1,18,9,9,3-5-6-9,0.5,0.5,1
1,18,9,9,3-5-7-7,0.5,0.5,76
1,18,9,9,3-5-7-8,0.5,0.5,14
1,18,9,9,3-5-8-8,0.5,0.5,1
1,18,9,9,3-6-6-6,0.17982456140350878,0.8201754385964912,228
1,18,9,9,3-6-6-7,0.208,0.792,125
1,18,9,9,3-6-6-8,0.5,0.5,6
1,18,9,9,3-6-7-7,0.5,0.5,62
1,18,9,9,3-6-7-8,0.5,0.5,14
1,18,9,9,3-6-8-8,0.5,0.5,8
1,18,9,9,3-7-7-7,0.5,0.5,10
1,18,9,9,3-7-7-8,0.5,0.5,10
1,18,9,9,3-7-8-8,0.5,0.5,4
1,18,9,9,4-4-4-4,0.31180724849666835,0.6881927515033317,1172
1,18,9,9,4-4-4-5,0.007362221287336979,0.992637778712663,2377
1,18,9,9,4-4-4-6,0.012195121951219513,0.9878048780487805,410
1,18,9,9,4-4-4-7,0.14864864864864866,0.8513513513513513,37
1,18,9,9,4-4-4-8,0.5,0.5,2
1,18,9,9,4-4-5-5,0.03575337468077344,0.9642466253192266,2741
1,18,9,9,4-4-5-6,0.005098039215686275,0.9949019607843137,1275
1,18,9,9,4-4-5-7,0.5,0.5,149
1,18,9,9,4-4-5-8,0.5,0.5,7
1,18,9,9,4-4-6-6,0.039414414414414414,0.9605855855855856,444
1,18,9,9,4-4-6-7,0.09310344827586207,0.906896551724138,145
1,18,9,9,4-4-6-8,0.5,0.5,8
1,18,9,9,4-4-7-7,0.5,0.5,32
1,18,9,9,4-4-7-8,0.5,0.5,6
1,18,9,9,4-4-8-8,0.5,0.5,1
1,18,9,9,4-5-5-5,0.10163624921334173,0.8983637507866583,1589
1,18,9,9,4-5-5-6,0.11490196078431372,0.8850980392156863,1275
1,18,9,9,4-5-5-7,0.5,0.5,139
1,18,9,9,4-5-5-8,0.5,0.5,8
1,18,9,9,4-5-5-9,0.5,0.5,1
1,18,9,9,4-5-6-6,0.0811111111111111,0.9188888888888889,900
1,18,9,9,4-5-6-7,0.5,0.5,261
1,18,9,9,4-5-6-8,0.5,0.5,7
1,18,9,9,4-5-6-9,0.5,0.5,1
1,18,9,9,4-5-7-7,0.5,0.5,79
1,18,9,9,4-5-7-8,0.5,0.5,13
1,18,9,9,4-5-7-9,0.5,0.5,1
1,18,9,9,4-5-8-8,0.5,0.5,1
1,18,9,9,4-6-6-6,0.5,0.5,170
1,18,9,9,4-6-6-7,0.5,0.5,121
1,18,9,9,4-6-6-8,0.5,0.5,4
1,18,9,9,4-6-7-7,0.5,0.5,90
1,18,9,9,4-6-7-8,0.5,0.5,12
1,18,9,9,4-6-8-8,0.5,0.5,3
1,18,9,9,4-7-7-7,0.5,0.5,12
1,18,9,9,4-7-7-8,0.5,0.5,10
1,18,9,9,5-5-5-5,0.030254777070063694,0.9697452229299363,314
1,18,9,9,5-5-5-6,0.06658878504672897,0.9334112149532711,428
1,18,9,9,5-5-5-7,0.5,0.5,39
1,18,9,9,5-5-5-8,0.5,0.5,2
1,18,9,9,5-5-6-6,0.11805555555555555,0.8819444444444444,432
1,18,9,9,5-5-6-7,0.5,0.5,131
1,18,9,9,5-5-6-8,0.5,0.5,11
1,18,9,9,5-5-6-9,0.5,0.5,1
1,18,9,9,5-5-7-7,0.265625,0.734375,32
1,18,9,9,5-5-7-8,0.5,0.5,8
1,18,9,9,5-5-8-8,0.5,0.5,1
1,18,9,9,5-6-6-6,0.3578199052132701,0.6421800947867299,211
1,18,9,9,5-6-6-7,0.5,0.5,119
1,18,9,9,5-6-6-8,0.5,0.5,6
1,18,9,9,5-6-7-7,0.5,0.5,66
1,18,9,9,5-6-7-8,0.5,0.5,9
1,18,9,9,5-7-7-7,0.5,0.5,16
1,18,9,9,6-6-6-6,0.140625,0.859375,32
1,18,9,9,6-6-6-7,0.5,0.5,33
1,18,9,9,6-6-6-8,0.5,0.5,1
1,18,9,9,6-6-7-7,0.5,0.5,34
2,1,1,0,1-1-1-1,0.5,0.5,212
2,1,1,0,1-1-1-10,0.00639300134589502,0.993606998654105,743
2,1,1,0,1-1-1-2,0.2526455026455027,0.7473544973544973,756
2,1,1,0,1-1-1-3,0.27967440228933454,0.7203255977106654,748
2,1,1,0,1-1-1-4,0.2920662615824742,0.7079337384175258,739
2,1,1,0,1-1-1-5,0.2462686567164179,0.753731343283582,737
2,1,1,0,1-1-1-6,0.012436044690404094,0.987563955309596,785
2,1,1,0,1-1-1-7,0.00718954248366013,0.9928104575163399,765
2,1,1,0,1-1-1-8,0.0026845637583892616,0.9973154362416108,745
2,1,1,0,1-1-1-9,0.0012515644555694619,0.9987484355444305,799
2,1,1,0,1-1-10-10,0.0008257638315441783,0.9991742361684558,1211
2,1,1,0,1-1-2-10,0.0030474531998258597,0.9969525468001741,2297
2,1,1,0,1-1-2-2,0.9110599078341014,0.08894009216589861,1085
2,1,1,0,1-1-2-3,0.7189700422483922,0.28102995775160766,2261
2,1,1,0,1-1-2-4,0.8295652894162694,0.1704347105837307,2295
2,1,1,0,1-1-2-5,0.011679153812252093,0.988320846187748,2269
2,1,1,0,1-1-2-6,0.003269398430688753,0.9967306015693113,2294
2,1,1,0,1-1-2-7,0.014005149965283114,0.9859948500347169,2220
2,1,1,0,1-1-2-8,0.006433007985803017,0.993566992014197,2254
2,1,1,0,1-1-2-9,0.000925925925925926,0.9990740740740741,2160
2,1,1,0,1-1-3-10,0.0004177109440267335,0.9995822890559732,2394
2,1,1,0,1-1-3-3,0.9006602389650391,0.09933976103496081,1112
2,1,1,0,1-1-3-4,0.5452257741683839,0.454774225831616,2217
2,1,1,0,1-1-3-5,0.8456089954398893,0.15439100456011062,2233
2,1,1,0,1-1-3-6,0.0004640371229698376,0.9995359628770302,2155
2,1,1,0,1-1-3-7,0.012522922338343855,0.9874770776616563,2302
2,1,1,0,1-1-3-8,0.0033828022697512004,0.9966171977302488,2291
2,1,1,0,1-1-3-9,0.0011301989150090416,0.9988698010849909,2212
2,1,1,0,1-1-4-10,0.0004761904761904762,0.9995238095238095,2100
2,1,1,0,1-1-4-4,0.811565202862245,0.18843479713775496,1074
2,1,1,0,1-1-4-5,0.2576746115928441,0.742325388407156,2322
2,1,1,0,1-1-4-6,0.0077344918441128035,0.9922655081558871,2272
2,1,1,0,1-1-4-7,0.012978831659305537,0.9870211683406944,2271
2,1,1,0,1-1-4-8,0.0008952551477170994,0.999104744852283,2234
2,1,1,0,1-1-4-9,0.0008952551477170994,0.999104744852283,2234
2,1,1,0,1-1-5-10,0.0004246284501061571,0.9995753715498938,2355
2,1,1,0,1-1-5-5,0.11484671920411356,0.8851532807958864,1120
2,1,1,0,1-1-5-6,0.013576472355811333,0.9864235276441887,2160
2,1,1,0,1-1-5-7,0.003799731783638802,0.9962002682163612,2237
2,1,1,0,1-1-5-8,0.0018975332068311196,0.9981024667931688,2108
2,1,1,0,1-1-5-9,0.000657030223390276,0.9993429697766097,2283
2,1,1,0,1-1-6-10,0.0008695652173913044,0.9991304347826087,2300
2,1,1,0,1-1-6-6,0.028465964960809272,0.9715340350391908,1074
2,1,1,0,1-1-6-7,0.0040339702760084925,0.9959660297239915,2355
2,1,1,0,1-1-6-8,0.0023046532045654083,0.9976953467954346,2278
2,1,1,0,1-1-6-9,0.0031376064545047063,0.9968623935454953,2231
2,1,1,0,1-1-7-10,0.00045024763619990995,0.9995497523638001,2221
2,1,1,0,1-1-7-7,0.0008375209380234506,0.9991624790619765,1194
2,1,1,0,1-1-7-8,0.012531524999175678,0.9874684750008244,2246
2,1,1,0,1-1-7-9,0.0004361098996947231,0.9995638901003053,2293
2,1,1,0,1-1-8-10,0.00044464206313917296,0.9995553579368608,2249
2,1,1,0,1-1-8-8,0.006756756756756757,0.9932432432432432,1184
2,1,1,0,1-1-8-9,0.0017867352773013152,0.9982132647226988,2332
2,1,1,0,1-1-9-10,0.0015310586176727908,0.9984689413823272,2286
2,1,1,0,1-1-9-9,0.004578754578754579,0.9954212454212454,1092
2,1,1,0,1-2-10-10,0.00087527352297593,0.9991247264770241,2285
2,1,1,0,1-2-2-10,0.0026929982046678637,0.9973070017953322,2228
2,1,1,0,1-2-2-2,0.9630829015544041,0.036917098445595854,772
2,1,1,0,1-2-2-3,0.3833971892054096,0.6166028107945903,2358
2,1,1,0,1-2-2-4,0.981286272911277,0.018713727088723077,2355
2,1,1,0,1-2-2-5,0.02008887876025525,0.9799111212397449,2194
2,1,1,0,1-2-2-6,0.005142025592247534,0.9948579744077525,2158
2,1,1,0,1-2-2-7,0.010291429656124087,0.9897085703438759,2238
2,1,1,0,1-2-2-8,0.0018181818181818182,0.9981818181818182,2200
2,1,1,0,1-2-2-9,0.0013380909901873326,0.9986619090098127,2242
2,1,1,0,1-2-3-10,0.00022241992882562276,0.9997775800711743,4496
2,1,1,0,1-2-3-3,0.9930462090623599,0.006953790937640198,2229
2,1,1,0,1-2-3-4,0.7795815617379023,0.22041843826209784,4596
2,1,1,0,1-2-3-5,0.17042071906275286,0.8295792809372471,4513
2,1,1,0,1-2-3-6,0.0007851054284432481,0.9992148945715568,4458
2,1,1,0,1-2-3-7,0.0034767599837046055,0.9965232400162954,4707
2,1,1,0,1-2-3-8,0.0007625272331154684,0.9992374727668846,4590
2,1,1,0,1-2-3-9,0.00145218945487042,0.9985478105451295,4476
2,1,1,0,1-2-4-10,0.0019513314967860422,0.9980486685032139,4356
2,1,1,0,1-2-4-4,0.7866792487738448,0.21332075122615524,2184
2,1,1,0,1-2-4-5,0.0006758278891642261,0.9993241721108358,4439
2,1,1,0,1-2-4-6,0.09547523559939157,0.9045247644006084,4526
2,1,1,0,1-2-4-7,0.004902494952094399,0.9950975050479055,4509
2,1,1,0,1-2-4-8,0.002068746021642266,0.9979312539783577,4713
2,1,1,0,1-2-4-9,0.005777696117837387,0.9942223038821626,4428
2,1,1,0,1-2-5-10,0.00044238000442380006,0.9995576199955762,4521
2,1,1,0,1-2-5-5,0.005194805194805195,0.9948051948051948,2310
2,1,1,0,1-2-5-6,0.004385706962230129,0.9956142930377699,4577
2,1,1,0,1-2-5-7,0.007299994898403472,0.9927000051015966,4344
2,1,1,0,1-2-5-8,0.0015631978561857973,0.9984368021438143,4478
2,1,1,0,1-2-5-9,0.0011974744175919877,0.998802525582408,4593
2,1,1,0,1-2-6-10,0.00044120891242003087,0.99955879108758,4533
2,1,1,0,1-2-6-6,0.00043535045711797995,0.999564649542882,2297
2,1,1,0,1-2-6-7,0.00044375416019525185,0.9995562458398047,4507
2,1,1,0,1-2-6-8,0.0014201902119864661,0.9985798097880135,4460
2,1,1,0,1-2-6-9,0.004669341415917905,0.9953306585840822,4427
2,1,1,0,1-2-7-10,0.0013420015695170058,0.998657998430483,4582
2,1,1,0,1-2-7-7,0.0011205737337516809,0.9988794262662484,2231
2,1,1,0,1-2-7-8,0.0004513653802753329,0.9995486346197247,4431
2,1,1,0,1-2-7-9,0.002541290242819138,0.9974587097571809,4457
2,1,1,0,1-2-8-10,0.00033112582781456954,0.9996688741721854,4530
2,1,1,0,1-2-8-8,0.000441306266548985,0.999558693733451,2266
2,1,1,0,1-2-8-9,0.0002183406113537118,0.9997816593886463,4580
2,1,1,0,1-2-9-10,0.0007648601398601399,0.9992351398601399,4576
2,1,1,0,1-2-9-9,0.0012908777969018934,0.9987091222030982,2324
2,1,1,0,1-3-10-10,0.00046533271288971617,0.9995346672871103,2149
2,1,1,0,1-3-3-10,0.0004391743522178305,0.9995608256477821,2277
2,1,1,0,1-3-3-3,0.9328643936158804,0.06713560638411971,821
2,1,1,0,1-3-3-4,0.3665177552223951,0.6334822447776048,2297
2,1,1,0,1-3-3-5,0.5216054205917048,0.47839457940829533,2268
2,1,1,0,1-3-3-6,0.04816459973917164,0.9518354002608284,2257
2,1,1,0,1-3-3-7,0.0024112231477422183,0.9975887768522578,2281
2,1,1,0,1-3-3-8,0.0013339261894175188,0.9986660738105825,2249
2,1,1,0,1-3-3-9,0.0023226100958312103,0.9976773899041688,2248
2,1,1,0,1-3-4-10,0.00021838829438742082,0.9997816117056125,4579
2,1,1,0,1-3-4-4,0.6996296185845949,0.3003703814154052,2203
2,1,1,0,1-3-4-5,0.9676857855194879,0.03231421448051196,4381
2,1,1,0,1-3-4-6,0.03032452012268376,0.9696754798773162,4436
2,1,1,0,1-3-4-7,0.005256922849104104,0.9947430771508958,4502
2,1,1,0,1-3-4-8,0.0018834478174163528,0.9981165521825837,4513
2,1,1,0,1-3-4-9,0.00022660321776569228,0.9997733967822343,4413
2,1,1,0,1-3-5-10,0.0004374453193350831,0.9995625546806649,4572
2,1,1,0,1-3-5-5,0.0013245033112582781,0.9986754966887417,2265
2,1,1,0,1-3-5-6,0.029665603264913267,0.9703343967350868,4616
2,1,1,0,1-3-5-7,0.013632901638734051,0.9863670983612659,4546
2,1,1,0,1-3-5-8,0.0015671921397135715,0.9984328078602864,4396
2,1,1,0,1-3-5-9,0.0011081560283687944,0.9988918439716312,4512
2,1,1,0,1-3-6-10,0.0004553734061930783,0.9995446265938069,4392
2,1,1,0,1-3-6-6,0.003839320942396386,0.9961606790576035,2220
2,1,1,0,1-3-6-7,0.006871316747251966,0.993128683252748,4617
2,1,1,0,1-3-6-8,0.004515323277932559,0.9954846767220675,4461
2,1,1,0,1-3-6-9,0.0002317497103128621,0.9997682502896872,4315
2,1,1,0,1-3-7-10,0.0002149151085321298,0.9997850848914679,4653
2,1,1,0,1-3-7-7,0.00045871559633027525,0.9995412844036697,2180
2,1,1,0,1-3-7-8,0.0012090569355902396,0.9987909430644097,4549
2,1,1,0,1-3-7-9,0.0012301498546186534,0.9987698501453813,4471
2,1,1,0,1-3-8-10,0.00045024763619990995,0.9995497523638001,4442
2,1,1,0,1-3-8-8,0.00043975373790677223,0.9995602462620933,2274
2,1,1,0,1-3-8-9,0.0006462885172858063,0.9993537114827142,4657
2,1,1,0,1-3-9-10,0.00021973192704900023,0.999780268072951,4551
2,1,1,0,1-3-9-9,0.00044603033006244426,0.9995539696699376,2242
2,1,1,0,1-4-10-10,0.001374255611543747,0.9986257443884563,2183
2,1,1,0,1-4-4-10,0.0017391304347826088,0.9982608695652174,2300
2,1,1,0,1-4-4-4,0.9987893462469734,0.0012106537530266344,826
2,1,1,0,1-4-4-5,0.9825432766906533,0.017456723309346812,2323
2,1,1,0,1-4-4-6,0.0034965034965034965,0.9965034965034965,2431
2,1,1,0,1-4-4-7,0.00254361253673691,0.997456387463263,2301
2,1,1,0,1-4-4-8,0.0068045977090808365,0.9931954022909191,2227
2,1,1,0,1-4-4-9,0.000445632798573975,0.999554367201426,2244
2,1,1,0,1-4-5-10,0.0005380972879896685,0.9994619027120103,4646
2,1,1,0,1-4-5-5,0.0015887426236949613,0.998411257376305,2203
2,1,1,0,1-4-5-6,0.006150104685776259,0.9938498953142237,4722
2,1,1,0,1-4-5-7,0.00022376370552696352,0.999776236294473,4469
2,1,1,0,1-4-5-8,0.0002249212775528565,0.9997750787224472,4446
2,1,1,0,1-4-5-9,0.0005528527200353826,0.9994471472799646,4522
2,1,1,0,1-4-6-10,0.00022507314877335134,0.9997749268512266,4443
2,1,1,0,1-4-6-6,0.0023768366464995676,0.9976231633535004,2314
2,1,1,0,1-4-6-7,0.001493035994312708,0.9985069640056872,4409
2,1,1,0,1-4-6-8,0.00022123893805309734,0.9997787610619469,4520
2,1,1,0,1-4-6-9,0.000540423692174665,0.9994595763078253,4626
2,1,1,0,1-4-7-10,0.00021272069772388852,0.9997872793022761,4701
2,1,1,0,1-4-7-7,0.0018481182795698926,0.9981518817204301,2232
2,1,1,0,1-4-7-8,0.001079447322970639,0.9989205526770294,4632
2,1,1,0,1-4-7-9,0.0004452359750667854,0.9995547640249333,4492
2,1,1,0,1-4-8-10,0.00022311468094600624,0.999776885319054,4482
2,1,1,0,1-4-8-8,0.0004299226139294927,0.9995700773860705,2326
2,1,1,0,1-4-8-9,0.00021519259737465033,0.9997848074026253,4647
2,1,1,0,1-4-9-10,0.0006603565925599824,0.99933964340744,4543
2,1,1,0,1-4-9-9,0.0004297378599054577,0.9995702621400946,2327
2,1,1,0,1-5-10-10,0.0015384615384615385,0.9984615384615385,2275
2,1,1,0,1-5-5-10,0.002909579230080573,0.9970904207699194,2234
2,1,1,0,1-5-5-5,0.24613273683399542,0.7538672631660046,724
2,1,1,0,1-5-5-6,0.001336898395721925,0.9986631016042781,2244
2,1,1,0,1-5-5-7,0.0004428697962798937,0.9995571302037201,2258
2,1,1,0,1-5-5-8,0.0004424778761061947,0.9995575221238938,2260
2,1,1,0,1-5-5-9,0.00042354934349851756,0.9995764506565015,2361
2,1,1,0,1-5-6-10,0.0002205071664829107,0.9997794928335171,4535
2,1,1,0,1-5-6-6,0.0004462293618920125,0.999553770638108,2241
2,1,1,0,1-5-6-7,0.00032580364900086883,0.9996741963509991,4604
2,1,1,0,1-5-6-8,0.0002147766323024055,0.9997852233676976,4656
2,1,1,0,1-5-6-9,0.0006672597864768683,0.9993327402135231,4496
2,1,1,0,1-5-7-10,0.00021687269572760788,0.9997831273042724,4611
2,1,1,0,1-5-7-7,0.0008760402978537013,0.9991239597021463,2283
2,1,1,0,1-5-7-8,0.0009313154831199069,0.9990686845168801,4295
2,1,1,0,1-5-7-9,0.0002190100744634253,0.9997809899255365,4566
2,1,1,0,1-5-8-10,0.000429000429000429,0.9995709995709996,4662
2,1,1,0,1-5-8-8,0.000925925925925926,0.9990740740740741,2160
2,1,1,0,1-5-8-9,0.0002222716159146477,0.9997777283840854,4499
2,1,1,0,1-5-9-10,0.00022670596236681024,0.9997732940376332,4411
2,1,1,0,1-5-9-9,0.0004574565416285453,0.9995425434583715,2186
2,1,1,0,1-6-6-10,0.0011052166224580018,0.998894783377542,2262
2,1,1,0,1-6-6-6,0.0033829499323410014,0.996617050067659,739
2,1,1,0,1-6-6-7,0.0006815084052703317,0.9993184915947296,2201
2,1,1,0,1-6-6-8,0.0004424778761061947,0.9995575221238938,2260
2,1,1,0,1-6-6-9,0.0013556258472661546,0.9986443741527339,2213
2,1,1,0,1-6-7-10,0.0011200716845878136,0.9988799283154122,4464
2,1,1,0,1-6-7-7,0.004290326234707748,0.9957096737652923,2207
2,1,1,0,1-6-7-8,0.00022686025408348456,0.9997731397459165,4408
2,1,1,0,1-6-7-9,0.0003246753246753247,0.9996753246753247,4620
2,1,1,0,1-6-8-10,0.00021482277121374866,0.9997851772287862,4655
2,1,1,0,1-6-8-8,0.0006693440428380187,0.999330655957162,2241
2,1,1,0,1-6-8-9,0.001325088339222615,0.9986749116607774,4528
2,1,1,0,1-6-9-10,0.000551024906325766,0.9994489750936743,4537
2,1,1,0,1-6-9-9,0.00263771657041315,0.9973622834295869,2251
2,1,1,0,1-7-7-10,0.00044306601683650863,0.9995569339831635,2257
2,1,1,0,1-7-7-7,0.009457755359394703,0.9905422446406053,793
2,1,1,0,1-7-7-8,0.00041562759767248546,0.9995843724023276,2406
2,1,1,0,1-7-7-9,0.0013094718463553033,0.9986905281536447,2291
2,1,1,0,1-7-8-10,0.00043402777777777775,0.9995659722222222,4608
2,1,1,0,1-7-8-8,0.0008576329331046312,0.9991423670668954,2332
2,1,1,0,1-7-8-9,0.00021720243266724586,0.9997827975673328,4604
2,1,1,0,1-7-9-9,0.0012684989429175475,0.9987315010570824,2365
2,1,1,0,1-8-8-8,0.0013623978201634877,0.9986376021798365,734
2,1,1,0,1-8-8-9,0.00042607584149978694,0.9995739241585002,2347
2,1,1,0,2-2-10-10,0.001702127659574468,0.9982978723404256,1175
2,1,1,0,2-2-2-10,0.0033647375504710633,0.9966352624495289,743
2,1,1,0,2-2-2-2,0.6590673575129536,0.3409326424870464,193
2,1,1,0,2-2-2-3,0.98378728923476,0.01621271076523995,771
2,1,1,0,2-2-2-4,0.5888563715363845,0.4111436284636155,792
2,1,1,0,2-2-2-5,0.67874186093165,0.32125813906834993,710
2,1,1,0,2-2-2-6,0.1659483714346074,0.8340516285653926,712
2,1,1,0,2-2-2-7,0.014130059340740948,0.985869940659259,761
2,1,1,0,2-2-2-8,0.0013422818791946308,0.9986577181208054,745
2,1,1,0,2-2-2-9,0.008119079837618403,0.9918809201623816,739
2,1,1,0,2-2-3-10,0.0004450378282153983,0.9995549621717846,2247
2,1,1,0,2-2-3-3,0.9710504549214226,0.028949545078577336,1209
2,1,1,0,2-2-3-4,0.49248192385106143,0.5075180761489386,2141
2,1,1,0,2-2-3-5,0.6574220578493991,0.34257794215060083,2410
2,1,1,0,2-2-3-6,0.003325140591495731,0.9966748594085043,2354
2,1,1,0,2-2-3-7,0.0199856695416794,0.9800143304583206,2192
2,1,1,0,2-2-3-8,0.0036687631027253675,0.9963312368972747,2226
2,1,1,0,2-2-3-9,0.002422907488986784,0.9975770925110132,2270
2,1,1,0,2-2-4-10,0.0006732495511669659,0.999326750448833,2228
2,1,1,0,2-2-4-4,0.9783708950905816,0.021629104909418488,1099
2,1,1,0,2-2-4-5,0.030811610986464878,0.9691883890135352,2317
2,1,1,0,2-2-4-6,0.0004385964912280702,0.999561403508772,2280
2,1,1,0,2-2-4-7,0.002918894830659537,0.9970811051693403,2244
2,1,1,0,2-2-4-8,0.0024411895250776743,0.9975588104749223,2253
2,1,1,0,2-2-4-9,0.0018656716417910447,0.9981343283582089,2144
2,1,1,0,2-2-5-10,0.0004409171075837742,0.9995590828924162,2268
2,1,1,0,2-2-5-5,0.11372579171787899,0.8862742082821209,1131
2,1,1,0,2-2-5-6,0.05716264255739825,0.9428373574426017,2261
2,1,1,0,2-2-5-7,0.0010495382031905961,0.9989504617968094,2382
2,1,1,0,2-2-5-8,0.004448398576512456,0.9955516014234875,2248
2,1,1,0,2-2-5-9,0.0008830022075055188,0.9991169977924945,2265
2,1,1,0,2-2-6-10,0.0004278990158322636,0.9995721009841677,2337
2,1,1,0,2-2-6-6,0.043537301349323716,0.9564626986506762,1167
2,1,1,0,2-2-6-7,0.004352678571428572,0.9956473214285714,2240
2,1,1,0,2-2-6-8,0.0006890215893431327,0.9993109784106569,2177
2,1,1,0,2-2-6-9,0.0017196904557179708,0.998280309544282,2326
2,1,1,0,2-2-7-10,0.00045248868778280545,0.9995475113122172,2210
2,1,1,0,2-2-7-7,0.00534622845177425,0.9946537715482258,1141
2,1,1,0,2-2-7-8,0.00043956043956043956,0.9995604395604396,2275
2,1,1,0,2-2-7-9,0.0009385265133740028,0.999061473486626,2131
2,1,1,0,2-2-8-10,0.0011348161597821154,0.9988651838402178,2203
2,1,1,0,2-2-8-8,0.0009191176470588235,0.9990808823529411,1088
2,1,1,0,2-2-8-9,0.0028513969690440273,0.9971486030309559,2210
2,1,1,0,2-2-9-10,0.0004522840343735866,0.9995477159656264,2211
2,1,1,0,2-2-9-9,0.0008756567425569177,0.999124343257443,1142
2,1,1,0,2-3-10-10,0.0017338534893801473,0.9982661465106198,2307
2,1,1,0,2-3-3-10,0.0033617212012550424,0.996638278798745,2231
2,1,1,0,2-3-3-3,0.9973118279569892,0.002688172043010753,744
2,1,1,0,2-3-3-4,0.850657021245511,0.1493429787544891,2314
2,1,1,0,2-3-3-5,0.8249123308011973,0.17508766919880256,2206
2,1,1,0,2-3-3-6,0.0033446983780324965,0.9966553016219676,2300
2,1,1,0,2-3-3-7,0.006712147887323943,0.993287852112676,2272
2,1,1,0,2-3-3-8,0.0014736842105263158,0.9985263157894737,2375
2,1,1,0,2-3-3-9,0.006178460268079537,0.9938215397319206,2226
2,1,1,0,2-3-4-10,0.0003481086098862845,0.9996518913901137,4309
2,1,1,0,2-3-4-4,0.8759850027569451,0.12401499724305486,2115
2,1,1,0,2-3-4-5,0.5873547871664943,0.41264521283350575,4573
2,1,1,0,2-3-4-6,0.018258244680112924,0.981741755319887,4428
2,1,1,0,2-3-4-7,0.0005468066491688539,0.9994531933508312,4572
2,1,1,0,2-3-4-8,0.0002185792349726776,0.9997814207650273,4575
2,1,1,0,2-3-4-9,0.0020380434782608695,0.9979619565217391,4416
2,1,1,0,2-3-5-10,0.00045034902049088043,0.9995496509795091,4441
2,1,1,0,2-3-5-5,0.536283846939339,0.463716153060661,2345
2,1,1,0,2-3-5-6,0.0027891156462585037,0.9972108843537415,4410
2,1,1,0,2-3-5-7,0.0019582089240465883,0.9980417910759535,4615
2,1,1,0,2-3-5-8,0.0013513513513513514,0.9986486486486487,4440
2,1,1,0,2-3-5-9,0.002355925744456818,0.9976440742555431,4614
2,1,1,0,2-3-6-10,0.0005433601391001956,0.9994566398608998,4601
2,1,1,0,2-3-6-6,0.0008710801393728223,0.9991289198606271,2296
2,1,1,0,2-3-6-7,0.0004333694474539545,0.999566630552546,4615
2,1,1,0,2-3-6-8,0.000575957172433322,0.9994240428275668,4563
2,1,1,0,2-3-6-9,0.0005517545795630103,0.999448245420437,4531
2,1,1,0,2-3-7-10,0.00021781746896101068,0.999782182531039,4591
2,1,1,0,2-3-7-7,0.0019035532994923859,0.9980964467005076,2364
2,1,1,0,2-3-7-8,0.00021920210434020167,0.9997807978956598,4562
2,1,1,0,2-3-7-9,0.0002242152466367713,0.9997757847533633,4460
2,1,1,0,2-3-8-10,0.00022040996253030638,0.9997795900374697,4537
2,1,1,0,2-3-8-8,0.0008787346221441124,0.9991212653778558,2276
2,1,1,0,2-3-8-9,0.0003348961821835231,0.9996651038178165,4479
2,1,1,0,2-3-9-10,0.00045238633793259444,0.9995476136620675,4421
2,1,1,0,2-3-9-9,0.0004399472063352398,0.9995600527936648,2273
2,1,1,0,2-4-10-10,0.00042517006802721087,0.9995748299319728,2352
2,1,1,0,2-4-4-10,0.0027334196518486544,0.9972665803481513,2317
2,1,1,0,2-4-4-4,0.985054958089293,0.01494504191070695,817
2,1,1,0,2-4-4-5,0.9020416446751091,0.09795835532489096,2214
2,1,1,0,2-4-4-6,0.001243209610725485,0.9987567903892746,2327
2,1,1,0,2-4-4-7,0.0004409171075837742,0.9995590828924162,2268
2,1,1,0,2-4-4-8,0.0004737091425864519,0.9995262908574135,2111
2,1,1,0,2-4-4-9,0.0008841732979664014,0.9991158267020336,2262
2,1,1,0,2-4-5-10,0.0006662225183211193,0.9993337774816788,4503
2,1,1,0,2-4-5-5,0.28126641494319693,0.7187335850568031,2375
2,1,1,0,2-4-5-6,0.00235320484087853,0.9976467951591215,4462
2,1,1,0,2-4-5-7,0.0002209456473707468,0.9997790543526293,4526
2,1,1,0,2-4-5-8,0.00022251891410769915,0.9997774810858923,4494
2,1,1,0,2-4-5-9,0.003662420382165605,0.9963375796178344,4710
2,1,1,0,2-4-6-10,0.0002206531332744925,0.9997793468667255,4532
2,1,1,0,2-4-6-6,0.003592276605298608,0.9964077233947014,2227
2,1,1,0,2-4-6-7,0.0022443617254215022,0.9977556382745785,4567
2,1,1,0,2-4-6-8,0.0004410143329658214,0.9995589856670342,4535
2,1,1,0,2-4-6-9,0.0002255299954894001,0.9997744700045106,4434
2,1,1,0,2-4-7-10,0.0017486338797814208,0.9982513661202186,4575
2,1,1,0,2-4-7-7,0.007197144329719891,0.9928028556702801,2291
2,1,1,0,2-4-7-8,0.00023245002324500232,0.999767549976755,4302
2,1,1,0,2-4-7-9,0.0010979941870895979,0.9989020058129104,4495
2,1,1,0,2-4-8-10,0.00022815423226100844,0.999771845767739,4383
2,1,1,0,2-4-8-8,0.00045871559633027525,0.9995412844036697,2180
2,1,1,0,2-4-8-9,0.0004333694474539545,0.999566630552546,4615
2,1,1,0,2-4-9-10,0.00021626297577854672,0.9997837370242214,4624
2,1,1,0,2-4-9-9,0.0008221083918295075,0.9991778916081706,2259
2,1,1,0,2-5-5-10,0.0022251891410769915,0.9977748108589231,2247
2,1,1,0,2-5-5-5,0.058762252132839865,0.9412377478671601,804
2,1,1,0,2-5-5-6,0.0006541648495420846,0.9993458351504579,2293
2,1,1,0,2-5-5-7,0.0019806338028169014,0.9980193661971831,2272
2,1,1,0,2-5-5-8,0.00041511000415110004,0.9995848899958489,2409
2,1,1,0,2-5-5-9,0.0006602112676056338,0.9993397887323944,2272
2,1,1,0,2-5-6-10,0.00021925016443762334,0.9997807498355624,4561
2,1,1,0,2-5-6-6,0.000429553264604811,0.9995704467353952,2328
2,1,1,0,2-5-6-7,0.00022016732716864817,0.9997798326728313,4542
2,1,1,0,2-5-6-8,0.006248058964941683,0.9937519410350583,4603
2,1,1,0,2-5-6-9,0.00032017075773745996,0.9996798292422625,4685
2,1,1,0,2-5-7-10,0.00045034902049088043,0.9995496509795091,4441
2,1,1,0,2-5-7-7,0.004625122602253501,0.9953748773977465,2349
2,1,1,0,2-5-7-8,0.0029483695652173913,0.9970516304347826,4600
2,1,1,0,2-5-7-9,0.0004187604690117253,0.9995812395309883,4776
2,1,1,0,2-5-8-10,0.0005406574394463668,0.9994593425605537,4624
2,1,1,0,2-5-8-8,0.0004578754578754579,0.9995421245421245,2184
2,1,1,0,2-5-8-9,0.00044464206313917296,0.9995553579368608,4498
2,1,1,0,2-5-9-10,0.0005720823798627002,0.9994279176201373,4370
2,1,1,0,2-5-9-9,0.004081988072135856,0.9959180119278641,2233
2,1,1,0,2-6-6-10,0.00042607584149978694,0.9995739241585002,2347
2,1,1,0,2-6-6-6,0.0272865862528157,0.9727134137471843,740
2,1,1,0,2-6-6-7,0.0027162557459256163,0.9972837442540744,2393
2,1,1,0,2-6-6-8,0.00046040515653775324,0.9995395948434622,2172
2,1,1,0,2-6-6-9,0.0004288164665523156,0.9995711835334476,2332
2,1,1,0,2-6-7-10,0.0006618133686300463,0.99933818663137,4533
2,1,1,0,2-6-7-7,0.006136155606407324,0.9938638443935928,2185
2,1,1,0,2-6-7-8,0.0005286738351254482,0.9994713261648747,4464
2,1,1,0,2-6-7-9,0.0011198208286674132,0.9988801791713325,4465
2,1,1,0,2-6-8-10,0.001664816870144284,0.9983351831298557,4505
2,1,1,0,2-6-8-8,0.0004284490145672665,0.9995715509854327,2334
2,1,1,0,2-6-8-9,0.0003437213565536205,0.9996562786434464,4364
2,1,1,0,2-6-9-9,0.0004366812227074236,0.9995633187772925,2290
2,1,1,0,2-7-7-10,0.0018190086402910413,0.998180991359709,2199
2,1,1,0,2-7-7-7,0.010190217391304348,0.9898097826086957,782
2,1,1,0,2-7-7-8,0.0018050541516245488,0.9981949458483754,2216
2,1,1,0,2-7-7-9,0.0010831889081455806,0.9989168110918544,2308
2,1,1,0,2-7-8-8,0.0006426735218508997,0.9993573264781491,2334
2,1,1,0,2-7-8-9,0.0027954395965796974,0.9972045604034203,4561
2,1,1,0,2-8-8-8,0.0013717421124828531,0.9986282578875172,729
2,1,1,0,3-3-10-10,0.0009208103130755065,0.9990791896869244,1086
2,1,1,0,3-3-3-10,0.0012953367875647669,0.9987046632124352,772
2,1,1,0,3-3-3-3,0.5166014152091748,0.48339858479082526,149
2,1,1,0,3-3-3-4,0.8243267950761616,0.17567320492383842,759
2,1,1,0,3-3-3-5,0.6539579641466494,0.34604203585335064,747
2,1,1,0,3-3-3-6,0.054852702978914966,0.945147297021085,769
2,1,1,0,3-3-3-7,0.06976372798746916,0.9302362720125309,739
2,1,1,0,3-3-3-8,0.02049439529633014,0.9795056047036699,820
2,1,1,0,3-3-3-9,0.0018982348194097266,0.9981017651805902,789
2,1,1,0,3-3-4-10,0.0018264840182648401,0.9981735159817352,2190
2,1,1,0,3-3-4-4,0.23215022340661415,0.7678497765933858,1133
2,1,1,0,3-3-4-5,0.9663998750752261,0.033600124924773926,2352
2,1,1,0,3-3-4-6,0.0004342162396873643,0.9995657837603127,2303
2,1,1,0,3-3-4-7,0.002924659777154849,0.9970753402228452,2370
2,1,1,0,3-3-4-8,0.0006516072980017377,0.9993483927019983,2302
2,1,1,0,3-3-4-9,0.002477169857642262,0.9975228301423578,2155
2,1,1,0,3-3-5-10,0.002181219659800188,0.9978187803401998,2209
2,1,1,0,3-3-5-5,0.9060920243477031,0.0939079756522969,1117
2,1,1,0,3-3-5-6,0.0008415395117712242,0.9991584604882288,2251
2,1,1,0,3-3-5-7,0.0004389815627743635,0.9995610184372257,2278
2,1,1,0,3-3-5-8,0.00482300884955752,0.9951769911504424,2260
2,1,1,0,3-3-5-9,0.0008908685968819599,0.9991091314031181,2245
2,1,1,0,3-3-6-10,0.0008865248226950354,0.999113475177305,2256
2,1,1,0,3-3-6-6,0.0008857395925597874,0.9991142604074402,1129
2,1,1,0,3-3-6-7,0.007505302351887638,0.9924946976481124,2165
2,1,1,0,3-3-6-8,0.0004389815627743635,0.9995610184372257,2278
2,1,1,0,3-3-6-9,0.00045004500450045,0.9995499549954996,2222
2,1,1,0,3-3-7-10,0.0008631851532153647,0.9991368148467846,2317
2,1,1,0,3-3-7-7,0.0026086956521739132,0.9973913043478261,1150
2,1,1,0,3-3-7-8,0.0022851919561243145,0.9977148080438757,2188
2,1,1,0,3-3-7-9,0.002080044343324124,0.9979199556566759,2267
2,1,1,0,3-3-8-10,0.000429000429000429,0.9995709995709996,2331
2,1,1,0,3-3-8-8,0.001713796058269066,0.998286203941731,1167
2,1,1,0,3-3-8-9,0.00044306601683650863,0.9995569339831635,2257
2,1,1,0,3-3-9-10,0.000687757909215956,0.9993122420907841,2181
2,1,1,0,3-3-9-9,0.015438312241747118,0.9845616877582528,1156
2,1,1,0,3-4-4-10,0.002376121315677061,0.9976238786843229,2341
2,1,1,0,3-4-4-4,0.9053332133580637,0.09466678664193631,820
2,1,1,0,3-4-4-5,0.8827432270531811,0.11725677294681891,2328
2,1,1,0,3-4-4-6,0.017081909274445844,0.9829180907255541,2415
2,1,1,0,3-4-4-7,0.0009128251939753537,0.9990871748060246,2191
2,1,1,0,3-4-4-8,0.0008841732979664014,0.9991158267020336,2262
2,1,1,0,3-4-4-9,0.000663716814159292,0.9993362831858407,2260
2,1,1,0,3-4-5-10,0.00021547080370609782,0.9997845291962939,4641
2,1,1,0,3-4-5-5,0.9662673392181589,0.03373266078184111,2379
2,1,1,0,3-4-5-6,0.006132466258051635,0.9938675337419484,4494
2,1,1,0,3-4-5-7,0.00021199915200339198,0.9997880008479966,4717
2,1,1,0,3-4-5-8,0.00021910604732690623,0.9997808939526731,4564
2,1,1,0,3-4-5-9,0.00022466861379465288,0.9997753313862053,4451
2,1,1,0,3-4-6-10,0.00022547914317925591,0.9997745208568207,4435
2,1,1,0,3-4-6-6,0.0004420866489832007,0.9995579133510168,2262
2,1,1,0,3-4-6-7,0.00022079929344226098,0.9997792007065578,4529
2,1,1,0,3-4-6-8,0.00021715526601520088,0.9997828447339848,4605
2,1,1,0,3-4-6-9,0.0008966599417171038,0.9991033400582829,4461
2,1,1,0,3-4-7-10,0.004651223051409618,0.9953487769485904,4288
2,1,1,0,3-4-7-7,0.0029981549815498157,0.9970018450184502,2168
2,1,1,0,3-4-7-8,0.0010333987529742778,0.9989666012470257,4429
2,1,1,0,3-4-7-9,0.0010057167054838027,0.9989942832945162,4723
2,1,1,0,3-4-8-10,0.0004657661853749418,0.999534233814625,4294
2,1,1,0,3-4-8-8,0.0034949759720401923,0.9965050240279598,2289
2,1,1,0,3-4-8-9,0.00022148394241417498,0.9997785160575858,4515
2,1,1,0,3-4-9-10,0.00043677658877484165,0.9995632234112252,4579
2,1,1,0,3-4-9-9,0.00044863167339614175,0.9995513683266039,2229
2,1,1,0,3-5-5-10,0.00044033465433729633,0.9995596653456627,2271
2,1,1,0,3-5-5-5,0.5972470498727143,0.4027529501272856,711
2,1,1,0,3-5-5-6,0.003923278116826504,0.9960767218831735,2294
2,1,1,0,3-5-5-7,0.004440497335701598,0.9955595026642984,2252
2,1,1,0,3-5-5-8,0.0010879025239338555,0.9989120974760661,2298
2,1,1,0,3-5-5-9,0.0012701100762066045,0.9987298899237934,2362
2,1,1,0,3-5-6-10,0.00022153300841825432,0.9997784669915818,4514
2,1,1,0,3-5-6-6,0.014653077466023057,0.9853469225339769,2276
2,1,1,0,3-5-6-7,0.00065359477124183,0.9993464052287582,4590
2,1,1,0,3-5-6-8,0.0010783450704225353,0.9989216549295775,4544
2,1,1,0,3-5-6-9,0.0002189621195533173,0.9997810378804467,4567
2,1,1,0,3-5-7-10,0.002782166185629652,0.9972178338143702,4540
2,1,1,0,3-5-7-7,0.0004476275738585497,0.9995523724261415,2234
2,1,1,0,3-5-7-8,0.00021696680407897592,0.999783033195921,4609
2,1,1,0,3-5-7-9,0.0016478843291516053,0.9983521156708484,4703
2,1,1,0,3-5-8-10,0.00022084805653710247,0.9997791519434629,4528
2,1,1,0,3-5-8-8,0.0008818342151675485,0.9991181657848325,2268
2,1,1,0,3-5-8-9,0.0002244165170556553,0.9997755834829444,4456
2,1,1,0,3-5-9-9,0.0035111181136942326,0.9964888818863057,2255
2,1,1,0,3-6-6-10,0.000427715996578272,0.9995722840034217,2338
2,1,1,0,3-6-6-6,0.02211126961483595,0.9778887303851641,701
2,1,1,0,3-6-6-7,0.0008481764206955047,0.9991518235793045,2358
2,1,1,0,3-6-6-8,0.00041649312786339027,0.9995835068721366,2401
2,1,1,0,3-6-6-9,0.0006524575902566333,0.9993475424097433,2299
2,1,1,0,3-6-7-10,0.0006750675067506751,0.9993249324932493,4444
2,1,1,0,3-6-7-7,0.00047214353163361664,0.9995278564683664,2118
2,1,1,0,3-6-7-8,0.00042562247286656737,0.9995743775271334,4699
2,1,1,0,3-6-7-9,0.00043956043956043956,0.9995604395604396,4550
2,1,1,0,3-6-8-8,0.00043687199650502403,0.999563128003495,2289
2,1,1,0,3-6-8-9,0.00022232103156958648,0.9997776789684304,4498
2,1,1,0,3-7-7-7,0.0012391573729863693,0.9987608426270136,807
2,1,1,0,3-7-7-8,0.0004280821917808219,0.9995719178082192,2336
2,1,1,0,3-7-7-9,0.0004597701149425287,0.9995402298850574,2175
2,1,1,0,3-7-8-8,0.00043271311120726956,0.9995672868887927,2311
2,1,1,0,4-4-4-10,0.010962241169305725,0.9890377588306942,821
2,1,1,0,4-4-4-4,0.7235792706803232,0.27642072931967676,173
2,1,1,0,4-4-4-5,0.9644633349130408,0.03553666508695922,774
2,1,1,0,4-4-4-6,0.037619102750715186,0.9623808972492849,745
2,1,1,0,4-4-4-7,0.0028111032698188566,0.9971888967301811,780
2,1,1,0,4-4-4-8,0.014228048950443674,0.9857719510495564,707
2,1,1,0,4-4-4-9,0.030209017660283204,0.9697909823397167,719
2,1,1,0,4-4-5-10,0.0008818342151675485,0.9991181657848325,2268
2,1,1,0,4-4-5-5,0.17345382340151194,0.8265461765984881,1170
2,1,1,0,4-4-5-6,0.02019951780577216,0.9798004821942279,2176
2,1,1,0,4-4-5-7,0.0037513243629583117,0.9962486756370417,2316
2,1,1,0,4-4-5-8,0.004324897811583963,0.995675102188416,2409
2,1,1,0,4-4-5-9,0.0008658008658008658,0.9991341991341991,2310
2,1,1,0,4-4-6-10,0.000423728813559322,0.9995762711864407,2360
2,1,1,0,4-4-6-6,0.006562756357670222,0.9934372436423298,1219
2,1,1,0,4-4-6-7,0.0019009580033744053,0.9980990419966256,2242
2,1,1,0,4-4-6-8,0.0010860121633362294,0.9989139878366637,2302
2,1,1,0,4-4-6-9,0.001756697408871322,0.9982433025911287,2277
2,1,1,0,4-4-7-10,0.0009671179883945841,0.9990328820116054,2068
2,1,1,0,4-4-7-7,0.02440510283353716,0.975594897166463,1116
2,1,1,0,4-4-7-8,0.0010539629005059021,0.9989460370994941,2372
2,1,1,0,4-4-7-9,0.00043271311120726956,0.9995672868887927,2311
2,1,1,0,4-4-8-10,0.0010602205258693808,0.9989397794741306,2358
2,1,1,0,4-4-8-8,0.005050505050505051,0.9949494949494949,1089
2,1,1,0,4-4-8-9,0.00044822949350067237,0.9995517705064993,2231
2,1,1,0,4-4-9-9,0.0008802816901408451,0.9991197183098591,1136
2,1,1,0,4-5-5-10,0.008076856692065523,0.9919231433079345,2208
2,1,1,0,4-5-5-5,0.2716504825608263,0.7283495174391738,763
2,1,1,0,4-5-5-6,0.00042826552462526765,0.9995717344753747,2335
2,1,1,0,4-5-5-7,0.002016856675795597,0.9979831433242043,2243
2,1,1,0,4-5-5-8,0.0024619516562220233,0.997538048343778,2234
2,1,1,0,4-5-5-9,0.005661231884057971,0.994338768115942,2208
2,1,1,0,4-5-6-10,0.005290383258876087,0.9947096167411239,4253
2,1,1,0,4-5-6-6,0.0010907504363001745,0.9989092495636999,2292
2,1,1,0,4-5-6-7,0.00022634676324128565,0.9997736532367587,4418
2,1,1,0,4-5-6-8,0.00022466861379465288,0.9997753313862053,4451
2,1,1,0,4-5-6-9,0.0008871146595697493,0.9991128853404303,4509
2,1,1,0,4-5-7-10,0.0002300966405890474,0.999769903359411,4346
2,1,1,0,4-5-7-7,0.009952511835274104,0.9900474881647259,2322
2,1,1,0,4-5-7-8,0.00022588660492432798,0.9997741133950757,4427
2,1,1,0,4-5-7-9,0.00021934634788330776,0.9997806536521167,4559
2,1,1,0,4-5-8-8,0.00205761316872428,0.9979423868312757,2430
2,1,1,0,4-5-8-9,0.0006844626967830253,0.999315537303217,4383
2,1,1,0,4-6-6-10,0.0006976744186046512,0.9993023255813953,2150
2,1,1,0,4-6-6-6,0.002635046113306983,0.997364953886693,759
2,1,1,0,4-6-6-7,0.0010979358805445762,0.9989020641194554,2277
2,1,1,0,4-6-6-8,0.00045871559633027525,0.9995412844036697,2180
2,1,1,0,4-6-6-9,0.001129177958446251,0.9988708220415538,2214
2,1,1,0,4-6-7-7,0.0008806693086745927,0.9991193306913254,2271
2,1,1,0,4-6-7-8,0.002048994120146379,0.9979510058798535,4310
2,1,1,0,4-6-7-9,0.0004440497335701599,0.9995559502664298,4504
2,1,1,0,4-6-8-8,0.01161759743095618,0.9883824025690437,2312
2,1,1,0,4-7-7-7,0.0013227513227513227,0.9986772486772487,756
2,1,1,0,4-7-7-8,0.0012760527435133986,0.9987239472564866,2351
2,1,1,0,5-5-5-10,0.004137931034482759,0.9958620689655172,725
2,1,1,0,5-5-5-5,0.005847953216374269,0.9941520467836257,171
2,1,1,0,5-5-5-6,0.0017709563164108619,0.9982290436835891,847
2,1,1,0,5-5-5-7,0.006329113924050633,0.9936708860759493,711
2,1,1,0,5-5-5-8,0.0012345679012345679,0.9987654320987654,810
2,1,1,0,5-5-5-9,0.009334233018443544,0.9906657669815565,741
2,1,1,0,5-5-6-10,0.0004450378282153983,0.9995549621717846,2247
2,1,1,0,5-5-6-6,0.0027002700270027003,0.9972997299729973,1111
2,1,1,0,5-5-6-7,0.013957054408746481,0.9860429455912535,2299
2,1,1,0,5-5-6-8,0.0013363028953229399,0.9986636971046771,2245
2,1,1,0,5-5-6-9,0.0006587615283267457,0.9993412384716732,2277
2,1,1,0,5-5-7-7,0.001759014951627089,0.9982409850483729,1137
2,1,1,0,5-5-7-8,0.0009029345372460496,0.9990970654627539,2215
2,1,1,0,5-5-7-9,0.0004363001745200698,0.9995636998254799,2292
2,1,1,0,5-5-8-8,0.0013009540329575022,0.9986990459670425,1153
2,1,1,0,5-6-6-6,0.0026845637583892616,0.9973154362416108,745
2,1,1,0,5-6-6-7,0.00045392646391284613,0.9995460735360872,2203
2,1,1,0,5-6-6-8,0.004629629629629629,0.9953703703703703,2268
2,1,1,0,5-6-6-9,0.0004576659038901602,0.9995423340961098,2185
2,1,1,0,5-6-7-7,0.01031636863823934,0.9896836313617606,2181
2,1,1,0,5-6-7-8,0.0007954545454545455,0.9992045454545454,4400
2,1,1,0,5-7-7-7,0.011968085106382979,0.988031914893617,752
2,1,1,0,6-6-6-6,0.024242424242424242,0.9757575757575757,165
2,1,1,0,6-6-6-7,0.00718954248366013,0.9928104575163399,765
2,1,1,0,6-6-6-8,0.001277139208173691,0.9987228607918263,783
2,1,1,0,6-6-7-7,0.004995458673932788,0.9950045413260672,1101
2,3,2,1,1-1-1-1,0.5,0.5,731
2,3,2,1,1-1-1-10,0.10030369246289039,0.8996963075371096,182
2,3,2,1,1-1-1-2,0.23239748799408996,0.76760251200591,2707
2,3,2,1,1-1-1-3,0.38236552098660537,0.6176344790133946,2389
2,3,2,1,1-1-1-4,0.016214908034849953,0.9837850919651501,2066
2,3,2,1,1-1-1-5,0.0005299417064122947,0.9994700582935877,1887
2,3,2,1,1-1-1-6,0.050586397472650264,0.9494136025273497,1598
2,3,2,1,1-1-1-7,0.0012345679012345679,0.9987654320987654,1215
2,3,2,1,1-1-1-8,0.0010504201680672268,0.9989495798319328,952
2,3,2,1,1-1-1-9,0.0027726432532347504,0.9972273567467652,541
2,3,2,1,1-1-10-10,0.003067484662576687,0.9969325153374233,163
2,3,2,1,1-1-2-10,0.0045871559633027525,0.9954128440366973,545
2,3,2,1,1-1-2-2,0.7868978008410447,0.21310219915895542,3532
2,3,2,1,1-1-2-3,0.6256857601513791,0.37431423984862083,6713
2,3,2,1,1-1-2-4,0.002223320158102767,0.9977766798418972,6072
2,3,2,1,1-1-2-5,0.0172855117723081,0.9827144882276919,5748
2,3,2,1,1-1-2-6,0.0015505478602439529,0.998449452139756,4837
2,3,2,1,1-1-2-7,0.002332601536772777,0.9976673984632273,3644
2,3,2,1,1-1-2-8,0.0004925501785494397,0.9995074498214505,2707
2,3,2,1,1-1-2-9,0.0027726432532347504,0.9972273567467652,1623
2,3,2,1,1-1-3-10,0.008272058823529412,0.9917279411764706,544
2,3,2,1,1-1-3-3,0.9882369896883184,0.01176301031168163,3170
2,3,2,1,1-1-3-4,0.3664473300217289,0.6335526699782711,5930
2,3,2,1,1-1-3-5,0.009712196030844089,0.9902878039691558,5161
2,3,2,1,1-1-3-6,0.0003190810465858328,0.9996809189534142,4701
2,3,2,1,1-1-3-7,0.0001339764201500536,0.99986602357985,3732
2,3,2,1,1-1-3-8,0.0005594927265945542,0.9994405072734055,2681
2,3,2,1,1-1-3-9,0.0021538461538461538,0.9978461538461538,1625
2,3,2,1,1-1-4-10,0.006048387096774193,0.9939516129032258,496
2,3,2,1,1-1-4-4,0.4836056239157052,0.5163943760842947,2800
2,3,2,1,1-1-4-5,0.002068325506275396,0.9979316744937246,5691
2,3,2,1,1-1-4-6,0.0012560522241615633,0.9987439477758384,4829
2,3,2,1,1-1-4-7,0.006686777256354232,0.9933132227436459,3725
2,3,2,1,1-1-4-8,0.0001904036557501904,0.9998095963442498,2626
2,3,2,1,1-1-4-9,0.00030921459492888067,0.9996907854050712,1617
2,3,2,1,1-1-5-10,0.0009380863039399625,0.99906191369606,533
2,3,2,1,1-1-5-5,0.013928218023664313,0.9860717819763356,2733
2,3,2,1,1-1-5-6,0.00042426813746287653,0.9995757318625371,4714
2,3,2,1,1-1-5-7,0.0002636435539151068,0.9997363564460849,3793
2,3,2,1,1-1-5-8,0.00018389113644722325,0.9998161088635528,2719
2,3,2,1,1-1-5-9,0.0009124087591240876,0.9990875912408759,1644
2,3,2,1,1-1-6-10,0.004604051565377533,0.9953959484346224,543
2,3,2,1,1-1-6-6,0.0006289308176100629,0.9993710691823899,2385
2,3,2,1,1-1-6-7,0.00040365984930032295,0.9995963401506996,3716
2,3,2,1,1-1-6-8,0.000758150113722517,0.9992418498862775,2638
2,3,2,1,1-1-6-9,0.0019047619047619048,0.9980952380952381,1575
2,3,2,1,1-1-7-10,0.001694915254237288,0.9983050847457627,590
2,3,2,1,1-1-7-7,0.000555247084952804,0.9994447529150472,1801
2,3,2,1,1-1-7-8,0.003481607220102711,0.9965183927798973,2662
2,3,2,1,1-1-7-9,0.0005988023952095808,0.9994011976047904,1670
2,3,2,1,1-1-8-10,0.0009057971014492754,0.9990942028985508,552
2,3,2,1,1-1-8-8,0.008549528301886792,0.9914504716981132,1272
2,3,2,1,1-1-8-9,0.001224739742804654,0.9987752602571953,1633
2,3,2,1,1-1-9-10,0.001851851851851852,0.9981481481481481,540
2,3,2,1,1-1-9-9,0.0033829499323410014,0.996617050067659,739
2,3,2,1,1-2-10-10,0.001326259946949602,0.9986737400530504,377
2,3,2,1,1-2-2-10,0.0027522935779816515,0.9972477064220183,545
2,3,2,1,1-2-2-2,0.1408977428530502,0.8591022571469498,2327
2,3,2,1,1-2-2-3,0.9955369997120646,0.004463000287935503,6946
2,3,2,1,1-2-2-4,0.2131327524343306,0.7868672475656694,5934
2,3,2,1,1-2-2-5,0.000595846101464079,0.9994041538985359,5874
2,3,2,1,1-2-2-6,0.0030591240904274423,0.9969408759095726,4747
2,3,2,1,1-2-2-7,0.00040225261464199515,0.999597747385358,3729
2,3,2,1,1-2-2-8,0.0016709988860007428,0.9983290011139992,2693
2,3,2,1,1-2-2-9,0.0009778357235984355,0.9990221642764016,1534
2,3,2,1,1-2-3-10,0.002369668246445498,0.9976303317535545,1055
2,3,2,1,1-2-3-3,0.8919350164946407,0.10806498350535923,6241
2,3,2,1,1-2-3-4,0.9919141394905729,0.008085860509427046,11823
2,3,2,1,1-2-3-5,0.10779498521330018,0.8922050147866998,11278
2,3,2,1,1-2-3-6,5.275374551593163e-05,0.9999472462544841,9478
2,3,2,1,1-2-3-7,6.690753378830456e-05,0.9999330924662116,7473
2,3,2,1,1-2-3-8,0.006393611059219131,0.9936063889407808,5353
2,3,2,1,1-2-3-9,0.002016754576481539,0.9979832454235185,3223
2,3,2,1,1-2-4-10,0.0029182879377431907,0.9970817120622568,1028
2,3,2,1,1-2-4-4,0.9124522909254623,0.08754770907453767,5873
2,3,2,1,1-2-4-5,0.0001752541184717841,0.9998247458815283,11412
2,3,2,1,1-2-4-6,0.00026488662852299215,0.999735113371477,9438
2,3,2,1,1-2-4-7,0.0013298517162208502,0.9986701482837792,7417
2,3,2,1,1-2-4-8,0.00027917364600781687,0.9997208263539922,5373
2,3,2,1,1-2-4-9,0.0006580128013399532,0.99934198719866,3206
2,3,2,1,1-2-5-10,0.002835538752362949,0.997164461247637,1058
2,3,2,1,1-2-5-5,0.00044193035177656,0.9995580696482235,5657
2,3,2,1,1-2-5-6,0.0002585048081894323,0.9997414951918105,9671
2,3,2,1,1-2-5-7,0.00011499818423919618,0.9998850018157609,7510
2,3,2,1,1-2-5-8,0.0005423973964924968,0.9994576026035075,5531
2,3,2,1,1-2-5-9,0.0006232471174820816,0.9993767528825179,3209
2,3,2,1,1-2-6-10,0.0004748338081671415,0.9995251661918328,1053
2,3,2,1,1-2-6-6,0.0005484861781483107,0.9994515138218517,4558
2,3,2,1,1-2-6-7,0.0009387153010594072,0.9990612846989406,7457
2,3,2,1,1-2-6-8,0.00028339316077838654,0.9997166068392216,5293
2,3,2,1,1-2-6-9,0.00046860356138706655,0.9995313964386129,3201
2,3,2,1,1-2-7-10,0.00439453125,0.99560546875,1024
2,3,2,1,1-2-7-7,0.000140331181588549,0.9998596688184115,3563
2,3,2,1,1-2-7-8,0.0027287220995830274,0.997271277900417,5436
2,3,2,1,1-2-7-9,0.00015644555694618273,0.9998435544430538,3196
2,3,2,1,1-2-8-10,0.004775549188156638,0.9952244508118434,1047
2,3,2,1,1-2-8-8,0.0026616719242902208,0.9973383280757098,2536
2,3,2,1,1-2-8-9,0.0001528584530724549,0.9998471415469276,3271
2,3,2,1,1-2-9-10,0.0013799448022079118,0.9986200551977921,1087
2,3,2,1,1-2-9-9,0.00034722222222222224,0.9996527777777777,1440
2,3,2,1,1-3-10-10,0.0014124293785310734,0.998587570621469,354
2,3,2,1,1-3-3-10,0.0009823182711198428,0.9990176817288802,509
2,3,2,1,1-3-3-3,0.9990706319702602,0.0009293680297397769,2152
2,3,2,1,1-3-3-4,0.8855411371592379,0.1144588628407621,6137
2,3,2,1,1-3-3-5,0.28394416317099225,0.7160558368290078,5473
2,3,2,1,1-3-3-6,0.00010369141435089174,0.9998963085856492,4822
2,3,2,1,1-3-3-7,0.003691983122362869,0.9963080168776371,3792
2,3,2,1,1-3-3-8,0.0031822215994020925,0.9968177784005979,2676
2,3,2,1,1-3-3-9,0.003117206982543641,0.9968827930174564,1604
2,3,2,1,1-3-4-10,0.0024084778420038534,0.9975915221579962,1038
2,3,2,1,1-3-4-4,0.9882834400233677,0.01171655997663233,5657
2,3,2,1,1-3-4-5,0.026452146927444187,0.9735478530725558,10243
2,3,2,1,1-3-4-6,0.0023268568189660837,0.997673143181034,9504
2,3,2,1,1-3-4-7,0.00013457139012245997,0.9998654286098776,7431
2,3,2,1,1-3-4-8,0.0001869508319312021,0.9998130491680688,5349
2,3,2,1,1-3-4-9,0.0007844367743959837,0.999215563225604,3187
2,3,2,1,1-3-5-10,0.003234750462107209,0.9967652495378928,1082
2,3,2,1,1-3-5-5,0.010905645636563887,0.9890943543634361,5584
2,3,2,1,1-3-5-6,0.00010383137784238397,0.9998961686221576,9631
2,3,2,1,1-3-5-7,0.000343878954607978,0.999656121045392,7270
2,3,2,1,1-3-5-8,0.0002813203300825206,0.9997186796699175,5332
2,3,2,1,1-3-5-9,0.00015873015873015873,0.9998412698412699,3150
2,3,2,1,1-3-6-10,0.00228310502283105,0.997716894977169,1095
2,3,2,1,1-3-6-6,0.00010900370612600828,0.999890996293874,4587
2,3,2,1,1-3-6-7,0.0006633939233116623,0.9993366060766883,7537
2,3,2,1,1-3-6-8,0.00046781437125748503,0.9995321856287425,5344
2,3,2,1,1-3-6-9,0.00031635558367605187,0.999683644416324,3161
2,3,2,1,1-3-7-10,0.0009208103130755065,0.9990791896869244,1086
2,3,2,1,1-3-7-7,0.00014277555682467162,0.9998572244431754,3502
2,3,2,1,1-3-7-8,0.00018528812303131369,0.9998147118769687,5397
2,3,2,1,1-3-7-9,0.0009193993257738277,0.9990806006742262,3263
2,3,2,1,1-3-8-10,0.0019138755980861245,0.9980861244019139,1045
2,3,2,1,1-3-8-8,0.00040816326530612246,0.9995918367346939,2450
2,3,2,1,1-3-8-9,0.0003170577045022194,0.9996829422954978,3154
2,3,2,1,1-3-9-10,0.0018674136321195146,0.9981325863678805,1071
2,3,2,1,1-3-9-9,0.0003453038674033149,0.9996546961325967,1448
2,3,2,1,1-4-10-10,0.010355029585798817,0.9896449704142012,338
2,3,2,1,1-4-4-10,0.0027472527472527475,0.9972527472527473,546
2,3,2,1,1-4-4-4,0.8212120703635475,0.17878792963645243,1845
2,3,2,1,1-4-4-5,0.13696454787126497,0.863035452128735,5221
2,3,2,1,1-4-4-6,0.00010179153094462541,0.9998982084690554,4912
2,3,2,1,1-4-4-7,0.002093692750588851,0.9979063072494111,3821
2,3,2,1,1-4-4-8,0.0013576415826221878,0.9986423584173778,2578
2,3,2,1,1-4-4-9,0.00215916101172116,0.9978408389882788,1621
2,3,2,1,1-4-5-10,0.002830188679245283,0.9971698113207547,1060
2,3,2,1,1-4-5-5,0.0005265005265005265,0.9994734994734995,5698
2,3,2,1,1-4-5-6,0.0003091007798799689,0.9996908992201201,9716
2,3,2,1,1-4-5-7,0.0009442870632672333,0.9990557129367328,7413
2,3,2,1,1-4-5-8,0.0012159736979057984,0.9987840263020943,5396
2,3,2,1,1-4-5-9,0.0009334163036714375,0.9990665836963286,3214
2,3,2,1,1-4-6-10,0.0018709073900841909,0.9981290926099158,1069
2,3,2,1,1-4-6-6,0.0016070280694236126,0.9983929719305764,4667
2,3,2,1,1-4-6-7,6.678242286630158e-05,0.9999332175771337,7487
2,3,2,1,1-4-6-8,0.00028032143524574845,0.9997196785647543,5351
2,3,2,1,1-4-6-9,0.00015649452269170578,0.9998435054773083,3195
2,3,2,1,1-4-7-10,0.0036663611365719525,0.9963336388634281,1091
2,3,2,1,1-4-7-7,0.0035395661740838602,0.9964604338259161,3578
2,3,2,1,1-4-7-8,9.09090909090909e-05,0.9999090909090909,5500
2,3,2,1,1-4-7-9,0.00015812776723592663,0.9998418722327641,3162
2,3,2,1,1-4-8-10,0.004221388367729831,0.9957786116322702,1066
2,3,2,1,1-4-8-8,0.001012555690562981,0.998987444309437,2469
2,3,2,1,1-4-8-9,0.00031269543464665416,0.9996873045653534,3198
2,3,2,1,1-4-9-10,0.0025484199796126403,0.9974515800203874,981
2,3,2,1,1-4-9-9,0.0013774104683195593,0.9986225895316805,1452
2,3,2,1,1-5-10-10,0.0026666666666666666,0.9973333333333333,375
2,3,2,1,1-5-5-10,0.004816955684007707,0.9951830443159922,519
2,3,2,1,1-5-5-5,0.007266121707538603,0.9927338782924614,1835
2,3,2,1,1-5-5-6,0.000937109537692628,0.9990628904623073,4802
2,3,2,1,1-5-5-7,0.00026476039184537993,0.9997352396081546,3777
2,3,2,1,1-5-5-8,0.0017347725520431765,0.9982652274479569,2594
2,3,2,1,1-5-5-9,0.0002946375957572186,0.9997053624042428,1697
2,3,2,1,1-5-6-10,0.0044964028776978415,0.9955035971223022,1112
2,3,2,1,1-5-6-6,0.0024696477143571964,0.9975303522856428,4673
2,3,2,1,1-5-6-7,0.001515950435011864,0.9984840495649882,7586
2,3,2,1,1-5-6-8,0.0011160714285714285,0.9988839285714286,5376
2,3,2,1,1-5-6-9,0.0011013215859030838,0.998898678414097,3178
2,3,2,1,1-5-7-10,0.0009487666034155598,0.9990512333965844,1054
2,3,2,1,1-5-7-7,0.00042492917847025496,0.9995750708215297,3530
2,3,2,1,1-5-7-8,0.0011288805268109125,0.9988711194731891,5315
2,3,2,1,1-5-7-9,0.00031735956839098697,0.999682640431609,3151
2,3,2,1,1-5-8-10,0.0008992805755395684,0.9991007194244604,1112
2,3,2,1,1-5-8-8,0.0008074283407347598,0.9991925716592652,2477
2,3,2,1,1-5-8-9,0.00263866451265482,0.9973613354873452,3095
2,3,2,1,1-5-9-10,0.0024630541871921183,0.9975369458128078,1015
2,3,2,1,1-5-9-9,0.0007199424046076314,0.9992800575953924,1389
2,3,2,1,1-6-6-10,0.0019455252918287938,0.9980544747081712,514
2,3,2,1,1-6-6-6,0.0006821282401091405,0.9993178717598908,1466
2,3,2,1,1-6-6-7,0.0017803341550260202,0.998219665844974,3651
2,3,2,1,1-6-6-8,0.00038387715930902113,0.999616122840691,2605
2,3,2,1,1-6-6-9,0.0009609224855861628,0.9990390775144138,1561
2,3,2,1,1-6-7-10,0.0018399264029438822,0.9981600735970562,1087
2,3,2,1,1-6-7-7,0.002408614338339473,0.9975913856616605,3529
2,3,2,1,1-6-7-8,0.0002805836139169473,0.9997194163860831,5346
2,3,2,1,1-6-7-9,0.00031466331025802394,0.999685336689742,3178
2,3,2,1,1-6-8-10,0.00046125461254612545,0.9995387453874539,1084
2,3,2,1,1-6-8-8,0.00019976028765481422,0.9998002397123452,2503
2,3,2,1,1-6-8-9,0.0006273525721455458,0.9993726474278545,3188
2,3,2,1,1-6-9-10,0.0014563106796116505,0.9985436893203884,1030
2,3,2,1,1-6-9-9,0.0071638501102130785,0.992836149889787,1361
2,3,2,1,1-7-7-10,0.0008620689655172414,0.9991379310344828,580
2,3,2,1,1-7-7-7,0.0020798668885191347,0.9979201331114809,1202
2,3,2,1,1-7-7-8,0.001830831197363603,0.9981691688026364,2731
2,3,2,1,1-7-7-9,0.005256648113790971,0.994743351886209,1617
2,3,2,1,1-7-8-10,0.0071174377224199285,0.9928825622775801,1124
2,3,2,1,1-7-8-8,0.001007252215954875,0.9989927477840451,2482
2,3,2,1,1-7-8-9,0.001252740369558409,0.9987472596304416,3193
2,3,2,1,1-7-9-9,0.0010217983651226157,0.9989782016348774,1468
2,3,2,1,1-8-8-8,0.0018115942028985507,0.9981884057971014,828
2,3,2,1,1-8-8-9,0.0003238341968911917,0.9996761658031088,1544
2,3,2,1,2-2-10-10,0.00980392156862745,0.9901960784313726,204
2,3,2,1,2-2-2-10,0.027777777777777776,0.9722222222222222,162
2,3,2,1,2-2-2-2,0.9695885509838998,0.03041144901610018,559
2,3,2,1,2-2-2-3,0.8197420682571923,0.18025793174280774,2153
2,3,2,1,2-2-2-4,0.9657700849127434,0.03422991508725665,1997
2,3,2,1,2-2-2-5,0.019289656373826975,0.980710343626173,1775
2,3,2,1,2-2-2-6,0.019360591449777764,0.9806394085502222,1564
2,3,2,1,2-2-2-7,0.0020973154362416107,0.9979026845637584,1192
2,3,2,1,2-2-2-8,0.0005592841163310962,0.9994407158836689,894
2,3,2,1,2-2-2-9,0.001949317738791423,0.9980506822612085,513
2,3,2,1,2-2-3-10,0.0009074410163339383,0.9990925589836661,551
2,3,2,1,2-2-3-3,0.9793330859015951,0.02066691409840504,3036
2,3,2,1,2-2-3-4,0.9977537168713639,0.00224628312863607,6188
2,3,2,1,2-2-3-5,0.0028747055124179422,0.9971252944875821,5322
2,3,2,1,2-2-3-6,0.0007291666666666667,0.9992708333333333,4800
2,3,2,1,2-2-3-7,0.0006691648822269807,0.999330835117773,3736
2,3,2,1,2-2-3-8,0.0029176935531128713,0.9970823064468872,2607
2,3,2,1,2-2-3-9,0.002758104418590463,0.9972418955814095,1635
2,3,2,1,2-2-4-10,0.0028680688336520078,0.997131931166348,523
2,3,2,1,2-2-4-4,0.9617473486022033,0.038252651397796655,2821
2,3,2,1,2-2-4-5,8.532423208191126e-05,0.999914675767918,5860
2,3,2,1,2-2-4-6,0.0003206376468106484,0.9996793623531894,4720
2,3,2,1,2-2-4-7,0.006819981546271654,0.9931800184537283,3632
2,3,2,1,2-2-4-8,0.0009502090459901178,0.9990497909540099,2631
2,3,2,1,2-2-4-9,0.0040674584142078255,0.9959325415857921,1602
2,3,2,1,2-2-5-10,0.0009328358208955224,0.9990671641791045,536
2,3,2,1,2-2-5-5,0.00018044027426921688,0.9998195597257308,2771
2,3,2,1,2-2-5-6,0.001752380063468359,0.9982476199365317,4870
2,3,2,1,2-2-5-7,0.0008110300081103001,0.9991889699918897,3699
2,3,2,1,2-2-5-8,0.0007462686567164179,0.9992537313432835,2680
2,3,2,1,2-2-5-9,0.0009101941747572816,0.9990898058252428,1648
2,3,2,1,2-2-6-10,0.005607476635514018,0.994392523364486,535
2,3,2,1,2-2-6-6,0.00022311468094600624,0.999776885319054,2241
2,3,2,1,2-2-6-7,0.0008740499457111835,0.9991259500542888,3684
2,3,2,1,2-2-6-8,0.0005539143279172822,0.9994460856720827,2708
2,3,2,1,2-2-6-9,0.003061849357011635,0.9969381506429884,1633
2,3,2,1,2-2-7-10,0.00202020202020202,0.997979797979798,495
2,3,2,1,2-2-7-7,0.006245129636973197,0.9937548703630268,1807
2,3,2,1,2-2-7-8,0.0011131725417439704,0.9988868274582561,2695
2,3,2,1,2-2-7-9,0.004826254826254826,0.9951737451737451,1554
2,3,2,1,2-2-8-10,0.0049800796812749,0.9950199203187251,502
2,3,2,1,2-2-8-8,0.0016792611251049538,0.998320738874895,1191
2,3,2,1,2-2-8-9,0.0012853470437017994,0.9987146529562982,1556
2,3,2,1,2-2-9-10,0.004347826086956522,0.9956521739130435,575
2,3,2,1,2-2-9-9,0.0007246376811594203,0.9992753623188406,690
2,3,2,1,2-3-10-10,0.01694915254237288,0.9830508474576272,354
2,3,2,1,2-3-3-10,0.0009225092250922509,0.9990774907749077,542
2,3,2,1,2-3-3-3,0.9871332285612404,0.012866771438759552,2024
2,3,2,1,2-3-3-4,0.9510413493715553,0.048958650628444705,5734
2,3,2,1,2-3-3-5,0.0010959678805699778,0.99890403211943,5316
2,3,2,1,2-3-3-6,0.00020973154362416107,0.9997902684563759,4768
2,3,2,1,2-3-3-7,0.0002655337227827934,0.9997344662772172,3766
2,3,2,1,2-3-3-8,0.0005603287261860292,0.999439671273814,2677
2,3,2,1,2-3-3-9,0.00032175032175032174,0.9996782496782497,1554
2,3,2,1,2-3-4-10,0.0018814675446848542,0.9981185324553151,1063
2,3,2,1,2-3-4-4,0.9237127558867768,0.0762872441132232,5413
2,3,2,1,2-3-4-5,0.02464301229388185,0.9753569877061181,10560
2,3,2,1,2-3-4-6,0.001428518593856908,0.998571481406143,9543
2,3,2,1,2-3-4-7,0.0011697426566155446,0.9988302573433845,7694
2,3,2,1,2-3-4-8,9.340556697179151e-05,0.9999065944330282,5353
2,3,2,1,2-3-4-9,0.0009759271307742355,0.9990240728692258,3074
2,3,2,1,2-3-5-10,0.008284600389863547,0.9917153996101364,1026
2,3,2,1,2-3-5-5,0.0002749266862170088,0.999725073313783,5456
2,3,2,1,2-3-5-6,0.0011959234608985025,0.9988040765391015,9616
2,3,2,1,2-3-5-7,0.0017343141140774324,0.9982656858859226,7764
2,3,2,1,2-3-5-8,0.0001932367149758454,0.9998067632850242,5175
2,3,2,1,2-3-5-9,0.002639751552795031,0.997360248447205,3220
2,3,2,1,2-3-6-10,0.001326259946949602,0.9986737400530504,1131
2,3,2,1,2-3-6-6,0.0003201024327784891,0.9996798975672215,4686
2,3,2,1,2-3-6-7,0.00039494470774091627,0.9996050552922591,7596
2,3,2,1,2-3-6-8,0.0023296310240963855,0.9976703689759037,5312
2,3,2,1,2-3-6-9,0.0010923845193508116,0.9989076154806492,3204
2,3,2,1,2-3-7-10,0.00047036688617121356,0.9995296331138288,1063
2,3,2,1,2-3-7-7,0.0005696382796923954,0.9994303617203076,3511
2,3,2,1,2-3-7-8,0.00027839643652561246,0.9997216035634744,5388
2,3,2,1,2-3-7-9,0.0018873859704309531,0.9981126140295691,3179
2,3,2,1,2-3-8-10,0.0018484288354898336,0.9981515711645101,1082
2,3,2,1,2-3-8-8,0.0001923076923076923,0.9998076923076923,2600
2,3,2,1,2-3-8-9,0.0009222256378727329,0.9990777743621273,3253
2,3,2,1,2-3-9-10,0.0009578544061302681,0.9990421455938697,1044
2,3,2,1,2-3-9-9,0.00363901018922853,0.9963609898107715,1374
2,3,2,1,2-4-10-10,0.005305039787798408,0.9946949602122016,377
2,3,2,1,2-4-4-10,0.0026642984014209592,0.9973357015985791,563
2,3,2,1,2-4-4-4,0.9735634014971029,0.026436598502897184,1853
2,3,2,1,2-4-4-5,0.0812628930374583,0.9187371069625416,5157
2,3,2,1,2-4-4-6,0.0008221993833504625,0.9991778006166495,4865
2,3,2,1,2-4-4-7,0.000273972602739726,0.9997260273972602,3650
2,3,2,1,2-4-4-8,0.0025913285298950818,0.9974086714701048,2637
2,3,2,1,2-4-4-9,0.007642563198118754,0.9923574368018813,1701
2,3,2,1,2-4-5-10,0.0018331805682859762,0.998166819431714,1091
2,3,2,1,2-4-5-5,0.005881184185755841,0.9941188158142441,5521
2,3,2,1,2-4-5-6,0.0005159426271798576,0.9994840573728201,9691
2,3,2,1,2-4-5-7,0.0012263342798821048,0.9987736657201178,7636
2,3,2,1,2-4-5-8,0.00036886757654002215,0.99963113242346,5422
2,3,2,1,2-4-5-9,0.0046815282613760145,0.995318471738624,3215
2,3,2,1,2-4-6-10,0.002281021897810219,0.9977189781021898,1096
2,3,2,1,2-4-6-6,0.0026269080582179607,0.9973730919417821,4695
2,3,2,1,2-4-6-7,0.0002678093197643278,0.9997321906802357,7468
2,3,2,1,2-4-6-8,0.00019245573518090838,0.9998075442648191,5196
2,3,2,1,2-4-6-9,0.0006357279084551812,0.9993642720915448,3146
2,3,2,1,2-4-7-10,0.00046253469010175765,0.9995374653098983,1081
2,3,2,1,2-4-7-7,0.0004266211604095563,0.9995733788395904,3516
2,3,2,1,2-4-7-8,0.00018535681186283596,0.9998146431881372,5395
2,3,2,1,2-4-7-9,0.00048575129533678756,0.9995142487046632,3088
2,3,2,1,2-4-8-10,0.0013698630136986301,0.9986301369863013,1095
2,3,2,1,2-4-8-8,0.002194732641660016,0.99780526735834,2506
2,3,2,1,2-4-8-9,0.00182370820668693,0.998176291793313,3290
2,3,2,1,2-4-9-10,0.0004424778761061947,0.9995575221238938,1130
2,3,2,1,2-4-9-9,0.00035435861091424523,0.9996456413890857,1411
2,3,2,1,2-5-5-10,0.0009293680297397769,0.9990706319702602,538
2,3,2,1,2-5-5-5,0.005814562598218963,0.9941854374017811,1909
2,3,2,1,2-5-5-6,0.0004042037186742118,0.9995957962813258,4948
2,3,2,1,2-5-5-7,0.00013448090371167293,0.9998655190962883,3718
2,3,2,1,2-5-5-8,0.000536480686695279,0.9994635193133047,2796
2,3,2,1,2-5-5-9,0.006097560975609756,0.9939024390243902,1558
2,3,2,1,2-5-6-10,0.0009380863039399625,0.99906191369606,1066
2,3,2,1,2-5-6-6,0.0001092896174863388,0.9998907103825136,4575
2,3,2,1,2-5-6-7,0.0002206628712652809,0.9997793371287347,7553
2,3,2,1,2-5-6-8,0.0003728560775540641,0.9996271439224459,5364
2,3,2,1,2-5-6-9,0.0007527853056308341,0.9992472146943692,3321
2,3,2,1,2-5-7-10,0.0014111006585136407,0.9985888993414863,1063
2,3,2,1,2-5-7-7,0.0007006726457399103,0.9992993273542601,3568
2,3,2,1,2-5-7-8,0.00018982536066818528,0.9998101746393319,5268
2,3,2,1,2-5-7-9,0.0015748031496062992,0.9984251968503937,3175
2,3,2,1,2-5-8-10,0.0013812154696132596,0.9986187845303868,1086
2,3,2,1,2-5-8-8,0.0014227642276422765,0.9985772357723577,2460
2,3,2,1,2-5-8-9,0.0006125574272588055,0.9993874425727411,3265
2,3,2,1,2-5-9-10,0.003937007874015748,0.9960629921259843,1016
2,3,2,1,2-5-9-9,0.0007168458781362007,0.9992831541218637,1395
2,3,2,1,2-6-6-10,0.0018083182640144665,0.9981916817359855,553
2,3,2,1,2-6-6-6,0.002498334443704197,0.9975016655562958,1501
2,3,2,1,2-6-6-7,0.00013259082471492973,0.999867409175285,3771
2,3,2,1,2-6-6-8,0.0007446016381236039,0.9992553983618764,2686
2,3,2,1,2-6-6-9,0.0006230529595015577,0.9993769470404984,1605
2,3,2,1,2-6-7-10,0.0014177693761814746,0.9985822306238186,1058
2,3,2,1,2-6-7-7,0.0005649717514124294,0.9994350282485875,3540
2,3,2,1,2-6-7-8,0.0005597014925373135,0.9994402985074626,5360
2,3,2,1,2-6-7-9,0.0003170577045022194,0.9996829422954978,3154
2,3,2,1,2-6-8-10,0.0013799448022079118,0.9986200551977921,1087
2,3,2,1,2-6-8-8,0.000594059405940594,0.9994059405940594,2525
2,3,2,1,2-6-8-9,0.0014281180577594415,0.9985718819422406,3151
2,3,2,1,2-6-9-9,0.00033944331296673454,0.9996605566870332,1473
2,3,2,1,2-7-7-10,0.004743833017077799,0.9952561669829222,527
2,3,2,1,2-7-7-7,0.0013192612137203166,0.9986807387862797,1137
2,3,2,1,2-7-7-8,0.002516453735965931,0.997483546264034,2583
2,3,2,1,2-7-7-9,0.0045871559633027525,0.9954128440366973,1635
2,3,2,1,2-7-8-8,0.00019538882375928098,0.9998046111762408,2559
2,3,2,1,2-7-8-9,0.00064,0.99936,3125
2,3,2,1,2-8-8-8,0.002372479240806643,0.9976275207591934,843
2,3,2,1,3-3-10-10,0.005681818181818182,0.9943181818181818,176
2,3,2,1,3-3-3-10,0.03529411764705882,0.9647058823529412,170
2,3,2,1,3-3-3-3,0.8645528328219838,0.13544716717801616,564
2,3,2,1,3-3-3-4,0.9491323613931457,0.05086763860685436,1898
2,3,2,1,3-3-3-5,0.9927834585861897,0.0072165414138103505,1675
2,3,2,1,3-3-3-6,0.0009664948453608248,0.9990335051546392,1552
2,3,2,1,3-3-3-7,0.024469713288528604,0.9755302867114714,1241
2,3,2,1,3-3-3-8,0.00729280149640782,0.9927071985035922,946
2,3,2,1,3-3-3-9,0.0009345794392523365,0.9990654205607477,535
2,3,2,1,3-3-4-10,0.005597014925373134,0.9944029850746269,536
2,3,2,1,3-3-4-4,0.9980456026058632,0.001954397394136808,3070
2,3,2,1,3-3-4-5,0.6781700577201024,0.32182994227989753,5057
2,3,2,1,3-3-4-6,0.011182114652528182,0.9888178853474718,4771
2,3,2,1,3-3-4-7,0.008978176973056171,0.9910218230269437,3636
2,3,2,1,3-3-4-8,0.00037835792659856227,0.9996216420734014,2643
2,3,2,1,3-3-4-9,0.011589427574718338,0.9884105724252816,1582
2,3,2,1,3-3-5-10,0.00558659217877095,0.994413407821229,537
2,3,2,1,3-3-5-5,0.0016898510971786833,0.9983101489028213,2552
2,3,2,1,3-3-5-6,0.00020412329046744235,0.9997958767095325,4899
2,3,2,1,3-3-5-7,0.0054225764843451926,0.9945774235156548,3749
2,3,2,1,3-3-5-8,0.00019033117624666921,0.9998096688237533,2627
2,3,2,1,3-3-5-9,0.003461296412838263,0.9965387035871618,1589
2,3,2,1,3-3-6-10,0.010183299389002037,0.9898167006109979,491
2,3,2,1,3-3-6-6,0.004683544303797464,0.9953164556962025,2370
2,3,2,1,3-3-6-7,0.00417239010989011,0.9958276098901099,3640
2,3,2,1,3-3-6-8,0.0005430847212165098,0.9994569152787834,2762
2,3,2,1,3-3-6-9,0.0009146341463414635,0.9990853658536586,1640
2,3,2,1,3-3-7-10,0.007326007326007326,0.9926739926739927,546
2,3,2,1,3-3-7-7,0.0002617801047120419,0.999738219895288,1910
2,3,2,1,3-3-7-8,0.0012905604719764012,0.9987094395280236,2712
2,3,2,1,3-3-7-9,0.0006289308176100629,0.9993710691823899,1590
2,3,2,1,3-3-8-10,0.0034662045060658577,0.9965337954939342,577
2,3,2,1,3-3-8-8,0.001635322976287817,0.9983646770237122,1223
2,3,2,1,3-3-8-9,0.003121098626716604,0.9968789013732834,1602
2,3,2,1,3-3-9-10,0.0026642984014209592,0.9973357015985791,563
2,3,2,1,3-3-9-9,0.0013351134846461949,0.9986648865153538,749
2,3,2,1,3-4-4-10,0.011926605504587157,0.9880733944954129,545
2,3,2,1,3-4-4-4,0.9515292815962265,0.04847071840377347,1843
2,3,2,1,3-4-4-5,0.005450683672353083,0.994549316327647,5188
2,3,2,1,3-4-4-6,0.00513586837846274,0.9948641316215373,4836
2,3,2,1,3-4-4-7,0.00039494470774091627,0.9996050552922591,3798
2,3,2,1,3-4-4-8,0.004273806338990648,0.9957261936610095,2623
2,3,2,1,3-4-4-9,0.0037926675094816687,0.9962073324905183,1582
2,3,2,1,3-4-5-10,0.0030408340573414424,0.9969591659426585,1151
2,3,2,1,3-4-5-5,0.00010094891984655764,0.9998990510801534,4953
2,3,2,1,3-4-5-6,0.00041880431368443097,0.9995811956863155,9551
2,3,2,1,3-4-5-7,6.672004270082733e-05,0.9999332799572992,7494
2,3,2,1,3-4-5-8,0.0005449203942380591,0.999455079605762,5276
2,3,2,1,3-4-5-9,0.0019950890116635974,0.9980049109883364,3258
2,3,2,1,3-4-6-10,0.0009107468123861566,0.9990892531876139,1098
2,3,2,1,3-4-6-6,0.0014358294676386127,0.9985641705323614,4527
2,3,2,1,3-4-6-7,0.00034008978370289757,0.9996599102162971,7351
2,3,2,1,3-4-6-8,0.0008364312267657993,0.9991635687732342,5380
2,3,2,1,3-4-6-9,0.0009225092250922509,0.9990774907749077,3252
2,3,2,1,3-4-7-10,0.003083247687564234,0.9969167523124358,973
2,3,2,1,3-4-7-7,0.0011487650775416428,0.9988512349224583,3482
2,3,2,1,3-4-7-8,0.0007455731593662628,0.9992544268406337,5365
2,3,2,1,3-4-7-9,0.0015625,0.9984375,3200
2,3,2,1,3-4-8-10,0.00089126559714795,0.9991087344028521,1122
2,3,2,1,3-4-8-8,0.000582977069568597,0.9994170229304314,2573
2,3,2,1,3-4-8-9,0.0014317531021317213,0.9985682468978683,3143
2,3,2,1,3-4-9-10,0.0009182736455463728,0.9990817263544536,1089
2,3,2,1,3-4-9-9,0.000687757909215956,0.9993122420907841,1454
2,3,2,1,3-5-5-10,0.0065978198508319,0.993402180149168,581
2,3,2,1,3-5-5-5,0.02315480063166985,0.9768451993683303,1778
2,3,2,1,3-5-5-6,0.0007311468560685189,0.9992688531439314,4787
2,3,2,1,3-5-5-7,0.0005361930294906167,0.9994638069705094,3730
2,3,2,1,3-5-5-8,0.0007493443237167478,0.9992506556762832,2669
2,3,2,1,3-5-5-9,0.0009247842170160296,0.999075215782984,1622
2,3,2,1,3-5-6-10,0.0004743833017077799,0.9995256166982922,1054
2,3,2,1,3-5-6-6,0.0022711569746340994,0.9977288430253658,4623
2,3,2,1,3-5-6-7,0.00019938854180513092,0.9998006114581949,7523
2,3,2,1,3-5-6-8,0.0002801643630930146,0.999719835636907,5354
2,3,2,1,3-5-6-9,0.0004757373929590866,0.9995242626070409,3153
2,3,2,1,3-5-7-10,0.0018165304268846503,0.9981834695731153,1101
2,3,2,1,3-5-7-7,0.0008488964346349745,0.9991511035653651,3534
2,3,2,1,3-5-7-8,0.0005469462169553327,0.9994530537830447,5485
2,3,2,1,3-5-7-9,0.0020280811232449296,0.9979719188767551,3205
2,3,2,1,3-5-8-10,0.0018099547511312218,0.9981900452488688,1105
2,3,2,1,3-5-8-8,0.0009964129135113591,0.9990035870864886,2509
2,3,2,1,3-5-8-9,0.001539882968894364,0.9984601170311056,3247
2,3,2,1,3-5-9-9,0.0007032348804500703,0.9992967651195499,1422
2,3,2,1,3-6-6-10,0.012287334593572778,0.9877126654064272,529
2,3,2,1,3-6-6-6,0.0006622516556291391,0.9993377483443708,1510
2,3,2,1,3-6-6-7,0.0005295207836907599,0.9994704792163093,3777
2,3,2,1,3-6-6-8,0.0012792397660818713,0.9987207602339181,2736
2,3,2,1,3-6-6-9,0.0035294117647058825,0.9964705882352941,1700
2,3,2,1,3-6-7-10,0.0023540489642184556,0.9976459510357816,1062
2,3,2,1,3-6-7-7,0.0005747126436781609,0.9994252873563219,3480
2,3,2,1,3-6-7-8,0.0006575239526582754,0.9993424760473417,5323
2,3,2,1,3-6-7-9,0.0009380863039399625,0.99906191369606,3198
2,3,2,1,3-6-8-8,0.0010048231511254019,0.9989951768488746,2488
2,3,2,1,3-6-8-9,0.0001538935056940597,0.9998461064943059,3249
2,3,2,1,3-7-7-7,0.0035149384885764497,0.9964850615114236,1138
2,3,2,1,3-7-7-8,0.0007326007326007326,0.9992673992673993,2730
2,3,2,1,3-7-7-9,0.002242152466367713,0.9977578475336323,1561
2,3,2,1,3-7-8-8,0.001182033096926714,0.9988179669030733,2538
2,3,2,1,4-4-4-10,0.04142011834319527,0.9585798816568047,169
2,3,2,1,4-4-4-4,0.10396131844953171,0.8960386815504683,406
2,3,2,1,4-4-4-5,0.8708279462277135,0.1291720537722865,1825
2,3,2,1,4-4-4-6,0.004556882463859208,0.9954431175361408,1591
2,3,2,1,4-4-4-7,0.016852237051789988,0.98314776294821,1277
2,3,2,1,4-4-4-8,0.002844141069397042,0.997155858930603,879
2,3,2,1,4-4-4-9,0.004604051565377533,0.9953959484346224,543
2,3,2,1,4-4-5-10,0.000992063492063492,0.9990079365079365,504
2,3,2,1,4-4-5-5,0.029345119018678714,0.9706548809813214,2803
2,3,2,1,4-4-5-6,0.0026184799947324565,0.9973815200052676,4764
2,3,2,1,4-4-5-7,0.0002685284640171858,0.9997314715359829,3724
2,3,2,1,4-4-5-8,0.001098901098901099,0.9989010989010989,2730
2,3,2,1,4-4-5-9,0.0060790273556231,0.993920972644377,1645
2,3,2,1,4-4-6-10,0.0009363295880149813,0.9990636704119851,534
2,3,2,1,4-4-6-6,0.0008572653236176596,0.9991427346763824,2333
2,3,2,1,4-4-6-7,0.0012482662968099861,0.99875173370319,3605
2,3,2,1,4-4-6-8,0.0007434944237918215,0.9992565055762082,2690
2,3,2,1,4-4-6-9,0.0009208103130755065,0.9990791896869244,1629
2,3,2,1,4-4-7-10,0.011030264378478665,0.9889697356215214,539
2,3,2,1,4-4-7-7,0.0005640157924421884,0.9994359842075579,1773
2,3,2,1,4-4-7-8,0.0015168752370117557,0.9984831247629883,2637
2,3,2,1,4-4-7-9,0.000925925925925926,0.9990740740740741,1620
2,3,2,1,4-4-8-10,0.01011029411764706,0.9898897058823529,544
2,3,2,1,4-4-8-8,0.0060435132957292505,0.9939564867042707,1241
2,3,2,1,4-4-8-9,0.003117206982543641,0.9968827930174564,1604
2,3,2,1,4-4-9-9,0.003132832080200501,0.9968671679197995,798
2,3,2,1,4-5-5-10,0.002840909090909091,0.9971590909090909,528
2,3,2,1,4-5-5-5,0.00026939655172413793,0.9997306034482759,1856
2,3,2,1,4-5-5-6,0.00021070375052675939,0.9997892962494732,4746
2,3,2,1,4-5-5-7,0.00228740581270183,0.9977125941872982,3716
2,3,2,1,4-5-5-8,0.0007550018875047187,0.9992449981124952,2649
2,3,2,1,4-5-5-9,0.0015527950310559005,0.9984472049689441,1610
2,3,2,1,4-5-6-10,0.002955665024630542,0.9970443349753695,1015
2,3,2,1,4-5-6-6,0.0004440497335701599,0.9995559502664298,4504
2,3,2,1,4-5-6-7,6.889899407468652e-05,0.9999311010059253,7257
2,3,2,1,4-5-6-8,9.391435011269723e-05,0.9999060856498873,5324
2,3,2,1,4-5-6-9,0.00015513496742165683,0.9998448650325783,3223
2,3,2,1,4-5-7-10,0.0009082652134423251,0.9990917347865577,1101
2,3,2,1,4-5-7-7,0.0032035087253858034,0.9967964912746141,3559
2,3,2,1,4-5-7-8,0.0002867520550563946,0.9997132479449437,5231
2,3,2,1,4-5-7-9,0.00046816479400749064,0.9995318352059925,3204
2,3,2,1,4-5-8-8,0.00020358306188925082,0.9997964169381107,2456
2,3,2,1,4-5-8-9,0.00015822784810126583,0.9998417721518987,3160
2,3,2,1,4-6-6-10,0.002857142857142857,0.9971428571428571,525
2,3,2,1,4-6-6-6,0.005263157894736842,0.9947368421052631,1520
2,3,2,1,4-6-6-7,0.0015118196811434853,0.9984881803188566,3638
2,3,2,1,4-6-6-8,0.0009458948164964056,0.9990541051835036,2643
2,3,2,1,4-6-6-9,0.001215066828675577,0.9987849331713244,1646
2,3,2,1,4-6-7-7,0.00028336639274582036,0.9997166336072542,3529
2,3,2,1,4-6-7-8,0.0009359790340696368,0.9990640209659304,5342
2,3,2,1,4-6-7-9,0.002329916123019571,0.9976700838769804,3219
2,3,2,1,4-6-8-8,0.0004017677782241864,0.9995982322217758,2489
2,3,2,1,4-7-7-7,0.0008658008658008658,0.9991341991341991,1155
2,3,2,1,4-7-7-8,0.0029728725380899295,0.99702712746191,2691
2,3,2,1,5-5-5-10,0.022988505747126436,0.9770114942528736,174
2,3,2,1,5-5-5-5,0.0021645021645021645,0.9978354978354979,462
2,3,2,1,5-5-5-6,0.0018192844147968466,0.9981807155852032,1649
2,3,2,1,5-5-5-7,0.005385252692626346,0.9946147473073736,1207
2,3,2,1,5-5-5-8,0.04323107182529976,0.9567689281747003,889
2,3,2,1,5-5-5-9,0.004545454545454545,0.9954545454545455,550
2,3,2,1,5-5-6-10,0.009708737864077669,0.9902912621359223,515
2,3,2,1,5-5-6-6,0.0004409171075837742,0.9995590828924162,2268
2,3,2,1,5-5-6-7,0.0009264160931709899,0.999073583906829,3778
2,3,2,1,5-5-6-8,0.0007423904974016332,0.9992576095025983,2694
2,3,2,1,5-5-6-9,0.0006042296072507553,0.9993957703927493,1655
2,3,2,1,5-5-7-7,0.00028011204481792715,0.9997198879551821,1785
2,3,2,1,5-5-7-8,0.0007558578987150416,0.999244142101285,2646
2,3,2,1,5-5-7-9,0.0005938242280285036,0.9994061757719715,1684
2,3,2,1,5-5-8-8,0.0024671052631578946,0.9975328947368421,1216
2,3,2,1,5-6-6-6,0.016683787578679936,0.9833162124213201,1495
2,3,2,1,5-6-6-7,0.001209352324643913,0.9987906476753561,3721
2,3,2,1,5-6-6-8,0.0026365348399246705,0.9973634651600753,2655
2,3,2,1,5-6-6-9,0.0046022353714661405,0.9953977646285339,1521
2,3,2,1,5-6-7-7,0.001261564339781329,0.9987384356602187,3567
2,3,2,1,5-6-7-8,0.0003835091083413231,0.9996164908916587,5215
2,3,2,1,5-7-7-7,0.0012583892617449664,0.9987416107382551,1192
2,3,2,1,6-6-6-6,0.01020408163265306,0.9897959183673469,343
2,3,2,1,6-6-6-7,0.004368546465448769,0.9956314535345512,1259
2,3,2,1,6-6-6-8,0.0077348066298342545,0.9922651933701657,905
2,3,2,1,6-6-7-7,0.004868270332187858,0.9951317296678122,1746
2,5,3,2,1-1-1-1,0.18016676593210243,0.8198332340678975,1679
2,5,3,2,1-1-1-10,0.125,0.875,28
2,5,3,2,1-1-1-2,0.03328883697647255,0.9667111630235274,5993
2,5,3,2,1-1-1-3,0.06904894417558058,0.9309510558244195,4498
2,5,3,2,1-1-1-4,0.023915036584646426,0.9760849634153536,4052
2,5,3,2,1-1-1-5,0.002327681814861302,0.9976723181851388,3042
2,5,3,2,1-1-1-6,0.0379995020864634,0.9620004979135366,2041
2,5,3,2,1-1-1-7,0.008447304907481898,0.9915526950925181,1243
2,5,3,2,1-1-1-8,0.006259780907668232,0.9937402190923318,639
2,5,3,2,1-1-1-9,0.006276150627615063,0.9937238493723849,239
2,5,3,2,1-1-10-10,0.13636363636363635,0.8636363636363636,22
2,5,3,2,1-1-2-10,0.009174311926605505,0.9908256880733946,109
2,5,3,2,1-1-2-2,0.9348898564087759,0.0651101435912242,7371
2,5,3,2,1-1-2-3,0.10049283157059492,0.8995071684294051,12505
2,5,3,2,1-1-2-4,0.00021265736645117387,0.9997873426335488,11756
2,5,3,2,1-1-2-5,0.0038760072964126803,0.9961239927035873,9092
2,5,3,2,1-1-2-6,0.0014621229132047219,0.9985378770867953,6183
2,5,3,2,1-1-2-7,0.001892403352257367,0.9981075966477426,3699
2,5,3,2,1-1-2-8,0.0005200208008320333,0.999479979199168,1923
2,5,3,2,1-1-2-9,0.000723589001447178,0.9992764109985528,691
2,5,3,2,1-1-3-10,0.01818181818181818,0.9818181818181818,110
2,5,3,2,1-1-3-3,0.9854474046731857,0.014552595326814199,5478
2,5,3,2,1-1-3-4,0.007503473130636733,0.9924965268693632,10508
2,5,3,2,1-1-3-5,5.703855806525211e-05,0.9999429614419347,8766
2,5,3,2,1-1-3-6,0.00016231131309852296,0.9998376886869015,6161
2,5,3,2,1-1-3-7,0.0009254362771020624,0.9990745637228979,3782
2,5,3,2,1-1-3-8,0.0004992511233150275,0.9995007488766849,2003
2,5,3,2,1-1-3-9,0.0006747638326585695,0.9993252361673415,741
2,5,3,2,1-1-4-10,0.015463917525773196,0.9845360824742269,97
2,5,3,2,1-1-4-4,0.00538806701507032,0.9946119329849298,4917
2,5,3,2,1-1-4-5,0.0019063812313104332,0.9980936187686896,8996
2,5,3,2,1-1-4-6,8.124796880077999e-05,0.9999187520311992,6154
2,5,3,2,1-1-4-7,0.0002704895861509332,0.999729510413849,3697
2,5,3,2,1-1-4-8,0.0007618080243778568,0.9992381919756221,1969
2,5,3,2,1-1-4-9,0.002785515320334262,0.9972144846796658,718
2,5,3,2,1-1-5-10,0.0045045045045045045,0.9954954954954955,111
2,5,3,2,1-1-5-5,0.0005918560606060606,0.9994081439393939,4224
2,5,3,2,1-1-5-6,0.00016252234682268812,0.9998374776531773,6153
2,5,3,2,1-1-5-7,0.0030642152944311218,0.9969357847055689,3753
2,5,3,2,1-1-5-8,0.0028263103802672147,0.9971736896197327,1946
2,5,3,2,1-1-5-9,0.0041265474552957355,0.9958734525447043,727
2,5,3,2,1-1-6-10,0.005263157894736842,0.9947368421052631,95
2,5,3,2,1-1-6-6,0.00017421602787456446,0.9998257839721254,2870
2,5,3,2,1-1-6-7,0.0008090614886731392,0.9991909385113269,3708
2,5,3,2,1-1-6-8,0.0010422094841063053,0.9989577905158937,1919
2,5,3,2,1-1-6-9,0.0029282576866764276,0.9970717423133236,683
2,5,3,2,1-1-7-10,0.004166666666666667,0.9958333333333333,120
2,5,3,2,1-1-7-7,0.0008655510675129833,0.999134448932487,1733
2,5,3,2,1-1-7-8,0.0012966804979253112,0.9987033195020747,1928
2,5,3,2,1-1-7-9,0.007681564245810056,0.99231843575419,716
2,5,3,2,1-1-8-10,0.014423076923076924,0.9855769230769231,104
2,5,3,2,1-1-8-8,0.0005924170616113745,0.9994075829383886,844
2,5,3,2,1-1-8-9,0.005253623188405797,0.9947463768115942,690
2,5,3,2,1-1-9-10,0.0392156862745098,0.9607843137254902,102
2,5,3,2,1-1-9-9,0.007220216606498195,0.9927797833935018,277
2,5,3,2,1-2-10-10,0.008620689655172414,0.9913793103448276,58
2,5,3,2,1-2-2-10,0.013513513513513514,0.9864864864864865,111
2,5,3,2,1-2-2-2,0.999154612060868,0.0008453879391320684,5323
2,5,3,2,1-2-2-3,0.9436825260680499,0.05631747393195002,11242
2,5,3,2,1-2-2-4,0.0005907239934285063,0.9994092760065716,11194
2,5,3,2,1-2-2-5,5.490282200505106e-05,0.999945097177995,9107
2,5,3,2,1-2-2-6,0.0012919430489962476,0.9987080569510037,6230
2,5,3,2,1-2-2-7,0.008363390883671211,0.9916366091163288,3713
2,5,3,2,1-2-2-8,0.000785751702462022,0.999214248297538,1909
2,5,3,2,1-2-2-9,0.002106741573033708,0.9978932584269663,712
2,5,3,2,1-2-3-10,0.0024509803921568627,0.9975490196078431,204
2,5,3,2,1-2-3-3,0.9730229660562703,0.0269770339437298,11048
2,5,3,2,1-2-3-4,0.9700239214277488,0.029976078572251232,18594
2,5,3,2,1-2-3-5,0.0002805836139169473,0.9997194163860831,17820
2,5,3,2,1-2-3-6,0.0001491242340437069,0.9998508757659562,12294
2,5,3,2,1-2-3-7,0.0012279304393999733,0.9987720695606,7533
2,5,3,2,1-2-3-8,0.0001321003963011889,0.9998678996036988,3785
2,5,3,2,1-2-3-9,0.0003663003663003663,0.9996336996336996,1365
2,5,3,2,1-2-4-10,0.0024630541871921183,0.9975369458128078,203
2,5,3,2,1-2-4-4,0.13040197414438934,0.8695980258556106,9408
2,5,3,2,1-2-4-5,0.0001381673482922516,0.9998618326517077,18094
2,5,3,2,1-2-4-6,0.0017270344165881745,0.9982729655834119,12152
2,5,3,2,1-2-4-7,0.00584894669866929,0.9941510533013307,7429
2,5,3,2,1-2-4-8,0.00026308866087871614,0.9997369113391212,3801
2,5,3,2,1-2-4-9,0.0018628912071535022,0.9981371087928465,1342
2,5,3,2,1-2-5-10,0.0330188679245283,0.9669811320754716,212
2,5,3,2,1-2-5-5,0.0005171225005745806,0.9994828774994254,8702
2,5,3,2,1-2-5-6,0.00024139040875442548,0.9997586095912456,12428
2,5,3,2,1-2-5-7,0.0026747618774888614,0.9973252381225111,7492
2,5,3,2,1-2-5-8,0.00012732365673542143,0.9998726763432646,3927
2,5,3,2,1-2-5-9,0.0003465003465003465,0.9996534996534997,1443
2,5,3,2,1-2-6-10,0.005988023952095809,0.9940119760479041,167
2,5,3,2,1-2-6-6,0.00017959770114942528,0.9998204022988506,5568
2,5,3,2,1-2-6-7,0.001091405184174625,0.9989085948158254,7330
2,5,3,2,1-2-6-8,0.00039703546850185283,0.9996029645314981,3778
2,5,3,2,1-2-6-9,0.002077562326869806,0.9979224376731302,1444
2,5,3,2,1-2-7-10,0.002840909090909091,0.9971590909090909,176
2,5,3,2,1-2-7-7,0.0004301691998852882,0.9995698308001147,3487
2,5,3,2,1-2-7-8,0.0008180487384827351,0.9991819512615173,3871
2,5,3,2,1-2-7-9,0.0014054813773717498,0.9985945186226283,1423
2,5,3,2,1-2-8-10,0.018957345971563982,0.981042654028436,211
2,5,3,2,1-2-8-8,0.0021645021645021645,0.9978354978354979,1617
2,5,3,2,1-2-8-9,0.001336898395721925,0.9986631016042781,1496
2,5,3,2,1-2-9-10,0.00684931506849315,0.9931506849315068,219
2,5,3,2,1-2-9-9,0.0008460236886632825,0.9991539763113367,591
2,5,3,2,1-3-10-10,0.075,0.925,40
2,5,3,2,1-3-3-10,0.009615384615384616,0.9903846153846154,104
2,5,3,2,1-3-3-3,0.7120592230498838,0.2879407769501162,3382
2,5,3,2,1-3-3-4,0.592868563839776,0.40713143616022396,9192
2,5,3,2,1-3-3-5,0.00757581996668247,0.9924241800333176,8313
2,5,3,2,1-3-3-6,8.148631029986962e-05,0.9999185136897001,6136
2,5,3,2,1-3-3-7,0.000785751702462022,0.999214248297538,3818
2,5,3,2,1-3-3-8,0.0030280377554065935,0.9969719622445934,1922
2,5,3,2,1-3-3-9,0.002142857142857143,0.9978571428571429,700
2,5,3,2,1-3-4-10,0.0125,0.9875,200
2,5,3,2,1-3-4-4,0.8158830845188703,0.18411691548112974,8952
2,5,3,2,1-3-4-5,0.0003160011490950876,0.9996839988509049,17405
2,5,3,2,1-3-4-6,0.0007631135030926179,0.9992368864969073,12449
2,5,3,2,1-3-4-7,0.00020204741379310345,0.9997979525862069,7424
2,5,3,2,1-3-4-8,0.0009183941222776174,0.9990816058777224,3811
2,5,3,2,1-3-4-9,0.0007194244604316547,0.9992805755395684,1390
2,5,3,2,1-3-5-10,0.015283842794759825,0.9847161572052402,229
2,5,3,2,1-3-5-5,0.002878857669276831,0.9971211423307231,8684
2,5,3,2,1-3-5-6,0.0003257063757023044,0.9996742936242977,12281
2,5,3,2,1-3-5-7,0.00040458530006743087,0.9995954146999325,7415
2,5,3,2,1-3-5-8,0.0015831134564643799,0.9984168865435357,3790
2,5,3,2,1-3-5-9,0.0003536067892503536,0.9996463932107497,1414
2,5,3,2,1-3-6-10,0.007246376811594203,0.9927536231884058,207
2,5,3,2,1-3-6-6,0.00017473353136466887,0.9998252664686353,5723
2,5,3,2,1-3-6-7,0.0009801359121798222,0.9990198640878202,7652
2,5,3,2,1-3-6-8,0.004905061249671584,0.9950949387503284,3852
2,5,3,2,1-3-6-9,0.0018063583815028901,0.9981936416184971,1384
2,5,3,2,1-3-7-10,0.0026041666666666665,0.9973958333333334,192
2,5,3,2,1-3-7-7,0.00029308323563892143,0.9997069167643611,3412
2,5,3,2,1-3-7-8,0.00013034410844629823,0.9998696558915537,3836
2,5,3,2,1-3-7-9,0.0021291696238466998,0.9978708303761533,1409
2,5,3,2,1-3-8-10,0.02336448598130841,0.9766355140186916,214
2,5,3,2,1-3-8-8,0.0017699115044247787,0.9982300884955753,1695
2,5,3,2,1-3-8-9,0.001725327812284334,0.9982746721877157,1449
2,5,3,2,1-3-9-10,0.002777777777777778,0.9972222222222222,180
2,5,3,2,1-3-9-9,0.0068143100511073255,0.9931856899488927,587
2,5,3,2,1-4-10-10,0.03,0.97,50
2,5,3,2,1-4-4-10,0.08695652173913043,0.9130434782608695,92
2,5,3,2,1-4-4-4,0.36237521222073055,0.6376247877792696,2987
2,5,3,2,1-4-4-5,5.77634011090573e-05,0.9999422365988909,8656
2,5,3,2,1-4-4-6,0.0010461934653146628,0.9989538065346854,6213
2,5,3,2,1-4-4-7,0.00013308490817141337,0.9998669150918286,3757
2,5,3,2,1-4-4-8,0.0024456521739130437,0.997554347826087,1840
2,5,3,2,1-4-4-9,0.0027739251040221915,0.9972260748959778,721
2,5,3,2,1-4-5-10,0.0022727272727272726,0.9977272727272727,220
2,5,3,2,1-4-5-5,0.0007845596912911285,0.9992154403087089,8674
2,5,3,2,1-4-5-6,0.0021448806151355727,0.9978551193848644,12355
2,5,3,2,1-4-5-7,0.0006605892456070815,0.9993394107543929,7569
2,5,3,2,1-4-5-8,0.0008798391151332328,0.9991201608848668,3978
2,5,3,2,1-4-5-9,0.0007407407407407407,0.9992592592592593,1350
2,5,3,2,1-4-6-10,0.002551020408163265,0.9974489795918368,196
2,5,3,2,1-4-6-6,0.0008909479686386316,0.9991090520313614,5612
2,5,3,2,1-4-6-7,0.00013497098123903362,0.999865029018761,7409
2,5,3,2,1-4-6-8,0.00025826446280991736,0.99974173553719,3872
2,5,3,2,1-4-6-9,0.012073863636363636,0.9879261363636364,1408
2,5,3,2,1-4-7-10,0.01201923076923077,0.9879807692307693,208
2,5,3,2,1-4-7-7,0.00015064778547755348,0.9998493522145224,3319
2,5,3,2,1-4-7-8,0.0003863987635239567,0.999613601236476,3882
2,5,3,2,1-4-7-9,0.00035310734463276836,0.9996468926553672,1416
2,5,3,2,1-4-8-10,0.007692307692307693,0.9923076923076923,195
2,5,3,2,1-4-8-8,0.0009219422249539029,0.9990780577750461,1627
2,5,3,2,1-4-8-9,0.0013633265167007499,0.9986366734832992,1467
2,5,3,2,1-4-9-10,0.013227513227513227,0.9867724867724867,189
2,5,3,2,1-4-9-9,0.005319148936170213,0.9946808510638298,564
2,5,3,2,1-5-10-10,0.03389830508474576,0.9661016949152542,59
2,5,3,2,1-5-5-10,0.0594059405940594,0.9405940594059405,101
2,5,3,2,1-5-5-5,0.0009321401938851603,0.9990678598061148,2682
2,5,3,2,1-5-5-6,0.0012052064920456372,0.9987947935079544,6223
2,5,3,2,1-5-5-7,0.0003992547245142401,0.9996007452754858,3757
2,5,3,2,1-5-5-8,0.0019347705914870095,0.9980652294085129,1809
2,5,3,2,1-5-5-9,0.002770083102493075,0.997229916897507,722
2,5,3,2,1-5-6-10,0.022613065326633167,0.9773869346733668,199
2,5,3,2,1-5-6-6,0.0005252100840336134,0.9994747899159664,5712
2,5,3,2,1-5-6-7,0.000531632110579479,0.9994683678894205,7524
2,5,3,2,1-5-6-8,0.0010675206832132373,0.9989324793167867,3747
2,5,3,2,1-5-6-9,0.004814814814814815,0.9951851851851852,1350
2,5,3,2,1-5-7-10,0.0025252525252525255,0.9974747474747475,198
2,5,3,2,1-5-7-7,0.0005837711617046118,0.9994162288382954,3426
2,5,3,2,1-5-7-8,0.0009210526315789473,0.9990789473684211,3800
2,5,3,2,1-5-7-9,0.0007072135785007072,0.9992927864214993,1414
2,5,3,2,1-5-8-10,0.005780346820809248,0.9942196531791907,173
2,5,3,2,1-5-8-8,0.003941782898726501,0.9960582171012735,1649
2,5,3,2,1-5-8-9,0.001855976243504083,0.9981440237564959,1347
2,5,3,2,1-5-9-10,0.030726256983240222,0.9692737430167597,179
2,5,3,2,1-5-9-9,0.011428571428571429,0.9885714285714285,525
2,5,3,2,1-6-6-10,0.010752688172043012,0.989247311827957,93
2,5,3,2,1-6-6-6,0.0022259321090706734,0.9977740678909294,1797
2,5,3,2,1-6-6-7,0.0020408163265306124,0.9979591836734694,3675
2,5,3,2,1-6-6-8,0.0005299417064122947,0.9994700582935877,1887
2,5,3,2,1-6-6-9,0.0027397260273972603,0.9972602739726028,730
2,5,3,2,1-6-7-10,0.005154639175257732,0.9948453608247423,194
2,5,3,2,1-6-7-7,0.0020408163265306124,0.9979591836734694,3430
2,5,3,2,1-6-7-8,0.0007739938080495357,0.9992260061919505,3876
2,5,3,2,1-6-7-9,0.00036258158085569254,0.9996374184191443,1379
2,5,3,2,1-6-8-10,0.02199074074074074,0.9780092592592593,216
2,5,3,2,1-6-8-8,0.006265713387806411,0.9937342866121935,1591
2,5,3,2,1-6-8-9,0.0007102272727272727,0.9992897727272727,1408
2,5,3,2,1-6-9-10,0.007211538461538462,0.9927884615384616,208
2,5,3,2,1-6-9-9,0.00927643784786642,0.9907235621521335,539
2,5,3,2,1-7-7-10,0.009900990099009901,0.9900990099009901,101
2,5,3,2,1-7-7-7,0.0027803521779425394,0.9972196478220574,1079
2,5,3,2,1-7-7-8,0.0015789473684210526,0.998421052631579,1900
2,5,3,2,1-7-7-9,0.0021929824561403508,0.9978070175438597,684
2,5,3,2,1-7-8-10,0.005434782608695652,0.9945652173913043,184
2,5,3,2,1-7-8-8,0.0015006002400960385,0.998499399759904,1666
2,5,3,2,1-7-8-9,0.0013774104683195593,0.9986225895316805,1452
2,5,3,2,1-7-9-9,0.014388489208633094,0.9856115107913669,556
2,5,3,2,1-8-8-8,0.009140767824497258,0.9908592321755028,547
2,5,3,2,1-8-8-9,0.000725689404934688,0.9992743105950653,689
2,5,3,2,2-2-10-10,0.125,0.875,20
2,5,3,2,2-2-2-10,0.08064516129032258,0.9193548387096774,31
2,5,3,2,2-2-2-2,0.8290233989987502,0.17097660100124978,1040
2,5,3,2,2-2-2-3,0.8779630235766411,0.12203697642335883,3838
2,5,3,2,2-2-2-4,0.13747614244090733,0.8625238575590928,3115
2,5,3,2,2-2-2-5,0.001864406779661017,0.998135593220339,2950
2,5,3,2,2-2-2-6,0.0002545824847250509,0.9997454175152749,1964
2,5,3,2,2-2-2-7,0.0012531328320802004,0.9987468671679198,1197
2,5,3,2,2-2-2-8,0.0036982248520710057,0.996301775147929,676
2,5,3,2,2-2-2-9,0.02195121951219512,0.9780487804878049,205
2,5,3,2,2-2-3-10,0.08045977011494253,0.9195402298850575,87
2,5,3,2,2-2-3-3,0.9963586276483014,0.003641372351698509,5404
2,5,3,2,2-2-3-4,0.9560809550827399,0.04391904491726011,9426
2,5,3,2,2-2-3-5,0.0003358334266203963,0.9996641665733796,8933
2,5,3,2,2-2-3-6,0.0002447381302006853,0.9997552618697993,6129
2,5,3,2,2-2-3-7,0.0016282225237449117,0.998371777476255,3685
2,5,3,2,2-2-3-8,0.0032349896480331265,0.9967650103519669,1932
2,5,3,2,2-2-3-9,0.001730959446092977,0.9982690405539071,674
2,5,3,2,2-2-4-10,0.004464285714285714,0.9955357142857143,112
2,5,3,2,2-2-4-4,0.0387835983919334,0.9612164016080667,4552
2,5,3,2,2-2-4-5,0.0003304527105793038,0.9996695472894207,9105
2,5,3,2,2-2-4-6,0.0008389261744966443,0.9991610738255033,5960
2,5,3,2,2-2-4-7,0.000669702652022502,0.9993302973479775,3733
2,5,3,2,2-2-4-8,0.0007780082987551867,0.9992219917012448,1928
2,5,3,2,2-2-4-9,0.017950329594498066,0.982049670405502,735
2,5,3,2,2-2-5-10,0.12364130434782608,0.876358695652174,92
2,5,3,2,2-2-5-5,0.00011544677903486493,0.9998845532209651,4331
2,5,3,2,2-2-5-6,0.0012418921056794807,0.9987581078943205,6321
2,5,3,2,2-2-5-7,0.0004050769646232784,0.9995949230353767,3703
2,5,3,2,2-2-5-8,0.00026624068157614486,0.9997337593184239,1878
2,5,3,2,2-2-5-9,0.00205761316872428,0.9979423868312757,729
2,5,3,2,2-2-6-10,0.015,0.985,100
2,5,3,2,2-2-6-6,0.0032338851230132182,0.9967661148769869,2787
2,5,3,2,2-2-6-7,0.00013054830287206266,0.9998694516971279,3830
2,5,3,2,2-2-6-8,0.0028379772961816306,0.9971620227038184,1938
2,5,3,2,2-2-6-9,0.003453038674033149,0.9965469613259669,724
2,5,3,2,2-2-7-10,0.015306122448979591,0.9846938775510204,98
2,5,3,2,2-2-7-7,0.0011344299489506524,0.9988655700510494,1763
2,5,3,2,2-2-7-8,0.0021668472372697724,0.9978331527627302,1846
2,5,3,2,2-2-7-9,0.0007309941520467836,0.9992690058479532,684
2,5,3,2,2-2-8-10,0.016853932584269662,0.9831460674157303,89
2,5,3,2,2-2-8-8,0.001199040767386091,0.9988009592326139,834
2,5,3,2,2-2-8-9,0.0007267441860465116,0.9992732558139535,688
2,5,3,2,2-2-9-10,0.014423076923076924,0.9855769230769231,104
2,5,3,2,2-2-9-9,0.0017793594306049821,0.998220640569395,281
2,5,3,2,2-3-10-10,0.041666666666666664,0.9583333333333334,48
2,5,3,2,2-3-3-10,0.01,0.99,100
2,5,3,2,2-3-3-3,0.9462498796069184,0.05375012039308162,3587
2,5,3,2,2-3-3-4,0.9865542347644851,0.013445765235514967,9128
2,5,3,2,2-3-3-5,0.0015870808713063628,0.9984129191286937,8814
2,5,3,2,2-3-3-6,0.0003252561392096276,0.9996747438607904,6149
2,5,3,2,2-3-3-7,0.0018012506797172377,0.9981987493202827,3678
2,5,3,2,2-3-3-8,0.0015519917227108122,0.9984480082772892,1933
2,5,3,2,2-3-3-9,0.0034916201117318434,0.9965083798882681,716
2,5,3,2,2-3-4-10,0.0234375,0.9765625,192
2,5,3,2,2-3-4-4,0.740869135630539,0.2591308643694608,8901
2,5,3,2,2-3-4-5,0.0002462505818934983,0.9997537494181065,17438
2,5,3,2,2-3-4-6,0.00032133676092544985,0.9996786632390745,12448
2,5,3,2,2-3-4-7,0.00026465528648934763,0.9997353447135107,7557
2,5,3,2,2-3-4-8,0.00013245033112582781,0.9998675496688741,3775
2,5,3,2,2-3-4-9,0.0017421602787456446,0.9982578397212544,1435
2,5,3,2,2-3-5-10,0.002631578947368421,0.9973684210526316,190
2,5,3,2,2-3-5-5,0.001141855406762904,0.9988581445932371,8456
2,5,3,2,2-3-5-6,0.00016136840406648378,0.9998386315959336,12394
2,5,3,2,2-3-5-7,0.00026099438862064463,0.9997390056113794,7663
2,5,3,2,2-3-5-8,0.0006522306287503261,0.9993477693712497,3833
2,5,3,2,2-3-5-9,0.0013917884481558804,0.9986082115518441,1437
2,5,3,2,2-3-6-10,0.007772020725388601,0.9922279792746114,193
2,5,3,2,2-3-6-6,0.0005127328661767219,0.9994872671338233,5851
2,5,3,2,2-3-6-7,0.0004717616929505324,0.9995282383070495,7419
2,5,3,2,2-3-6-8,0.0010277492291880781,0.998972250770812,3892
2,5,3,2,2-3-6-9,0.004132231404958678,0.9958677685950413,1452
2,5,3,2,2-3-7-10,0.002403846153846154,0.9975961538461539,208
2,5,3,2,2-3-7-7,0.001965527668581796,0.9980344723314182,3307
2,5,3,2,2-3-7-8,0.0012923235978288964,0.9987076764021711,3869
2,5,3,2,2-3-7-9,0.003125,0.996875,1440
2,5,3,2,2-3-8-10,0.002369668246445498,0.9976303317535545,211
2,5,3,2,2-3-8-8,0.0008537279453614115,0.9991462720546386,1757
2,5,3,2,2-3-8-9,0.0010176390773405698,0.9989823609226595,1474
2,5,3,2,2-3-9-10,0.0075,0.9925,200
2,5,3,2,2-3-9-9,0.0009090909090909091,0.9990909090909091,550
2,5,3,2,2-4-10-10,0.017241379310344827,0.9827586206896551,58
2,5,3,2,2-4-4-10,0.0297029702970297,0.9702970297029703,101
2,5,3,2,2-4-4-4,0.6827287738045277,0.31727122619547227,2894
2,5,3,2,2-4-4-5,0.00034309240622140897,0.9996569075937786,8744
2,5,3,2,2-4-4-6,0.003374578177727784,0.9966254218222722,6223
2,5,3,2,2-4-4-7,0.0002699055330634278,0.9997300944669366,3705
2,5,3,2,2-4-4-8,0.0005122950819672131,0.9994877049180327,1952
2,5,3,2,2-4-4-9,0.0006451612903225806,0.9993548387096775,775
2,5,3,2,2-4-5-10,0.002717391304347826,0.9972826086956522,184
2,5,3,2,2-4-5-5,0.002830047202378885,0.9971699527976211,8517
2,5,3,2,2-4-5-6,0.0010846858428410734,0.998915314157159,12446
2,5,3,2,2-4-5-7,6.616382162233691e-05,0.9999338361783776,7557
2,5,3,2,2-4-5-8,0.0008816026410564226,0.9991183973589436,3808
2,5,3,2,2-4-5-9,0.0017921146953405018,0.9982078853046595,1395
2,5,3,2,2-4-6-10,0.002347417840375587,0.9976525821596244,213
2,5,3,2,2-4-6-6,0.0007095973035302466,0.9992904026964697,5637
2,5,3,2,2-4-6-7,6.583278472679394e-05,0.9999341672152732,7595
2,5,3,2,2-4-6-8,0.003441885093989939,0.9965581149060101,3777
2,5,3,2,2-4-6-9,0.0003698224852071006,0.9996301775147929,1352
2,5,3,2,2-4-7-10,0.015463917525773196,0.9845360824742269,194
2,5,3,2,2-4-7-7,0.00030084235860409147,0.9996991576413959,3324
2,5,3,2,2-4-7-8,0.0002618486514794449,0.9997381513485205,3819
2,5,3,2,2-4-7-9,0.0007057163020465773,0.9992942836979535,1417
2,5,3,2,2-4-8-10,0.018229166666666668,0.9817708333333334,192
2,5,3,2,2-4-8-8,0.0006042296072507553,0.9993957703927493,1655
2,5,3,2,2-4-8-9,0.00035236081747709656,0.9996476391825229,1419
2,5,3,2,2-4-9-10,0.007653061224489796,0.9923469387755102,196
2,5,3,2,2-4-9-9,0.019337016574585635,0.9806629834254144,543
2,5,3,2,2-5-5-10,0.12755102040816327,0.8724489795918368,98
2,5,3,2,2-5-5-5,0.0007012622720897616,0.9992987377279102,2852
2,5,3,2,2-5-5-6,0.00023514657469822856,0.9997648534253017,6379
2,5,3,2,2-5-5-7,0.00040529586598216696,0.9995947041340179,3701
2,5,3,2,2-5-5-8,0.000254323499491353,0.9997456765005086,1966
2,5,3,2,2-5-5-9,0.009845288326300985,0.9901547116736991,711
2,5,3,2,2-5-6-10,0.002777777777777778,0.9972222222222222,180
2,5,3,2,2-5-6-6,0.0016593524864897953,0.9983406475135101,5725
2,5,3,2,2-5-6-7,0.00033779219024456154,0.9996622078097555,7401
2,5,3,2,2-5-6-8,0.0009119332985930171,0.9990880667014069,3838
2,5,3,2,2-5-6-9,0.0003526093088857546,0.9996473906911142,1418
2,5,3,2,2-5-7-10,0.008108108108108109,0.9918918918918919,185
2,5,3,2,2-5-7-7,0.0008984725965858042,0.9991015274034142,3339
2,5,3,2,2-5-7-8,0.000517063081695967,0.999482936918304,3868
2,5,3,2,2-5-7-9,0.00361794500723589,0.9963820549927641,1382
2,5,3,2,2-5-8-10,0.027918781725888325,0.9720812182741116,197
2,5,3,2,2-5-8-8,0.0021631644004944375,0.9978368355995055,1618
2,5,3,2,2-5-8-9,0.002025658338960162,0.9979743416610398,1481
2,5,3,2,2-5-9-10,0.036458333333333336,0.9635416666666666,192
2,5,3,2,2-5-9-9,0.0009900990099009901,0.999009900990099,505
2,5,3,2,2-6-6-10,0.030973451327433628,0.9690265486725663,113
2,5,3,2,2-6-6-6,0.001072961373390558,0.9989270386266095,1864
2,5,3,2,2-6-6-7,0.0002640612622128334,0.9997359387377872,3787
2,5,3,2,2-6-6-8,0.0015772870662460567,0.998422712933754,1902
2,5,3,2,2-6-6-9,0.0035511363636363635,0.9964488636363636,704
2,5,3,2,2-6-7-10,0.0024271844660194173,0.9975728155339806,206
2,5,3,2,2-6-7-7,0.0011929615269907546,0.9988070384730092,3353
2,5,3,2,2-6-7-8,0.0006439979392065945,0.9993560020607934,3882
2,5,3,2,2-6-7-9,0.0017349063150589867,0.998265093684941,1441
2,5,3,2,2-6-8-10,0.028985507246376812,0.9710144927536232,207
2,5,3,2,2-6-8-8,0.0018450184501845018,0.9981549815498155,1626
2,5,3,2,2-6-8-9,0.005598320503848845,0.9944016794961511,1429
2,5,3,2,2-6-9-9,0.0053475935828877,0.9946524064171123,561
2,5,3,2,2-7-7-10,0.009433962264150943,0.9905660377358491,106
2,5,3,2,2-7-7-7,0.0009784735812133072,0.9990215264187867,1022
2,5,3,2,2-7-7-8,0.000794912559618442,0.9992050874403816,1887
2,5,3,2,2-7-7-9,0.0066469719350073855,0.9933530280649926,677
2,5,3,2,2-7-8-8,0.0005780346820809249,0.999421965317919,1730
2,5,3,2,2-7-8-9,0.0014035087719298245,0.9985964912280701,1425
2,5,3,2,2-8-8-8,0.014209591474245116,0.9857904085257548,563
2,5,3,2,3-3-10-10,0.2413793103448276,0.7586206896551724,29
2,5,3,2,3-3-3-10,0.013888888888888888,0.9861111111111112,36
2,5,3,2,3-3-3-3,0.4924415317629748,0.5075584682370252,815
2,5,3,2,3-3-3-4,0.9855737577940437,0.014426242205956391,2869
2,5,3,2,3-3-3-5,0.4824891231180464,0.5175108768819535,2327
2,5,3,2,3-3-3-6,0.013205197175756415,0.9867948028242436,2045
2,5,3,2,3-3-3-7,0.01134864080232251,0.9886513591976775,1263
2,5,3,2,3-3-3-8,0.00228310502283105,0.997716894977169,657
2,5,3,2,3-3-3-9,0.013636363636363636,0.9863636363636363,220
2,5,3,2,3-3-4-10,0.03365384615384615,0.9663461538461539,104
2,5,3,2,3-3-4-4,0.8904147342468054,0.10958526575319456,4439
2,5,3,2,3-3-4-5,0.0005040978275009756,0.9994959021724991,7687
2,5,3,2,3-3-4-6,0.017442995051029513,0.9825570049489705,6034
2,5,3,2,3-3-4-7,0.0027518191786283864,0.9972481808213717,3648
2,5,3,2,3-3-4-8,0.005723083062517276,0.9942769169374828,1954
2,5,3,2,3-3-4-9,0.0021156558533145277,0.9978843441466855,709
2,5,3,2,3-3-5-10,0.02631578947368421,0.9736842105263158,114
2,5,3,2,3-3-5-5,0.011130197881758348,0.9888698021182417,4106
2,5,3,2,3-3-5-6,0.0004043998705920414,0.999595600129408,6182
2,5,3,2,3-3-5-7,0.004832098672583012,0.9951679013274171,3799
2,5,3,2,3-3-5-8,0.0010660980810234541,0.9989339019189766,1876
2,5,3,2,3-3-5-9,0.006793478260869565,0.9932065217391305,736
2,5,3,2,3-3-6-10,0.125,0.875,76
2,5,3,2,3-3-6-6,0.013754325259515572,0.9862456747404844,2890
2,5,3,2,3-3-6-7,0.00013620266957232362,0.9998637973304276,3671
2,5,3,2,3-3-6-8,0.002786220871327254,0.9972137791286727,1974
2,5,3,2,3-3-6-9,0.0013623978201634877,0.9986376021798365,734
2,5,3,2,3-3-7-10,0.008771929824561403,0.9912280701754386,114
2,5,3,2,3-3-7-7,0.0002898550724637681,0.9997101449275362,1725
2,5,3,2,3-3-7-8,0.0005117707267144319,0.9994882292732856,1954
2,5,3,2,3-3-7-9,0.007072135785007072,0.9929278642149929,707
2,5,3,2,3-3-8-10,0.026881720430107527,0.9731182795698925,93
2,5,3,2,3-3-8-8,0.002355712603062426,0.9976442873969376,849
2,5,3,2,3-3-8-9,0.0035511363636363635,0.9964488636363636,704
2,5,3,2,3-3-9-10,0.03571428571428571,0.9642857142857143,126
2,5,3,2,3-3-9-9,0.013422818791946308,0.9865771812080537,298
2,5,3,2,3-4-4-10,0.0660377358490566,0.9339622641509434,106
2,5,3,2,3-4-4-4,0.9376480356256945,0.062351964374305506,3010
2,5,3,2,3-4-4-5,0.01363637951093323,0.9863636204890668,8615
2,5,3,2,3-4-4-6,0.005298494978420852,0.9947015050215791,6160
2,5,3,2,3-4-4-7,0.001088139281828074,0.998911860718172,3676
2,5,3,2,3-4-4-8,0.0007727975270479134,0.999227202472952,1941
2,5,3,2,3-4-4-9,0.004201680672268907,0.9957983193277311,714
2,5,3,2,3-4-5-10,0.0425,0.9575,200
2,5,3,2,3-4-5-5,0.001521373873659269,0.9984786261263406,8073
2,5,3,2,3-4-5-6,0.00020307042482332874,0.9997969295751766,12311
2,5,3,2,3-4-5-7,0.0006075334143377885,0.9993924665856622,7407
2,5,3,2,3-4-5-8,0.00040225261464199515,0.999597747385358,3729
2,5,3,2,3-4-5-9,0.0013812154696132596,0.9986187845303868,1448
2,5,3,2,3-4-6-10,0.002304147465437788,0.9976958525345622,217
2,5,3,2,3-4-6-6,0.0002637594513803411,0.9997362405486196,5687
2,5,3,2,3-4-6-7,0.0004717616929505324,0.9995282383070495,7419
2,5,3,2,3-4-6-8,0.0008775351014040562,0.9991224648985959,3846
2,5,3,2,3-4-6-9,0.0017667844522968198,0.9982332155477032,1415
2,5,3,2,3-4-7-10,0.020202020202020204,0.9797979797979798,198
2,5,3,2,3-4-7-7,0.00029877502240812666,0.9997012249775918,3347
2,5,3,2,3-4-7-8,0.0018572171458286905,0.9981427828541712,3846
2,5,3,2,3-4-7-9,0.00033875338753387534,0.9996612466124661,1476
2,5,3,2,3-4-8-10,0.013636363636363636,0.9863636363636363,220
2,5,3,2,3-4-8-8,0.0017626321974148062,0.9982373678025852,1702
2,5,3,2,3-4-8-9,0.0007272727272727272,0.9992727272727273,1375
2,5,3,2,3-4-9-10,0.002380952380952381,0.9976190476190476,210
2,5,3,2,3-4-9-9,0.007155635062611807,0.9928443649373881,559
2,5,3,2,3-5-5-10,0.036585365853658534,0.9634146341463414,123
2,5,3,2,3-5-5-5,0.004880995529781322,0.9951190044702186,2759
2,5,3,2,3-5-5-6,0.00048725028422933245,0.9995127497157706,6157
2,5,3,2,3-5-5-7,0.0002642007926023778,0.9997357992073976,3785
2,5,3,2,3-5-5-8,0.0012960082944530845,0.9987039917055469,1929
2,5,3,2,3-5-5-9,0.0021994134897360706,0.9978005865102639,682
2,5,3,2,3-5-6-10,0.01643192488262911,0.9835680751173709,213
2,5,3,2,3-5-6-6,0.0025358516963973417,0.9974641483036026,5718
2,5,3,2,3-5-6-7,0.0006752194463200541,0.9993247805536799,7405
2,5,3,2,3-5-6-8,0.00012883277505797475,0.9998711672249421,3881
2,5,3,2,3-5-6-9,0.001048951048951049,0.9989510489510489,1430
2,5,3,2,3-5-7-10,0.023474178403755867,0.9765258215962441,213
2,5,3,2,3-5-7-7,0.001457301078402798,0.9985426989215972,3431
2,5,3,2,3-5-7-8,0.00037650602409638556,0.9996234939759037,3984
2,5,3,2,3-5-7-9,0.002779708130646282,0.9972202918693537,1439
2,5,3,2,3-5-8-10,0.05813953488372093,0.9418604651162791,215
2,5,3,2,3-5-8-8,0.0008828722778104767,0.9991171277221895,1699
2,5,3,2,3-5-8-9,0.0017985611510791368,0.9982014388489209,1390
2,5,3,2,3-5-9-9,0.0008880994671403197,0.9991119005328597,563
2,5,3,2,3-6-6-10,0.12962962962962962,0.8703703703703703,108
2,5,3,2,3-6-6-6,0.001363884342607747,0.9986361156573923,1833
2,5,3,2,3-6-6-7,0.0005356186395286556,0.9994643813604713,3734
2,5,3,2,3-6-6-8,0.0005235602094240838,0.9994764397905759,1910
2,5,3,2,3-6-6-9,0.003424657534246575,0.9965753424657534,730
2,5,3,2,3-6-7-10,0.0023148148148148147,0.9976851851851852,216
2,5,3,2,3-6-7-7,0.008055067369654365,0.9919449326303457,3414
2,5,3,2,3-6-7-8,0.00039032006245121,0.9996096799375488,3843
2,5,3,2,3-6-7-9,0.0017543859649122807,0.9982456140350877,1425
2,5,3,2,3-6-8-8,0.0009030704394942806,0.9990969295605057,1661
2,5,3,2,3-6-8-9,0.0027247956403269754,0.997275204359673,1468
2,5,3,2,3-7-7-7,0.0042333019755409216,0.995766698024459,1063
2,5,3,2,3-7-7-8,0.002984264785675529,0.9970157352143245,1843
2,5,3,2,3-7-7-9,0.010854816824966078,0.989145183175034,737
2,5,3,2,3-7-8-8,0.0006009615384615385,0.9993990384615384,1664
2,5,3,2,4-4-4-10,0.06,0.94,25
2,5,3,2,4-4-4-4,0.0006426735218508997,0.9993573264781491,778
2,5,3,2,4-4-4-5,0.008243875293483166,0.9917561247065169,2459
2,5,3,2,4-4-4-6,0.03170107437930232,0.9682989256206976,2050
2,5,3,2,4-4-4-7,0.0037067545304777594,0.9962932454695222,1214
2,5,3,2,4-4-4-8,0.006153846153846154,0.9938461538461538,650
2,5,3,2,4-4-4-9,0.020833333333333332,0.9791666666666666,240
2,5,3,2,4-4-5-10,0.02631578947368421,0.9736842105263158,95
2,5,3,2,4-4-5-5,0.05815299258518868,0.9418470074148113,4268
2,5,3,2,4-4-5-6,0.0029171074173648674,0.9970828925826352,6043
2,5,3,2,4-4-5-7,0.0005254860746190226,0.999474513925381,3806
2,5,3,2,4-4-5-8,0.001326259946949602,0.9986737400530504,1885
2,5,3,2,4-4-5-9,0.0027397260273972603,0.9972602739726028,730
2,5,3,2,4-4-6-10,0.05,0.95,90
2,5,3,2,4-4-6-6,0.0005244755244755245,0.9994755244755245,2860
2,5,3,2,4-4-6-7,0.0002759381898454746,0.9997240618101545,3624
2,5,3,2,4-4-6-8,0.0005107252298263534,0.9994892747701737,1958
2,5,3,2,4-4-6-9,0.002074688796680498,0.9979253112033195,723
2,5,3,2,4-4-7-10,0.004424778761061947,0.995575221238938,113
2,5,3,2,4-4-7-7,0.0017720023626698169,0.9982279976373302,1693
2,5,3,2,4-4-7-8,0.004407443682664055,0.9955925563173359,2042
2,5,3,2,4-4-7-9,0.007452574525745257,0.9925474254742548,738
2,5,3,2,4-4-8-10,0.022727272727272728,0.9772727272727273,110
2,5,3,2,4-4-8-8,0.004796163069544364,0.9952038369304557,834
2,5,3,2,4-4-8-9,0.006130790190735695,0.9938692098092643,734
2,5,3,2,4-4-9-9,0.016917293233082706,0.9830827067669173,266
2,5,3,2,4-5-5-10,0.036036036036036036,0.963963963963964,111
2,5,3,2,4-5-5-5,0.00018057060310581438,0.9998194293968942,2769
2,5,3,2,4-5-5-6,8.181966944853542e-05,0.9999181803305515,6111
2,5,3,2,4-5-5-7,0.0008053691275167785,0.9991946308724832,3725
2,5,3,2,4-5-5-8,0.002356020942408377,0.9976439790575916,1910
2,5,3,2,4-5-5-9,0.0006983240223463687,0.9993016759776536,716
2,5,3,2,4-5-6-10,0.012376237623762377,0.9876237623762376,202
2,5,3,2,4-5-6-6,0.000711490572749911,0.9992885094272501,5622
2,5,3,2,4-5-6-7,0.0014911210519181239,0.9985088789480818,7377
2,5,3,2,4-5-6-8,0.0018631887143997872,0.9981368112856002,3757
2,5,3,2,4-5-6-9,0.00209351011863224,0.9979064898813678,1433
2,5,3,2,4-5-7-10,0.009569377990430622,0.9904306220095693,209
2,5,3,2,4-5-7-7,0.0017452006980802793,0.9982547993019197,3438
2,5,3,2,4-5-7-8,0.0013171759747102212,0.9986828240252897,3796
2,5,3,2,4-5-7-9,0.0024647887323943664,0.9975352112676056,1420
2,5,3,2,4-5-8-8,0.0026833631484794273,0.9973166368515206,1677
2,5,3,2,4-5-8-9,0.002491103202846975,0.997508896797153,1405
2,5,3,2,4-6-6-10,0.057291666666666664,0.9427083333333334,96
2,5,3,2,4-6-6-6,0.002529510961214165,0.9974704890387859,1779
2,5,3,2,4-6-6-7,0.004703120778168063,0.995296879221832,3701
2,5,3,2,4-6-6-8,0.005755755755755756,0.9942442442442443,1998
2,5,3,2,4-6-6-9,0.005813953488372093,0.9941860465116279,774
2,5,3,2,4-6-7-7,0.0007284382284382285,0.9992715617715617,3432
2,5,3,2,4-6-7-8,0.001553196997152472,0.9984468030028475,3863
2,5,3,2,4-6-7-9,0.005867709815078236,0.9941322901849218,1406
2,5,3,2,4-6-8-8,0.003975535168195718,0.9960244648318043,1635
2,5,3,2,4-7-7-7,0.0009276437847866419,0.9990723562152134,1078
2,5,3,2,4-7-7-8,0.0018479408658922914,0.9981520591341078,1894
2,5,3,2,5-5-5-10,0.023809523809523808,0.9761904761904762,21
2,5,3,2,5-5-5-5,0.0007320644216691069,0.9992679355783309,683
2,5,3,2,5-5-5-6,0.001936108422071636,0.9980638915779284,2066
2,5,3,2,5-5-5-7,0.003017241379310345,0.9969827586206896,1160
2,5,3,2,5-5-5-8,0.001564945226917058,0.9984350547730829,639
2,5,3,2,5-5-5-9,0.02032520325203252,0.9796747967479674,246
2,5,3,2,5-5-6-10,0.1111111111111111,0.8888888888888888,81
2,5,3,2,5-5-6-6,0.0001775568181818182,0.9998224431818182,2816
2,5,3,2,5-5-6-7,0.00039798355001326613,0.9996020164499867,3769
2,5,3,2,5-5-6-8,0.001328374070138151,0.9986716259298618,1882
2,5,3,2,5-5-6-9,0.009206798866855524,0.9907932011331445,706
2,5,3,2,5-5-7-7,0.006896551724137931,0.993103448275862,1740
2,5,3,2,5-5-7-8,0.0029455081001472753,0.9970544918998527,2037
2,5,3,2,5-5-7-9,0.005547850208044383,0.9944521497919556,721
2,5,3,2,5-5-8-8,0.00258732212160414,0.9974126778783958,773
2,5,3,2,5-6-6-6,0.00027808676307007786,0.9997219132369299,1798
2,5,3,2,5-6-6-7,0.0013502565487442614,0.9986497434512558,3703
2,5,3,2,5-6-6-8,0.0031088082901554403,0.9968911917098445,1930
2,5,3,2,5-6-6-9,0.0045045045045045045,0.9954954954954955,666
2,5,3,2,5-6-7-7,0.006911028580655579,0.9930889714193444,3378
2,5,3,2,5-6-7-8,0.001957713390759593,0.9980422866092404,3831
2,5,3,2,5-7-7-7,0.01152073732718894,0.988479262672811,1085
2,5,3,2,6-6-6-6,0.008393285371702638,0.9916067146282974,417
2,5,3,2,6-6-6-7,0.0032921810699588477,0.9967078189300411,1215
2,5,3,2,6-6-6-8,0.021809369951534735,0.9781906300484653,619
2,5,3,2,6-6-7-7,0.009354254677127338,0.9906457453228726,1657
2,7,4,3,1-1-1-1,0.09300805539853024,0.9069919446014697,3538
2,7,4,3,1-1-1-10,0.4166666666666667,0.5833333333333334,6
2,7,4,3,1-1-1-2,0.007223476297968397,0.9927765237020316,11075
2,7,4,3,1-1-1-3,0.0005854039287108105,0.9994145960712892,7687
2,7,4,3,1-1-1-4,0.007592573907779242,0.9924074260922208,5830
2,7,4,3,1-1-1-5,0.012506724045185583,0.9874932759548144,3718
2,7,4,3,1-1-1-6,0.0009528346831824678,0.9990471653168176,2099
2,7,4,3,1-1-1-7,0.02554563492063492,0.9744543650793651,1008
2,7,4,3,1-1-1-8,0.002680965147453083,0.9973190348525469,373
2,7,4,3,1-1-1-9,0.007246376811594203,0.9927536231884058,69
2,7,4,3,1-1-10-10,0.5,0.5,2
2,7,4,3,1-1-2-10,0.5,0.5,17
2,7,4,3,1-1-2-2,0.528887528412071,0.4711124715879289,12035
2,7,4,3,1-1-2-3,0.010626699753996566,0.9893733002460036,21145
2,7,4,3,1-1-2-4,0.00037515872099734505,0.9996248412790026,17326
2,7,4,3,1-1-2-5,0.0058770216951039185,0.994122978304896,11333
2,7,4,3,1-1-2-6,0.00032589212970506764,0.999674107870295,6137
2,7,4,3,1-1-2-7,0.0003379520108144643,0.9996620479891856,2959
2,7,4,3,1-1-2-8,0.00046685340802987864,0.9995331465919701,1071
2,7,4,3,1-1-2-9,0.05040322580645161,0.9495967741935484,248
2,7,4,3,1-1-3-10,0.61875,0.38125,15
2,7,4,3,1-1-3-3,0.907864063314782,0.092135936685218,8221
2,7,4,3,1-1-3-4,0.0008707828186351467,0.9991292171813648,15929
2,7,4,3,1-1-3-5,4.510193036261952e-05,0.9999548980696373,11086
2,7,4,3,1-1-3-6,0.0011127006835161342,0.9988872993164839,6291
2,7,4,3,1-1-3-7,0.0026908123668416347,0.9973091876331585,3116
2,7,4,3,1-1-3-8,0.00045998160073597056,0.999540018399264,1087
2,7,4,3,1-1-3-9,0.005434782608695652,0.9945652173913043,276
2,7,4,3,1-1-4-10,0.10714285714285714,0.8928571428571429,14
2,7,4,3,1-1-4-4,0.05429792451778728,0.9457020754822126,7455
2,7,4,3,1-1-4-5,0.0024653385617416147,0.9975346614382584,11252
2,7,4,3,1-1-4-6,7.968127490039841e-05,0.9999203187250996,6275
2,7,4,3,1-1-4-7,0.0010131712259371835,0.9989868287740629,2961
2,7,4,3,1-1-4-8,0.0008936550491510277,0.9991063449508489,1119
2,7,4,3,1-1-4-9,0.005555555555555556,0.9944444444444445,270
2,7,4,3,1-1-5-10,0.022727272727272728,0.9772727272727273,22
2,7,4,3,1-1-5-5,0.0002947533896639811,0.999705246610336,5089
2,7,4,3,1-1-5-6,0.002531074578989575,0.9974689254210104,6235
2,7,4,3,1-1-5-7,0.00016523463317911433,0.9998347653668209,3026
2,7,4,3,1-1-5-8,0.0013774104683195593,0.9986225895316805,1089
2,7,4,3,1-1-5-9,0.005555555555555556,0.9944444444444445,270
2,7,4,3,1-1-6-10,0.05,0.95,10
2,7,4,3,1-1-6-6,0.0005384063173007897,0.9994615936826992,2786
2,7,4,3,1-1-6-7,0.001893939393939394,0.9981060606060606,2904
2,7,4,3,1-1-6-8,0.002268602540834846,0.9977313974591652,1102
2,7,4,3,1-1-6-9,0.00646551724137931,0.9935344827586207,232
2,7,4,3,1-1-7-10,0.15384615384615385,0.8461538461538461,13
2,7,4,3,1-1-7-7,0.00041050903119868636,0.9995894909688013,1218
2,7,4,3,1-1-7-8,0.0009433962264150943,0.9990566037735849,1060
2,7,4,3,1-1-7-9,0.02830188679245283,0.9716981132075472,265
2,7,4,3,1-1-8-10,0.047619047619047616,0.9523809523809523,21
2,7,4,3,1-1-8-8,0.004405286343612335,0.9955947136563876,454
2,7,4,3,1-1-8-9,0.018218623481781375,0.9817813765182186,247
2,7,4,3,1-1-9-10,0.027777777777777776,0.9722222222222222,18
2,7,4,3,1-1-9-9,0.011494252873563218,0.9885057471264368,87
2,7,4,3,1-2-10-10,0.2222222222222222,0.7777777777777778,9
2,7,4,3,1-2-2-10,0.11538461538461539,0.8846153846153846,13
2,7,4,3,1-2-2-2,0.8947026933991192,0.10529730660088073,7209
2,7,4,3,1-2-2-3,0.0265273076619625,0.9734726923380373,16740
2,7,4,3,1-2-2-4,0.019157843300457333,0.9808421566995427,16830
2,7,4,3,1-2-2-5,0.00035288928098809,0.9996471107190119,11335
2,7,4,3,1-2-2-6,0.0019180341497598615,0.9980819658502401,6212
2,7,4,3,1-2-2-7,0.002875507442489851,0.9971244925575101,2956
2,7,4,3,1-2-2-8,0.0027124773960217,0.9972875226039783,1106
2,7,4,3,1-2-2-9,0.0313588850174216,0.9686411149825784,287
2,7,4,3,1-2-3-10,0.038461538461538464,0.9615384615384616,26
2,7,4,3,1-2-3-3,0.9609983030909774,0.03900169690902264,15510
2,7,4,3,1-2-3-4,0.0010803457106274008,0.9989196542893726,24992
2,7,4,3,1-2-3-5,0.0006027323868202519,0.9993972676131797,22398
2,7,4,3,1-2-3-6,0.00010724148100485267,0.9998927585189951,12433
2,7,4,3,1-2-3-7,0.00016556291390728477,0.9998344370860928,6040
2,7,4,3,1-2-3-8,0.00023084025854108956,0.9997691597414589,2166
2,7,4,3,1-2-3-9,0.0009881422924901185,0.9990118577075099,506
2,7,4,3,1-2-4-10,0.08333333333333333,0.9166666666666666,36
2,7,4,3,1-2-4-4,0.0003798342541436464,0.9996201657458563,14480
2,7,4,3,1-2-4-5,0.0001780785326328911,0.9998219214673671,22462
2,7,4,3,1-2-4-6,0.0005730765918613734,0.9994269234081387,12299
2,7,4,3,1-2-4-7,0.0006752194463200541,0.9993247805536799,5924
2,7,4,3,1-2-4-8,0.0034387895460797797,0.9965612104539202,2181
2,7,4,3,1-2-4-9,0.007494646680942184,0.9925053533190579,467
2,7,4,3,1-2-5-10,0.2692307692307692,0.7307692307692307,26
2,7,4,3,1-2-5-5,0.0002949852507374631,0.9997050147492625,10170
2,7,4,3,1-2-5-6,0.00036293249455601257,0.999637067505444,12399
2,7,4,3,1-2-5-7,0.0003372681281618887,0.9996627318718381,5930
2,7,4,3,1-2-5-8,0.0006815084052703317,0.9993184915947296,2201
2,7,4,3,1-2-5-9,0.015261627906976744,0.9847383720930233,516
2,7,4,3,1-2-6-10,0.07407407407407407,0.9259259259259259,27
2,7,4,3,1-2-6-6,0.0009583789704271632,0.9990416210295728,5478
2,7,4,3,1-2-6-7,0.0007614213197969543,0.999238578680203,5910
2,7,4,3,1-2-6-8,0.0009267840593141798,0.9990732159406858,2158
2,7,4,3,1-2-6-9,0.0039603960396039604,0.996039603960396,505
2,7,4,3,1-2-7-10,0.016129032258064516,0.9838709677419355,31
2,7,4,3,1-2-7-7,0.00019615535504119262,0.9998038446449589,2549
2,7,4,3,1-2-7-8,0.00022202486678507994,0.9997779751332149,2252
2,7,4,3,1-2-7-9,0.00496031746031746,0.9950396825396826,504
2,7,4,3,1-2-8-10,0.046875,0.953125,32
2,7,4,3,1-2-8-8,0.0005834305717619603,0.9994165694282381,857
2,7,4,3,1-2-8-9,0.0017699115044247787,0.9982300884955753,565
2,7,4,3,1-2-9-10,0.08888888888888889,0.9111111111111111,45
2,7,4,3,1-2-9-9,0.0028089887640449437,0.9971910112359551,178
2,7,4,3,1-3-10-10,0.3,0.7,5
2,7,4,3,1-3-3-10,0.13157894736842105,0.868421052631579,19
2,7,4,3,1-3-3-3,0.9988476352844605,0.0011523647155395594,5279
2,7,4,3,1-3-3-4,0.010309600478768393,0.9896903995212316,12959
2,7,4,3,1-3-3-5,0.000470189956742524,0.9995298100432575,10634
2,7,4,3,1-3-3-6,0.0007829844592451633,0.9992170155407548,6306
2,7,4,3,1-3-3-7,0.0010070493454179255,0.998992950654582,2979
2,7,4,3,1-3-3-8,0.006840372388737512,0.9931596276112625,1101
2,7,4,3,1-3-3-9,0.023404255319148935,0.9765957446808511,235
2,7,4,3,1-3-4-10,0.08064516129032258,0.9193548387096774,31
2,7,4,3,1-3-4-4,0.0014951049535132008,0.9985048950464868,12126
2,7,4,3,1-3-4-5,0.0001361408604102378,0.9998638591395898,22036
2,7,4,3,1-3-4-6,0.0003563227492279674,0.9996436772507721,12629
2,7,4,3,1-3-4-7,0.000507700118463361,0.9994922998815366,5909
2,7,4,3,1-3-4-8,0.0011916110581506197,0.9988083889418494,2098
2,7,4,3,1-3-4-9,0.001984126984126984,0.998015873015873,504
2,7,4,3,1-3-5-10,0.17647058823529413,0.8235294117647058,34
2,7,4,3,1-3-5-5,0.003230562862344479,0.9967694371376554,10280
2,7,4,3,1-3-5-6,0.0005241090146750524,0.999475890985325,12402
2,7,4,3,1-3-5-7,0.0007582139848357203,0.9992417860151643,5935
2,7,4,3,1-3-5-8,0.004039497307001795,0.9959605026929982,2228
2,7,4,3,1-3-5-9,0.0018115942028985507,0.9981884057971014,552
2,7,4,3,1-3-6-10,0.017241379310344827,0.9827586206896551,29
2,7,4,3,1-3-6-6,9.18105031215571e-05,0.9999081894968784,5446
2,7,4,3,1-3-6-7,0.0010221465076660989,0.9989778534923339,5870
2,7,4,3,1-3-6-8,0.0002254283137962128,0.9997745716862038,2218
2,7,4,3,1-3-6-9,0.0009633911368015414,0.9990366088631984,519
2,7,4,3,1-3-7-10,0.13636363636363635,0.8636363636363636,33
2,7,4,3,1-3-7-7,0.0003980891719745223,0.9996019108280255,2512
2,7,4,3,1-3-7-8,0.00043725404459991256,0.9995627459554001,2287
2,7,4,3,1-3-7-9,0.002079002079002079,0.997920997920998,481
2,7,4,3,1-3-8-10,0.03225806451612903,0.967741935483871,31
2,7,4,3,1-3-8-8,0.0005405405405405405,0.9994594594594595,925
2,7,4,3,1-3-8-9,0.0029354207436399216,0.99706457925636,511
2,7,4,3,1-3-9-10,0.05357142857142857,0.9464285714285714,28
2,7,4,3,1-3-9-9,0.0029940119760479044,0.9970059880239521,167
2,7,4,3,1-4-10-10,0.35714285714285715,0.6428571428571429,7
2,7,4,3,1-4-4-10,0.07692307692307693,0.9230769230769231,13
2,7,4,3,1-4-4-4,0.0001155268022181146,0.9998844731977818,4328
2,7,4,3,1-4-4-5,0.0002742230347349177,0.9997257769652651,10940
2,7,4,3,1-4-4-6,0.000946521533364884,0.9990534784666352,6339
2,7,4,3,1-4-4-7,0.00033921302578018993,0.9996607869742198,2948
2,7,4,3,1-4-4-8,0.0027002700270027003,0.9972997299729973,1111
2,7,4,3,1-4-4-9,0.0021008403361344537,0.9978991596638656,238
2,7,4,3,1-4-5-10,0.24074074074074073,0.7592592592592593,27
2,7,4,3,1-4-5-5,0.0002879631407179881,0.999712036859282,10418
2,7,4,3,1-4-5-6,0.0002404809619238477,0.9997595190380761,12475
2,7,4,3,1-4-5-7,0.0011792452830188679,0.9988207547169812,5936
2,7,4,3,1-4-5-8,0.0006490696668109044,0.9993509303331891,2311
2,7,4,3,1-4-5-9,0.002044989775051125,0.9979550102249489,489
2,7,4,3,1-4-6-10,0.08108108108108109,0.918918918918919,37
2,7,4,3,1-4-6-6,0.0003694126339120798,0.9996305873660879,5414
2,7,4,3,1-4-6-7,0.00025325004220834034,0.9997467499577917,5923
2,7,4,3,1-4-6-8,0.0015772870662460567,0.998422712933754,2219
2,7,4,3,1-4-6-9,0.003105590062111801,0.9968944099378882,483
2,7,4,3,1-4-7-10,0.12857142857142856,0.8714285714285714,35
2,7,4,3,1-4-7-7,0.0007852375343541421,0.9992147624656459,2547
2,7,4,3,1-4-7-8,0.0006849315068493151,0.9993150684931507,2190
2,7,4,3,1-4-7-9,0.004646840148698885,0.9953531598513011,538
2,7,4,3,1-4-8-10,0.15,0.85,30
2,7,4,3,1-4-8-8,0.0005807200929152149,0.9994192799070848,861
2,7,4,3,1-4-8-9,0.005555555555555556,0.9944444444444445,540
2,7,4,3,1-4-9-10,0.034482758620689655,0.9655172413793104,29
2,7,4,3,1-4-9-9,0.0075,0.9925,200
2,7,4,3,1-5-10-10,0.1,0.9,5
2,7,4,3,1-5-5-10,0.05263157894736842,0.9473684210526315,19
2,7,4,3,1-5-5-5,0.00015807777426493836,0.9998419222257351,3163
2,7,4,3,1-5-5-6,0.0007275666936135812,0.9992724333063864,6185
2,7,4,3,1-5-5-7,0.0003295978905735003,0.9996704021094265,3034
2,7,4,3,1-5-5-8,0.004686035613870665,0.9953139643861293,1067
2,7,4,3,1-5-5-9,0.00980392156862745,0.9901960784313726,255
2,7,4,3,1-5-6-10,0.013513513513513514,0.9864864864864865,37
2,7,4,3,1-5-6-6,0.0003651634106262553,0.9996348365893738,5477
2,7,4,3,1-5-6-7,0.00017056114617090227,0.9998294388538291,5863
2,7,4,3,1-5-6-8,0.0016069788797061523,0.9983930211202938,2178
2,7,4,3,1-5-6-9,0.016913319238900635,0.9830866807610994,473
2,7,4,3,1-5-7-10,0.05405405405405406,0.9459459459459459,37
2,7,4,3,1-5-7-7,0.0009607993850883935,0.9990392006149116,2602
2,7,4,3,1-5-7-8,0.0006960556844547563,0.9993039443155453,2155
2,7,4,3,1-5-7-9,0.0031185031185031187,0.9968814968814969,481
2,7,4,3,1-5-8-10,0.07352941176470588,0.9264705882352942,34
2,7,4,3,1-5-8-8,0.0005988023952095808,0.9994011976047904,835
2,7,4,3,1-5-8-9,0.006276150627615063,0.9937238493723849,478
2,7,4,3,1-5-9-10,0.08620689655172414,0.9137931034482759,29
2,7,4,3,1-5-9-9,0.05844155844155844,0.9415584415584416,154
2,7,4,3,1-6-6-10,0.021739130434782608,0.9782608695652174,23
2,7,4,3,1-6-6-6,0.0008807985907222549,0.9991192014092778,1703
2,7,4,3,1-6-6-7,0.00016857720836142953,0.9998314227916386,2966
2,7,4,3,1-6-6-8,0.00706880301602262,0.9929311969839774,1061
2,7,4,3,1-6-6-9,0.0019305019305019305,0.9980694980694981,259
2,7,4,3,1-6-7-10,0.04838709677419355,0.9516129032258065,31
2,7,4,3,1-6-7-7,0.001188118811881188,0.9988118811881188,2525
2,7,4,3,1-6-7-8,0.0004496402877697842,0.9995503597122302,2224
2,7,4,3,1-6-7-9,0.002912621359223301,0.9970873786407767,515
2,7,4,3,1-6-8-10,0.15151515151515152,0.8484848484848485,33
2,7,4,3,1-6-8-8,0.0005649717514124294,0.9994350282485875,885
2,7,4,3,1-6-8-9,0.011764705882352941,0.9882352941176471,510
2,7,4,3,1-6-9-10,0.06666666666666667,0.9333333333333333,30
2,7,4,3,1-6-9-9,0.012195121951219513,0.9878048780487805,164
2,7,4,3,1-7-7-10,0.16666666666666666,0.8333333333333334,15
2,7,4,3,1-7-7-7,0.037037037037037035,0.9629629629629629,729
2,7,4,3,1-7-7-8,0.0026455026455026454,0.9973544973544973,1134
2,7,4,3,1-7-7-9,0.012875536480686695,0.9871244635193133,233
2,7,4,3,1-7-8-10,0.04054054054054054,0.9594594594594594,37
2,7,4,3,1-7-8-8,0.006131549609810479,0.9938684503901896,897
2,7,4,3,1-7-8-9,0.002702702702702703,0.9972972972972973,555
2,7,4,3,1-7-9-9,0.004784688995215311,0.9952153110047847,209
2,7,4,3,1-8-8-8,0.01717557251908397,0.982824427480916,262
2,7,4,3,1-8-8-9,0.003937007874015748,0.9960629921259843,254
2,7,4,3,2-2-10-10,0.25,0.75,2
2,7,4,3,2-2-2-10,0.5,0.5,4
2,7,4,3,2-2-2-2,0.9977528089887641,0.0022471910112359553,1780
2,7,4,3,2-2-2-3,0.946612130513315,0.05338786948668499,5485
2,7,4,3,2-2-2-4,0.16031253358218897,0.8396874664178111,5102
2,7,4,3,2-2-2-5,0.0012198427758200055,0.99878015722418,3689
2,7,4,3,2-2-2-6,0.0004789272030651341,0.9995210727969349,2088
2,7,4,3,2-2-2-7,0.0015873015873015873,0.9984126984126984,945
2,7,4,3,2-2-2-8,0.0209471766848816,0.9790528233151183,366
2,7,4,3,2-2-2-9,0.09375,0.90625,64
2,7,4,3,2-2-3-10,0.4444444444444444,0.5555555555555556,18
2,7,4,3,2-2-3-3,0.9756914935483232,0.02430850645167681,7749
2,7,4,3,2-2-3-4,3.931126660901014e-05,0.999960688733391,12719
2,7,4,3,2-2-3-5,0.0005452198682570767,0.9994547801317429,11234
2,7,4,3,2-2-3-6,0.00024080911863862578,0.9997591908813613,6229
2,7,4,3,2-2-3-7,0.0013141355273683009,0.9986858644726316,2917
2,7,4,3,2-2-3-8,0.0014084507042253522,0.9985915492957746,1065
2,7,4,3,2-2-3-9,0.01568627450980392,0.984313725490196,255
2,7,4,3,2-2-4-10,0.07894736842105263,0.9210526315789473,19
2,7,4,3,2-2-4-4,0.007909622805336192,0.9920903771946639,7186
2,7,4,3,2-2-4-5,0.00026362038664323376,0.9997363796133568,11380
2,7,4,3,2-2-4-6,0.00016116035455278002,0.9998388396454472,6205
2,7,4,3,2-2-4-7,0.0043981413749547464,0.9956018586250452,2963
2,7,4,3,2-2-4-8,0.009333333333333334,0.9906666666666667,1125
2,7,4,3,2-2-4-9,0.022388059701492536,0.9776119402985075,268
2,7,4,3,2-2-5-10,0.3815789473684211,0.618421052631579,19
2,7,4,3,2-2-5-5,9.617234083477592e-05,0.9999038276591652,5199
2,7,4,3,2-2-5-6,8.074935400516796e-05,0.9999192506459949,6192
2,7,4,3,2-2-5-7,0.00034458993797381116,0.9996554100620262,2902
2,7,4,3,2-2-5-8,0.0033050047214353163,0.9966949952785646,1059
2,7,4,3,2-2-5-9,0.0019230769230769232,0.9980769230769231,260
2,7,4,3,2-2-6-10,0.09375,0.90625,16
2,7,4,3,2-2-6-6,0.0009012256669069935,0.999098774333093,2774
2,7,4,3,2-2-6-7,0.003498833722092636,0.9965011662779074,3001
2,7,4,3,2-2-6-8,0.008912655971479501,0.9910873440285205,1122
2,7,4,3,2-2-6-9,0.00423728813559322,0.9957627118644068,236
2,7,4,3,2-2-7-10,0.35714285714285715,0.6428571428571429,14
2,7,4,3,2-2-7-7,0.0031007751937984496,0.9968992248062015,1290
2,7,4,3,2-2-7-8,0.004646840148698885,0.9953531598513011,1076
2,7,4,3,2-2-7-9,0.005859375,0.994140625,256
2,7,4,3,2-2-8-10,0.07142857142857142,0.9285714285714286,14
2,7,4,3,2-2-8-8,0.0010224948875255625,0.9989775051124744,489
2,7,4,3,2-2-8-9,0.0020325203252032522,0.9979674796747967,246
2,7,4,3,2-2-9-10,0.16666666666666666,0.8333333333333334,15
2,7,4,3,2-2-9-9,0.0043859649122807015,0.9956140350877193,114
2,7,4,3,2-3-10-10,0.1,0.9,5
2,7,4,3,2-3-3-10,0.375,0.625,16
2,7,4,3,2-3-3-3,0.9713188159326813,0.02868118406731865,4932
2,7,4,3,2-3-3-4,0.4434354018179762,0.5565645981820239,12101
2,7,4,3,2-3-3-5,8.955758552749418e-05,0.9999104424144725,11166
2,7,4,3,2-3-3-6,0.0004755865567533291,0.9995244134432467,6308
2,7,4,3,2-3-3-7,0.0003386386725364037,0.9996613613274636,2953
2,7,4,3,2-3-3-8,0.0013123359580052493,0.9986876640419947,1143
2,7,4,3,2-3-3-9,0.009259259259259259,0.9907407407407407,270
2,7,4,3,2-3-4-10,0.03125,0.96875,32
2,7,4,3,2-3-4-4,0.00036909448818897637,0.999630905511811,12192
2,7,4,3,2-3-4-5,4.5655846231109894e-05,0.9999543441537689,21903
2,7,4,3,2-3-4-6,7.962417389919579e-05,0.9999203758261008,12559
2,7,4,3,2-3-4-7,0.0005912162162162162,0.9994087837837838,5920
2,7,4,3,2-3-4-8,0.0006678539626001781,0.9993321460373998,2246
2,7,4,3,2-3-4-9,0.0065298507462686565,0.9934701492537313,536
2,7,4,3,2-3-5-10,0.17857142857142858,0.8214285714285714,28
2,7,4,3,2-3-5-5,0.0002937720329024677,0.9997062279670975,10212
2,7,4,3,2-3-5-6,0.00012095798725909201,0.9998790420127409,12401
2,7,4,3,2-3-5-7,0.00016603021749958492,0.9998339697825004,6023
2,7,4,3,2-3-5-8,0.004681230494872938,0.9953187695051271,2243
2,7,4,3,2-3-5-9,0.0019569471624266144,0.9980430528375733,511
2,7,4,3,2-3-6-10,0.02857142857142857,0.9714285714285714,35
2,7,4,3,2-3-6-6,0.00036536353671903543,0.999634636463281,5474
2,7,4,3,2-3-6-7,0.002458460495083079,0.997541539504917,5898
2,7,4,3,2-3-6-8,0.0008948545861297539,0.9991051454138703,2235
2,7,4,3,2-3-6-9,0.002835538752362949,0.997164461247637,529
2,7,4,3,2-3-7-10,0.06060606060606061,0.9393939393939394,33
2,7,4,3,2-3-7-7,0.0002025111381125962,0.9997974888618874,2469
2,7,4,3,2-3-7-8,0.0004714757190004715,0.9995285242809995,2121
2,7,4,3,2-3-7-9,0.003663003663003663,0.9963369963369964,546
2,7,4,3,2-3-8-10,0.05555555555555555,0.9444444444444444,36
2,7,4,3,2-3-8-8,0.009857612267250822,0.9901423877327492,913
2,7,4,3,2-3-8-9,0.001893939393939394,0.9981060606060606,528
2,7,4,3,2-3-9-10,0.078125,0.921875,32
2,7,4,3,2-3-9-9,0.07225335371030736,0.9277466462896926,151
2,7,4,3,2-4-10-10,0.16666666666666666,0.8333333333333334,6
2,7,4,3,2-4-4-10,0.041666666666666664,0.9583333333333334,12
2,7,4,3,2-4-4-4,0.003744022149509187,0.9962559778504908,3973
2,7,4,3,2-4-4-5,0.0002698569758028245,0.9997301430241972,11117
2,7,4,3,2-4-4-6,0.0005548509828788839,0.9994451490171211,6308
2,7,4,3,2-4-4-7,0.004905166775670372,0.9950948332243297,3058
2,7,4,3,2-4-4-8,0.00045495905368516835,0.9995450409463148,1099
2,7,4,3,2-4-4-9,0.006493506493506494,0.9935064935064936,231
2,7,4,3,2-4-5-10,0.18181818181818182,0.8181818181818182,44
2,7,4,3,2-4-5-5,0.001315020455873758,0.9986849795441263,10266
2,7,4,3,2-4-5-6,8.094544277157196e-05,0.9999190545572284,12354
2,7,4,3,2-4-5-7,0.00016722408026755852,0.9998327759197324,5980
2,7,4,3,2-4-5-8,0.0004621072088724584,0.9995378927911276,2164
2,7,4,3,2-4-5-9,0.0029411764705882353,0.9970588235294118,510
2,7,4,3,2-4-6-10,0.05555555555555555,0.9444444444444444,36
2,7,4,3,2-4-6-6,0.0029098507999280963,0.9970901492000719,5563
2,7,4,3,2-4-6-7,8.418925745074928e-05,0.9999158107425492,5939
2,7,4,3,2-4-6-8,0.005989699955217196,0.9940103000447829,2233
2,7,4,3,2-4-6-9,0.006012024048096192,0.9939879759519038,499
2,7,4,3,2-4-7-10,0.013157894736842105,0.9868421052631579,38
2,7,4,3,2-4-7-7,0.00020283975659229209,0.9997971602434077,2465
2,7,4,3,2-4-7-8,0.0011617100371747212,0.9988382899628253,2152
2,7,4,3,2-4-7-9,0.004646840148698885,0.9953531598513011,538
2,7,4,3,2-4-8-10,0.017241379310344827,0.9827586206896551,29
2,7,4,3,2-4-8-8,0.004700352526439483,0.9952996474735605,851
2,7,4,3,2-4-8-9,0.007246376811594203,0.9927536231884058,483
2,7,4,3,2-4-9-10,0.015151515151515152,0.9848484848484849,33
2,7,4,3,2-4-9-9,0.03146853146853147,0.9685314685314685,143
2,7,4,3,2-5-5-10,0.15384615384615385,0.8461538461538461,13
2,7,4,3,2-5-5-5,0.0016471997604073077,0.9983528002395927,3339
2,7,4,3,2-5-5-6,0.0004743833017077799,0.9995256166982922,6324
2,7,4,3,2-5-5-7,0.002129471890971039,0.997870528109029,2935
2,7,4,3,2-5-5-8,0.003113879003558719,0.9968861209964412,1124
2,7,4,3,2-5-5-9,0.015748031496062992,0.984251968503937,254
2,7,4,3,2-5-6-10,0.2714285714285714,0.7285714285714285,35
2,7,4,3,2-5-6-6,0.00549263823610979,0.9945073617638902,5541
2,7,4,3,2-5-6-7,0.0019567806704100734,0.99804321932959,5877
2,7,4,3,2-5-6-8,0.0013537906137184115,0.9986462093862816,2216
2,7,4,3,2-5-6-9,0.005060728744939271,0.9949392712550608,494
2,7,4,3,2-5-7-10,0.020833333333333332,0.9791666666666666,24
2,7,4,3,2-5-7-7,0.0003971405877680699,0.9996028594122319,2518
2,7,4,3,2-5-7-8,0.0033467202141900937,0.9966532797858099,2241
2,7,4,3,2-5-7-9,0.004273504273504274,0.9957264957264957,468
2,7,4,3,2-5-8-10,0.05405405405405406,0.9459459459459459,37
2,7,4,3,2-5-8-8,0.002815315315315315,0.9971846846846847,888
2,7,4,3,2-5-8-9,0.004911591355599214,0.9950884086444007,509
2,7,4,3,2-5-9-10,0.16176470588235295,0.8382352941176471,34
2,7,4,3,2-5-9-9,0.015060240963855422,0.9849397590361446,166
2,7,4,3,2-6-6-10,0.14705882352941177,0.8529411764705882,17
2,7,4,3,2-6-6-6,0.0034802784222737818,0.9965197215777262,1724
2,7,4,3,2-6-6-7,0.00017129153819801302,0.9998287084618019,2919
2,7,4,3,2-6-6-8,0.007062146892655367,0.9929378531073446,1062
2,7,4,3,2-6-6-9,0.005703422053231939,0.9942965779467681,263
2,7,4,3,2-6-7-10,0.045454545454545456,0.9545454545454546,33
2,7,4,3,2-6-7-7,0.0009633911368015414,0.9990366088631984,2595
2,7,4,3,2-6-7-8,0.0020901068276823038,0.9979098931723177,2153
2,7,4,3,2-6-7-9,0.015151515151515152,0.9848484848484849,495
2,7,4,3,2-6-8-10,0.22727272727272727,0.7727272727272727,33
2,7,4,3,2-6-8-8,0.014161220043572984,0.985838779956427,918
2,7,4,3,2-6-8-9,0.010438413361169102,0.9895615866388309,479
2,7,4,3,2-6-9-9,0.020618556701030927,0.979381443298969,194
2,7,4,3,2-7-7-10,0.045454545454545456,0.9545454545454546,22
2,7,4,3,2-7-7-7,0.002531645569620253,0.9974683544303797,790
2,7,4,3,2-7-7-8,0.004213483146067416,0.9957865168539326,1068
2,7,4,3,2-7-7-9,0.0038022813688212928,0.9961977186311787,263
2,7,4,3,2-7-8-8,0.002880184331797235,0.9971198156682027,868
2,7,4,3,2-7-8-9,0.011578947368421053,0.988421052631579,475
2,7,4,3,2-8-8-8,0.010135135135135136,0.9898648648648649,296
2,7,4,3,3-3-10-10,0.5,0.5,1
2,7,4,3,3-3-3-10,0.5,0.5,7
2,7,4,3,3-3-3-3,0.9958643507030603,0.0041356492969396195,1209
2,7,4,3,3-3-3-4,0.7837132717447072,0.21628672825529285,3860
2,7,4,3,3-3-3-5,0.014092936294708919,0.985907063705291,3007
2,7,4,3,3-3-3-6,0.0012303149606299212,0.99876968503937,2032
2,7,4,3,3-3-3-7,0.0009891196834817012,0.9990108803165183,1011
2,7,4,3,3-3-3-8,0.015363128491620111,0.9846368715083799,358
2,7,4,3,3-3-3-9,0.016129032258064516,0.9838709677419355,93
2,7,4,3,3-3-4-10,0.08333333333333333,0.9166666666666666,18
2,7,4,3,3-3-4-4,0.01210803926868437,0.9878919607313156,5810
2,7,4,3,3-3-4-5,0.000882958893358187,0.9991170411066418,10193
2,7,4,3,3-3-4-6,8.036001285760205e-05,0.9999196399871424,6222
2,7,4,3,3-3-4-7,0.0005003335557038026,0.9994996664442962,2998
2,7,4,3,3-3-4-8,0.0013416815742397137,0.9986583184257602,1118
2,7,4,3,3-3-4-9,0.003937007874015748,0.9960629921259843,254
2,7,4,3,3-3-5-10,0.2826086956521739,0.717391304347826,23
2,7,4,3,3-3-5-5,9.8405825624877e-05,0.9999015941743751,5081
2,7,4,3,3-3-5-6,0.0012818458580355712,0.9987181541419644,6241
2,7,4,3,3-3-5-7,0.0006915629322268326,0.9993084370677732,2892
2,7,4,3,3-3-5-8,0.003178928247048138,0.9968210717529519,1101
2,7,4,3,3-3-5-9,0.032692307692307694,0.9673076923076923,260
2,7,4,3,3-3-6-10,0.1111111111111111,0.8888888888888888,18
2,7,4,3,3-3-6-6,0.018297201606759385,0.9817027983932407,2815
2,7,4,3,3-3-6-7,0.0008544087491455912,0.9991455912508544,2926
2,7,4,3,3-3-6-8,0.00395778364116095,0.996042216358839,1137
2,7,4,3,3-3-6-9,0.009541984732824428,0.9904580152671756,262
2,7,4,3,3-3-7-10,0.019230769230769232,0.9807692307692307,26
2,7,4,3,3-3-7-7,0.0036525974025974025,0.9963474025974026,1232
2,7,4,3,3-3-7-8,0.004035874439461884,0.9959641255605381,1115
2,7,4,3,3-3-7-9,0.017578125,0.982421875,256
2,7,4,3,3-3-8-10,0.027777777777777776,0.9722222222222222,18
2,7,4,3,3-3-8-8,0.004329004329004329,0.9956709956709957,462
2,7,4,3,3-3-8-9,0.0038022813688212928,0.9961977186311787,263
2,7,4,3,3-3-9-10,0.2,0.8,10
2,7,4,3,3-3-9-9,0.026595744680851064,0.973404255319149,94
2,7,4,3,3-4-4-10,0.07692307692307693,0.9230769230769231,13
2,7,4,3,3-4-4-4,0.0013149259397818973,0.9986850740602181,3800
2,7,4,3,3-4-4-5,0.00032335550628233555,0.9996766444937176,10824
2,7,4,3,3-4-4-6,0.00016121231662098983,0.999838787683379,6203
2,7,4,3,3-4-4-7,0.00034352456200618345,0.9996564754379939,2911
2,7,4,3,3-4-4-8,0.00045004500450045,0.9995499549954996,1111
2,7,4,3,3-4-4-9,0.004016064257028112,0.9959839357429718,249
2,7,4,3,3-4-5-10,0.2826086956521739,0.717391304347826,23
2,7,4,3,3-4-5-5,0.00025020016012810247,0.9997497998398719,9992
2,7,4,3,3-4-5-6,3.986922892911251e-05,0.9999601307710709,12541
2,7,4,3,3-4-5-7,0.0017152658662092624,0.9982847341337907,5830
2,7,4,3,3-4-5-8,0.0009363295880149813,0.9990636704119851,2136
2,7,4,3,3-4-5-9,0.0030303030303030303,0.996969696969697,495
2,7,4,3,3-4-6-10,0.21666666666666667,0.7833333333333333,30
2,7,4,3,3-4-6-6,0.002602714259155977,0.9973972857408441,5379
2,7,4,3,3-4-6-7,0.0005161734342739161,0.9994838265657261,5812
2,7,4,3,3-4-6-8,0.001827318410232983,0.998172681589767,2189
2,7,4,3,3-4-6-9,0.00392156862745098,0.996078431372549,510
2,7,4,3,3-4-7-10,0.05555555555555555,0.9444444444444444,27
2,7,4,3,3-4-7-7,0.001006036217303823,0.9989939637826962,2485
2,7,4,3,3-4-7-8,0.0004510599909788002,0.9995489400090212,2217
2,7,4,3,3-4-7-9,0.0009328358208955224,0.9990671641791045,536
2,7,4,3,3-4-8-10,0.014285714285714285,0.9857142857142858,35
2,7,4,3,3-4-8-8,0.010011123470522803,0.9899888765294772,899
2,7,4,3,3-4-8-9,0.0009784735812133072,0.9990215264187867,511
2,7,4,3,3-4-9-10,0.014705882352941176,0.9852941176470589,34
2,7,4,3,3-4-9-9,0.021739130434782608,0.9782608695652174,161
2,7,4,3,3-5-5-10,0.045454545454545456,0.9545454545454546,22
2,7,4,3,3-5-5-5,0.00015271838729383018,0.9998472816127062,3274
2,7,4,3,3-5-5-6,0.0005659767141009055,0.9994340232858991,6184
2,7,4,3,3-5-5-7,0.00130718954248366,0.9986928104575163,3060
2,7,4,3,3-5-5-8,0.017841011743450767,0.9821589882565492,1107
2,7,4,3,3-5-5-9,0.0020491803278688526,0.9979508196721312,244
2,7,4,3,3-5-6-10,0.46153846153846156,0.5384615384615384,39
2,7,4,3,3-5-6-6,0.0005327650506126798,0.9994672349493873,5631
2,7,4,3,3-5-6-7,0.0002514668901927913,0.9997485331098072,5965
2,7,4,3,3-5-6-8,0.010491071428571428,0.9895089285714286,2240
2,7,4,3,3-5-6-9,0.00202020202020202,0.997979797979798,495
2,7,4,3,3-5-7-10,0.18181818181818182,0.8181818181818182,33
2,7,4,3,3-5-7-7,0.0005838847800700662,0.9994161152199299,2569
2,7,4,3,3-5-7-8,0.0035714285714285713,0.9964285714285714,2240
2,7,4,3,3-5-7-9,0.031007751937984496,0.9689922480620154,516
2,7,4,3,3-5-8-10,0.06578947368421052,0.9342105263157895,38
2,7,4,3,3-5-8-8,0.0022123893805309734,0.9977876106194691,904
2,7,4,3,3-5-8-9,0.007920792079207921,0.9920792079207921,505
2,7,4,3,3-5-9-9,0.038922155688622756,0.9610778443113772,167
2,7,4,3,3-6-6-10,0.5,0.5,21
2,7,4,3,3-6-6-6,0.0023405500292568754,0.9976594499707431,1709
2,7,4,3,3-6-6-7,0.006523921043827367,0.9934760789561726,2989
2,7,4,3,3-6-6-8,0.003205128205128205,0.9967948717948718,1092
2,7,4,3,3-6-6-9,0.005703422053231939,0.9942965779467681,263
2,7,4,3,3-6-7-10,0.09259259259259259,0.9074074074074074,27
2,7,4,3,3-6-7-7,0.0006124948958758677,0.9993875051041241,2449
2,7,4,3,3-6-7-8,0.0031572990200458713,0.9968427009799541,2166
2,7,4,3,3-6-7-9,0.008130081300813009,0.991869918699187,492
2,7,4,3,3-6-8-8,0.009009009009009009,0.990990990990991,888
2,7,4,3,3-6-8-9,0.012104283054003724,0.9878957169459963,537
2,7,4,3,3-7-7-7,0.0036855036855036856,0.9963144963144963,814
2,7,4,3,3-7-7-8,0.004574565416285453,0.9954254345837146,1093
2,7,4,3,3-7-7-9,0.0017730496453900709,0.99822695035461,282
2,7,4,3,3-7-8-8,0.008600917431192661,0.9913990825688074,872
2,7,4,3,4-4-4-10,0.5,0.5,3
2,7,4,3,4-4-4-4,0.03432674575150014,0.9656732542484999,1198
2,7,4,3,4-4-4-5,0.0028349746344374814,0.9971650253655625,3351
2,7,4,3,4-4-4-6,0.002045174592551608,0.9979548254074484,1973
2,7,4,3,4-4-4-7,0.0025252525252525255,0.9974747474747475,990
2,7,4,3,4-4-4-8,0.004451038575667656,0.9955489614243324,337
2,7,4,3,4-4-4-9,0.044444444444444446,0.9555555555555556,90
2,7,4,3,4-4-5-10,0.5,0.5,10
2,7,4,3,4-4-5-5,0.004865113763428767,0.9951348862365712,5168
2,7,4,3,4-4-5-6,0.00032583903551645487,0.9996741609644836,6138
2,7,4,3,4-4-5-7,0.0013214403700033035,0.9986785596299967,3027
2,7,4,3,4-4-5-8,0.0008841732979664014,0.9991158267020336,1131
2,7,4,3,4-4-5-9,0.010638297872340425,0.9893617021276596,235
2,7,4,3,4-4-6-10,0.5,0.5,19
2,7,4,3,4-4-6-6,0.00037355248412401944,0.9996264475158759,2677
2,7,4,3,4-4-6-7,0.00034164673727365904,0.9996583532627263,2927
2,7,4,3,4-4-6-8,0.003243744207599629,0.9967562557924003,1079
2,7,4,3,4-4-6-9,0.001968503937007874,0.9980314960629921,254
2,7,4,3,4-4-7-10,0.07894736842105263,0.9210526315789473,19
2,7,4,3,4-4-7-7,0.00115919629057187,0.9988408037094282,1294
2,7,4,3,4-4-7-8,0.0004366812227074236,0.9995633187772925,1145
2,7,4,3,4-4-7-9,0.04664179104477612,0.9533582089552238,268
2,7,4,3,4-4-8-10,0.05555555555555555,0.9444444444444444,27
2,7,4,3,4-4-8-8,0.003605769230769231,0.9963942307692307,416
2,7,4,3,4-4-8-9,0.06472236445354723,0.9352776355464527,279
2,7,4,3,4-4-9-9,0.09895833333333333,0.9010416666666666,96
2,7,4,3,4-5-5-10,0.029411764705882353,0.9705882352941176,17
2,7,4,3,4-5-5-5,0.000608457560085184,0.9993915424399148,3287
2,7,4,3,4-5-5-6,0.002752145054233447,0.9972478549457665,6177
2,7,4,3,4-5-5-7,0.0008194034742707309,0.9991805965257292,3051
2,7,4,3,4-5-5-8,0.0018535681186283596,0.9981464318813716,1079
2,7,4,3,4-5-5-9,0.011235955056179775,0.9887640449438202,267
2,7,4,3,4-5-6-10,0.29310344827586204,0.7068965517241379,29
2,7,4,3,4-5-6-6,0.0016483516483516484,0.9983516483516484,5460
2,7,4,3,4-5-6-7,0.0005223750652968832,0.9994776249347032,5743
2,7,4,3,4-5-6-8,0.0021037868162692847,0.9978962131837307,2139
2,7,4,3,4-5-6-9,0.0030120481927710845,0.9969879518072289,498
2,7,4,3,4-5-7-10,0.045454545454545456,0.9545454545454546,33
2,7,4,3,4-5-7-7,0.0013162843174125611,0.9986837156825874,2659
2,7,4,3,4-5-7-8,0.003733084461035931,0.9962669155389641,2143
2,7,4,3,4-5-7-9,0.0009523809523809524,0.9990476190476191,525
2,7,4,3,4-5-8-8,0.0028216704288939053,0.9971783295711061,886
2,7,4,3,4-5-8-9,0.0009074410163339383,0.9990925589836661,551
2,7,4,3,4-6-6-10,0.047619047619047616,0.9523809523809523,21
2,7,4,3,4-6-6-6,0.002294893861158921,0.9977051061388411,1743
2,7,4,3,4-6-6-7,0.0001668335001668335,0.9998331664998331,2997
2,7,4,3,4-6-6-8,0.01683348498635123,0.9831665150136488,1099
2,7,4,3,4-6-6-9,0.010676156583629894,0.9893238434163701,281
2,7,4,3,4-6-7-7,0.00039093041438623924,0.9996090695856138,2558
2,7,4,3,4-6-7-8,0.0050784856879039705,0.9949215143120961,2166
2,7,4,3,4-6-7-9,0.003861003861003861,0.9961389961389961,518
2,7,4,3,4-6-8-8,0.0022624434389140274,0.997737556561086,884
2,7,4,3,4-7-7-7,0.02099236641221374,0.9790076335877863,786
2,7,4,3,4-7-7-8,0.0044603033006244425,0.9955396966993756,1121
2,7,4,3,5-5-5-10,0.5,0.5,3
2,7,4,3,5-5-5-5,0.0012953367875647669,0.9987046632124352,772
2,7,4,3,5-5-5-6,0.00048146364949446316,0.9995185363505056,2077
2,7,4,3,5-5-5-7,0.0054671968190854875,0.9945328031809145,1006
2,7,4,3,5-5-5-8,0.01662049861495845,0.9833795013850416,361
2,7,4,3,5-5-5-9,0.015,0.985,100
2,7,4,3,5-5-6-10,0.11538461538461539,0.8846153846153846,13
2,7,4,3,5-5-6-6,0.0005510653930933138,0.9994489346069066,2722
2,7,4,3,5-5-6-7,0.00370495116200741,0.9962950488379926,2969
2,7,4,3,5-5-6-8,0.018973891924711602,0.9810261080752884,1098
2,7,4,3,5-5-6-9,0.005494505494505495,0.9945054945054945,273
2,7,4,3,5-5-7-7,0.0027216174183514776,0.9972783825816485,1286
2,7,4,3,5-5-7-8,0.007365684575389948,0.99263431542461,1154
2,7,4,3,5-5-7-9,0.007722007722007722,0.9922779922779923,259
2,7,4,3,5-5-8-8,0.0022371364653243847,0.9977628635346756,447
2,7,4,3,5-6-6-6,0.002373887240356083,0.997626112759644,1685
2,7,4,3,5-6-6-7,0.001682935038707506,0.9983170649612925,2971
2,7,4,3,5-6-6-8,0.009813084112149532,0.9901869158878505,1070
2,7,4,3,5-6-6-9,0.005747126436781609,0.9942528735632183,261
2,7,4,3,5-6-7-7,0.0005931198102016608,0.9994068801897983,2529
2,7,4,3,5-6-7-8,0.0022747952684258415,0.9977252047315741,2198
2,7,4,3,5-7-7-7,0.006962025316455696,0.9930379746835443,790
2,7,4,3,6-6-6-6,0.008293838862559242,0.9917061611374408,422
2,7,4,3,6-6-6-7,0.0032119914346895075,0.9967880085653105,934
2,7,4,3,6-6-6-8,0.01876675603217158,0.9812332439678284,373
2,7,4,3,6-6-7-7,0.005905511811023622,0.9940944881889764,1270
2,9,5,4,1-1-1-1,0.27870759222661395,0.721292407773386,6072
2,9,5,4,1-1-1-2,0.0023341873042983206,0.9976658126957016,17565
2,9,5,4,1-1-1-3,0.058358880301817705,0.9416411196981823,11071
2,9,5,4,1-1-1-4,0.011069856985698569,0.9889301430143014,7272
2,9,5,4,1-1-1-5,0.0024205561072492554,0.9975794438927508,4028
2,9,5,4,1-1-1-6,0.0002871912693854107,0.9997128087306146,1741
2,9,5,4,1-1-1-7,0.013803680981595092,0.9861963190184049,652
2,9,5,4,1-1-1-8,0.003067484662576687,0.9969325153374233,163
2,9,5,4,1-1-1-9,0.057692307692307696,0.9423076923076923,26
2,9,5,4,1-1-2-2,0.14000981152515296,0.8599901884748471,18934
2,9,5,4,1-1-2-3,0.0006293402777777776,0.9993706597222223,30720
2,9,5,4,1-1-2-4,0.0001386321626617375,0.9998613678373383,21640
2,9,5,4,1-1-2-5,8.378718056137411e-05,0.9999162128194387,11935
2,9,5,4,1-1-2-6,0.0011732682560540641,0.998826731743946,5327
2,9,5,4,1-1-2-7,0.0005102040816326531,0.9994897959183674,1960
2,9,5,4,1-1-2-8,0.009259259259259259,0.9907407407407407,486
2,9,5,4,1-1-2-9,0.02112676056338028,0.9788732394366197,71
2,9,5,4,1-1-3-10,0.5,0.5,1
2,9,5,4,1-1-3-3,0.004703796925269689,0.9952962030747303,11076
2,9,5,4,1-1-3-4,0.002566687999765195,0.9974333120002348,20424
2,9,5,4,1-1-3-5,8.448086508405846e-05,0.9999155191349159,11837
2,9,5,4,1-1-3-6,0.001197494473102432,0.9988025055268975,5428
2,9,5,4,1-1-3-7,0.0027712345850076214,0.9972287654149924,2062
2,9,5,4,1-1-3-8,0.004770992366412214,0.9952290076335878,524
2,9,5,4,1-1-3-9,0.005555555555555556,0.9944444444444445,90
2,9,5,4,1-1-4-10,0.5,0.5,1
2,9,5,4,1-1-4-4,0.000106928999144568,0.9998930710008554,9352
2,9,5,4,1-1-4-5,0.001261464309153267,0.9987385356908467,12001
2,9,5,4,1-1-4-6,9.160864785635764e-05,0.9999083913521436,5458
2,9,5,4,1-1-4-7,0.0012224938875305623,0.9987775061124694,2045
2,9,5,4,1-1-4-8,0.0017391304347826088,0.9982608695652174,575
2,9,5,4,1-1-4-9,0.011904761904761904,0.9880952380952381,84
2,9,5,4,1-1-5-10,0.1,0.9,5
2,9,5,4,1-1-5-5,0.0002881290818286592,0.9997118709181714,5206
2,9,5,4,1-1-5-6,0.0010284218399401646,0.9989715781600599,5348
2,9,5,4,1-1-5-7,0.0010090817356205853,0.9989909182643795,1982
2,9,5,4,1-1-5-8,0.0009398496240601503,0.9990601503759399,532
2,9,5,4,1-1-5-9,0.00625,0.99375,80
2,9,5,4,1-1-6-10,0.5,0.5,2
2,9,5,4,1-1-6-6,0.004125054277029961,0.9958749457229701,2303
2,9,5,4,1-1-6-7,0.0012518778167250877,0.9987481221832749,1997
2,9,5,4,1-1-6-8,0.007259528130671506,0.9927404718693285,551
2,9,5,4,1-1-6-9,0.014925373134328358,0.9850746268656716,67
2,9,5,4,1-1-7-10,0.2,0.8,5
2,9,5,4,1-1-7-7,0.0006443298969072165,0.9993556701030928,776
2,9,5,4,1-1-7-8,0.0017667844522968198,0.9982332155477032,566
2,9,5,4,1-1-7-9,0.1,0.9,75
2,9,5,4,1-1-8-10,0.5,0.5,1
2,9,5,4,1-1-8-8,0.0136986301369863,0.9863013698630136,219
2,9,5,4,1-1-8-9,0.02,0.98,75
2,9,5,4,1-1-9-10,0.5,0.5,1
2,9,5,4,1-1-9-9,0.045454545454545456,0.9545454545454546,22
2,9,5,4,1-2-10-10,0.5,0.5,2
2,9,5,4,1-2-2-10,0.5,0.5,4
2,9,5,4,1-2-2-2,0.9422523005784706,0.05774769942152943,10600
2,9,5,4,1-2-2-3,0.00147886496185295,0.9985211350381471,26830
2,9,5,4,1-2-2-4,0.0035484864115992035,0.9964515135884008,21191
2,9,5,4,1-2-2-5,0.004189589504866695,0.9958104104951333,11815
2,9,5,4,1-2-2-6,0.0025199695701787774,0.9974800304298213,5258
2,9,5,4,1-2-2-7,0.005761523046092184,0.9942384769539078,1996
2,9,5,4,1-2-2-8,0.002654867256637168,0.9973451327433628,565
2,9,5,4,1-2-2-9,0.005681818181818182,0.9943181818181818,88
2,9,5,4,1-2-3-10,0.5,0.5,6
2,9,5,4,1-2-3-3,0.9649669209790983,0.03503307902090171,20530
2,9,5,4,1-2-3-4,0.00011758846802977063,0.9998824115319702,36143
2,9,5,4,1-2-3-5,0.00017029972752043596,0.9998297002724795,23488
2,9,5,4,1-2-3-6,0.00028251247763442887,0.9997174875223656,10619
2,9,5,4,1-2-3-7,0.00049838026414154,0.9995016197358585,4013
2,9,5,4,1-2-3-8,0.0009009009009009009,0.9990990990990991,1110
2,9,5,4,1-2-3-9,0.014492753623188406,0.9855072463768116,138
2,9,5,4,1-2-4-10,0.1,0.9,5
2,9,5,4,1-2-4-4,0.00038180429802552637,0.9996181957019745,18334
2,9,5,4,1-2-4-5,8.513536523071684e-05,0.9999148646347693,23492
2,9,5,4,1-2-4-6,0.00023551577955723034,0.9997644842204427,10615
2,9,5,4,1-2-4-7,0.000949667616334283,0.9990503323836657,4212
2,9,5,4,1-2-4-8,0.013333333333333334,0.9866666666666667,1050
2,9,5,4,1-2-4-9,0.0756578947368421,0.9243421052631579,152
2,9,5,4,1-2-5-10,0.5,0.5,4
2,9,5,4,1-2-5-5,9.650646593321752e-05,0.9999034935340668,10362
2,9,5,4,1-2-5-6,0.001483679525222552,0.9985163204747775,10784
2,9,5,4,1-2-5-7,0.0009367974019485386,0.9990632025980515,4003
2,9,5,4,1-2-5-8,0.0004911591355599214,0.99950884086444,1018
2,9,5,4,1-2-5-9,0.003289473684210526,0.9967105263157895,152
2,9,5,4,1-2-6-10,0.5,0.5,3
2,9,5,4,1-2-6-6,0.00044682752457551384,0.9995531724754245,4476
2,9,5,4,1-2-6-7,0.0002449779519843214,0.9997550220480157,4082
2,9,5,4,1-2-6-8,0.00502283105022831,0.9949771689497717,1095
2,9,5,4,1-2-6-9,0.011494252873563218,0.9885057471264368,174
2,9,5,4,1-2-7-10,0.125,0.875,4
2,9,5,4,1-2-7-7,0.0009079903147699758,0.99909200968523,1652
2,9,5,4,1-2-7-8,0.0027124773960217,0.9972875226039783,1106
2,9,5,4,1-2-7-9,0.00909090909090909,0.990909090909091,165
2,9,5,4,1-2-8-10,0.16666666666666666,0.8333333333333334,3
2,9,5,4,1-2-8-8,0.01139240506329114,0.9886075949367089,395
2,9,5,4,1-2-8-9,0.025280898876404494,0.9747191011235955,178
2,9,5,4,1-2-9-10,0.125,0.875,8
2,9,5,4,1-2-9-9,0.0425531914893617,0.9574468085106383,47
2,9,5,4,1-3-3-10,0.2,0.8,5
2,9,5,4,1-3-3-3,0.7875586422660906,0.21244135773390938,6282
2,9,5,4,1-3-3-4,0.0011027967605452404,0.9988972032394549,17867
2,9,5,4,1-3-3-5,0.000518000518000518,0.9994819994819995,11583
2,9,5,4,1-3-3-6,0.000963379559529246,0.9990366204404708,5427
2,9,5,4,1-3-3-7,0.0024937655860349127,0.9975062344139651,2005
2,9,5,4,1-3-3-8,0.003629764065335753,0.9963702359346642,551
2,9,5,4,1-3-3-9,0.0472972972972973,0.9527027027027027,74
2,9,5,4,1-3-4-10,0.25,0.75,6
2,9,5,4,1-3-4-4,0.005038964684112119,0.994961035315888,16841
2,9,5,4,1-3-4-5,0.00016982974567995586,0.9998301702543201,23553
2,9,5,4,1-3-4-6,0.0001388374676045909,0.9998611625323954,10804
2,9,5,4,1-3-4-7,0.0020248038471273096,0.9979751961528727,3951
2,9,5,4,1-3-4-8,0.007317073170731708,0.9926829268292683,1025
2,9,5,4,1-3-4-9,0.024475524475524476,0.9755244755244755,143
2,9,5,4,1-3-5-10,0.5,0.5,3
2,9,5,4,1-3-5-5,0.00019138755980861245,0.9998086124401914,10450
2,9,5,4,1-3-5-6,0.0007895225710570314,0.999210477428943,10766
2,9,5,4,1-3-5-7,0.00037650602409638556,0.9996234939759037,3984
2,9,5,4,1-3-5-8,0.007042253521126761,0.9929577464788732,1065
2,9,5,4,1-3-5-9,0.10429936305732485,0.8957006369426752,157
2,9,5,4,1-3-6-10,0.5,0.5,6
2,9,5,4,1-3-6-6,0.0016458196181698486,0.9983541803818301,4557
2,9,5,4,1-3-6-7,0.0007776049766718507,0.9992223950233281,3858
2,9,5,4,1-3-6-8,0.00045413260672116256,0.9995458673932789,1101
2,9,5,4,1-3-6-9,0.03571428571428571,0.9642857142857143,154
2,9,5,4,1-3-7-10,0.5,0.5,3
2,9,5,4,1-3-7-7,0.002817783343769568,0.9971822166562304,1597
2,9,5,4,1-3-7-8,0.008318739054290718,0.9916812609457093,1142
2,9,5,4,1-3-7-9,0.0032679738562091504,0.9967320261437909,153
2,9,5,4,1-3-8-10,0.5,0.5,4
2,9,5,4,1-3-8-8,0.0011904761904761906,0.9988095238095238,420
2,9,5,4,1-3-8-9,0.049019607843137254,0.9509803921568627,153
2,9,5,4,1-3-9-10,0.5,0.5,5
2,9,5,4,1-3-9-9,0.09722222222222222,0.9027777777777778,36
2,9,5,4,1-4-4-10,0.5,0.5,1
2,9,5,4,1-4-4-4,0.0061843718272344885,0.9938156281727655,5607
2,9,5,4,1-4-4-5,0.00021594540900060464,0.9997840545909994,11577
2,9,5,4,1-4-4-6,0.0004532269760696157,0.9995467730239304,5516
2,9,5,4,1-4-4-7,0.0002638522427440633,0.9997361477572559,1895
2,9,5,4,1-4-4-8,0.0038095238095238095,0.9961904761904762,525
2,9,5,4,1-4-4-9,0.018292682926829267,0.9817073170731707,82
2,9,5,4,1-4-5-10,0.2,0.8,5
2,9,5,4,1-4-5-5,0.0003741464783462726,0.9996258535216537,10691
2,9,5,4,1-4-5-6,0.0006473090438320696,0.999352690956168,10814
2,9,5,4,1-4-5-7,0.0008706467661691543,0.9991293532338309,4020
2,9,5,4,1-4-5-8,0.0037243947858473,0.9962756052141527,1074
2,9,5,4,1-4-5-9,0.027972027972027972,0.972027972027972,143
2,9,5,4,1-4-6-10,0.5,0.5,2
2,9,5,4,1-4-6-6,0.0008793141349747197,0.9991206858650252,4549
2,9,5,4,1-4-6-7,0.00024975024975024975,0.9997502497502497,4004
2,9,5,4,1-4-6-8,0.001392757660167131,0.9986072423398329,1077
2,9,5,4,1-4-6-9,0.016556291390728478,0.9834437086092715,151
2,9,5,4,1-4-7-10,0.5,0.5,4
2,9,5,4,1-4-7-7,0.00031133250311332503,0.9996886674968867,1606
2,9,5,4,1-4-7-8,0.002224199288256228,0.9977758007117438,1124
2,9,5,4,1-4-7-9,0.015625,0.984375,192
2,9,5,4,1-4-8-10,0.5,0.5,2
2,9,5,4,1-4-8-8,0.01507537688442211,0.9849246231155779,398
2,9,5,4,1-4-8-9,0.04093567251461988,0.9590643274853801,171
2,9,5,4,1-4-9-10,0.5,0.5,3
2,9,5,4,1-4-9-9,0.03571428571428571,0.9642857142857143,56
2,9,5,4,1-5-10-10,0.25,0.75,2
2,9,5,4,1-5-5-10,0.5,0.5,1
2,9,5,4,1-5-5-5,0.0016025641025641025,0.9983974358974359,3120
2,9,5,4,1-5-5-6,0.0002763957987838585,0.9997236042012161,5427
2,9,5,4,1-5-5-7,0.0002453385672227674,0.9997546614327772,2038
2,9,5,4,1-5-5-8,0.016898608349900597,0.9831013916500994,503
2,9,5,4,1-5-5-9,0.03676470588235294,0.9632352941176471,68
2,9,5,4,1-5-6-10,0.16666666666666666,0.8333333333333334,9
2,9,5,4,1-5-6-6,0.00022799817601459188,0.9997720018239854,4386
2,9,5,4,1-5-6-7,0.0035149384885764497,0.9964850615114236,3983
2,9,5,4,1-5-6-8,0.002406159769008662,0.9975938402309913,1039
2,9,5,4,1-5-6-9,0.01282051282051282,0.9871794871794872,156
2,9,5,4,1-5-7-10,0.2,0.8,5
2,9,5,4,1-5-7-7,0.0018105009052504525,0.9981894990947495,1657
2,9,5,4,1-5-7-8,0.0033175355450236967,0.9966824644549763,1055
2,9,5,4,1-5-7-9,0.003289473684210526,0.9967105263157895,152
2,9,5,4,1-5-8-10,0.5,0.5,6
2,9,5,4,1-5-8-8,0.010922330097087379,0.9890776699029126,412
2,9,5,4,1-5-8-9,0.015267175572519083,0.9847328244274809,131
2,9,5,4,1-5-9-10,0.25,0.75,6
2,9,5,4,1-5-9-9,0.1111111111111111,0.8888888888888888,36
2,9,5,4,1-6-6-10,0.5,0.5,2
2,9,5,4,1-6-6-6,0.003041825095057034,0.996958174904943,1315
2,9,5,4,1-6-6-7,0.0004957858205255329,0.9995042141794744,2017
2,9,5,4,1-6-6-8,0.005660377358490566,0.9943396226415094,530
2,9,5,4,1-6-6-9,0.043209876543209874,0.9567901234567902,81
2,9,5,4,1-6-7-10,0.375,0.625,4
2,9,5,4,1-6-7-7,0.002592352559948153,0.9974076474400518,1543
2,9,5,4,1-6-7-8,0.0013940520446096654,0.9986059479553904,1076
2,9,5,4,1-6-7-9,0.05,0.95,140
2,9,5,4,1-6-8-10,0.5,0.5,4
2,9,5,4,1-6-8-8,0.016624040920716114,0.9833759590792839,391
2,9,5,4,1-6-8-9,0.027777777777777776,0.9722222222222222,144
2,9,5,4,1-6-9-10,0.2,0.8,5
2,9,5,4,1-6-9-9,0.009433962264150943,0.9905660377358491,53
2,9,5,4,1-7-7-10,0.5,0.5,3
2,9,5,4,1-7-7-7,0.006880733944954129,0.9931192660550459,436
2,9,5,4,1-7-7-8,0.008064516129032258,0.9919354838709677,558
2,9,5,4,1-7-7-9,0.08227848101265822,0.9177215189873418,79
2,9,5,4,1-7-8-10,0.1,0.9,5
2,9,5,4,1-7-8-8,0.012437810945273632,0.9875621890547264,402
2,9,5,4,1-7-8-9,0.03205128205128205,0.967948717948718,156
2,9,5,4,1-7-9-9,0.058333333333333334,0.9416666666666667,60
2,9,5,4,1-8-8-8,0.017543859649122806,0.9824561403508771,114
2,9,5,4,1-8-8-9,0.011235955056179775,0.9887640449438202,89
2,9,5,4,2-2-10-10,0.5,0.5,1
2,9,5,4,2-2-2-10,0.5,0.5,3
2,9,5,4,2-2-2-2,0.9090872069000203,0.09091279309997972,2313
2,9,5,4,2-2-2-3,0.7337029586351346,0.2662970413648655,7278
2,9,5,4,2-2-2-4,0.006848941030845266,0.9931510589691547,6463
2,9,5,4,2-2-2-5,0.00039052330122363966,0.9996094766987763,3841
2,9,5,4,2-2-2-6,0.0005488474204171241,0.9994511525795828,1822
2,9,5,4,2-2-2-7,0.0007886435331230284,0.999211356466877,634
2,9,5,4,2-2-2-8,0.002857142857142857,0.9971428571428571,175
2,9,5,4,2-2-2-9,0.038461538461538464,0.9615384615384616,26
2,9,5,4,2-2-3-10,0.16666666666666666,0.8333333333333334,3
2,9,5,4,2-2-3-3,0.9958100557292014,0.004189944270798617,10063
2,9,5,4,2-2-3-4,2.7380756804118067e-05,0.9999726192431959,18261
2,9,5,4,2-2-3-5,0.000815967863419533,0.9991840321365805,11949
2,9,5,4,2-2-3-6,0.001095890410958904,0.9989041095890411,5475
2,9,5,4,2-2-3-7,0.002031488065007618,0.9979685119349924,1969
2,9,5,4,2-2-3-8,0.0009293680297397769,0.9990706319702602,538
2,9,5,4,2-2-3-9,0.04838709677419355,0.9516129032258065,62
2,9,5,4,2-2-4-10,0.25,0.75,2
2,9,5,4,2-2-4-4,0.00010714668381013607,0.9998928533161898,9333
2,9,5,4,2-2-4-5,0.000125250501002004,0.999874749498998,11976
2,9,5,4,2-2-4-6,9.310986964618249e-05,0.9999068901303538,5370
2,9,5,4,2-2-4-7,0.0002492522432701894,0.9997507477567298,2006
2,9,5,4,2-2-4-8,0.003669724770642202,0.9963302752293578,545
2,9,5,4,2-2-4-9,0.012345679012345678,0.9876543209876543,81
2,9,5,4,2-2-5-5,0.0006627532664268131,0.9993372467335732,5281
2,9,5,4,2-2-5-6,0.0005611672278338945,0.999438832772166,5346
2,9,5,4,2-2-5-7,0.0005096839959225281,0.9994903160040775,1962
2,9,5,4,2-2-5-8,0.0019455252918287938,0.9980544747081712,514
2,9,5,4,2-2-5-9,0.046666666666666676,0.9533333333333334,75
2,9,5,4,2-2-6-10,0.5,0.5,3
2,9,5,4,2-2-6-6,0.00021358393848782572,0.9997864160615122,2341
2,9,5,4,2-2-6-7,0.0015806111696522655,0.9984193888303478,1898
2,9,5,4,2-2-6-8,0.010948905109489052,0.9890510948905109,548
2,9,5,4,2-2-6-9,0.03896103896103896,0.961038961038961,77
2,9,5,4,2-2-7-7,0.0012004801920768306,0.9987995198079231,833
2,9,5,4,2-2-7-8,0.0081374321880651,0.9918625678119349,553
2,9,5,4,2-2-7-9,0.0136986301369863,0.9863013698630136,73
2,9,5,4,2-2-8-10,0.5,0.5,5
2,9,5,4,2-2-8-8,0.002242152466367713,0.9977578475336323,223
2,9,5,4,2-2-8-9,0.0056179775280898875,0.9943820224719101,89
2,9,5,4,2-2-9-10,0.5,0.5,3
2,9,5,4,2-2-9-9,0.07692307692307693,0.9230769230769231,26
2,9,5,4,2-3-3-10,0.5,0.5,3
2,9,5,4,2-3-3-3,0.9406425636100474,0.059357436389952625,6182
2,9,5,4,2-3-3-4,0.0005344271123288464,0.9994655728876711,15932
2,9,5,4,2-3-3-5,0.0010642469471285438,0.9989357530528714,11816
2,9,5,4,2-3-3-6,0.0009137426900584797,0.9990862573099415,5472
2,9,5,4,2-3-3-7,0.0009813542688910696,0.9990186457311089,2038
2,9,5,4,2-3-3-8,0.0025817555938037868,0.9974182444061962,581
2,9,5,4,2-3-3-9,0.02631578947368421,0.9736842105263158,76
2,9,5,4,2-3-4-10,0.5,0.5,4
2,9,5,4,2-3-4-4,2.9698265621287717e-05,0.9999703017343787,16836
2,9,5,4,2-3-4-5,0.00034457509583494855,0.999655424904165,23217
2,9,5,4,2-3-4-6,0.00032464520916427046,0.9996753547908357,10781
2,9,5,4,2-3-4-7,0.00048449612403100775,0.999515503875969,4128
2,9,5,4,2-3-4-8,0.002702702702702703,0.9972972972972973,1110
2,9,5,4,2-3-4-9,0.03169014084507042,0.9683098591549296,142
2,9,5,4,2-3-5-10,0.5,0.5,4
2,9,5,4,2-3-5-5,4.849190185239065e-05,0.9999515080981476,10311
2,9,5,4,2-3-5-6,0.002112805438177476,0.9978871945618225,10886
2,9,5,4,2-3-5-7,0.00024888003982080636,0.9997511199601792,4018
2,9,5,4,2-3-5-8,0.002268602540834846,0.9977313974591652,1102
2,9,5,4,2-3-5-9,0.006211180124223602,0.9937888198757764,161
2,9,5,4,2-3-6-10,0.5,0.5,5
2,9,5,4,2-3-6-6,0.003929273084479371,0.9960707269155207,4581
2,9,5,4,2-3-6-7,0.001414245307276935,0.998585754692723,3889
2,9,5,4,2-3-6-8,0.00554016620498615,0.9944598337950139,1083
2,9,5,4,2-3-6-9,0.003105590062111801,0.9968944099378882,161
2,9,5,4,2-3-7-10,0.125,0.875,8
2,9,5,4,2-3-7-7,0.0025078369905956114,0.9974921630094044,1595
2,9,5,4,2-3-7-8,0.0014018691588785046,0.9985981308411215,1070
2,9,5,4,2-3-7-9,0.024539877300613498,0.9754601226993865,163
2,9,5,4,2-3-8-10,0.5,0.5,2
2,9,5,4,2-3-8-8,0.010817307692307692,0.9891826923076923,416
2,9,5,4,2-3-8-9,0.013513513513513514,0.9864864864864865,148
2,9,5,4,2-3-9-10,0.16666666666666666,0.8333333333333334,6
2,9,5,4,2-3-9-9,0.0125,0.9875,40
2,9,5,4,2-4-10-10,0.5,0.5,1
2,9,5,4,2-4-4-10,0.5,0.5,4
2,9,5,4,2-4-4-4,0.0005579319323042589,0.9994420680676958,5377
2,9,5,4,2-4-4-5,0.00017024174327545113,0.9998297582567246,11748
2,9,5,4,2-4-4-6,0.0007423904974016332,0.9992576095025983,5388
2,9,5,4,2-4-4-7,0.00024177949709864604,0.9997582205029013,2068
2,9,5,4,2-4-4-8,0.006445672191528545,0.9935543278084714,543
2,9,5,4,2-4-4-9,0.02702702702702703,0.972972972972973,74
2,9,5,4,2-4-5-10,0.5,0.5,5
2,9,5,4,2-4-5-5,0.0005798782255726297,0.9994201217744274,10347
2,9,5,4,2-4-5-6,4.729921483303377e-05,0.999952700785167,10571
2,9,5,4,2-4-5-7,0.0006944444444444445,0.9993055555555556,3960
2,9,5,4,2-4-5-8,0.008823529411764706,0.9911764705882353,1105
2,9,5,4,2-4-5-9,0.003105590062111801,0.9968944099378882,161
2,9,5,4,2-4-6-10,0.25,0.75,8
2,9,5,4,2-4-6-6,0.0010869565217391304,0.9989130434782608,4600
2,9,5,4,2-4-6-7,0.0008767535070140281,0.999123246492986,3992
2,9,5,4,2-4-6-8,0.003219871205151794,0.9967801287948482,1087
2,9,5,4,2-4-6-9,0.03254437869822485,0.9674556213017751,169
2,9,5,4,2-4-7-10,0.5,0.5,7
2,9,5,4,2-4-7-7,0.0003136762860727729,0.9996863237139272,1594
2,9,5,4,2-4-7-8,0.01569713758079409,0.984302862419206,1083
2,9,5,4,2-4-7-9,0.003105590062111801,0.9968944099378882,161
2,9,5,4,2-4-8-10,0.3333333333333333,0.6666666666666666,3
2,9,5,4,2-4-8-8,0.005249343832020997,0.994750656167979,381
2,9,5,4,2-4-8-9,0.007042253521126761,0.9929577464788732,142
2,9,5,4,2-4-9-10,0.16666666666666666,0.8333333333333334,3
2,9,5,4,2-4-9-9,0.09090909090909091,0.9090909090909091,44
2,9,5,4,2-5-5-10,0.5,0.5,1
2,9,5,4,2-5-5-5,0.00133769322235434,0.9986623067776457,3364
2,9,5,4,2-5-5-6,0.00045829514207149406,0.9995417048579285,5455
2,9,5,4,2-5-5-7,0.0007727975270479134,0.999227202472952,1941
2,9,5,4,2-5-5-8,0.013736263736263736,0.9862637362637363,546
2,9,5,4,2-5-5-9,0.017857142857142856,0.9821428571428571,84
2,9,5,4,2-5-6-10,0.25,0.75,4
2,9,5,4,2-5-6-6,0.0010888501742160278,0.998911149825784,4592
2,9,5,4,2-5-6-7,0.0013980681240467717,0.9986019318759533,3934
2,9,5,4,2-5-6-8,0.012118491921005385,0.9878815080789947,1114
2,9,5,4,2-5-6-9,0.10119047619047619,0.8988095238095238,168
2,9,5,4,2-5-7-10,0.5,0.5,2
2,9,5,4,2-5-7-7,0.0003069367710251688,0.9996930632289748,1629
2,9,5,4,2-5-7-8,0.004010695187165776,0.9959893048128342,1122
2,9,5,4,2-5-7-9,0.016233766233766232,0.9837662337662337,154
2,9,5,4,2-5-8-10,0.5,0.5,2
2,9,5,4,2-5-8-8,0.004987531172069825,0.9950124688279302,401
2,9,5,4,2-5-8-9,0.044642857142857144,0.9553571428571429,168
2,9,5,4,2-5-9-10,0.3,0.7,5
2,9,5,4,2-5-9-9,0.1951219512195122,0.8048780487804879,41
2,9,5,4,2-6-6-10,0.5,0.5,1
2,9,5,4,2-6-6-6,0.0007194244604316547,0.9992805755395684,1390
2,9,5,4,2-6-6-7,0.00663716814159292,0.9933628318584071,2034
2,9,5,4,2-6-6-8,0.012738853503184714,0.9872611464968153,471
2,9,5,4,2-6-6-9,0.05,0.95,90
2,9,5,4,2-6-7-10,0.5,0.5,8
2,9,5,4,2-6-7-7,0.0012468827930174563,0.9987531172069826,1604
2,9,5,4,2-6-7-8,0.0023946360153256703,0.9976053639846744,1044
2,9,5,4,2-6-7-9,0.04878048780487805,0.9512195121951219,164
2,9,5,4,2-6-8-10,0.5,0.5,5
2,9,5,4,2-6-8-8,0.016624040920716114,0.9833759590792839,391
2,9,5,4,2-6-8-9,0.13596491228070176,0.8640350877192983,171
2,9,5,4,2-6-9-9,0.05555555555555555,0.9444444444444444,54
2,9,5,4,2-7-7-10,0.2,0.8,5
2,9,5,4,2-7-7-7,0.0030181086519114686,0.9969818913480886,497
2,9,5,4,2-7-7-8,0.014842300556586271,0.9851576994434137,539
2,9,5,4,2-7-7-9,0.005813953488372093,0.9941860465116279,86
2,9,5,4,2-7-8-8,0.0013550135501355014,0.9986449864498645,369
2,9,5,4,2-7-8-9,0.033783783783783786,0.9662162162162162,148
2,9,5,4,2-8-8-8,0.008695652173913044,0.991304347826087,115
2,9,5,4,3-3-3-3,0.9187059999233714,0.08129400007662858,1413
2,9,5,4,3-3-3-4,0.01712608541442056,0.9828739145855795,4597
2,9,5,4,3-3-3-5,0.00568030082950535,0.9943196991704947,3568
2,9,5,4,3-3-3-6,0.0011325028312570782,0.9988674971687429,1766
2,9,5,4,3-3-3-7,0.0015015015015015015,0.9984984984984985,666
2,9,5,4,3-3-3-8,0.029411764705882353,0.9705882352941176,170
2,9,5,4,3-3-3-9,0.20833333333333334,0.7916666666666666,36
2,9,5,4,3-3-4-10,0.5,0.5,2
2,9,5,4,3-3-4-4,0.00018738288569643974,0.9998126171143036,8005
2,9,5,4,3-3-4-5,4.466279589102278e-05,0.999955337204109,11195
2,9,5,4,3-3-4-6,0.0003693444136657433,0.9996306555863342,5415
2,9,5,4,3-3-4-7,0.0017232890201870998,0.9982767109798129,2031
2,9,5,4,3-3-4-8,0.008272058823529412,0.9917279411764706,544
2,9,5,4,3-3-4-9,0.3283582089552239,0.6716417910447762,67
2,9,5,4,3-3-5-10,0.5,0.5,3
2,9,5,4,3-3-5-5,0.0004895241824946152,0.9995104758175054,5107
2,9,5,4,3-3-5-6,9.359790340696369e-05,0.999906402096593,5342
2,9,5,4,3-3-5-7,0.0012518778167250877,0.9987481221832749,1997
2,9,5,4,3-3-5-8,0.002688172043010753,0.9973118279569892,558
2,9,5,4,3-3-5-9,0.011627906976744186,0.9883720930232558,86
2,9,5,4,3-3-6-10,0.5,0.5,1
2,9,5,4,3-3-6-6,0.001271186440677966,0.9987288135593221,2360
2,9,5,4,3-3-6-7,0.00025497195308516065,0.9997450280469148,1961
2,9,5,4,3-3-6-8,0.0017482517482517483,0.9982517482517482,572
2,9,5,4,3-3-6-9,0.05172413793103448,0.9482758620689655,87
2,9,5,4,3-3-7-10,0.16666666666666666,0.8333333333333334,6
2,9,5,4,3-3-7-7,0.002531645569620253,0.9974683544303797,790
2,9,5,4,3-3-7-8,0.0044964028776978415,0.9955035971223022,556
2,9,5,4,3-3-7-9,0.06395348837209303,0.936046511627907,86
2,9,5,4,3-3-8-10,0.5,0.5,3
2,9,5,4,3-3-8-8,0.04956896551724138,0.9504310344827587,232
2,9,5,4,3-3-8-9,0.03225806451612903,0.967741935483871,62
2,9,5,4,3-3-9-10,0.5,0.5,1
2,9,5,4,3-3-9-9,0.38095238095238093,0.6190476190476191,21
2,9,5,4,3-4-4-10,0.3,0.7,5
2,9,5,4,3-4-4-4,0.0009691800736576856,0.9990308199263424,5159
2,9,5,4,3-4-4-5,0.0016093953892996956,0.9983906046107003,11495
2,9,5,4,3-4-4-6,0.0010317013693490903,0.998968298630651,5331
2,9,5,4,3-4-4-7,0.0007488766849725411,0.9992511233150274,2003
2,9,5,4,3-4-4-8,0.04275092936802974,0.9572490706319703,538
2,9,5,4,3-4-4-9,0.00684931506849315,0.9931506849315068,73
2,9,5,4,3-4-5-10,0.5,0.5,6
2,9,5,4,3-4-5-5,0.001001908396946565,0.9989980916030534,10480
2,9,5,4,3-4-5-6,0.00037379684141669004,0.9996262031585833,10701
2,9,5,4,3-4-5-7,0.0028212362144139523,0.997178763785586,3899
2,9,5,4,3-4-5-8,0.003745318352059925,0.9962546816479401,1068
2,9,5,4,3-4-5-9,0.08333333333333333,0.9166666666666666,150
2,9,5,4,3-4-6-10,0.25,0.75,6
2,9,5,4,3-4-6-6,0.004313595032157908,0.9956864049678421,4509
2,9,5,4,3-4-6-7,0.001125,0.998875,4000
2,9,5,4,3-4-6-8,0.02304147465437788,0.9769585253456221,1085
2,9,5,4,3-4-6-9,0.07446808510638298,0.925531914893617,141
2,9,5,4,3-4-7-10,0.5,0.5,4
2,9,5,4,3-4-7-7,0.0018192844147968466,0.9981807155852032,1649
2,9,5,4,3-4-7-8,0.001388888888888889,0.9986111111111111,1080
2,9,5,4,3-4-7-9,0.011627906976744186,0.9883720930232558,172
2,9,5,4,3-4-8-10,0.5,0.5,3
2,9,5,4,3-4-8-8,0.00823529411764706,0.991764705882353,425
2,9,5,4,3-4-8-9,0.09740259740259741,0.9025974025974026,154
2,9,5,4,3-4-9-10,0.25,0.75,4
2,9,5,4,3-4-9-9,0.12745098039215685,0.8725490196078431,51
2,9,5,4,3-5-5-10,0.5,0.5,3
2,9,5,4,3-5-5-5,0.002622647331070657,0.9973773526689294,3241
2,9,5,4,3-5-5-6,0.0005600149337315662,0.9994399850662684,5357
2,9,5,4,3-5-5-7,0.001027221366204417,0.9989727786337956,1947
2,9,5,4,3-5-5-8,0.011342155009451797,0.9886578449905482,529
2,9,5,4,3-5-5-9,0.01694915254237288,0.9830508474576272,59
2,9,5,4,3-5-6-10,0.5,0.5,5
2,9,5,4,3-5-6-6,0.00334267845589821,0.9966573215441018,4637
2,9,5,4,3-5-6-7,0.0003711952487008166,0.9996288047512992,4041
2,9,5,4,3-5-6-8,0.0013464991023339318,0.998653500897666,1114
2,9,5,4,3-5-6-9,0.005555555555555556,0.9944444444444445,180
2,9,5,4,3-5-7-10,0.5,0.5,5
2,9,5,4,3-5-7-7,0.0009380863039399625,0.99906191369606,1599
2,9,5,4,3-5-7-8,0.011764705882352941,0.9882352941176471,1105
2,9,5,4,3-5-7-9,0.0029940119760479044,0.9970059880239521,167
2,9,5,4,3-5-8-10,0.2,0.8,5
2,9,5,4,3-5-8-8,0.003694581280788177,0.9963054187192119,406
2,9,5,4,3-5-8-9,0.042682926829268296,0.9573170731707317,164
2,9,5,4,3-5-9-9,0.2391304347826087,0.7608695652173914,46
2,9,5,4,3-6-6-10,0.5,0.5,2
2,9,5,4,3-6-6-6,0.001467351430667645,0.9985326485693323,1363
2,9,5,4,3-6-6-7,0.00202122283981809,0.9979787771601819,1979
2,9,5,4,3-6-6-8,0.0036968576709796672,0.9963031423290203,541
2,9,5,4,3-6-6-9,0.09722222222222222,0.9027777777777778,72
2,9,5,4,3-6-7-10,0.08333333333333333,0.9166666666666666,6
2,9,5,4,3-6-7-7,0.0006097560975609756,0.999390243902439,1640
2,9,5,4,3-6-7-8,0.009363295880149813,0.9906367041198502,1068
2,9,5,4,3-6-7-9,0.015822784810126583,0.9841772151898734,158
2,9,5,4,3-6-8-8,0.015463917525773196,0.9845360824742269,388
2,9,5,4,3-6-8-9,0.019444444444444445,0.9805555555555555,180
2,9,5,4,3-7-7-7,0.0029411764705882353,0.9970588235294118,510
2,9,5,4,3-7-7-8,0.004770992366412214,0.9952290076335878,524
2,9,5,4,3-7-7-9,0.04861111111111111,0.9513888888888888,72
2,9,5,4,3-7-8-8,0.008974358974358974,0.9910256410256411,390
2,9,5,4,4-4-4-4,0.011297912853483888,0.9887020871465161,1406
2,9,5,4,4-4-4-5,0.0001365001365001365,0.9998634998634999,3663
2,9,5,4,4-4-4-6,0.00029394473838918284,0.9997060552616108,1701
2,9,5,4,4-4-4-7,0.003681885125184094,0.9963181148748159,679
2,9,5,4,4-4-4-8,0.009316770186335404,0.9906832298136646,161
2,9,5,4,4-4-4-9,0.2,0.8,25
2,9,5,4,4-4-5-10,0.5,0.5,4
2,9,5,4,4-4-5-5,0.010338502905947526,0.9896614970940525,5118
2,9,5,4,4-4-5-6,0.0010367577756833176,0.9989632422243166,5305
2,9,5,4,4-4-5-7,0.0012153621779290229,0.9987846378220709,2057
2,9,5,4,4-4-5-8,0.0009596928982725527,0.9990403071017274,521
2,9,5,4,4-4-5-9,0.04477611940298507,0.9552238805970149,67
2,9,5,4,4-4-6-10,0.5,0.5,3
2,9,5,4,4-4-6-6,0.0008802816901408451,0.9991197183098591,2272
2,9,5,4,4-4-6-7,0.0018191268191268192,0.9981808731808732,1924
2,9,5,4,4-4-6-8,0.05360320284697509,0.9463967971530249,562
2,9,5,4,4-4-6-9,0.02054794520547945,0.9794520547945206,73
2,9,5,4,4-4-7-10,0.08333333333333333,0.9166666666666666,6
2,9,5,4,4-4-7-7,0.006387921022067364,0.9936120789779327,861
2,9,5,4,4-4-7-8,0.011948529411764705,0.9880514705882353,544
2,9,5,4,4-4-7-9,0.05333333333333334,0.9466666666666667,75
2,9,5,4,4-4-8-10,0.5,0.5,5
2,9,5,4,4-4-8-8,0.009523809523809525,0.9904761904761905,210
2,9,5,4,4-4-8-9,0.09154929577464789,0.9084507042253521,71
2,9,5,4,4-4-9-9,0.13333333333333333,0.8666666666666667,30
2,9,5,4,4-5-5-10,0.5,0.5,1
2,9,5,4,4-5-5-5,0.00030845157310302283,0.999691548426897,3242
2,9,5,4,4-5-5-6,0.0012093023255813954,0.9987906976744186,5375
2,9,5,4,4-5-5-7,0.0004748338081671415,0.9995251661918328,2106
2,9,5,4,4-5-5-8,0.0058348294434470375,0.994165170556553,557
2,9,5,4,4-5-5-9,0.08522727272727272,0.9147727272727273,88
2,9,5,4,4-5-6-10,0.5,0.5,1
2,9,5,4,4-5-6-6,0.004215304798962386,0.9957846952010376,4626
2,9,5,4,4-5-6-7,0.0005226025607525476,0.9994773974392475,3827
2,9,5,4,4-5-6-8,0.002268602540834846,0.9977313974591652,1102
2,9,5,4,4-5-6-9,0.003355704697986577,0.9966442953020134,149
2,9,5,4,4-5-7-10,0.5,0.5,5
2,9,5,4,4-5-7-7,0.00148720999405116,0.9985127900059488,1681
2,9,5,4,4-5-7-8,0.003714020427112349,0.9962859795728877,1077
2,9,5,4,4-5-7-9,0.013966480446927373,0.9860335195530726,179
2,9,5,4,4-5-8-8,0.01076555023923445,0.9892344497607656,418
2,9,5,4,4-5-8-9,0.002890173410404624,0.9971098265895953,173
2,9,5,4,4-6-6-10,0.5,0.5,1
2,9,5,4,4-6-6-6,0.0038569424964936885,0.9961430575035063,1426
2,9,5,4,4-6-6-7,0.0004887585532746823,0.9995112414467253,2046
2,9,5,4,4-6-6-8,0.01011804384485666,0.9898819561551433,593
2,9,5,4,4-6-6-9,0.02976190476190476,0.9702380952380952,84
2,9,5,4,4-6-7-7,0.0040173053152039555,0.995982694684796,1618
2,9,5,4,4-6-7-8,0.009107468123861567,0.9908925318761385,1098
2,9,5,4,4-6-7-9,0.024844720496894408,0.9751552795031055,161
2,9,5,4,4-6-8-8,0.02132701421800948,0.9786729857819905,422
2,9,5,4,4-7-7-7,0.04794520547945205,0.952054794520548,511
2,9,5,4,4-7-7-8,0.017495395948434623,0.9825046040515654,543
2,9,5,4,5-5-5-5,0.0006765899864682003,0.9993234100135318,739
2,9,5,4,5-5-5-6,0.0005431830526887561,0.9994568169473113,1841
2,9,5,4,5-5-5-7,0.014603616133518776,0.9853963838664812,719
2,9,5,4,5-5-5-8,0.002617801047120419,0.9973821989528796,191
2,9,5,4,5-5-5-9,0.15,0.85,30
2,9,5,4,5-5-6-10,0.5,0.5,2
2,9,5,4,5-5-6-6,0.0032996040475142983,0.9967003959524857,2273
2,9,5,4,5-5-6-7,0.0005012531328320802,0.9994987468671679,1995
2,9,5,4,5-5-6-8,0.0009057971014492754,0.9990942028985508,552
2,9,5,4,5-5-6-9,0.18831168831168832,0.8116883116883117,77
2,9,5,4,5-5-7-7,0.006105006105006105,0.9938949938949939,819
2,9,5,4,5-5-7-8,0.007079646017699115,0.9929203539823008,565
2,9,5,4,5-5-7-9,0.03289473684210526,0.9671052631578947,76
2,9,5,4,5-5-8-8,0.0025,0.9975,200
2,9,5,4,5-6-6-6,0.0010972933430870519,0.9989027066569129,1367
2,9,5,4,5-6-6-7,0.0004972650422675286,0.9995027349577325,2011
2,9,5,4,5-6-6-8,0.025735294117647058,0.9742647058823529,544
2,9,5,4,5-6-6-9,0.06818181818181818,0.9318181818181818,88
2,9,5,4,5-6-7-7,0.0024906600249066002,0.9975093399750934,1606
2,9,5,4,5-6-7-8,0.0009242144177449168,0.9990757855822551,1082
2,9,5,4,5-7-7-7,0.0010245901639344263,0.9989754098360656,488
2,9,5,4,6-6-6-6,0.004545454545454545,0.9954545454545455,330
2,9,5,4,6-6-6-7,0.005303030303030303,0.9946969696969697,660
2,9,5,4,6-6-6-8,0.011049723756906077,0.988950276243094,181
2,9,5,4,6-6-7-7,0.023493975903614458,0.9765060240963855,830
2,11,6,5,1-1-1-1,0.04005406943653956,0.9599459305634604,8785
2,11,6,5,1-1-1-2,0.001885993610715523,0.9981140063892845,25981
2,11,6,5,1-1-1-3,0.0037209912388503712,0.9962790087611496,14260
2,11,6,5,1-1-1-4,0.0008696173683579226,0.9991303826316421,8337
2,11,6,5,1-1-1-5,0.004081095313322802,0.9959189046866772,3798
2,11,6,5,1-1-1-6,0.0010309278350515464,0.9989690721649485,1455
2,11,6,5,1-1-1-7,0.011278195488721804,0.9887218045112782,399
2,11,6,5,1-1-1-8,0.011904761904761904,0.9880952380952381,84
2,11,6,5,1-1-1-9,0.5,0.5,4
2,11,6,5,1-1-2-2,0.0529758825352514,0.9470241174647486,28854
2,11,6,5,1-1-2-3,0.0011877742667396806,0.9988122257332603,40324
2,11,6,5,1-1-2-4,0.0002676369352521887,0.9997323630647479,24598
2,11,6,5,1-1-2-5,0.0001321353065539112,0.9998678646934461,11352
2,11,6,5,1-1-2-6,0.00024271844660194174,0.999757281553398,4120
2,11,6,5,1-1-2-7,0.02,0.98,1200
2,11,6,5,1-1-2-8,0.01152073732718894,0.988479262672811,217
2,11,6,5,1-1-2-9,0.43125,0.56875,16
2,11,6,5,1-1-3-10,0.5,0.5,1
2,11,6,5,1-1-3-3,0.0021837074486180455,0.9978162925513819,15966
2,11,6,5,1-1-3-4,6.351894982002965e-05,0.99993648105018,23615
2,11,6,5,1-1-3-5,4.387504387504387e-05,0.999956124956125,11396
2,11,6,5,1-1-3-6,0.00035294117647058826,0.9996470588235294,4250
2,11,6,5,1-1-3-7,0.0031746031746031746,0.9968253968253968,1260
2,11,6,5,1-1-3-8,0.0020920502092050207,0.997907949790795,239
2,11,6,5,1-1-3-9,0.09722222222222222,0.9027777777777778,36
2,11,6,5,1-1-4-4,0.00013984710050344958,0.9998601528994966,10726
2,11,6,5,1-1-4-5,0.0002158894645941278,0.9997841105354058,11580
2,11,6,5,1-1-4-6,0.0006024096385542169,0.9993975903614458,4150
2,11,6,5,1-1-4-7,0.0015987210231814548,0.9984012789768185,1251
2,11,6,5,1-1-4-8,0.0058823529411764705,0.9941176470588236,255
2,11,6,5,1-1-4-9,0.020833333333333332,0.9791666666666666,24
2,11,6,5,1-1-5-10,0.5,0.5,1
2,11,6,5,1-1-5-5,0.0006151322534344885,0.9993848677465655,4877
2,11,6,5,1-1-5-6,0.0007211538461538462,0.9992788461538461,4160
2,11,6,5,1-1-5-7,0.0004048582995951417,0.9995951417004049,1235
2,11,6,5,1-1-5-8,0.004366812227074236,0.9956331877729258,229
2,11,6,5,1-1-5-9,0.029411764705882353,0.9705882352941176,17
2,11,6,5,1-1-6-10,0.5,0.5,1
2,11,6,5,1-1-6-6,0.00381903642773208,0.9961809635722679,1702
2,11,6,5,1-1-6-7,0.0003965107057890563,0.999603489294211,1261
2,11,6,5,1-1-6-8,0.009541984732824428,0.9904580152671756,262
2,11,6,5,1-1-6-9,0.017857142857142856,0.9821428571428571,28
2,11,6,5,1-1-7-7,0.0010893246187363835,0.9989106753812637,459
2,11,6,5,1-1-7-8,0.009505703422053232,0.9904942965779467,263
2,11,6,5,1-1-7-9,0.11363636363636363,0.8863636363636364,22
2,11,6,5,1-1-8-8,0.006097560975609756,0.9939024390243902,82
2,11,6,5,1-1-8-9,0.06,0.94,25
2,11,6,5,1-1-9-9,0.125,0.875,8
2,11,6,5,1-2-2-10,0.5,0.5,1
2,11,6,5,1-2-2-2,0.947771015617624,0.05222898438237604,13793
2,11,6,5,1-2-2-3,0.00019118892196760714,0.9998088110780324,36613
2,11,6,5,1-2-2-4,0.0005638381347382577,0.9994361618652617,24330
2,11,6,5,1-2-2-5,0.005569417216182498,0.9944305827838175,11222
2,11,6,5,1-2-2-6,0.00011798017932987259,0.9998820198206702,4238
2,11,6,5,1-2-2-7,0.0032824112303881095,0.9967175887696119,1211
2,11,6,5,1-2-2-8,0.037037037037037035,0.9629629629629629,270
2,11,6,5,1-2-2-9,0.018518518518518517,0.9814814814814815,27
2,11,6,5,1-2-3-3,0.0017602398898090273,0.998239760110191,24370
2,11,6,5,1-2-3-4,5.696577496240259e-05,0.9999430342250376,43886
2,11,6,5,1-2-3-5,0.00024409728386295048,0.999755902716137,22532
2,11,6,5,1-2-3-6,0.003799121453163956,0.996200878546836,8423
2,11,6,5,1-2-3-7,0.0024559967253376994,0.9975440032746623,2443
2,11,6,5,1-2-3-8,0.005175983436853002,0.994824016563147,483
2,11,6,5,1-2-3-9,0.038461538461538464,0.9615384615384616,39
2,11,6,5,1-2-4-10,0.5,0.5,1
2,11,6,5,1-2-4-4,0.0005046621166971066,0.9994953378833029,20806
2,11,6,5,1-2-4-5,2.19693308141834e-05,0.9999780306691858,22759
2,11,6,5,1-2-4-6,0.0005407354001441961,0.9994592645998558,8322
2,11,6,5,1-2-4-7,0.00039308176100628933,0.9996069182389937,2544
2,11,6,5,1-2-4-8,0.010183299389002037,0.9898167006109979,491
2,11,6,5,1-2-4-9,0.0375,0.9625,40
2,11,6,5,1-2-5-10,0.5,0.5,3
2,11,6,5,1-2-5-5,0.00015511892450879007,0.9998448810754912,9670
2,11,6,5,1-2-5-6,0.00041060534960112624,0.9995893946503989,8524
2,11,6,5,1-2-5-7,0.004815573770491803,0.9951844262295082,2440
2,11,6,5,1-2-5-8,0.00202020202020202,0.997979797979798,495
2,11,6,5,1-2-5-9,0.1,0.9,50
2,11,6,5,1-2-6-10,0.5,0.5,1
2,11,6,5,1-2-6-6,0.0014788524105294291,0.9985211475894705,3381
2,11,6,5,1-2-6-7,0.0031885213232363493,0.9968114786767637,2509
2,11,6,5,1-2-6-8,0.0041928721174004195,0.9958071278825996,477
2,11,6,5,1-2-6-9,0.08823529411764706,0.9117647058823529,34
2,11,6,5,1-2-7-7,0.0010235414534288639,0.9989764585465711,977
2,11,6,5,1-2-7-8,0.004873294346978557,0.9951267056530214,513
2,11,6,5,1-2-7-9,0.013513513513513514,0.9864864864864865,37
2,11,6,5,1-2-8-10,0.5,0.5,1
2,11,6,5,1-2-8-8,0.005681818181818182,0.9943181818181818,176
2,11,6,5,1-2-8-9,0.0603448275862069,0.9396551724137931,58
2,11,6,5,1-2-9-10,0.5,0.5,1
2,11,6,5,1-2-9-9,0.038461538461538464,0.9615384615384616,13
2,11,6,5,1-3-3-3,0.000259773996622938,0.9997402260033771,7699
2,11,6,5,1-3-3-4,0.00018472337674332686,0.9998152766232566,21654
2,11,6,5,1-3-3-5,0.00039756162205141797,0.9996024383779486,11319
2,11,6,5,1-3-3-6,0.0007714217896985521,0.9992285782103014,4213
2,11,6,5,1-3-3-7,0.0035971223021582736,0.9964028776978417,1251
2,11,6,5,1-3-3-8,0.023200757575757576,0.9767992424242424,264
2,11,6,5,1-3-3-9,0.19047619047619047,0.8095238095238095,21
2,11,6,5,1-3-4-4,0.0002043213975583593,0.9997956786024417,19577
2,11,6,5,1-3-4-5,0.00013225180744136836,0.9998677481925586,22684
2,11,6,5,1-3-4-6,5.969436485195797e-05,0.999940305635148,8376
2,11,6,5,1-3-4-7,0.002170481452249408,0.9978295185477506,2534
2,11,6,5,1-3-4-8,0.020224719101123594,0.9797752808988764,445
2,11,6,5,1-3-4-9,0.21428571428571427,0.7857142857142857,49
2,11,6,5,1-3-5-5,0.00010355182768975873,0.9998964481723103,9657
2,11,6,5,1-3-5-6,0.0017427884615384616,0.9982572115384616,8320
2,11,6,5,1-3-5-7,0.0002044153720359771,0.999795584627964,2446
2,11,6,5,1-3-5-8,0.011578947368421053,0.988421052631579,475
2,11,6,5,1-3-5-9,0.02631578947368421,0.9736842105263158,38
2,11,6,5,1-3-6-6,0.001145475372279496,0.9988545246277205,3492
2,11,6,5,1-3-6-7,0.0004137360364087712,0.9995862639635912,2417
2,11,6,5,1-3-6-8,0.00847457627118644,0.9915254237288136,472
2,11,6,5,1-3-6-9,0.0625,0.9375,40
2,11,6,5,1-3-7-10,0.5,0.5,1
2,11,6,5,1-3-7-7,0.0065005417118093175,0.9934994582881906,923
2,11,6,5,1-3-7-8,0.020833333333333332,0.9791666666666666,480
2,11,6,5,1-3-7-9,0.043478260869565216,0.9565217391304348,46
2,11,6,5,1-3-8-8,0.005813953488372093,0.9941860465116279,172
2,11,6,5,1-3-8-9,0.03571428571428571,0.9642857142857143,42
2,11,6,5,1-3-9-9,0.4,0.6,5
2,11,6,5,1-4-4-4,0.00039980809211578443,0.9996001919078842,6253
2,11,6,5,1-4-4-5,0.0007514144271570014,0.999248585572843,11312
2,11,6,5,1-4-4-6,0.0010583254938852304,0.9989416745061148,4252
2,11,6,5,1-4-4-7,0.0012809564474807857,0.9987190435525192,1171
2,11,6,5,1-4-4-8,0.004,0.996,250
2,11,6,5,1-4-4-9,0.05555555555555555,0.9444444444444444,18
2,11,6,5,1-4-5-5,0.0003569971440228478,0.9996430028559772,9804
2,11,6,5,1-4-5-6,0.0007613915895513647,0.9992386084104486,8537
2,11,6,5,1-4-5-7,0.0005926511260371395,0.9994073488739629,2531
2,11,6,5,1-4-5-8,0.00102880658436214,0.9989711934156379,486
2,11,6,5,1-4-5-9,0.013888888888888888,0.9861111111111112,36
2,11,6,5,1-4-6-6,0.00014413375612568464,0.9998558662438743,3469
2,11,6,5,1-4-6-7,0.006778964667214462,0.9932210353327855,2434
2,11,6,5,1-4-6-8,0.009278350515463918,0.9907216494845361,485
2,11,6,5,1-4-6-9,0.08,0.92,50
2,11,6,5,1-4-7-7,0.015521155830753362,0.9844788441692467,950
2,11,6,5,1-4-7-8,0.0055248618784530384,0.994475138121547,543
2,11,6,5,1-4-7-9,0.016129032258064516,0.9838709677419355,62
2,11,6,5,1-4-8-8,0.00872093023255814,0.9912790697674418,172
2,11,6,5,1-4-8-9,0.009615384615384616,0.9903846153846154,52
2,11,6,5,1-4-9-10,0.5,0.5,1
2,11,6,5,1-4-9-9,0.5,0.5,14
2,11,6,5,1-5-5-5,0.000346860908775581,0.9996531390912244,2883
2,11,6,5,1-5-5-6,0.0010628247520075578,0.9989371752479924,4234
2,11,6,5,1-5-5-7,0.00201450443190975,0.9979854955680902,1241
2,11,6,5,1-5-5-8,0.05803571428571429,0.9419642857142857,224
2,11,6,5,1-5-5-9,0.03333333333333333,0.9666666666666667,15
2,11,6,5,1-5-6-6,0.0040773180308064025,0.9959226819691936,3311
2,11,6,5,1-5-6-7,0.002639058059277304,0.9973609419407227,2463
2,11,6,5,1-5-6-8,0.002066115702479339,0.9979338842975206,484
2,11,6,5,1-5-6-9,0.10869565217391304,0.8913043478260869,46
2,11,6,5,1-5-7-7,0.0010672358591248667,0.9989327641408752,937
2,11,6,5,1-5-7-8,0.010548523206751054,0.989451476793249,474
2,11,6,5,1-5-7-9,0.06818181818181818,0.9318181818181818,44
2,11,6,5,1-5-8-8,0.01881720430107527,0.9811827956989247,186
2,11,6,5,1-5-8-9,0.14583333333333334,0.8541666666666666,48
2,11,6,5,1-5-9-10,0.5,0.5,2
2,11,6,5,1-5-9-9,0.5,0.5,10
2,11,6,5,1-6-6-6,0.00249500998003992,0.9975049900199601,1002
2,11,6,5,1-6-6-7,0.00042052144659377626,0.9995794785534062,1189
2,11,6,5,1-6-6-8,0.015086206896551725,0.9849137931034483,232
2,11,6,5,1-6-6-9,0.041666666666666664,0.9583333333333334,24
2,11,6,5,1-6-7-7,0.006351039260969977,0.99364896073903,866
2,11,6,5,1-6-7-8,0.021551724137931036,0.978448275862069,464
2,11,6,5,1-6-7-9,0.1590909090909091,0.8409090909090909,44
2,11,6,5,1-6-8-10,0.5,0.5,1
2,11,6,5,1-6-8-8,0.015527950310559006,0.984472049689441,161
2,11,6,5,1-6-8-9,0.029411764705882353,0.9705882352941176,34
2,11,6,5,1-6-9-10,0.5,0.5,1
2,11,6,5,1-6-9-9,0.029411764705882353,0.9705882352941176,17
2,11,6,5,1-7-7-7,0.007905138339920948,0.9920948616600791,253
2,11,6,5,1-7-7-8,0.031007751937984496,0.9689922480620154,258
2,11,6,5,1-7-7-9,0.09090909090909091,0.9090909090909091,22
2,11,6,5,1-7-8-8,0.03089887640449438,0.9691011235955056,178
2,11,6,5,1-7-8-9,0.056818181818181816,0.9431818181818182,44
2,11,6,5,1-7-9-9,0.35,0.65,10
2,11,6,5,1-8-8-8,0.012195121951219513,0.9878048780487805,41
2,11,6,5,1-8-8-9,0.04,0.96,25
2,11,6,5,2-2-2-10,0.5,0.5,1
2,11,6,5,2-2-2-2,0.923216405662519,0.07678359433748098,3134
2,11,6,5,2-2-2-3,0.8256508318624975,0.17434916813750242,9222
2,11,6,5,2-2-2-4,0.0027119452354104007,0.9972880547645896,7725
2,11,6,5,2-2-2-5,0.0008064516129032258,0.9991935483870967,3720
2,11,6,5,2-2-2-6,0.0003586800573888092,0.9996413199426112,1394
2,11,6,5,2-2-2-7,0.011083743842364532,0.9889162561576355,406
2,11,6,5,2-2-2-8,0.011235955056179775,0.9887640449438202,89
2,11,6,5,2-2-2-9,0.5,0.5,4
2,11,6,5,2-2-3-3,0.36740119340460725,0.6325988065953928,11927
2,11,6,5,2-2-3-4,0.00020185708518368994,0.9997981429148163,22293
2,11,6,5,2-2-3-5,4.3346337234503684e-05,0.9999566536627655,11535
2,11,6,5,2-2-3-6,0.0011825922421948912,0.9988174077578051,4228
2,11,6,5,2-2-3-7,0.0004302925989672978,0.9995697074010327,1162
2,11,6,5,2-2-3-8,0.0022522522522522522,0.9977477477477478,222
2,11,6,5,2-2-3-9,0.06666666666666667,0.9333333333333333,15
2,11,6,5,2-2-4-10,0.5,0.5,2
2,11,6,5,2-2-4-4,9.46073793755913e-05,0.9999053926206244,10570
2,11,6,5,2-2-4-5,0.0011921582479689156,0.9988078417520311,11324
2,11,6,5,2-2-4-6,0.00011961722488038278,0.9998803827751196,4180
2,11,6,5,2-2-4-7,0.0003946329913180742,0.999605367008682,1267
2,11,6,5,2-2-4-8,0.006818181818181818,0.9931818181818182,220
2,11,6,5,2-2-4-9,0.11904761904761904,0.8809523809523809,21
2,11,6,5,2-2-5-5,0.00030637254901960784,0.9996936274509803,4896
2,11,6,5,2-2-5-6,0.00035739814152966406,0.9996426018584703,4197
2,11,6,5,2-2-5-7,0.0004038772213247173,0.9995961227786753,1238
2,11,6,5,2-2-5-8,0.0022935779816513763,0.9977064220183486,218
2,11,6,5,2-2-5-9,0.05555555555555555,0.9444444444444444,18
2,11,6,5,2-2-6-6,0.0024549918166939444,0.997545008183306,1833
2,11,6,5,2-2-6-7,0.011301989150090416,0.9886980108499096,1106
2,11,6,5,2-2-6-8,0.00398406374501992,0.9960159362549801,251
2,11,6,5,2-2-6-9,0.07894736842105263,0.9210526315789473,19
2,11,6,5,2-2-7-7,0.002912621359223301,0.9970873786407767,515
2,11,6,5,2-2-7-8,0.016194331983805668,0.9838056680161943,247
2,11,6,5,2-2-7-9,0.10869565217391304,0.8913043478260869,23
2,11,6,5,2-2-8-10,0.5,0.5,1
2,11,6,5,2-2-8-8,0.010752688172043012,0.989247311827957,93
2,11,6,5,2-2-8-9,0.63125,0.36875,20
2,11,6,5,2-2-9-10,0.5,0.5,1
2,11,6,5,2-2-9-9,0.2222222222222222,0.7777777777777778,9
2,11,6,5,2-3-3-3,0.19710125397392136,0.8028987460260787,7391
2,11,6,5,2-3-3-4,0.0011047746012936355,0.9988952253987063,20253
2,11,6,5,2-3-3-5,0.0004318363008238108,0.9995681636991762,11289
2,11,6,5,2-3-3-6,0.0007985398129135296,0.9992014601870864,4383
2,11,6,5,2-3-3-7,0.0007886435331230284,0.999211356466877,1268
2,11,6,5,2-3-3-8,0.001953125,0.998046875,256
2,11,6,5,2-3-3-9,0.5,0.5,14
2,11,6,5,2-3-4-4,0.0003530539163766581,0.9996469460836234,19827
2,11,6,5,2-3-4-5,0.00017776197671318106,0.9998222380232868,22502
2,11,6,5,2-3-4-6,0.00035104142288790077,0.9996489585771121,8546
2,11,6,5,2-3-4-7,0.0001972386587771203,0.9998027613412229,2535
2,11,6,5,2-3-4-8,0.018085106382978722,0.9819148936170212,470
2,11,6,5,2-3-4-9,0.013157894736842105,0.9868421052631579,38
2,11,6,5,2-3-5-5,0.0002633796881584492,0.9997366203118415,9492
2,11,6,5,2-3-5-6,0.0002869605142332415,0.9997130394857667,8712
2,11,6,5,2-3-5-7,0.004940711462450593,0.9950592885375494,2530
2,11,6,5,2-3-5-8,0.0032258064516129032,0.9967741935483871,465
2,11,6,5,2-3-5-9,0.044444444444444446,0.9555555555555556,45
2,11,6,5,2-3-6-10,0.5,0.5,1
2,11,6,5,2-3-6-6,0.002158894645941278,0.9978411053540587,3474
2,11,6,5,2-3-6-7,0.0014595496246872393,0.9985404503753128,2398
2,11,6,5,2-3-6-8,0.00631578947368421,0.9936842105263158,475
2,11,6,5,2-3-6-9,0.027777777777777776,0.9722222222222222,36
2,11,6,5,2-3-7-10,0.5,0.5,1
2,11,6,5,2-3-7-7,0.0037313432835820895,0.996268656716418,938
2,11,6,5,2-3-7-8,0.0020964360587002098,0.9979035639412998,477
2,11,6,5,2-3-7-9,0.043859649122807015,0.956140350877193,57
2,11,6,5,2-3-8-8,0.005434782608695652,0.9945652173913043,184
2,11,6,5,2-3-8-9,0.046875,0.953125,32
2,11,6,5,2-3-9-9,0.3,0.7,10
2,11,6,5,2-4-4-4,0.00016390755613833797,0.9998360924438616,6101
2,11,6,5,2-4-4-5,0.0011448097117055345,0.9988551902882945,11102
2,11,6,5,2-4-4-6,0.00035377358490566035,0.9996462264150944,4240
2,11,6,5,2-4-4-7,0.012254901960784314,0.9877450980392157,1275
2,11,6,5,2-4-4-8,0.02391304347826087,0.9760869565217392,230
2,11,6,5,2-4-4-9,0.045454545454545456,0.9545454545454546,22
2,11,6,5,2-4-5-5,0.0006219550119208044,0.9993780449880793,9647
2,11,6,5,2-4-5-6,0.00041971459407602824,0.9995802854059239,8339
2,11,6,5,2-4-5-7,0.0006255212677231026,0.9993744787322769,2398
2,11,6,5,2-4-5-8,0.0019342359767891683,0.9980657640232108,517
2,11,6,5,2-4-5-9,0.01020408163265306,0.9897959183673469,49
2,11,6,5,2-4-6-10,0.375,0.625,4
2,11,6,5,2-4-6-6,0.00014413375612568464,0.9998558662438743,3469
2,11,6,5,2-4-6-7,0.003417772416566144,0.9965822275834338,2487
2,11,6,5,2-4-6-8,0.0010121457489878543,0.9989878542510121,494
2,11,6,5,2-4-6-9,0.16666666666666666,0.8333333333333334,39
2,11,6,5,2-4-7-10,0.5,0.5,1
2,11,6,5,2-4-7-7,0.0005165289256198347,0.9994834710743802,968
2,11,6,5,2-4-7-8,0.023127753303964757,0.9768722466960352,454
2,11,6,5,2-4-7-9,0.313953488372093,0.686046511627907,43
2,11,6,5,2-4-8-10,0.5,0.5,1
2,11,6,5,2-4-8-8,0.014970059880239521,0.9850299401197605,167
2,11,6,5,2-4-8-9,0.3469387755102041,0.6530612244897959,49
2,11,6,5,2-4-9-10,0.5,0.5,1
2,11,6,5,2-4-9-9,0.08333333333333333,0.9166666666666666,12
2,11,6,5,2-5-5-5,0.0005015045135406219,0.9994984954864594,2991
2,11,6,5,2-5-5-6,0.0015133876600698488,0.9984866123399302,4295
2,11,6,5,2-5-5-7,0.0015822784810126582,0.9984177215189873,1264
2,11,6,5,2-5-5-8,0.0043859649122807015,0.9956140350877193,228
2,11,6,5,2-5-5-9,0.017857142857142856,0.9821428571428571,28
2,11,6,5,2-5-6-10,0.5,0.5,1
2,11,6,5,2-5-6-6,0.0007190106413574921,0.9992809893586425,3477
2,11,6,5,2-5-6-7,0.004305043050430504,0.9956949569495694,2439
2,11,6,5,2-5-6-8,0.012974051896207584,0.9870259481037924,501
2,11,6,5,2-5-6-9,0.03260869565217391,0.967391304347826,46
2,11,6,5,2-5-7-7,0.013569937369519834,0.9864300626304802,958
2,11,6,5,2-5-7-8,0.045454545454545456,0.9545454545454546,495
2,11,6,5,2-5-7-9,0.1111111111111111,0.8888888888888888,54
2,11,6,5,2-5-8-8,0.036931818181818184,0.9630681818181818,176
2,11,6,5,2-5-8-9,0.041666666666666664,0.9583333333333334,36
2,11,6,5,2-5-9-9,0.1875,0.8125,8
2,11,6,5,2-6-6-6,0.008902077151335312,0.9910979228486647,1011
2,11,6,5,2-6-6-7,0.00934959349593496,0.990650406504065,1230
2,11,6,5,2-6-6-8,0.018518518518518517,0.9814814814814815,216
2,11,6,5,2-6-6-9,0.10344827586206896,0.896551724137931,29
2,11,6,5,2-6-7-7,0.004232804232804233,0.9957671957671957,945
2,11,6,5,2-6-7-8,0.008264462809917356,0.9917355371900827,484
2,11,6,5,2-6-7-9,0.0660377358490566,0.9339622641509434,53
2,11,6,5,2-6-8-8,0.0125,0.9875,160
2,11,6,5,2-6-8-9,0.024390243902439025,0.975609756097561,41
2,11,6,5,2-6-9-9,0.09090909090909091,0.9090909090909091,11
2,11,6,5,2-7-7-10,0.5,0.5,1
2,11,6,5,2-7-7-7,0.011278195488721804,0.9887218045112782,266
2,11,6,5,2-7-7-8,0.013043478260869565,0.9869565217391304,230
2,11,6,5,2-7-7-9,0.023809523809523808,0.9761904761904762,21
2,11,6,5,2-7-8-8,0.006896551724137931,0.993103448275862,145
2,11,6,5,2-7-8-9,0.15476190476190477,0.8452380952380952,42
2,11,6,5,2-8-8-8,0.15217391304347827,0.8478260869565217,46
2,11,6,5,3-3-3-3,0.07235533136719226,0.9276446686328078,1684
2,11,6,5,3-3-3-4,8.012820512820513e-05,0.9999198717948717,6240
2,11,6,5,3-3-3-5,0.00013808340237503452,0.9998619165976249,3621
2,11,6,5,3-3-3-6,0.0007168458781362007,0.9992831541218637,1395
2,11,6,5,3-3-3-7,0.007009345794392523,0.9929906542056075,428
2,11,6,5,3-3-3-8,0.045454545454545456,0.9545454545454546,66
2,11,6,5,3-3-3-9,0.2777777777777778,0.7222222222222222,9
2,11,6,5,3-3-4-10,0.5,0.5,2
2,11,6,5,3-3-4-4,0.0013492063492063493,0.9986507936507937,9450
2,11,6,5,3-3-4-5,0.00018499676255665526,0.9998150032374433,10811
2,11,6,5,3-3-4-6,0.000353440150801131,0.9996465598491989,4244
2,11,6,5,3-3-4-7,0.006860371267150928,0.9931396287328491,1239
2,11,6,5,3-3-4-8,0.010775862068965518,0.9892241379310345,232
2,11,6,5,3-3-4-9,0.3235294117647059,0.6764705882352942,17
2,11,6,5,3-3-5-5,0.0021838602329450913,0.9978161397670549,4808
2,11,6,5,3-3-5-6,0.0001199616122840691,0.9998800383877159,4168
2,11,6,5,3-3-5-7,0.0012510425354462051,0.9987489574645538,1199
2,11,6,5,3-3-5-8,0.04664179104477612,0.9533582089552238,268
2,11,6,5,3-3-5-9,0.16129032258064516,0.8387096774193549,31
2,11,6,5,3-3-6-6,0.004815864022662889,0.9951841359773371,1765
2,11,6,5,3-3-6-7,0.009322033898305085,0.9906779661016949,1180
2,11,6,5,3-3-6-8,0.001851851851851852,0.9981481481481481,270
2,11,6,5,3-3-6-9,0.5,0.5,21
2,11,6,5,3-3-7-7,0.002178649237472767,0.9978213507625272,459
2,11,6,5,3-3-7-8,0.00211864406779661,0.9978813559322034,236
2,11,6,5,3-3-7-9,0.0625,0.9375,24
2,11,6,5,3-3-8-8,0.057291666666666664,0.9427083333333334,96
2,11,6,5,3-3-8-9,0.06666666666666667,0.9333333333333333,15
2,11,6,5,3-3-9-9,0.5,0.5,4
2,11,6,5,3-4-4-4,0.004883297467306736,0.9951167025326932,6041
2,11,6,5,3-4-4-5,0.0004024684733029246,0.9995975315266971,11181
2,11,6,5,3-4-4-6,0.0019230769230769232,0.9980769230769231,4160
2,11,6,5,3-4-4-7,0.003257328990228013,0.996742671009772,1228
2,11,6,5,3-4-4-8,0.08992094861660078,0.9100790513833992,253
2,11,6,5,3-4-4-9,0.5,0.5,19
2,11,6,5,3-4-5-10,0.5,0.5,1
2,11,6,5,3-4-5-5,0.0010782501540357362,0.9989217498459643,9738
2,11,6,5,3-4-5-6,0.00017655367231638418,0.9998234463276836,8496
2,11,6,5,3-4-5-7,0.0023051131601005866,0.9976948868398994,2386
2,11,6,5,3-4-5-8,0.018255578093306288,0.9817444219066938,493
2,11,6,5,3-4-5-9,0.16666666666666666,0.8333333333333334,36
2,11,6,5,3-4-6-6,0.0017113519680547634,0.9982886480319453,3506
2,11,6,5,3-4-6-7,0.0046,0.9954,2500
2,11,6,5,3-4-6-8,0.030042918454935622,0.9699570815450643,466
2,11,6,5,3-4-6-9,0.22972972972972974,0.7702702702702703,37
2,11,6,5,3-4-7-10,0.5,0.5,2
2,11,6,5,3-4-7-7,0.0014955134596211367,0.9985044865403788,1003
2,11,6,5,3-4-7-8,0.0010204081632653062,0.9989795918367347,490
2,11,6,5,3-4-7-9,0.1346153846153846,0.8653846153846154,52
2,11,6,5,3-4-8-10,0.5,0.5,1
2,11,6,5,3-4-8-8,0.03216374269005848,0.9678362573099415,171
2,11,6,5,3-4-8-9,0.11904761904761904,0.8809523809523809,42
2,11,6,5,3-4-9-9,0.5,0.5,5
2,11,6,5,3-5-5-5,0.0020632737276478678,0.9979367262723521,2908
2,11,6,5,3-5-5-6,0.0002376990729736154,0.9997623009270263,4207
2,11,6,5,3-5-5-7,0.0012897678417884782,0.9987102321582115,1163
2,11,6,5,3-5-5-8,0.042600896860986545,0.9573991031390134,223
2,11,6,5,3-5-5-9,0.025,0.975,20
2,11,6,5,3-5-6-10,0.5,0.5,1
2,11,6,5,3-5-6-6,0.0016944365998305564,0.9983055634001694,3541
2,11,6,5,3-5-6-7,0.0002008838891120932,0.9997991161108879,2489
2,11,6,5,3-5-6-8,0.0020242914979757085,0.9979757085020243,494
2,11,6,5,3-5-6-9,0.03508771929824561,0.9649122807017544,57
2,11,6,5,3-5-7-10,0.5,0.5,1
2,11,6,5,3-5-7-7,0.00051440329218107,0.9994855967078189,972
2,11,6,5,3-5-7-8,0.005230125523012552,0.9947698744769874,478
2,11,6,5,3-5-7-9,0.029411764705882353,0.9705882352941176,51
2,11,6,5,3-5-8-8,0.01366120218579235,0.9863387978142076,183
2,11,6,5,3-5-8-9,0.05102040816326531,0.9489795918367347,49
2,11,6,5,3-5-9-9,0.29411764705882354,0.7058823529411765,17
2,11,6,5,3-6-6-6,0.012651821862348178,0.9873481781376519,988
2,11,6,5,3-6-6-7,0.0008271298593879239,0.9991728701406121,1209
2,11,6,5,3-6-6-8,0.0019230769230769232,0.9980769230769231,260
2,11,6,5,3-6-6-9,0.02631578947368421,0.9736842105263158,19
2,11,6,5,3-6-7-10,0.5,0.5,1
2,11,6,5,3-6-7-7,0.007284079084287201,0.9927159209157128,961
2,11,6,5,3-6-7-8,0.007462686567164179,0.9925373134328358,469
2,11,6,5,3-6-7-9,0.044444444444444446,0.9555555555555556,45
2,11,6,5,3-6-8-8,0.07068062827225131,0.9293193717277487,191
2,11,6,5,3-6-8-9,0.15517241379310345,0.8448275862068966,58
2,11,6,5,3-7-7-7,0.04,0.96,325
2,11,6,5,3-7-7-8,0.01702127659574468,0.9829787234042553,235
2,11,6,5,3-7-7-9,0.018518518518518517,0.9814814814814815,27
2,11,6,5,3-7-8-8,0.016129032258064516,0.9838709677419355,155
2,11,6,5,4-4-4-4,0.008129025594470948,0.991870974405529,1524
2,11,6,5,4-4-4-5,0.00013819789939192924,0.999861802100608,3618
2,11,6,5,4-4-4-6,0.0045351473922902496,0.9954648526077098,1323
2,11,6,5,4-4-4-7,0.007865168539325843,0.9921348314606742,445
2,11,6,5,4-4-4-8,0.046511627906976744,0.9534883720930233,86
2,11,6,5,4-4-4-9,0.5,0.5,7
2,11,6,5,4-4-5-5,0.0005310110450297366,0.9994689889549703,4708
2,11,6,5,4-4-5-6,0.0007347538574577516,0.9992652461425422,4083
2,11,6,5,4-4-5-7,0.0011618900077459333,0.9988381099922541,1291
2,11,6,5,4-4-5-8,0.01,0.99,250
2,11,6,5,4-4-5-9,0.5476190476190477,0.4523809523809524,21
2,11,6,5,4-4-6-6,0.005959137343927355,0.9940408626560726,1762
2,11,6,5,4-4-6-7,0.006808510638297872,0.9931914893617021,1175
2,11,6,5,4-4-6-8,0.014814814814814815,0.9851851851851852,270
2,11,6,5,4-4-6-9,0.016666666666666666,0.9833333333333333,30
2,11,6,5,4-4-7-7,0.004158004158004158,0.9958419958419958,481
2,11,6,5,4-4-7-8,0.009615384615384616,0.9903846153846154,260
2,11,6,5,4-4-7-9,0.0625,0.9375,16
2,11,6,5,4-4-8-10,0.5,0.5,1
2,11,6,5,4-4-8-8,0.015625,0.984375,96
2,11,6,5,4-4-8-9,0.5,0.5,17
2,11,6,5,4-4-9-9,0.5,0.5,7
2,11,6,5,4-5-5-10,0.5,0.5,1
2,11,6,5,4-5-5-5,0.003423485107839781,0.9965765148921603,2921
2,11,6,5,4-5-5-6,0.0014350633819660368,0.9985649366180339,4181
2,11,6,5,4-5-5-7,0.011278195488721804,0.9887218045112782,1330
2,11,6,5,4-5-5-8,0.007692307692307693,0.9923076923076923,260
2,11,6,5,4-5-5-9,0.14285714285714285,0.8571428571428571,21
2,11,6,5,4-5-6-6,0.00112139052425007,0.9988786094757499,3567
2,11,6,5,4-5-6-7,0.0010557432432432433,0.9989442567567568,2368
2,11,6,5,4-5-6-8,0.003006012024048096,0.996993987975952,499
2,11,6,5,4-5-6-9,0.28378378378378377,0.7162162162162162,37
2,11,6,5,4-5-7-10,0.5,0.5,2
2,11,6,5,4-5-7-7,0.007796257796257797,0.9922037422037422,962
2,11,6,5,4-5-7-8,0.01089108910891089,0.9891089108910891,505
2,11,6,5,4-5-7-9,0.16037735849056603,0.839622641509434,53
2,11,6,5,4-5-8-8,0.0026595744680851063,0.9973404255319149,188
2,11,6,5,4-5-8-9,0.11956521739130435,0.8804347826086957,46
2,11,6,5,4-6-6-6,0.004921259842519685,0.9950787401574803,1016
2,11,6,5,4-6-6-7,0.01096319498825372,0.9890368050117463,1277
2,11,6,5,4-6-6-8,0.00984251968503937,0.9901574803149606,254
2,11,6,5,4-6-6-9,0.5,0.5,22
2,11,6,5,4-6-7-7,0.0036726128016789086,0.9963273871983211,953
2,11,6,5,4-6-7-8,0.01818181818181818,0.9818181818181818,495
2,11,6,5,4-6-7-9,0.24107142857142858,0.7589285714285714,56
2,11,6,5,4-6-8-8,0.025423728813559324,0.9745762711864406,177
2,11,6,5,4-7-7-7,0.028089887640449437,0.9719101123595506,267
2,11,6,5,4-7-7-8,0.059845559845559844,0.9401544401544402,259
2,11,6,5,5-5-5-5,0.0006811989100817438,0.9993188010899182,734
2,11,6,5,5-5-5-6,0.014335664335664336,0.9856643356643356,1430
2,11,6,5,5-5-5-7,0.016816143497757848,0.9831838565022422,446
2,11,6,5,5-5-5-8,0.0056179775280898875,0.9943820224719101,89
2,11,6,5,5-5-5-9,0.5,0.5,11
2,11,6,5,5-5-6-6,0.0005896226415094339,0.9994103773584906,1696
2,11,6,5,5-5-6-7,0.006063055780113177,0.9939369442198869,1237
2,11,6,5,5-5-6-8,0.012048192771084338,0.9879518072289156,249
2,11,6,5,5-5-6-9,0.3958333333333333,0.6041666666666666,24
2,11,6,5,5-5-7-7,0.03483606557377049,0.9651639344262295,488
2,11,6,5,5-5-7-8,0.01956521739130435,0.9804347826086957,230
2,11,6,5,5-5-7-9,0.11363636363636363,0.8863636363636364,22
2,11,6,5,5-5-8-8,0.13020833333333334,0.8697916666666666,96
2,11,6,5,5-6-6-6,0.0014534883720930232,0.998546511627907,1032
2,11,6,5,5-6-6-7,0.0016313213703099511,0.99836867862969,1226
2,11,6,5,5-6-6-8,0.0020920502092050207,0.997907949790795,239
2,11,6,5,5-6-6-9,0.08333333333333333,0.9166666666666666,24
2,11,6,5,5-6-7-7,0.001557632398753894,0.9984423676012462,963
2,11,6,5,5-6-7-8,0.00819672131147541,0.9918032786885246,488
2,11,6,5,5-7-7-7,0.008090614886731391,0.9919093851132686,309
2,11,6,5,6-6-6-6,0.0045045045045045045,0.9954954954954955,222
2,11,6,5,6-6-6-7,0.014669926650366748,0.9853300733496333,409
2,11,6,5,6-6-6-8,0.12179487179487179,0.8782051282051282,78
2,11,6,5,6-6-7-7,0.062118126272912425,0.9378818737270875,491
2,13,7,6,1-1-1-1,0.0696158873075806,0.9303841126924194,13772
2,13,7,6,1-1-1-2,5.5423155794490936e-05,0.9999445768442055,36086
2,13,7,6,1-1-1-3,0.001199552537830989,0.9988004474621689,17845
2,13,7,6,1-1-1-4,0.0002195630694917115,0.9997804369305083,9109
2,13,7,6,1-1-1-5,0.00644001902675866,0.9935599809732414,3456
2,13,7,6,1-1-1-6,0.008110687022900763,0.9918893129770993,1048
2,13,7,6,1-1-1-7,0.02066115702479339,0.9793388429752066,242
2,13,7,6,1-1-1-8,0.015151515151515152,0.9848484848484849,33
2,13,7,6,1-1-1-9,0.5,0.5,2
2,13,7,6,1-1-2-2,0.008543876962243655,0.9914561230377563,40925
2,13,7,6,1-1-2-3,9.902362703741112e-05,0.9999009763729626,50493
2,13,7,6,1-1-2-4,1.8818924310286423e-05,0.9999811810756897,26569
2,13,7,6,1-1-2-5,0.00014574426739214925,0.9998542557326079,10292
2,13,7,6,1-1-2-6,0.0011301259283177268,0.9988698740716823,3097
2,13,7,6,1-1-2-7,0.0014064697609001407,0.9985935302390999,711
2,13,7,6,1-1-2-8,0.1650943396226415,0.8349056603773585,106
2,13,7,6,1-1-2-9,0.42857142857142855,0.5714285714285714,7
2,13,7,6,1-1-3-10,0.5,0.5,1
2,13,7,6,1-1-3-3,0.0002289156626506024,0.9997710843373494,20750
2,13,7,6,1-1-3-4,0.0004277492611603671,0.9995722507388396,25716
2,13,7,6,1-1-3-5,4.8666536889234965e-05,0.9999513334631107,10274
2,13,7,6,1-1-3-6,0.00015629884338855892,0.9998437011566115,3199
2,13,7,6,1-1-3-7,0.003289473684210526,0.9967105263157895,760
2,13,7,6,1-1-3-8,0.26590909090909093,0.7340909090909091,110
2,13,7,6,1-1-3-9,0.05,0.95,10
2,13,7,6,1-1-4-4,0.0004313718246057429,0.9995686281753942,11216
2,13,7,6,1-1-4-5,0.00023953243269138642,0.9997604675673086,10437
2,13,7,6,1-1-4-6,0.0011114639568116863,0.9988885360431883,3149
2,13,7,6,1-1-4-7,0.000651890482398957,0.999348109517601,767
2,13,7,6,1-1-4-8,0.004464285714285714,0.9955357142857143,112
2,13,7,6,1-1-4-9,0.25,0.75,4
2,13,7,6,1-1-5-5,0.00023512814483893723,0.999764871855161,4253
2,13,7,6,1-1-5-6,0.0004829362524146813,0.9995170637475853,3106
2,13,7,6,1-1-5-7,0.0136986301369863,0.9863013698630136,730
2,13,7,6,1-1-5-8,0.009523809523809525,0.9904761904761905,105
2,13,7,6,1-1-5-9,0.3333333333333333,0.6666666666666666,6
2,13,7,6,1-1-6-6,0.0007980845969672786,0.9992019154030327,1253
2,13,7,6,1-1-6-7,0.0007267441860465116,0.9992732558139535,688
2,13,7,6,1-1-6-8,0.06422018348623854,0.9357798165137615,109
2,13,7,6,1-1-6-9,0.3,0.7,5
2,13,7,6,1-1-7-7,0.034552845528455285,0.9654471544715447,246
2,13,7,6,1-1-7-8,0.05660377358490566,0.9433962264150944,106
2,13,7,6,1-1-7-9,0.2,0.8,5
2,13,7,6,1-1-8-8,0.03225806451612903,0.967741935483871,31
2,13,7,6,1-1-8-9,0.045454545454545456,0.9545454545454546,11
2,13,7,6,1-1-9-9,0.16666666666666666,0.8333333333333334,3
2,13,7,6,1-2-2-2,0.00172493901730747,0.9982750609826925,17218
2,13,7,6,1-2-2-3,0.0012333001630285194,0.9987666998369715,47231
2,13,7,6,1-2-2-4,0.00019164430816404754,0.9998083556918359,26090
2,13,7,6,1-2-2-5,9.713453132588635e-05,0.9999028654686741,10295
2,13,7,6,1-2-2-6,0.0007916402786573781,0.9992083597213426,3158
2,13,7,6,1-2-2-7,0.0013280212483399733,0.99867197875166,753
2,13,7,6,1-2-2-8,0.05504587155963303,0.944954128440367,109
2,13,7,6,1-2-2-9,0.5,0.5,6
2,13,7,6,1-2-3-3,0.00010464529999904869,0.999895354700001,35039
2,13,7,6,1-2-3-4,7.171837219786074e-05,0.9999282816278021,48802
2,13,7,6,1-2-3-5,0.0007609063239770039,0.999239093676023,20699
2,13,7,6,1-2-3-6,0.0005524861878453039,0.9994475138121547,6335
2,13,7,6,1-2-3-7,0.0013614703880190605,0.998638529611981,1469
2,13,7,6,1-2-3-8,0.007211538461538462,0.9927884615384616,208
2,13,7,6,1-2-3-9,0.1875,0.8125,8
2,13,7,6,1-2-4-4,0.0001136518616174933,0.9998863481383825,21997
2,13,7,6,1-2-4-5,0.000264321414840446,0.9997356785851595,20808
2,13,7,6,1-2-4-6,7.862871520679352e-05,0.9999213712847932,6359
2,13,7,6,1-2-4-7,0.0003324468085106383,0.9996675531914894,1504
2,13,7,6,1-2-4-8,0.024886877828054297,0.9751131221719457,221
2,13,7,6,1-2-4-9,0.35,0.65,10
2,13,7,6,1-2-5-5,0.00017951172809956917,0.9998204882719004,8356
2,13,7,6,1-2-5-6,0.000947717580161112,0.9990522824198389,6331
2,13,7,6,1-2-5-7,0.00092259881518889,0.9990774011848111,1471
2,13,7,6,1-2-5-8,0.00909090909090909,0.990909090909091,220
2,13,7,6,1-2-5-9,0.125,0.875,12
2,13,7,6,1-2-6-6,0.0006242197253433209,0.9993757802746567,2403
2,13,7,6,1-2-6-7,0.0034891835310537334,0.9965108164689462,1433
2,13,7,6,1-2-6-8,0.00684931506849315,0.9931506849315068,219
2,13,7,6,1-2-6-9,0.1,0.9,15
2,13,7,6,1-2-7-7,0.0017857142857142857,0.9982142857142857,560
2,13,7,6,1-2-7-8,0.008733624454148471,0.9912663755458515,229
2,13,7,6,1-2-7-9,0.3181818181818182,0.6818181818181818,11
2,13,7,6,1-2-8-8,0.1320754716981132,0.8679245283018868,53
2,13,7,6,1-2-8-9,0.0625,0.9375,8
2,13,7,6,1-2-9-9,0.5,0.5,1
2,13,7,6,1-3-3-3,0.0001375641966250917,0.9998624358033749,10904
2,13,7,6,1-3-3-4,0.00233904351174121,0.9976609564882588,24180
2,13,7,6,1-3-3-5,4.851542790607413e-05,0.9999514845720939,10306
2,13,7,6,1-3-3-6,0.0001585288522511097,0.9998414711477489,3154
2,13,7,6,1-3-3-7,0.002074688796680498,0.9979253112033195,723
2,13,7,6,1-3-3-8,0.01327433628318584,0.9867256637168141,113
2,13,7,6,1-3-3-9,0.3333333333333333,0.6666666666666666,6
2,13,7,6,1-3-4-4,0.00018718704665637137,0.9998128129533437,21369
2,13,7,6,1-3-4-5,7.307092751363991e-05,0.9999269290724864,20528
2,13,7,6,1-3-4-6,0.001513220770946161,0.9984867792290538,6278
2,13,7,6,1-3-4-7,0.0006816632583503749,0.9993183367416496,1467
2,13,7,6,1-3-4-8,0.010101010101010102,0.98989898989899,198
2,13,7,6,1-3-4-9,0.4375,0.5625,8
2,13,7,6,1-3-5-5,0.00011766090128250382,0.9998823390987175,8499
2,13,7,6,1-3-5-6,0.0006458905215565962,0.9993541094784434,6193
2,13,7,6,1-3-5-7,0.0034940600978336828,0.9965059399021663,1431
2,13,7,6,1-3-5-8,0.020833333333333332,0.9791666666666666,192
2,13,7,6,1-3-5-9,0.05,0.95,10
2,13,7,6,1-3-6-6,0.001442109600329625,0.9985578903996704,2427
2,13,7,6,1-3-6-7,0.0018301610541727673,0.9981698389458272,1366
2,13,7,6,1-3-6-8,0.046948356807511735,0.9530516431924883,213
2,13,7,6,1-3-6-9,0.11538461538461539,0.8846153846153846,13
2,13,7,6,1-3-7-7,0.009109311740890687,0.9908906882591093,494
2,13,7,6,1-3-7-8,0.0782122905027933,0.9217877094972067,179
2,13,7,6,1-3-7-9,0.2727272727272727,0.7272727272727273,11
2,13,7,6,1-3-8-8,0.007246376811594203,0.9927536231884058,69
2,13,7,6,1-3-8-9,0.25,0.75,8
2,13,7,6,1-3-9-9,0.5,0.5,1
2,13,7,6,1-4-4-4,0.00038355323718932186,0.9996164467628107,6518
2,13,7,6,1-4-4-5,0.001836813611755606,0.9981631863882444,10344
2,13,7,6,1-4-4-6,0.0009188361408882082,0.9990811638591118,3265
2,13,7,6,1-4-4-7,0.0014534883720930232,0.998546511627907,688
2,13,7,6,1-4-4-8,0.08333333333333333,0.9166666666666666,90
2,13,7,6,1-4-4-9,0.3125,0.6875,8
2,13,7,6,1-4-5-5,0.00011659088259298122,0.999883409117407,8577
2,13,7,6,1-4-5-6,0.0005579467559381476,0.9994420532440619,6273
2,13,7,6,1-4-5-7,0.003002001334222815,0.9969979986657772,1499
2,13,7,6,1-4-5-8,0.002380952380952381,0.9976190476190476,210
2,13,7,6,1-4-5-9,0.06666666666666667,0.9333333333333333,15
2,13,7,6,1-4-6-6,0.0002025111381125962,0.9997974888618874,2469
2,13,7,6,1-4-6-7,0.001675603217158177,0.9983243967828418,1492
2,13,7,6,1-4-6-8,0.013736263736263736,0.9862637362637363,182
2,13,7,6,1-4-6-9,0.22727272727272727,0.7727272727272727,11
2,13,7,6,1-4-7-7,0.0019801980198019802,0.998019801980198,505
2,13,7,6,1-4-7-8,0.006355932203389831,0.9936440677966102,236
2,13,7,6,1-4-7-9,0.08333333333333333,0.9166666666666666,12
2,13,7,6,1-4-8-8,0.012048192771084338,0.9879518072289156,83
2,13,7,6,1-4-8-9,0.5,0.5,12
2,13,7,6,1-4-9-9,0.5,0.5,2
2,13,7,6,1-5-5-5,0.001017915309446254,0.9989820846905537,2456
2,13,7,6,1-5-5-6,0.0006331117442228553,0.9993668882557771,3159
2,13,7,6,1-5-5-7,0.0048543689320388345,0.9951456310679612,721
2,13,7,6,1-5-5-8,0.04326923076923077,0.9567307692307693,104
2,13,7,6,1-5-5-9,0.5,0.5,5
2,13,7,6,1-5-6-6,0.001475548060708263,0.9985244519392917,2372
2,13,7,6,1-5-6-7,0.0036153289949385392,0.9963846710050615,1383
2,13,7,6,1-5-6-8,0.0024509803921568627,0.9975490196078431,204
2,13,7,6,1-5-6-9,0.11538461538461539,0.8846153846153846,13
2,13,7,6,1-5-7-7,0.001834862385321101,0.998165137614679,545
2,13,7,6,1-5-7-8,0.02843601895734597,0.9715639810426541,211
2,13,7,6,1-5-7-9,0.5,0.5,10
2,13,7,6,1-5-8-8,0.022388059701492536,0.9776119402985075,67
2,13,7,6,1-5-8-9,0.5,0.5,10
2,13,7,6,1-5-9-9,0.5,0.5,2
2,13,7,6,1-6-6-6,0.0055248618784530384,0.994475138121547,724
2,13,7,6,1-6-6-7,0.011094674556213017,0.988905325443787,676
2,13,7,6,1-6-6-8,0.009708737864077669,0.9902912621359223,103
2,13,7,6,1-6-6-9,0.125,0.875,4
2,13,7,6,1-6-7-7,0.0009940357852882703,0.9990059642147118,503
2,13,7,6,1-6-7-8,0.01715686274509804,0.9828431372549019,204
2,13,7,6,1-6-7-9,0.041666666666666664,0.9583333333333334,12
2,13,7,6,1-6-8-8,0.13114754098360656,0.8688524590163934,61
2,13,7,6,1-6-8-9,0.5,0.5,9
2,13,7,6,1-6-9-9,0.5,0.5,6
2,13,7,6,1-7-7-7,0.10507246376811594,0.894927536231884,138
2,13,7,6,1-7-7-8,0.041666666666666664,0.9583333333333334,96
2,13,7,6,1-7-7-9,0.18181818181818182,0.8181818181818182,11
2,13,7,6,1-7-8-8,0.00641025641025641,0.9935897435897436,78
2,13,7,6,1-7-8-9,0.5,0.5,9
2,13,7,6,1-7-9-9,0.5,0.5,1
2,13,7,6,1-8-8-8,0.03571428571428571,0.9642857142857143,14
2,13,7,6,1-8-8-9,0.08333333333333333,0.9166666666666666,6
2,13,7,6,2-2-2-2,0.00013422818791946307,0.9998657718120806,3725
2,13,7,6,2-2-2-3,0.0010608896668440765,0.998939110333156,10952
2,13,7,6,2-2-2-4,0.0010605703511666273,0.9989394296488334,8486
2,13,7,6,2-2-2-5,0.005193883242663729,0.9948061167573362,3367
2,13,7,6,2-2-2-6,0.02387236084452975,0.9761276391554703,1042
2,13,7,6,2-2-2-7,0.014227642276422764,0.9857723577235772,246
2,13,7,6,2-2-2-8,0.5655487804878049,0.4344512195121951,41
2,13,7,6,2-2-2-9,0.5,0.5,1
2,13,7,6,2-2-3-3,0.0008325359416899979,0.99916746405831,16124
2,13,7,6,2-2-3-4,0.0005795903556164823,0.9994204096443835,24802
2,13,7,6,2-2-3-5,0.0007222650231124807,0.9992777349768875,10384
2,13,7,6,2-2-3-6,0.0009649404953361209,0.9990350595046639,3109
2,13,7,6,2-2-3-7,0.04630719945843644,0.9536928005415635,697
2,13,7,6,2-2-3-8,0.011904761904761904,0.9880952380952381,84
2,13,7,6,2-2-3-9,0.1111111111111111,0.8888888888888888,9
2,13,7,6,2-2-4-10,0.5,0.5,1
2,13,7,6,2-2-4-4,4.511820970943873e-05,0.9999548817902906,11082
2,13,7,6,2-2-4-5,0.000536480686695279,0.9994635193133047,10252
2,13,7,6,2-2-4-6,0.0014372404982433728,0.9985627595017567,3131
2,13,7,6,2-2-4-7,0.016260162601626018,0.983739837398374,738
2,13,7,6,2-2-4-8,0.0594059405940594,0.9405940594059405,101
2,13,7,6,2-2-4-9,0.2,0.8,5
2,13,7,6,2-2-5-5,0.002244028601856078,0.997755971398144,4382
2,13,7,6,2-2-5-6,0.0003197953309881676,0.9996802046690119,3127
2,13,7,6,2-2-5-7,0.0006756756756756757,0.9993243243243243,740
2,13,7,6,2-2-5-8,0.03333333333333333,0.9666666666666667,90
2,13,7,6,2-2-5-9,0.5,0.5,3
2,13,7,6,2-2-6-6,0.0023492560689115116,0.9976507439310884,1277
2,13,7,6,2-2-6-7,0.009708737864077669,0.9902912621359223,721
2,13,7,6,2-2-6-8,0.026041666666666668,0.9739583333333334,96
2,13,7,6,2-2-6-9,0.16666666666666666,0.8333333333333334,6
2,13,7,6,2-2-7-7,0.00530035335689046,0.9946996466431095,283
2,13,7,6,2-2-7-8,0.024752475247524754,0.9752475247524752,101
2,13,7,6,2-2-7-9,0.4166666666666667,0.5833333333333334,6
2,13,7,6,2-2-8-8,0.011627906976744186,0.9883720930232558,43
2,13,7,6,2-2-8-9,0.25,0.75,2
2,13,7,6,2-2-9-9,0.5,0.5,1
2,13,7,6,2-3-3-3,0.004145619452439228,0.9958543805475608,10128
2,13,7,6,2-3-3-4,0.0010539385539385545,0.9989460614460615,23088
2,13,7,6,2-3-3-5,4.915454187966968e-05,0.9999508454581203,10172
2,13,7,6,2-3-3-6,0.0004608294930875576,0.9995391705069124,3255
2,13,7,6,2-3-3-7,0.013679890560875513,0.9863201094391245,731
2,13,7,6,2-3-3-8,0.005050505050505051,0.9949494949494949,99
2,13,7,6,2-3-3-9,0.5,0.5,4
2,13,7,6,2-3-4-4,0.00030259298915320516,0.9996974070108468,21481
2,13,7,6,2-3-4-5,9.787129924149742e-05,0.9999021287007585,20435
2,13,7,6,2-3-4-6,0.000769704433497537,0.9992302955665024,6496
2,13,7,6,2-3-4-7,0.003094910591471802,0.9969050894085282,1454
2,13,7,6,2-3-4-8,0.009615384615384616,0.9903846153846154,208
2,13,7,6,2-3-4-9,0.125,0.875,8
2,13,7,6,2-3-5-5,0.00024003840614498319,0.999759961593855,8332
2,13,7,6,2-3-5-6,0.001183151916706105,0.9988168480832939,6339
2,13,7,6,2-3-5-7,0.005108991825613079,0.9948910081743869,1468
2,13,7,6,2-3-5-8,0.006666666666666667,0.9933333333333333,225
2,13,7,6,2-3-5-9,0.35294117647058826,0.6470588235294118,17
2,13,7,6,2-3-6-6,0.00931174089068826,0.9906882591093117,2470
2,13,7,6,2-3-6-7,0.0006830601092896175,0.9993169398907104,1464
2,13,7,6,2-3-6-8,0.008152173913043478,0.9918478260869565,184
2,13,7,6,2-3-6-9,0.3888888888888889,0.6111111111111112,9
2,13,7,6,2-3-7-7,0.008737864077669903,0.9912621359223301,515
2,13,7,6,2-3-7-8,0.013824884792626729,0.9861751152073732,217
2,13,7,6,2-3-7-9,0.5,0.5,14
2,13,7,6,2-3-8-8,0.013888888888888888,0.9861111111111112,72
2,13,7,6,2-3-8-9,0.5,0.5,10
2,13,7,6,2-3-9-9,0.5,0.5,2
2,13,7,6,2-4-4-4,0.00045934772622875517,0.9995406522737712,6531
2,13,7,6,2-4-4-5,0.0011474755537816802,0.9988525244462183,10022
2,13,7,6,2-4-4-6,0.005149812734082397,0.9948501872659176,3204
2,13,7,6,2-4-4-7,0.004971590909090909,0.9950284090909091,704
2,13,7,6,2-4-4-8,0.03488372093023256,0.9651162790697675,86
2,13,7,6,2-4-4-9,0.07142857142857142,0.9285714285714286,7
2,13,7,6,2-4-5-5,0.0011940298507462687,0.9988059701492538,8375
2,13,7,6,2-4-5-6,0.00046904315196998124,0.9995309568480301,6396
2,13,7,6,2-4-5-7,0.008443465491923641,0.9915565345080763,1362
2,13,7,6,2-4-5-8,0.00881057268722467,0.9911894273127754,227
2,13,7,6,2-4-5-9,0.027777777777777776,0.9722222222222222,18
2,13,7,6,2-4-6-6,0.004270028466856445,0.9957299715331436,2459
2,13,7,6,2-4-6-7,0.0058620689655172415,0.9941379310344828,1450
2,13,7,6,2-4-6-8,0.002631578947368421,0.9973684210526316,190
2,13,7,6,2-4-6-9,0.5,0.5,12
2,13,7,6,2-4-7-7,0.013966480446927373,0.9860335195530726,537
2,13,7,6,2-4-7-8,0.07178217821782178,0.9282178217821783,202
2,13,7,6,2-4-7-9,0.25,0.75,8
2,13,7,6,2-4-8-8,0.0379746835443038,0.9620253164556962,79
2,13,7,6,2-4-8-9,0.5,0.5,9
2,13,7,6,2-4-9-9,0.25,0.75,2
2,13,7,6,2-5-5-5,0.0005764796310530361,0.999423520368947,2602
2,13,7,6,2-5-5-6,0.0006178560395427865,0.9993821439604572,3237
2,13,7,6,2-5-5-7,0.011188811188811189,0.9888111888111888,715
2,13,7,6,2-5-5-8,0.14210526315789473,0.8578947368421053,95
2,13,7,6,2-5-5-9,0.5,0.5,4
2,13,7,6,2-5-6-6,0.0008038585209003215,0.9991961414790996,2488
2,13,7,6,2-5-6-7,0.003854239663629993,0.99614576033637,1427
2,13,7,6,2-5-6-8,0.05365853658536585,0.9463414634146341,205
2,13,7,6,2-5-6-9,0.5,0.5,7
2,13,7,6,2-5-7-7,0.012149532710280374,0.9878504672897196,535
2,13,7,6,2-5-7-8,0.04245283018867924,0.9575471698113207,212
2,13,7,6,2-5-7-9,0.5,0.5,7
2,13,7,6,2-5-8-8,0.2076923076923077,0.7923076923076923,65
2,13,7,6,2-5-8-9,0.05,0.95,10
2,13,7,6,2-5-9-9,0.3333333333333333,0.6666666666666666,3
2,13,7,6,2-6-6-6,0.008849557522123894,0.9911504424778761,678
2,13,7,6,2-6-6-7,0.018387553041018388,0.9816124469589816,707
2,13,7,6,2-6-6-8,0.14018691588785046,0.8598130841121495,107
2,13,7,6,2-6-6-9,0.2,0.8,10
2,13,7,6,2-6-7-7,0.000998003992015968,0.999001996007984,501
2,13,7,6,2-6-7-8,0.00510204081632653,0.9948979591836735,196
2,13,7,6,2-6-7-9,0.045454545454545456,0.9545454545454546,11
2,13,7,6,2-6-8-8,0.0603448275862069,0.9396551724137931,58
2,13,7,6,2-6-8-9,0.375,0.625,4
2,13,7,6,2-6-9-9,0.5,0.5,1
2,13,7,6,2-7-7-7,0.013888888888888888,0.9861111111111112,144
2,13,7,6,2-7-7-8,0.1590909090909091,0.8409090909090909,88
2,13,7,6,2-7-7-9,0.5,0.5,4
2,13,7,6,2-7-8-8,0.0078125,0.9921875,64
2,13,7,6,2-7-8-9,0.5,0.5,10
2,13,7,6,2-8-8-8,0.17647058823529413,0.8235294117647058,17
2,13,7,6,3-3-3-3,0.008394126449682005,0.991605873550318,2376
2,13,7,6,3-3-3-4,0.0006842753524018064,0.9993157246475982,7307
2,13,7,6,3-3-3-5,0.00015356265356265356,0.9998464373464373,3256
2,13,7,6,3-3-3-6,0.002830188679245283,0.9971698113207547,1060
2,13,7,6,3-3-3-7,0.0038314176245210726,0.9961685823754789,261
2,13,7,6,3-3-3-8,0.125,0.875,28
2,13,7,6,3-3-3-9,0.5,0.5,3
2,13,7,6,3-3-4-10,0.5,0.5,1
2,13,7,6,3-3-4-4,0.0005838279653595408,0.9994161720346405,10277
2,13,7,6,3-3-4-5,0.0009428344581183009,0.9990571655418817,10076
2,13,7,6,3-3-4-6,0.001584786053882726,0.9984152139461173,3155
2,13,7,6,3-3-4-7,0.0013831258644536654,0.9986168741355463,723
2,13,7,6,3-3-4-8,0.010309278350515464,0.9896907216494846,97
2,13,7,6,3-3-4-9,0.5,0.5,5
2,13,7,6,3-3-5-5,0.0023176384484020493,0.997682361551598,4099
2,13,7,6,3-3-5-6,0.001413760603204524,0.9985862393967955,3183
2,13,7,6,3-3-5-7,0.0013440860215053765,0.9986559139784946,744
2,13,7,6,3-3-5-8,0.018691588785046728,0.9813084112149533,107
2,13,7,6,3-3-5-9,0.5,0.5,4
2,13,7,6,3-3-6-6,0.006943135071393674,0.9930568649286063,1274
2,13,7,6,3-3-6-7,0.005185185185185185,0.9948148148148148,675
2,13,7,6,3-3-6-8,0.049107142857142856,0.9508928571428571,112
2,13,7,6,3-3-6-9,0.5,0.5,1
2,13,7,6,3-3-7-7,0.032692307692307694,0.9673076923076923,260
2,13,7,6,3-3-7-8,0.04838709677419355,0.9516129032258065,93
2,13,7,6,3-3-7-9,0.5,0.5,10
2,13,7,6,3-3-8-8,0.14285714285714285,0.8571428571428571,42
2,13,7,6,3-3-8-9,0.5,0.5,3
2,13,7,6,3-4-4-4,0.0029893014474512273,0.9970106985525488,6356
2,13,7,6,3-4-4-5,0.0062243424530979315,0.993775657546902,10189
2,13,7,6,3-4-4-6,0.004522769806612602,0.9954772301933874,3206
2,13,7,6,3-4-4-7,0.0027210884353741495,0.9972789115646259,735
2,13,7,6,3-4-4-8,0.03,0.97,100
2,13,7,6,3-4-4-9,0.5,0.5,2
2,13,7,6,3-4-5-5,0.00040964419475655433,0.9995903558052435,8544
2,13,7,6,3-4-5-6,0.0009632364745545031,0.9990367635254455,6229
2,13,7,6,3-4-5-7,0.004682997118155619,0.9953170028818443,1388
2,13,7,6,3-4-5-8,0.0136986301369863,0.9863013698630136,219
2,13,7,6,3-4-5-9,0.05555555555555555,0.9444444444444444,9
2,13,7,6,3-4-6-6,0.00243605359317905,0.997563946406821,2463
2,13,7,6,3-4-6-7,0.00513347022587269,0.9948665297741273,1461
2,13,7,6,3-4-6-8,0.08796296296296297,0.9120370370370371,216
2,13,7,6,3-4-6-9,0.2222222222222222,0.7777777777777778,9
2,13,7,6,3-4-7-7,0.0017730496453900709,0.99822695035461,564
2,13,7,6,3-4-7-8,0.12176165803108809,0.8782383419689119,193
2,13,7,6,3-4-7-9,0.05555555555555555,0.9444444444444444,18
2,13,7,6,3-4-8-8,0.14673913043478262,0.8532608695652174,92
2,13,7,6,3-4-8-9,0.5,0.5,15
2,13,7,6,3-4-9-9,0.5,0.5,3
2,13,7,6,3-5-5-5,0.008782435129740519,0.9912175648702595,2505
2,13,7,6,3-5-5-6,0.0025157232704402514,0.9974842767295597,3180
2,13,7,6,3-5-5-7,0.000687757909215956,0.9993122420907841,727
2,13,7,6,3-5-5-8,0.0967741935483871,0.9032258064516129,93
2,13,7,6,3-5-5-9,0.5,0.5,8
2,13,7,6,3-5-6-6,0.0013471901462663587,0.9986528098537336,2598
2,13,7,6,3-5-6-7,0.0010578279266572638,0.9989421720733427,1418
2,13,7,6,3-5-6-8,0.02304147465437788,0.9769585253456221,217
2,13,7,6,3-5-6-9,0.5,0.5,15
2,13,7,6,3-5-7-10,0.5,0.5,1
2,13,7,6,3-5-7-7,0.013368983957219251,0.9866310160427807,561
2,13,7,6,3-5-7-8,0.007692307692307693,0.9923076923076923,195
2,13,7,6,3-5-7-9,0.5,0.5,17
2,13,7,6,3-5-8-8,0.05263157894736842,0.9473684210526315,76
2,13,7,6,3-5-8-9,0.25,0.75,14
2,13,7,6,3-5-9-9,0.5,0.5,1
2,13,7,6,3-6-6-6,0.027736131934032984,0.972263868065967,667
2,13,7,6,3-6-6-7,0.0033875338753387536,0.9966124661246613,738
2,13,7,6,3-6-6-8,0.046296296296296294,0.9537037037037037,108
2,13,7,6,3-6-6-9,0.5,0.5,4
2,13,7,6,3-6-7-10,0.5,0.5,1
2,13,7,6,3-6-7-7,0.01848249027237354,0.9815175097276264,514
2,13,7,6,3-6-7-8,0.07352941176470588,0.9264705882352942,204
2,13,7,6,3-6-7-9,0.34375,0.65625,16
2,13,7,6,3-6-8-8,0.27049180327868855,0.7295081967213115,61
2,13,7,6,3-6-8-9,0.5,0.5,11
2,13,7,6,3-7-7-7,0.041666666666666664,0.9583333333333334,156
2,13,7,6,3-7-7-8,0.03365384615384615,0.9663461538461539,104
2,13,7,6,3-7-7-9,0.5,0.5,8
2,13,7,6,3-7-8-8,0.040983606557377046,0.9590163934426229,61
2,13,7,6,4-4-4-4,0.021275895434789565,0.9787241045652104,1501
2,13,7,6,4-4-4-5,0.0013778322106552357,0.9986221677893448,3266
2,13,7,6,4-4-4-6,0.007984031936127744,0.9920159680638723,1002
2,13,7,6,4-4-4-7,0.09574468085106383,0.9042553191489362,235
2,13,7,6,4-4-4-8,0.171875,0.828125,32
2,13,7,6,4-4-4-9,0.5,0.5,1
2,13,7,6,4-4-5-5,0.00035825173155003585,0.99964174826845,4187
2,13,7,6,4-4-5-6,0.0008087997411840828,0.9991912002588159,3091
2,13,7,6,4-4-5-7,0.0147247119078105,0.9852752880921894,781
2,13,7,6,4-4-5-8,0.026881720430107527,0.9731182795698925,93
2,13,7,6,4-4-5-9,0.1,0.9,5
2,13,7,6,4-4-6-6,0.011848341232227487,0.9881516587677726,1266
2,13,7,6,4-4-6-7,0.011315417256011316,0.9886845827439887,707
2,13,7,6,4-4-6-8,0.013043478260869565,0.9869565217391304,115
2,13,7,6,4-4-6-9,0.3888888888888889,0.6111111111111112,9
2,13,7,6,4-4-7-7,0.015625,0.984375,256
2,13,7,6,4-4-7-8,0.03333333333333333,0.9666666666666667,90
2,13,7,6,4-4-7-9,0.5,0.5,5
2,13,7,6,4-4-8-8,0.3157894736842105,0.6842105263157895,38
2,13,7,6,4-4-8-9,0.5,0.5,5
2,13,7,6,4-4-9-9,0.5,0.5,1
2,13,7,6,4-5-5-5,0.0024479804161566705,0.9975520195838433,2451
2,13,7,6,4-5-5-6,0.0010896637608966376,0.9989103362391034,3212
2,13,7,6,4-5-5-7,0.004685408299866131,0.9953145917001339,747
2,13,7,6,4-5-5-8,0.025210084033613446,0.9747899159663865,119
2,13,7,6,4-5-5-9,0.5,0.5,5
2,13,7,6,4-5-6-6,0.006941689805632686,0.9930583101943673,2521
2,13,7,6,4-5-6-7,0.01998546511627907,0.9800145348837209,1376
2,13,7,6,4-5-6-8,0.05526315789473684,0.9447368421052632,190
2,13,7,6,4-5-6-9,0.4444444444444444,0.5555555555555556,9
2,13,7,6,4-5-7-7,0.006517690875232775,0.9934823091247672,537
2,13,7,6,4-5-7-8,0.05778894472361809,0.9422110552763819,199
2,13,7,6,4-5-7-9,0.1388888888888889,0.8611111111111112,18
2,13,7,6,4-5-8-8,0.006666666666666667,0.9933333333333333,75
2,13,7,6,4-5-8-9,0.07692307692307693,0.9230769230769231,13
2,13,7,6,4-6-6-6,0.0039946737683089215,0.996005326231691,751
2,13,7,6,4-6-6-7,0.008807588075880758,0.9911924119241192,738
2,13,7,6,4-6-6-8,0.03070175438596491,0.9692982456140351,114
2,13,7,6,4-6-6-9,0.125,0.875,8
2,13,7,6,4-6-7-7,0.047151277013752456,0.9528487229862476,509
2,13,7,6,4-6-7-8,0.030837004405286344,0.9691629955947136,227
2,13,7,6,4-6-7-9,0.5,0.5,11
2,13,7,6,4-6-8-8,0.046052631578947366,0.9539473684210527,76
2,13,7,6,4-7-7-7,0.05555555555555555,0.9444444444444444,144
2,13,7,6,4-7-7-8,0.23737373737373738,0.7626262626262627,99
2,13,7,6,5-5-5-5,0.01869918699186992,0.9813008130081301,615
2,13,7,6,5-5-5-6,0.00960658737419945,0.9903934126258005,1093
2,13,7,6,5-5-5-7,0.02100840336134454,0.9789915966386554,238
2,13,7,6,5-5-5-8,0.016666666666666666,0.9833333333333333,30
2,13,7,6,5-5-5-9,0.5,0.5,2
2,13,7,6,5-5-6-6,0.003404255319148936,0.9965957446808511,1175
2,13,7,6,5-5-6-7,0.006954102920723227,0.9930458970792768,719
2,13,7,6,5-5-6-8,0.026595744680851064,0.973404255319149,94
2,13,7,6,5-5-6-9,0.5,0.5,3
2,13,7,6,5-5-7-7,0.010869565217391304,0.9891304347826086,276
2,13,7,6,5-5-7-8,0.021739130434782608,0.9782608695652174,92
2,13,7,6,5-5-7-9,0.5,0.5,5
2,13,7,6,5-5-8-8,0.4,0.6,40
2,13,7,6,5-6-6-6,0.0021398002853067048,0.9978601997146933,701
2,13,7,6,5-6-6-7,0.000663129973474801,0.9993368700265252,754
2,13,7,6,5-6-6-8,0.07446808510638298,0.925531914893617,94
2,13,7,6,5-6-6-9,0.5,0.5,4
2,13,7,6,5-6-7-7,0.16268382352941177,0.8373161764705882,544
2,13,7,6,5-6-7-8,0.16908212560386474,0.8309178743961353,207
2,13,7,6,5-7-7-7,0.10526315789473684,0.8947368421052632,171
2,13,7,6,6-6-6-6,0.016891891891891893,0.9831081081081081,148
2,13,7,6,6-6-6-7,0.06136363636363636,0.9386363636363636,220
2,13,7,6,6-6-6-8,0.3333333333333333,0.6666666666666666,39
2,13,7,6,6-6-7-7,0.054,0.946,250
2,15,8,7,1-1-1-1,0.005951460813108672,0.9940485391868913,19407
2,15,8,7,1-1-1-2,6.36902108145978e-05,0.9999363097891854,47103
2,15,8,7,1-1-1-3,0.0005926979611190138,0.999407302038881,21090
2,15,8,7,1-1-1-4,5.4513737461840385e-05,0.9999454862625382,9172
2,15,8,7,1-1-1-5,0.03175378969867202,0.968246210301328,2879
2,15,8,7,1-1-1-6,0.027816411682892908,0.972183588317107,719
2,15,8,7,1-1-1-7,0.010869565217391304,0.9891304347826086,138
2,15,8,7,1-1-1-8,0.05,0.95,10
2,15,8,7,1-1-1-9,0.5,0.5,1
2,15,8,7,1-1-2-2,0.007115463938320638,0.9928845360616794,53984
2,15,8,7,1-1-2-3,0.00029150609308673686,0.9997084939069133,60013
2,15,8,7,1-1-2-4,0.0006891670391893905,0.9993108329608106,26844
2,15,8,7,1-1-2-5,5.699954400364797e-05,0.9999430004559964,8772
2,15,8,7,1-1-2-6,0.0006963788300835655,0.9993036211699164,2154
2,15,8,7,1-1-2-7,0.002652519893899204,0.9973474801061007,377
2,15,8,7,1-1-2-8,0.10714285714285714,0.8928571428571429,28
2,15,8,7,1-1-2-9,0.25,0.75,2
2,15,8,7,1-1-3-3,0.00027579162410623084,0.9997242083758938,24475
2,15,8,7,1-1-3-4,1.9144618447754337e-05,0.9999808553815522,26117
2,15,8,7,1-1-3-5,5.720169317011784e-05,0.9999427983068299,8741
2,15,8,7,1-1-3-6,0.00022737608003638017,0.9997726239199636,2199
2,15,8,7,1-1-3-7,0.0012254901960784314,0.9987745098039216,408
2,15,8,7,1-1-3-8,0.030303030303030304,0.9696969696969697,33
2,15,8,7,1-1-4-4,0.0005328218243819266,0.999467178175618,10948
2,15,8,7,1-1-4-5,0.00016931933626820184,0.9998306806637318,8859
2,15,8,7,1-1-4-6,0.001129177958446251,0.9988708220415538,2214
2,15,8,7,1-1-4-7,0.035629453681710214,0.9643705463182898,421
2,15,8,7,1-1-4-8,0.009615384615384616,0.9903846153846154,52
2,15,8,7,1-1-4-9,0.25,0.75,2
2,15,8,7,1-1-5-5,0.0001405678942929435,0.999859432105707,3557
2,15,8,7,1-1-5-6,0.0013767783386874712,0.9986232216613126,2179
2,15,8,7,1-1-5-7,0.01278409090909091,0.9872159090909091,440
2,15,8,7,1-1-5-8,0.06578947368421052,0.9342105263157895,38
2,15,8,7,1-1-5-9,0.3333333333333333,0.6666666666666666,3
2,15,8,7,1-1-6-6,0.0024449877750611247,0.9975550122249389,818
2,15,8,7,1-1-6-7,0.01078167115902965,0.9892183288409704,371
2,15,8,7,1-1-6-8,0.06097560975609756,0.9390243902439024,41
2,15,8,7,1-1-7-7,0.046511627906976744,0.9534883720930233,129
2,15,8,7,1-1-7-8,0.02564102564102564,0.9743589743589743,39
2,15,8,7,1-1-7-9,0.5,0.5,2
2,15,8,7,1-1-8-8,0.24705882352941178,0.7529411764705882,17
2,15,8,7,1-1-8-9,0.2,0.8,5
2,15,8,7,1-2-2-2,0.00026930914093628724,0.9997306908590636,25683
2,15,8,7,1-2-2-3,0.00011534434723972104,0.9998846556527603,56353
2,15,8,7,1-2-2-4,3.7808612801996296e-05,0.999962191387198,26449
2,15,8,7,1-2-2-5,0.0001904761904761905,0.9998095238095239,8750
2,15,8,7,1-2-2-6,0.0015930814747382794,0.9984069185252618,2197
2,15,8,7,1-2-2-7,0.0035460992907801418,0.9964539007092199,423
2,15,8,7,1-2-2-8,0.06578947368421052,0.9342105263157895,38
2,15,8,7,1-2-3-3,0.00032965348052744564,0.9996703465194725,43480
2,15,8,7,1-2-3-4,0.0001387292401601332,0.9998612707598399,50458
2,15,8,7,1-2-3-5,0.0004235852253473399,0.9995764147746526,17706
2,15,8,7,1-2-3-6,0.00033783783783783786,0.9996621621621622,4440
2,15,8,7,1-2-3-7,0.004498714652956298,0.9955012853470437,778
2,15,8,7,1-2-3-8,0.012195121951219513,0.9878048780487805,82
2,15,8,7,1-2-3-9,0.25,0.75,2
2,15,8,7,1-2-4-4,0.0003468849729429721,0.999653115027057,21621
2,15,8,7,1-2-4-5,8.448800270361608e-05,0.9999155119972963,17754
2,15,8,7,1-2-4-6,0.0004426737494466578,0.9995573262505534,4518
2,15,8,7,1-2-4-7,0.0018181818181818182,0.9981818181818182,825
2,15,8,7,1-2-4-8,0.010416666666666666,0.9895833333333334,96
2,15,8,7,1-2-4-9,0.5,0.5,3
2,15,8,7,1-2-5-5,0.0010864841373315949,0.9989135158626684,6903
2,15,8,7,1-2-5-6,0.002603577088521621,0.9973964229114783,4417
2,15,8,7,1-2-5-7,0.001889168765743073,0.9981108312342569,794
2,15,8,7,1-2-5-8,0.022222222222222223,0.9777777777777777,90
2,15,8,7,1-2-5-9,0.5,0.5,3
2,15,8,7,1-2-6-6,0.005538461538461538,0.9944615384615385,1625
2,15,8,7,1-2-6-7,0.00196078431372549,0.9980392156862745,765
2,15,8,7,1-2-6-8,0.036585365853658534,0.9634146341463414,82
2,15,8,7,1-2-6-9,0.5,0.5,2
2,15,8,7,1-2-7-7,0.003663003663003663,0.9963369963369964,273
2,15,8,7,1-2-7-8,0.005263157894736842,0.9947368421052631,95
2,15,8,7,1-2-7-9,0.5,0.5,4
2,15,8,7,1-2-8-8,0.03125,0.96875,16
2,15,8,7,1-2-8-9,0.5,0.5,2
2,15,8,7,1-2-9-9,0.5,0.5,1
2,15,8,7,1-3-3-3,0.0006656804733727811,0.9993343195266272,13520
2,15,8,7,1-3-3-4,0.0003805327458441819,0.9996194672541558,24965
2,15,8,7,1-3-3-5,5.781015146259683e-05,0.9999421898485374,8649
2,15,8,7,1-3-3-6,0.0011410314924691922,0.9988589685075308,2191
2,15,8,7,1-3-3-7,0.007575757575757576,0.9924242424242424,396
2,15,8,7,1-3-3-8,0.018518518518518517,0.9814814814814815,54
2,15,8,7,1-3-3-9,0.5,0.5,1
2,15,8,7,1-3-4-4,0.00023364485981308412,0.999766355140187,21400
2,15,8,7,1-3-4-5,0.0017963047445255474,0.9982036952554745,17536
2,15,8,7,1-3-4-6,0.0008007320979180966,0.9991992679020819,4371
2,15,8,7,1-3-4-7,0.0006329113924050633,0.9993670886075949,790
2,15,8,7,1-3-4-8,0.09615384615384616,0.9038461538461539,78
2,15,8,7,1-3-5-5,0.0003577561534058386,0.9996422438465942,6988
2,15,8,7,1-3-5-6,0.001373311970702678,0.9986266880292973,4369
2,15,8,7,1-3-5-7,0.0012468827930174563,0.9987531172069826,802
2,15,8,7,1-3-5-8,0.10344827586206896,0.896551724137931,87
2,15,8,7,1-3-5-9,0.5,0.5,2
2,15,8,7,1-3-6-6,0.003303303303303303,0.9966966966966967,1665
2,15,8,7,1-3-6-7,0.014588859416445624,0.9854111405835544,754
2,15,8,7,1-3-6-8,0.03888888888888889,0.9611111111111111,90
2,15,8,7,1-3-6-9,0.5,0.5,4
2,15,8,7,1-3-7-7,0.01276595744680851,0.9872340425531915,235
2,15,8,7,1-3-7-8,0.006329113924050633,0.9936708860759493,79
2,15,8,7,1-3-7-9,0.25,0.75,2
2,15,8,7,1-3-8-8,0.014705882352941176,0.9852941176470589,34
2,15,8,7,1-3-8-9,0.5,0.5,2
2,15,8,7,1-4-4-4,0.002011138613861386,0.9979888613861386,6464
2,15,8,7,1-4-4-5,0.0015226708775095872,0.9984773291224904,8866
2,15,8,7,1-4-4-6,0.006331877729257642,0.9936681222707423,2290
2,15,8,7,1-4-4-7,0.001288659793814433,0.9987113402061856,388
2,15,8,7,1-4-4-8,0.07894736842105263,0.9210526315789473,38
2,15,8,7,1-4-4-9,0.5,0.5,3
2,15,8,7,1-4-5-5,0.001083501878069922,0.9989164981219301,6922
2,15,8,7,1-4-5-6,0.000563570784490532,0.9994364292155095,4436
2,15,8,7,1-4-5-7,0.005528255528255528,0.9944717444717445,814
2,15,8,7,1-4-5-8,0.07534246575342465,0.9246575342465754,73
2,15,8,7,1-4-5-9,0.5,0.5,5
2,15,8,7,1-4-6-6,0.009230769230769232,0.9907692307692307,1625
2,15,8,7,1-4-6-7,0.01107011070110701,0.988929889298893,813
2,15,8,7,1-4-6-8,0.054878048780487805,0.9451219512195121,82
2,15,8,7,1-4-6-9,0.5,0.5,3
2,15,8,7,1-4-7-7,0.0017605633802816902,0.9982394366197183,284
2,15,8,7,1-4-7-8,0.03211009174311927,0.9678899082568807,109
2,15,8,7,1-4-7-9,0.5,0.5,2
2,15,8,7,1-4-8-8,0.015625,0.984375,32
2,15,8,7,1-4-8-9,0.5,0.5,1
2,15,8,7,1-4-9-9,0.5,0.5,1
2,15,8,7,1-5-5-5,0.0004897159647404506,0.9995102840352595,2042
2,15,8,7,1-5-5-6,0.00411522633744856,0.9958847736625515,2187
2,15,8,7,1-5-5-7,0.015424164524421594,0.9845758354755784,389
2,15,8,7,1-5-5-8,0.023255813953488372,0.9767441860465116,43
2,15,8,7,1-5-5-9,0.5,0.5,2
2,15,8,7,1-5-6-6,0.0009299442033477991,0.9990700557966522,1613
2,15,8,7,1-5-6-7,0.008951406649616368,0.9910485933503836,782
2,15,8,7,1-5-6-8,0.5606060606060608,0.4393939393939392,77
2,15,8,7,1-5-6-9,0.5,0.5,3
2,15,8,7,1-5-7-7,0.001694915254237288,0.9983050847457627,295
2,15,8,7,1-5-7-8,0.03932584269662921,0.9606741573033708,89
2,15,8,7,1-5-8-8,0.07142857142857142,0.9285714285714286,28
2,15,8,7,1-5-8-9,0.5,0.5,3
2,15,8,7,1-6-6-6,0.016877637130801686,0.9831223628691983,474
2,15,8,7,1-6-6-7,0.007374631268436578,0.9926253687315634,339
2,15,8,7,1-6-6-8,0.027777777777777776,0.9722222222222222,36
2,15,8,7,1-6-7-7,0.10905349794238683,0.8909465020576132,243
2,15,8,7,1-6-7-8,0.05063291139240506,0.9493670886075949,79
2,15,8,7,1-6-7-9,0.5,0.5,3
2,15,8,7,1-6-8-8,0.3125,0.6875,16
2,15,8,7,1-7-7-7,0.25735294117647056,0.7426470588235294,68
2,15,8,7,1-7-7-8,0.16666666666666666,0.8333333333333334,39
2,15,8,7,1-7-7-9,0.5,0.5,3
2,15,8,7,1-7-8-8,0.5,0.5,32
2,15,8,7,1-7-8-9,0.5,0.5,4
2,15,8,7,1-8-8-8,0.5,0.5,2
2,15,8,7,1-8-8-9,0.16666666666666666,0.8333333333333334,3
2,15,8,7,2-2-2-2,0.0005558643690939411,0.9994441356309061,5397
2,15,8,7,2-2-2-3,0.00010131027961637174,0.9998986897203836,14806
2,15,8,7,2-2-2-4,5.7636887608069166e-05,0.9999423631123919,8675
2,15,8,7,2-2-2-5,0.0018569940992710864,0.9981430059007289,2881
2,15,8,7,2-2-2-6,0.008457374830852503,0.9915426251691475,739
2,15,8,7,2-2-2-7,0.019083969465648856,0.9809160305343512,131
2,15,8,7,2-2-2-8,0.2,0.8,10
2,15,8,7,2-2-2-9,0.5,0.5,1
2,15,8,7,2-2-3-3,4.868549172346641e-05,0.9999513145082766,20540
2,15,8,7,2-2-3-4,3.918495297805643e-05,0.999960815047022,25520
2,15,8,7,2-2-3-5,0.0010570824524312897,0.9989429175475687,8987
2,15,8,7,2-2-3-6,0.00046253469010175765,0.9995374653098983,2162
2,15,8,7,2-2-3-7,0.032310832813054725,0.9676891671869453,373
2,15,8,7,2-2-3-8,0.11764705882352941,0.8823529411764706,34
2,15,8,7,2-2-3-9,0.5,0.5,3
2,15,8,7,2-2-4-4,0.0011432229742088897,0.9988567770257911,10934
2,15,8,7,2-2-4-5,0.0021139327385037744,0.9978860672614963,8742
2,15,8,7,2-2-4-6,0.0006729475100942127,0.9993270524899058,2229
2,15,8,7,2-2-4-7,0.008,0.992,375
2,15,8,7,2-2-4-8,0.14864864864864866,0.8513513513513513,37
2,15,8,7,2-2-4-9,0.3333333333333333,0.6666666666666666,3
2,15,8,7,2-2-5-5,0.0002781641168289291,0.9997218358831711,3595
2,15,8,7,2-2-5-6,0.0004462293618920125,0.999553770638108,2241
2,15,8,7,2-2-5-7,0.008215962441314555,0.9917840375586855,426
2,15,8,7,2-2-5-8,0.011904761904761904,0.9880952380952381,42
2,15,8,7,2-2-6-6,0.003592814371257485,0.9964071856287425,835
2,15,8,7,2-2-6-7,0.014705882352941176,0.9852941176470589,374
2,15,8,7,2-2-6-8,0.22093023255813954,0.7790697674418605,43
2,15,8,7,2-2-6-9,0.3333333333333333,0.6666666666666666,3
2,15,8,7,2-2-7-7,0.006944444444444444,0.9930555555555556,144
2,15,8,7,2-2-7-8,0.07446808510638298,0.925531914893617,47
2,15,8,7,2-2-7-9,0.5,0.5,1
2,15,8,7,2-2-8-8,0.3333333333333333,0.6666666666666666,15
2,15,8,7,2-3-3-3,0.00027617770062337253,0.9997238222993766,12673
2,15,8,7,2-3-3-4,4.134452391780708e-05,0.9999586554760822,24187
2,15,8,7,2-3-3-5,5.781683626271971e-05,0.9999421831637373,8648
2,15,8,7,2-3-3-6,0.0033377837116154874,0.9966622162883845,2247
2,15,8,7,2-3-3-7,0.004830917874396135,0.9951690821256038,414
2,15,8,7,2-3-3-8,0.012195121951219513,0.9878048780487805,41
2,15,8,7,2-3-4-4,0.00027962902549284616,0.9997203709745072,21457
2,15,8,7,2-3-4-5,0.0006010991527364323,0.9993989008472636,17468
2,15,8,7,2-3-4-6,0.0011111111111111111,0.9988888888888889,4500
2,15,8,7,2-3-4-7,0.0026109660574412533,0.9973890339425587,766
2,15,8,7,2-3-4-8,0.014285714285714285,0.9857142857142858,70
2,15,8,7,2-3-4-9,0.5,0.5,2
2,15,8,7,2-3-5-5,0.0002875629043853343,0.9997124370956146,6955
2,15,8,7,2-3-5-6,0.0012591575091575092,0.9987408424908425,4368
2,15,8,7,2-3-5-7,0.00628140703517588,0.9937185929648241,796
2,15,8,7,2-3-5-8,0.052083333333333336,0.9479166666666666,96
2,15,8,7,2-3-5-9,0.5,0.5,5
2,15,8,7,2-3-6-6,0.0017720023626698169,0.9982279976373302,1693
2,15,8,7,2-3-6-7,0.0012642225031605564,0.9987357774968394,791
2,15,8,7,2-3-6-8,0.0234375,0.9765625,64
2,15,8,7,2-3-6-9,0.5,0.5,2
2,15,8,7,2-3-7-7,0.04007633587786259,0.9599236641221374,262
2,15,8,7,2-3-7-8,0.17060810810810811,0.8293918918918919,74
2,15,8,7,2-3-7-9,0.5,0.5,1
2,15,8,7,2-3-8-8,0.058823529411764705,0.9411764705882353,34
2,15,8,7,2-3-8-9,0.5,0.5,3
2,15,8,7,2-3-9-9,0.5,0.5,1
2,15,8,7,2-4-4-4,0.000314911037631869,0.9996850889623682,6351
2,15,8,7,2-4-4-5,0.0008549931600547196,0.9991450068399452,8772
2,15,8,7,2-4-4-6,0.000673551863493489,0.9993264481365065,2227
2,15,8,7,2-4-4-7,0.012853470437017995,0.987146529562982,389
2,15,8,7,2-4-4-8,0.04411764705882353,0.9558823529411765,34
2,15,8,7,2-4-4-9,0.5,0.5,1
2,15,8,7,2-4-5-5,0.0003671071953010279,0.999632892804699,6810
2,15,8,7,2-4-5-6,0.00033504578959124413,0.9996649542104088,4477
2,15,8,7,2-4-5-7,0.01621271076523995,0.98378728923476,771
2,15,8,7,2-4-5-8,0.0058823529411764705,0.9941176470588236,85
2,15,8,7,2-4-5-9,0.5,0.5,4
2,15,8,7,2-4-6-6,0.00423728813559322,0.9957627118644068,1652
2,15,8,7,2-4-6-7,0.0006418485237483953,0.9993581514762516,779
2,15,8,7,2-4-6-8,0.045454545454545456,0.9545454545454546,77
2,15,8,7,2-4-6-9,0.3333333333333333,0.6666666666666666,3
2,15,8,7,2-4-7-7,0.006920415224913495,0.9930795847750865,289
2,15,8,7,2-4-7-8,0.07692307692307693,0.9230769230769231,78
2,15,8,7,2-4-7-9,0.16666666666666666,0.8333333333333334,3
2,15,8,7,2-4-8-8,0.3125,0.6875,24
2,15,8,7,2-4-9-9,0.5,0.5,1
2,15,8,7,2-5-5-5,0.000471253534401508,0.9995287464655985,2122
2,15,8,7,2-5-5-6,0.006078343088698784,0.9939216569113012,2221
2,15,8,7,2-5-5-7,0.00468384074941452,0.9953161592505855,427
2,15,8,7,2-5-5-8,0.15517241379310345,0.8448275862068966,29
2,15,8,7,2-5-6-6,0.004518072289156626,0.9954819277108434,1660
2,15,8,7,2-5-6-7,0.005128205128205128,0.9948717948717949,780
2,15,8,7,2-5-6-8,0.047619047619047616,0.9523809523809523,84
2,15,8,7,2-5-6-9,0.5,0.5,4
2,15,8,7,2-5-7-7,0.06294964028776978,0.9370503597122302,278
2,15,8,7,2-5-7-8,0.006578947368421052,0.993421052631579,76
2,15,8,7,2-5-7-9,0.5,0.5,2
2,15,8,7,2-5-8-8,0.027777777777777776,0.9722222222222222,18
2,15,8,7,2-5-8-9,0.5,0.5,2
2,15,8,7,2-5-9-9,0.5,0.5,1
2,15,8,7,2-6-6-6,0.008064516129032258,0.9919354838709677,434
2,15,8,7,2-6-6-7,0.015625,0.984375,352
2,15,8,7,2-6-6-8,0.12,0.88,25
2,15,8,7,2-6-6-9,0.5,0.5,2
2,15,8,7,2-6-7-7,0.00196078431372549,0.9980392156862745,255
2,15,8,7,2-6-7-8,0.07692307692307693,0.9230769230769231,78
2,15,8,7,2-6-7-9,0.2,0.8,5
2,15,8,7,2-6-8-8,0.30952380952380953,0.6904761904761905,21
2,15,8,7,2-6-8-9,0.5,0.5,1
2,15,8,7,2-6-9-9,0.5,0.5,1
2,15,8,7,2-7-7-7,0.4253731343283582,0.5746268656716418,67
2,15,8,7,2-7-7-8,0.5,0.5,27
2,15,8,7,2-7-7-9,0.5,0.5,1
2,15,8,7,2-7-8-8,0.07894736842105263,0.9210526315789473,19
2,15,8,7,2-8-8-8,0.2,0.8,5
2,15,8,7,3-3-3-3,0.0018978605935127675,0.9981021394064873,2898
2,15,8,7,3-3-3-4,0.004253988909593459,0.9957460110904066,7813
2,15,8,7,3-3-3-5,0.00017605633802816902,0.9998239436619718,2840
2,15,8,7,3-3-3-6,0.0012658227848101266,0.9987341772151899,790
2,15,8,7,3-3-3-7,0.012738853503184714,0.9872611464968153,157
2,15,8,7,3-3-3-8,0.2,0.8,10
2,15,8,7,3-3-4-4,0.0003888402838534072,0.9996111597161466,10287
2,15,8,7,3-3-4-5,0.000467180565288484,0.9995328194347115,8562
2,15,8,7,3-3-4-6,0.0018390804597701149,0.9981609195402299,2175
2,15,8,7,3-3-4-7,0.0013333333333333333,0.9986666666666667,375
2,15,8,7,3-3-4-8,0.0125,0.9875,40
2,15,8,7,3-3-4-9,0.5,0.5,1
2,15,8,7,3-3-5-5,0.010416666666666666,0.9895833333333334,3456
2,15,8,7,3-3-5-6,0.0015473032714412025,0.9984526967285589,2262
2,15,8,7,3-3-5-7,0.00267379679144385,0.9973262032085561,374
2,15,8,7,3-3-5-8,0.15555555555555556,0.8444444444444444,45
2,15,8,7,3-3-5-9,0.5,0.5,1
2,15,8,7,3-3-6-6,0.0006031363088057901,0.9993968636911942,829
2,15,8,7,3-3-6-7,0.0026041666666666665,0.9973958333333334,384
2,15,8,7,3-3-6-8,0.029411764705882353,0.9705882352941176,34
2,15,8,7,3-3-6-9,0.5,0.5,2
2,15,8,7,3-3-7-7,0.08148148148148149,0.9185185185185185,135
2,15,8,7,3-3-7-8,0.2638888888888889,0.7361111111111112,36
2,15,8,7,3-3-7-9,0.5,0.5,1
2,15,8,7,3-3-8-8,0.2916666666666667,0.7083333333333334,12
2,15,8,7,3-4-4-4,0.0013736263736263737,0.9986263736263736,6188
2,15,8,7,3-4-4-5,0.0015989036089538603,0.9984010963910461,8756
2,15,8,7,3-4-4-6,0.0028888888888888888,0.9971111111111111,2250
2,15,8,7,3-4-4-7,0.015957446808510637,0.9840425531914894,376
2,15,8,7,3-4-4-8,0.1111111111111111,0.8888888888888888,45
2,15,8,7,3-4-5-5,0.0001409046075806679,0.9998590953924194,7097
2,15,8,7,3-4-5-6,0.006639657888813865,0.9933603421111862,4443
2,15,8,7,3-4-5-7,0.015625,0.984375,736
2,15,8,7,3-4-5-8,0.1794871794871795,0.8205128205128205,78
2,15,8,7,3-4-5-9,0.5,0.5,2
2,15,8,7,3-4-6-6,0.00625,0.99375,1680
2,15,8,7,3-4-6-7,0.004469987228607918,0.9955300127713921,783
2,15,8,7,3-4-6-8,0.15789473684210525,0.8421052631578947,76
2,15,8,7,3-4-6-9,0.5,0.5,3
2,15,8,7,3-4-7-7,0.003367003367003367,0.9966329966329966,297
2,15,8,7,3-4-7-8,0.060240963855421686,0.9397590361445783,83
2,15,8,7,3-4-7-9,0.5,0.5,5
2,15,8,7,3-4-8-8,0.328125,0.671875,32
2,15,8,7,3-4-8-9,0.5,0.5,2
2,15,8,7,3-5-5-5,0.007032007759456838,0.9929679922405431,2062
2,15,8,7,3-5-5-6,0.0006922011998154131,0.9993077988001846,2167
2,15,8,7,3-5-5-7,0.12094763092269327,0.8790523690773068,401
2,15,8,7,3-5-5-8,0.0641025641025641,0.9358974358974359,39
2,15,8,7,3-5-6-6,0.0011792452830188679,0.9988207547169812,1696
2,15,8,7,3-5-6-7,0.06735751295336788,0.9326424870466321,772
2,15,8,7,3-5-6-8,0.02631578947368421,0.9736842105263158,95
2,15,8,7,3-5-6-9,0.5,0.5,5
2,15,8,7,3-5-7-10,0.5,0.5,1
2,15,8,7,3-5-7-7,0.003257328990228013,0.996742671009772,307
2,15,8,7,3-5-7-8,0.01764705882352941,0.9823529411764705,85
2,15,8,7,3-5-7-9,0.5,0.5,2
2,15,8,7,3-5-8-8,0.5,0.5,26
2,15,8,7,3-5-8-9,0.5,0.5,3
2,15,8,7,3-6-6-6,0.07534246575342465,0.9246575342465754,438
2,15,8,7,3-6-6-7,0.03836317135549872,0.9616368286445013,391
2,15,8,7,3-6-6-8,0.05952380952380952,0.9404761904761905,42
2,15,8,7,3-6-7-7,0.014,0.986,250
2,15,8,7,3-6-7-8,0.046511627906976744,0.9534883720930233,86
2,15,8,7,3-6-7-9,0.5,0.5,4
2,15,8,7,3-6-8-8,0.5,0.5,21
2,15,8,7,3-7-7-7,0.5,0.5,77
2,15,8,7,3-7-7-8,0.011363636363636364,0.9886363636363636,44
2,15,8,7,3-7-7-9,0.5,0.5,1
2,15,8,7,3-7-8-8,0.17307692307692307,0.8269230769230769,26
2,15,8,7,4-4-4-4,0.002050580997949419,0.9979494190020506,1463
2,15,8,7,4-4-4-5,0.00285204991087344,0.9971479500891266,2805
2,15,8,7,4-4-4-6,0.017142857142857144,0.9828571428571429,700
2,15,8,7,4-4-4-7,0.03535353535353535,0.9646464646464646,99
2,15,8,7,4-4-4-8,0.11538461538461539,0.8846153846153846,13
2,15,8,7,4-4-5-5,0.002201996476805637,0.9977980035231944,3406
2,15,8,7,4-4-5-6,0.00045641259698767686,0.9995435874030123,2191
2,15,8,7,4-4-5-7,0.014942528735632184,0.9850574712643678,435
2,15,8,7,4-4-5-8,0.011111111111111112,0.9888888888888889,45
2,15,8,7,4-4-5-9,0.5,0.5,2
2,15,8,7,4-4-6-6,0.006896551724137931,0.993103448275862,870
2,15,8,7,4-4-6-7,0.018337408312958436,0.9816625916870416,409
2,15,8,7,4-4-6-8,0.20689655172413793,0.7931034482758621,29
2,15,8,7,4-4-6-9,0.5,0.5,3
2,15,8,7,4-4-7-7,0.02631578947368421,0.9736842105263158,133
2,15,8,7,4-4-7-8,0.5,0.5,34
2,15,8,7,4-4-7-9,0.5,0.5,2
2,15,8,7,4-4-8-8,0.3,0.7,15
2,15,8,7,4-4-8-9,0.5,0.5,2
2,15,8,7,4-4-9-9,0.5,0.5,1
2,15,8,7,4-5-5-5,0.0004948045522018803,0.9995051954477981,2021
2,15,8,7,4-5-5-6,0.006424965580541533,0.9935750344194585,2179
2,15,8,7,4-5-5-7,0.004484304932735426,0.9955156950672646,446
2,15,8,7,4-5-5-8,0.020833333333333332,0.9791666666666666,48
2,15,8,7,4-5-5-9,0.5,0.5,1
2,15,8,7,4-5-6-6,0.00028851702250432774,0.9997114829774957,1733
2,15,8,7,4-5-6-7,0.03169469598965071,0.9683053040103493,773
2,15,8,7,4-5-6-8,0.15060240963855423,0.8493975903614458,83
2,15,8,7,4-5-6-9,0.5,0.5,2
2,15,8,7,4-5-7-7,0.052734375,0.947265625,256
2,15,8,7,4-5-7-8,0.11170212765957446,0.8882978723404256,94
2,15,8,7,4-5-7-9,0.5,0.5,2
2,15,8,7,4-5-8-8,0.125,0.875,24
2,15,8,7,4-5-8-9,0.5,0.5,3
2,15,8,7,4-6-6-6,0.06118143459915612,0.9388185654008439,474
2,15,8,7,4-6-6-7,0.006561679790026247,0.9934383202099738,381
2,15,8,7,4-6-6-8,0.03409090909090909,0.9659090909090909,44
2,15,8,7,4-6-6-9,0.5,0.5,1
2,15,8,7,4-6-7-7,0.030612244897959183,0.9693877551020408,245
2,15,8,7,4-6-7-8,0.41358024691358025,0.5864197530864198,81
2,15,8,7,4-6-7-9,0.5,0.5,4
2,15,8,7,4-6-8-8,0.5,0.5,34
2,15,8,7,4-7-7-7,0.05384615384615385,0.9461538461538461,65
2,15,8,7,4-7-7-8,0.15384615384615385,0.8461538461538461,39
2,15,8,7,5-5-5-5,0.034764826175869123,0.9652351738241309,489
2,15,8,7,5-5-5-6,0.009589041095890411,0.9904109589041096,730
2,15,8,7,5-5-5-7,0.16115702479338842,0.8388429752066116,121
2,15,8,7,5-5-5-8,0.5,0.5,7
2,15,8,7,5-5-6-6,0.0012106537530266344,0.9987893462469734,826
2,15,8,7,5-5-6-7,0.004901960784313725,0.9950980392156863,408
2,15,8,7,5-5-6-8,0.3125,0.6875,40
2,15,8,7,5-5-7-7,0.09731543624161074,0.9026845637583892,149
2,15,8,7,5-5-7-8,0.5,0.5,33
2,15,8,7,5-5-8-8,0.5,0.5,13
2,15,8,7,5-6-6-6,0.013986013986013986,0.986013986013986,429
2,15,8,7,5-6-6-7,0.025362318840579712,0.9746376811594203,414
2,15,8,7,5-6-6-8,0.5,0.5,42
2,15,8,7,5-6-6-9,0.5,0.5,1
2,15,8,7,5-6-7-7,0.20255474452554745,0.7974452554744526,274
2,15,8,7,5-6-7-8,0.19879518072289157,0.8012048192771084,83
2,15,8,7,5-7-7-7,0.5,0.5,83
2,15,8,7,6-6-6-6,0.09693877551020408,0.9030612244897959,98
2,15,8,7,6-6-6-7,0.04838709677419355,0.9516129032258065,124
2,15,8,7,6-6-6-8,0.5,0.5,13
2,15,8,7,6-6-7-7,0.33221476510067116,0.6677852348993288,149
2,17,9,8,1-1-1-1,0.0005381931556677307,0.9994618068443323,26942
2,17,9,8,1-1-1-2,4.974464415997877e-05,0.99995025535584,60308
2,17,9,8,1-1-1-3,0.0004364815430661789,0.9995635184569338,24056
2,17,9,8,1-1-1-4,0.0003901460260840486,0.999609853973916,8971
2,17,9,8,1-1-1-5,0.013802801255970118,0.9861971987440299,2327
2,17,9,8,1-1-1-6,0.021956087824351298,0.9780439121756487,501
2,17,9,8,1-1-1-7,0.03571428571428571,0.9642857142857143,70
2,17,9,8,1-1-1-8,0.2,0.8,5
2,17,9,8,1-1-1-9,0.5,0.5,1
2,17,9,8,1-1-2-2,1.4421482239944622e-05,0.99998557851776,69341
2,17,9,8,1-1-2-3,6.52608985700612e-05,0.9999347391014299,68954
2,17,9,8,1-1-2-4,1.8999126040202152e-05,0.9999810008739598,26317
2,17,9,8,1-1-2-5,6.858710562414266e-05,0.9999314128943758,7290
2,17,9,8,1-1-2-6,0.00033025099075297226,0.999669749009247,1514
2,17,9,8,1-1-2-7,0.013636363636363636,0.9863636363636363,220
2,17,9,8,1-1-2-8,0.5,0.5,8
2,17,9,8,1-1-2-9,0.5,0.5,1
2,17,9,8,1-1-3-3,1.788013159776856e-05,0.9999821198684022,27964
2,17,9,8,1-1-3-4,0.00011663621165584542,0.9998833637883442,25721
2,17,9,8,1-1-3-5,6.793478260869565e-05,0.9999320652173913,7360
2,17,9,8,1-1-3-6,0.0003367003367003367,0.9996632996632997,1485
2,17,9,8,1-1-3-7,0.04439252336448598,0.955607476635514,214
2,17,9,8,1-1-3-8,0.10526315789473684,0.8947368421052632,19
2,17,9,8,1-1-4-4,0.00014392630972941855,0.9998560736902706,10422
2,17,9,8,1-1-4-5,0.0004017139796464917,0.9995982860203535,7468
2,17,9,8,1-1-4-6,0.0009914077990746861,0.9990085922009253,1513
2,17,9,8,1-1-4-7,0.04932735426008968,0.9506726457399103,223
2,17,9,8,1-1-4-8,0.20833333333333334,0.7916666666666666,24
2,17,9,8,1-1-5-5,0.0040365040365040366,0.995963495963496,2849
2,17,9,8,1-1-5-6,0.0009933774834437086,0.9990066225165563,1510
2,17,9,8,1-1-5-7,0.002066115702479339,0.9979338842975206,242
2,17,9,8,1-1-5-8,0.03333333333333333,0.9666666666666667,15
2,17,9,8,1-1-6-6,0.010476190476190476,0.9895238095238095,525
2,17,9,8,1-1-6-7,0.015306122448979591,0.9846938775510204,196
2,17,9,8,1-1-6-8,0.9411764705882353,0.058823529411764705,17
2,17,9,8,1-1-7-7,0.02830188679245283,0.9716981132075472,53
2,17,9,8,1-1-7-8,0.14285714285714285,0.8571428571428571,21
2,17,9,8,1-1-8-8,0.16666666666666666,0.8333333333333334,3
2,17,9,8,1-1-8-9,0.5,0.5,2
2,17,9,8,1-2-2-2,4.266332944622998e-05,0.9999573366705538,35159
2,17,9,8,1-2-2-3,0.00010689307638273829,0.9998931069236172,65486
2,17,9,8,1-2-2-4,3.8284839203675343e-05,0.9999617151607963,26120
2,17,9,8,1-2-2-5,0.00013766519823788548,0.9998623348017621,7264
2,17,9,8,1-2-2-6,0.0006600660066006601,0.9993399339933994,1515
2,17,9,8,1-2-2-7,0.009900990099009901,0.9900990099009901,202
2,17,9,8,1-2-2-8,0.038461538461538464,0.9615384615384616,13
2,17,9,8,1-2-2-9,0.5,0.5,1
2,17,9,8,1-2-3-3,6.849181033639264e-05,0.9999315081896636,51101
2,17,9,8,1-2-3-4,7.954183900731785e-05,0.9999204581609927,50288
2,17,9,8,1-2-3-5,0.0002375619357904025,0.9997624380642096,14733
2,17,9,8,1-2-3-6,0.0004887585532746823,0.9995112414467253,3069
2,17,9,8,1-2-3-7,0.006067961165048544,0.9939320388349514,412
2,17,9,8,1-2-3-8,0.013513513513513514,0.9864864864864865,37
2,17,9,8,1-2-3-9,0.5,0.5,1
2,17,9,8,1-2-4-4,0.0001666269935729588,0.999833373006427,21005
2,17,9,8,1-2-4-5,0.00016998708098184539,0.9998300129190182,14707
2,17,9,8,1-2-4-6,0.00736235595390525,0.9926376440460948,3124
2,17,9,8,1-2-4-7,0.0033482142857142855,0.9966517857142857,448
2,17,9,8,1-2-4-8,0.011904761904761904,0.9880952380952381,42
2,17,9,8,1-2-4-9,0.5,0.5,2
2,17,9,8,1-2-5-5,0.0004474673348845534,0.9995525326651155,5587
2,17,9,8,1-2-5-6,0.0054094540612516645,0.9945905459387483,3004
2,17,9,8,1-2-5-7,0.0011574074074074073,0.9988425925925926,432
2,17,9,8,1-2-5-8,0.016129032258064516,0.9838709677419355,31
2,17,9,8,1-2-5-9,0.25,0.75,2
2,17,9,8,1-2-6-6,0.019455252918287938,0.980544747081712,1028
2,17,9,8,1-2-6-7,0.0012254901960784314,0.9987745098039216,408
2,17,9,8,1-2-6-8,0.075,0.925,20
2,17,9,8,1-2-7-7,0.0035971223021582736,0.9964028776978417,139
2,17,9,8,1-2-7-8,0.030303030303030304,0.9696969696969697,33
2,17,9,8,1-2-7-9,0.5,0.5,1
2,17,9,8,1-2-8-8,0.08333333333333333,0.9166666666666666,6
2,17,9,8,1-2-8-9,0.5,0.5,1
2,17,9,8,1-3-3-3,0.0011221545367104842,0.9988778454632895,15595
2,17,9,8,1-3-3-4,9.94708152628019e-05,0.9999005291847372,25133
2,17,9,8,1-3-3-5,0.0013194444444444445,0.9986805555555556,7200
2,17,9,8,1-3-3-6,0.004307488402915839,0.9956925115970842,1509
2,17,9,8,1-3-3-7,0.028037383177570093,0.9719626168224299,214
2,17,9,8,1-3-3-8,0.32142857142857145,0.6785714285714286,14
2,17,9,8,1-3-4-4,0.00012084884226809107,0.999879151157732,20687
2,17,9,8,1-3-4-5,0.00041220115416323167,0.9995877988458368,14556
2,17,9,8,1-3-4-6,0.0026917900403768506,0.9973082099596231,2972
2,17,9,8,1-3-4-7,0.020134228187919462,0.9798657718120806,447
2,17,9,8,1-3-4-8,0.2037037037037037,0.7962962962962963,27
2,17,9,8,1-3-5-5,0.00017966223499820338,0.9998203377650018,5566
2,17,9,8,1-3-5-6,0.00016627868307283005,0.9998337213169272,3007
2,17,9,8,1-3-5-7,0.0012048192771084338,0.9987951807228915,415
2,17,9,8,1-3-5-8,0.06060606060606061,0.9393939393939394,33
2,17,9,8,1-3-6-6,0.0028169014084507044,0.9971830985915493,1065
2,17,9,8,1-3-6-7,0.007772020725388601,0.9922279792746114,386
2,17,9,8,1-3-6-8,0.11666666666666667,0.8833333333333333,30
2,17,9,8,1-3-7-7,0.06198347107438017,0.9380165289256198,121
2,17,9,8,1-3-7-8,0.5,0.5,26
2,17,9,8,1-3-8-8,0.5,0.5,13
2,17,9,8,1-4-4-4,0.0024683231857824586,0.9975316768142175,6077
2,17,9,8,1-4-4-5,0.0013004791238877482,0.9986995208761122,7305
2,17,9,8,1-4-4-6,0.003780718336483932,0.996219281663516,1587
2,17,9,8,1-4-4-7,0.04245283018867924,0.9575471698113207,212
2,17,9,8,1-4-4-8,0.09375,0.90625,16
2,17,9,8,1-4-4-9,0.5,0.5,1
2,17,9,8,1-4-5-5,0.00423728813559322,0.9957627118644068,5546
2,17,9,8,1-4-5-6,0.001176470588235294,0.9988235294117647,2975
2,17,9,8,1-4-5-7,0.00563063063063063,0.9943693693693694,444
2,17,9,8,1-4-5-8,0.20689655172413793,0.7931034482758621,29
2,17,9,8,1-4-6-6,0.0066857688634192934,0.9933142311365807,1047
2,17,9,8,1-4-6-7,0.02810304449648712,0.9718969555035128,427
2,17,9,8,1-4-6-8,0.34375,0.65625,32
2,17,9,8,1-4-6-9,0.5,0.5,1
2,17,9,8,1-4-7-7,0.003676470588235294,0.9963235294117647,136
2,17,9,8,1-4-7-8,0.01282051282051282,0.9871794871794872,39
2,17,9,8,1-4-8-8,0.16666666666666666,0.8333333333333334,12
2,17,9,8,1-4-8-9,0.5,0.5,1
2,17,9,8,1-5-5-5,0.01051980198019802,0.989480198019802,1616
2,17,9,8,1-5-5-6,0.0031141868512110727,0.9968858131487889,1445
2,17,9,8,1-5-5-7,0.03009259259259259,0.9699074074074074,216
2,17,9,8,1-5-5-8,0.4473684210526316,0.5526315789473685,19
2,17,9,8,1-5-5-9,0.5,0.5,1
2,17,9,8,1-5-6-6,0.0013711151736745886,0.9986288848263254,1094
2,17,9,8,1-5-6-7,0.015424164524421594,0.9845758354755784,389
2,17,9,8,1-5-6-8,0.25,0.75,18
2,17,9,8,1-5-7-7,0.0472972972972973,0.9527027027027027,148
2,17,9,8,1-5-7-8,0.08333333333333333,0.9166666666666666,36
2,17,9,8,1-5-8-8,0.5,0.5,6
2,17,9,8,1-5-8-9,0.5,0.5,1
2,17,9,8,1-6-6-6,0.10689655172413794,0.8931034482758621,290
2,17,9,8,1-6-6-7,0.1806282722513089,0.819371727748691,191
2,17,9,8,1-6-6-8,0.35714285714285715,0.6428571428571429,7
2,17,9,8,1-6-7-7,0.20866141732283464,0.7913385826771654,127
2,17,9,8,1-6-7-8,0.4807692307692308,0.5192307692307693,26
2,17,9,8,1-6-8-8,0.375,0.625,8
2,17,9,8,1-7-7-7,0.2413793103448276,0.7586206896551724,29
2,17,9,8,1-7-7-8,0.5,0.5,12
2,17,9,8,1-7-7-9,0.5,0.5,2
2,17,9,8,1-7-8-8,0.5,0.5,7
2,17,9,8,1-7-8-9,0.5,0.5,1
2,17,9,8,2-2-2-2,0.0005324104884866232,0.9994675895115134,7513
2,17,9,8,2-2-2-3,0.00035123743650707876,0.9996487625634929,18506
2,17,9,8,2-2-2-4,0.0004090696587190276,0.999590930341281,8556
2,17,9,8,2-2-2-5,0.005212685103461799,0.9947873148965382,2400
2,17,9,8,2-2-2-6,0.022277227722772283,0.9777227722772277,505
2,17,9,8,2-2-2-7,0.045454545454545456,0.9545454545454546,77
2,17,9,8,2-2-2-8,0.2,0.8,5
2,17,9,8,2-2-3-3,2.0316118808662795e-05,0.9999796838811913,24611
2,17,9,8,2-2-3-4,5.904814392000945e-05,0.99994095185608,25403
2,17,9,8,2-2-3-5,0.0006054083142741827,0.9993945916857259,7433
2,17,9,8,2-2-3-6,0.0003324468085106383,0.9996675531914894,1504
2,17,9,8,2-2-3-7,0.009900990099009901,0.9900990099009901,202
2,17,9,8,2-2-3-8,0.14285714285714285,0.8571428571428571,14
2,17,9,8,2-2-3-9,0.5,0.5,1
2,17,9,8,2-2-4-4,0.0013704852300848924,0.998629514769915,10641
2,17,9,8,2-2-4-5,0.006896312725256446,0.9931036872747435,7214
2,17,9,8,2-2-4-6,0.0036496350364963502,0.9963503649635036,1507
2,17,9,8,2-2-4-7,0.11442786069651742,0.8855721393034826,201
2,17,9,8,2-2-4-8,0.5,0.5,12
2,17,9,8,2-2-4-9,0.5,0.5,1
2,17,9,8,2-2-5-5,0.00034494653328734045,0.9996550534667127,2899
2,17,9,8,2-2-5-6,0.009784735812133072,0.9902152641878669,1533
2,17,9,8,2-2-5-7,0.035555555555555556,0.9644444444444444,225
2,17,9,8,2-2-5-8,0.029411764705882353,0.9705882352941176,17
2,17,9,8,2-2-6-6,0.01526032315978456,0.9847396768402155,557
2,17,9,8,2-2-6-7,0.042105263157894736,0.9578947368421052,190
2,17,9,8,2-2-6-8,0.5,0.5,15
2,17,9,8,2-2-6-9,0.5,0.5,1
2,17,9,8,2-2-7-7,0.25,0.75,72
2,17,9,8,2-2-7-8,0.18181818181818182,0.8181818181818182,11
2,17,9,8,2-2-8-8,0.3333333333333333,0.6666666666666666,6
2,17,9,8,2-3-3-3,0.002269238470266302,0.9977307615297337,14983
2,17,9,8,2-3-3-4,4.094668741298829e-05,0.999959053312587,24422
2,17,9,8,2-3-3-5,0.00027770063871146905,0.9997222993612885,7202
2,17,9,8,2-3-3-6,0.00032278889606197545,0.999677211103938,1549
2,17,9,8,2-3-3-7,0.03619909502262444,0.9638009049773756,221
2,17,9,8,2-3-3-8,0.025,0.975,20
2,17,9,8,2-3-4-4,0.0002179915709925883,0.9997820084290074,20643
2,17,9,8,2-3-4-5,0.0002416459541563104,0.9997583540458437,14484
2,17,9,8,2-3-4-6,0.0019474196689386564,0.9980525803310614,3081
2,17,9,8,2-3-4-7,0.039951573849878935,0.9600484261501211,413
2,17,9,8,2-3-4-8,0.034482758620689655,0.9655172413793104,29
2,17,9,8,2-3-5-5,0.0012594458438287153,0.9987405541561712,5558
2,17,9,8,2-3-5-6,0.001172136637642331,0.9988278633623576,2986
2,17,9,8,2-3-5-7,0.004434589800443459,0.9955654101995566,451
2,17,9,8,2-3-5-8,0.28125,0.71875,32
2,17,9,8,2-3-6-6,0.00533462657613967,0.9946653734238603,1031
2,17,9,8,2-3-6-7,0.056532663316582916,0.9434673366834171,398
2,17,9,8,2-3-6-8,0.045454545454545456,0.9545454545454546,22
2,17,9,8,2-3-6-9,0.5,0.5,1
2,17,9,8,2-3-7-7,0.04065040650406504,0.959349593495935,123
2,17,9,8,2-3-7-8,0.36,0.64,25
2,17,9,8,2-3-8-8,0.5,0.5,13
2,17,9,8,2-4-4-4,0.0004888381945576015,0.9995111618054424,6137
2,17,9,8,2-4-4-5,0.0029956806465096866,0.9970043193534903,7177
2,17,9,8,2-4-4-6,0.008180628272251309,0.9918193717277487,1528
2,17,9,8,2-4-4-7,0.0291005291005291,0.9708994708994709,189
2,17,9,8,2-4-4-8,0.4230769230769231,0.5769230769230769,13
2,17,9,8,2-4-5-5,0.0014601204599379448,0.9985398795400621,5479
2,17,9,8,2-4-5-6,0.000326477309826967,0.9996735226901731,3063
2,17,9,8,2-4-5-7,0.03110047846889952,0.9688995215311005,418
2,17,9,8,2-4-5-8,0.27586206896551724,0.7241379310344828,29
2,17,9,8,2-4-5-9,0.5,0.5,1
2,17,9,8,2-4-6-6,0.0023169601482854493,0.9976830398517146,1079
2,17,9,8,2-4-6-7,0.0012224938875305623,0.9987775061124694,409
2,17,9,8,2-4-6-8,0.041666666666666664,0.9583333333333334,24
2,17,9,8,2-4-6-9,0.5,0.5,2
2,17,9,8,2-4-7-7,0.04807692307692308,0.9519230769230769,156
2,17,9,8,2-4-7-8,0.31666666666666665,0.6833333333333333,30
2,17,9,8,2-4-8-8,0.5,0.5,7
2,17,9,8,2-4-8-9,0.5,0.5,1
2,17,9,8,2-5-5-5,0.00030883261272390367,0.9996911673872761,1619
2,17,9,8,2-5-5-6,0.0028790786948176585,0.9971209213051824,1563
2,17,9,8,2-5-5-7,0.00663716814159292,0.9933628318584071,226
2,17,9,8,2-5-5-8,0.5,0.5,12
2,17,9,8,2-5-6-6,0.01594746716697936,0.9840525328330206,1066
2,17,9,8,2-5-6-7,0.00641025641025641,0.9935897435897436,390
2,17,9,8,2-5-6-8,0.38333333333333336,0.6166666666666667,30
2,17,9,8,2-5-6-9,0.5,0.5,2
2,17,9,8,2-5-7-7,0.06198347107438017,0.9380165289256198,121
2,17,9,8,2-5-7-8,0.02857142857142857,0.9714285714285714,35
2,17,9,8,2-5-8-8,0.5,0.5,9
2,17,9,8,2-6-6-6,0.09821428571428571,0.9017857142857143,280
2,17,9,8,2-6-6-7,0.06830601092896176,0.9316939890710383,183
2,17,9,8,2-6-6-8,0.25,0.75,12
2,17,9,8,2-6-7-7,0.14642857142857144,0.8535714285714285,140
2,17,9,8,2-6-7-8,0.06944444444444445,0.9305555555555556,36
2,17,9,8,2-6-8-8,0.5,0.5,7
2,17,9,8,2-7-7-7,0.4423076923076923,0.5576923076923077,26
2,17,9,8,2-7-7-8,0.5,0.5,3
2,17,9,8,2-7-8-8,0.5,0.5,14
2,17,9,8,2-7-8-9,0.5,0.5,1
2,17,9,8,3-3-3-3,0.0018867924528301887,0.9981132075471698,3445
2,17,9,8,3-3-3-4,0.0003754693366708385,0.9996245306633291,7990
2,17,9,8,3-3-3-5,0.00397323295692179,0.9960267670430782,2391
2,17,9,8,3-3-3-6,0.002004008016032064,0.9979959919839679,499
2,17,9,8,3-3-3-7,0.012987012987012988,0.987012987012987,77
2,17,9,8,3-3-3-8,0.3333333333333333,0.6666666666666666,3
2,17,9,8,3-3-4-4,0.0061479540415238865,0.9938520459584761,9922
2,17,9,8,3-3-4-5,0.0009087096323221026,0.9990912903676779,7153
2,17,9,8,3-3-4-6,0.0009914077990746861,0.9990085922009253,1513
2,17,9,8,3-3-4-7,0.0025,0.9975,200
2,17,9,8,3-3-4-8,0.5,0.5,17
2,17,9,8,3-3-5-5,0.006952067325283571,0.9930479326747165,2733
2,17,9,8,3-3-5-6,0.0009791122715404699,0.9990208877284595,1532
2,17,9,8,3-3-5-7,0.013953488372093023,0.986046511627907,215
2,17,9,8,3-3-5-8,0.5,0.5,14
2,17,9,8,3-3-6-6,0.0027124773960217,0.9972875226039783,553
2,17,9,8,3-3-6-7,0.19623655913978494,0.803763440860215,186
2,17,9,8,3-3-6-8,0.5,0.5,11
2,17,9,8,3-3-7-7,0.17796610169491525,0.8220338983050848,59
2,17,9,8,3-3-7-8,0.5,0.5,13
2,17,9,8,3-3-8-8,0.5,0.5,4
2,17,9,8,3-4-4-4,0.0007575757575757576,0.9992424242424243,5940
2,17,9,8,3-4-4-5,0.002004423555432679,0.9979955764445673,7234
2,17,9,8,3-4-4-6,0.005191434133679429,0.9948085658663206,1541
2,17,9,8,3-4-4-7,0.014563106796116505,0.9854368932038835,206
2,17,9,8,3-4-4-8,0.07142857142857142,0.9285714285714286,21
2,17,9,8,3-4-5-5,0.0004453152832205201,0.9995546847167794,5614
2,17,9,8,3-4-5-6,0.00031887755102040814,0.9996811224489796,3136
2,17,9,8,3-4-5-7,0.08795180722891566,0.9120481927710843,415
2,17,9,8,3-4-5-8,0.14814814814814814,0.8518518518518519,27
2,17,9,8,3-4-6-6,0.035477767265846734,0.9645222327341533,1057
2,17,9,8,3-4-6-7,0.04976303317535545,0.9502369668246445,422
2,17,9,8,3-4-6-8,0.5,0.5,26
2,17,9,8,3-4-6-9,0.5,0.5,1
2,17,9,8,3-4-7-7,0.025547445255474453,0.9744525547445255,137
2,17,9,8,3-4-7-8,0.5,0.5,35
2,17,9,8,3-4-7-9,0.5,0.5,2
2,17,9,8,3-4-8-8,0.5,0.5,10
2,17,9,8,3-4-8-9,0.5,0.5,1
2,17,9,8,3-5-5-5,0.004941321803582459,0.9950586781964176,1619
2,17,9,8,3-5-5-6,0.0030508474576271187,0.9969491525423729,1475
2,17,9,8,3-5-5-7,0.02,0.98,200
2,17,9,8,3-5-5-8,0.038461538461538464,0.9615384615384616,13
2,17,9,8,3-5-6-6,0.02394106813996317,0.9760589318600368,1086
2,17,9,8,3-5-6-7,0.02610966057441253,0.9738903394255874,383
2,17,9,8,3-5-6-8,0.5,0.5,33
2,17,9,8,3-5-6-9,0.5,0.5,1
2,17,9,8,3-5-7-7,0.2645161290322581,0.7354838709677419,155
2,17,9,8,3-5-7-8,0.5,0.5,37
2,17,9,8,3-5-7-9,0.5,0.5,2
2,17,9,8,3-5-8-8,0.5,0.5,7
2,17,9,8,3-6-6-6,0.3533834586466165,0.6466165413533834,266
2,17,9,8,3-6-6-7,0.09134615384615384,0.9086538461538461,208
2,17,9,8,3-6-6-8,0.5,0.5,16
2,17,9,8,3-6-6-9,0.5,0.5,1
2,17,9,8,3-6-7-7,0.09917355371900827,0.9008264462809917,121
2,17,9,8,3-6-7-8,0.5,0.5,21
2,17,9,8,3-6-7-9,0.5,0.5,1
2,17,9,8,3-6-8-8,0.5,0.5,4
2,17,9,8,3-7-7-7,0.5,0.5,23
2,17,9,8,3-7-7-8,0.10714285714285714,0.8928571428571429,14
2,17,9,8,3-7-8-8,0.5,0.5,15
2,17,9,8,4-4-4-4,0.0014705882352941176,0.9985294117647059,1360
2,17,9,8,4-4-4-5,0.015673289183222958,0.984326710816777,2265
2,17,9,8,4-4-4-6,0.006147540983606557,0.9938524590163934,488
2,17,9,8,4-4-4-7,0.034482758620689655,0.9655172413793104,58
2,17,9,8,4-4-4-8,0.2,0.8,5
2,17,9,8,4-4-5-5,0.009864815491413957,0.9901351845085861,2737
2,17,9,8,4-4-5-6,0.012450851900393184,0.9875491480996068,1526
2,17,9,8,4-4-5-7,0.06147540983606557,0.9385245901639344,244
2,17,9,8,4-4-5-8,0.5,0.5,18
2,17,9,8,4-4-6-6,0.23577981651376148,0.7642201834862385,545
2,17,9,8,4-4-6-7,0.04716981132075472,0.9528301886792453,212
2,17,9,8,4-4-6-8,0.5,0.5,5
2,17,9,8,4-4-6-9,0.5,0.5,2
2,17,9,8,4-4-7-7,0.3115942028985507,0.6884057971014492,69
2,17,9,8,4-4-7-8,0.5,0.5,8
2,17,9,8,4-4-7-9,0.5,0.5,1
2,17,9,8,4-4-8-8,0.5,0.5,6
2,17,9,8,4-4-8-9,0.5,0.5,1
2,17,9,8,4-4-9-9,0.5,0.5,1
2,17,9,8,4-5-5-5,0.00031113876789047915,0.9996888612321095,1607
2,17,9,8,4-5-5-6,0.008106355382619975,0.99189364461738,1542
2,17,9,8,4-5-5-7,0.1187214611872146,0.8812785388127854,219
2,17,9,8,4-5-5-8,0.09375,0.90625,16
2,17,9,8,4-5-6-6,0.04698275862068965,0.9530172413793103,1160
2,17,9,8,4-5-6-7,0.04342105263157895,0.9565789473684211,380
2,17,9,8,4-5-6-8,0.10344827586206896,0.896551724137931,29
2,17,9,8,4-5-6-9,0.5,0.5,1
2,17,9,8,4-5-7-7,0.2777777777777778,0.7222222222222222,117
2,17,9,8,4-5-7-8,0.5,0.5,34
2,17,9,8,4-5-8-8,0.5,0.5,7
2,17,9,8,4-6-6-6,0.2834507042253521,0.7165492957746479,284
2,17,9,8,4-6-6-7,0.005128205128205128,0.9948717948717949,195
2,17,9,8,4-6-6-8,0.4642857142857143,0.5357142857142857,14
2,17,9,8,4-6-7-7,0.5,0.5,106
2,17,9,8,4-6-7-8,0.5,0.5,34
2,17,9,8,4-6-7-9,0.5,0.5,2
2,17,9,8,4-6-8-8,0.25,0.75,12
2,17,9,8,4-7-7-7,0.5,0.5,28
2,17,9,8,4-7-7-8,0.5,0.5,17
2,17,9,8,5-5-5-5,0.1486111111111111,0.8513888888888889,360
2,17,9,8,5-5-5-6,0.08771929824561403,0.9122807017543859,513
2,17,9,8,5-5-5-7,0.22131147540983606,0.7786885245901639,61
2,17,9,8,5-5-5-8,0.5,0.5,3
2,17,9,8,5-5-6-6,0.012845849802371542,0.9871541501976284,506
2,17,9,8,5-5-6-7,0.24331550802139038,0.7566844919786097,187
2,17,9,8,5-5-6-8,0.5,0.5,8
2,17,9,8,5-5-7-7,0.3092105263157895,0.6907894736842105,76
2,17,9,8,5-5-7-8,0.5,0.5,13
2,17,9,8,5-5-8-8,0.5,0.5,6
2,17,9,8,5-6-6-6,0.019784172661870502,0.9802158273381295,278
2,17,9,8,5-6-6-7,0.008888888888888889,0.9911111111111112,225
2,17,9,8,5-6-6-8,0.5,0.5,12
2,17,9,8,5-6-6-9,0.5,0.5,1
2,17,9,8,5-6-7-7,0.10218978102189781,0.8978102189781022,137
2,17,9,8,5-6-7-8,0.5,0.5,30
2,17,9,8,5-7-7-7,0.5,0.5,28
2,17,9,8,6-6-6-6,0.06451612903225806,0.9354838709677419,62
2,17,9,8,6-6-6-7,0.5,0.5,69
2,17,9,8,6-6-6-8,0.5,0.5,3
2,17,9,8,6-6-7-7,0.5,0.5,67
2,19,10,9,1-1-1-1,0.00772110435189518,0.9922788956481048,36329
2,19,10,9,1-1-1-2,8.002347355224199e-05,0.9999199765264477,74978
2,19,10,9,1-1-1-3,0.00020824656393169514,0.9997917534360683,26411
2,19,10,9,1-1-1-4,0.004150105213935001,0.995849894786065,8554
2,19,10,9,1-1-1-5,0.002638522427440633,0.9973614775725593,1895
2,19,10,9,1-1-1-6,0.011627906976744186,0.9883720930232558,301
2,19,10,9,1-1-1-7,0.09523809523809523,0.9047619047619048,42
2,19,10,9,1-1-1-8,0.5,0.5,2
2,19,10,9,1-1-2-2,0.0002730557847158477,0.9997269442152842,86063
2,19,10,9,1-1-2-3,1.3042060645582003e-05,0.9999869579393544,76675
2,19,10,9,1-1-2-4,1.987518384545057e-05,0.9999801248161545,25157
2,19,10,9,1-1-2-5,0.00016983695652173913,0.9998301630434783,5888
2,19,10,9,1-1-2-6,0.004540867810292634,0.9954591321897074,991
2,19,10,9,1-1-2-7,0.00510204081632653,0.9948979591836735,98
2,19,10,9,1-1-2-8,0.5,0.5,3
2,19,10,9,1-1-2-9,0.5,0.5,1
2,19,10,9,1-1-3-3,0.00026033192320208264,0.9997396680767979,30730
2,19,10,9,1-1-3-4,6.0520476094411944e-05,0.9999394795239056,24785
2,19,10,9,1-1-3-5,0.0003332777870354941,0.9996667222129645,6001
2,19,10,9,1-1-3-6,0.0034079844206426485,0.9965920155793574,1027
2,19,10,9,1-1-3-7,0.044642857142857144,0.9553571428571429,112
2,19,10,9,1-1-3-8,0.125,0.875,8
2,19,10,9,1-1-4-4,0.00015440041173443128,0.9998455995882656,9715
2,19,10,9,1-1-4-5,0.0003365870077415012,0.9996634129922585,5942
2,19,10,9,1-1-4-6,0.015546639919759278,0.9844533600802408,997
2,19,10,9,1-1-4-7,0.018691588785046728,0.9813084112149533,107
2,19,10,9,1-1-4-8,0.5,0.5,6
2,19,10,9,1-1-5-5,0.0018306636155606408,0.9981693363844394,2185
2,19,10,9,1-1-5-6,0.0005,0.9995,1000
2,19,10,9,1-1-5-7,0.004347826086956522,0.9956521739130435,115
2,19,10,9,1-1-5-8,0.16666666666666666,0.8333333333333334,6
2,19,10,9,1-1-6-6,0.022727272727272728,0.9772727272727273,330
2,19,10,9,1-1-6-7,0.009615384615384616,0.9903846153846154,104
2,19,10,9,1-1-6-8,0.5,0.5,1
2,19,10,9,1-1-7-7,0.1346153846153846,0.8653846153846154,26
2,19,10,9,1-1-7-8,0.35714285714285715,0.6428571428571429,7
2,19,10,9,1-1-8-8,0.5,0.5,1
2,19,10,9,1-1-8-9,0.5,0.5,1
2,19,10,9,1-2-2-2,2.2163120567375888e-05,0.9999778368794326,45120
2,19,10,9,1-2-2-3,6.121449559255632e-05,0.9999387855044074,73512
2,19,10,9,1-2-2-4,5.97538142851452e-05,0.9999402461857149,25103
2,19,10,9,1-2-2-5,0.0010031767262999498,0.9989968232737001,5981
2,19,10,9,1-2-2-6,0.0009784735812133072,0.9990215264187867,1022
2,19,10,9,1-2-2-7,0.008620689655172414,0.9913793103448276,116
2,19,10,9,1-2-2-8,0.3,0.7,5
2,19,10,9,1-2-3-3,0.00010476872304388064,0.9998952312769561,57269
2,19,10,9,1-2-3-4,3.0834378276152694e-05,0.9999691656217239,48647
2,19,10,9,1-2-3-5,0.001176668347621449,0.9988233316523786,11898
2,19,10,9,1-2-3-6,0.0009896091044037606,0.9990103908955963,2021
2,19,10,9,1-2-3-7,0.009852216748768473,0.9901477832512315,203
2,19,10,9,1-2-3-8,0.038461538461538464,0.9615384615384616,13
2,19,10,9,1-2-4-4,0.000563582334255559,0.9994364176657444,19518
2,19,10,9,1-2-4-5,0.0002101016892175813,0.9997898983107825,11899
2,19,10,9,1-2-4-6,0.001445086705202312,0.9985549132947977,2076
2,19,10,9,1-2-4-7,0.008298755186721992,0.991701244813278,241
2,19,10,9,1-2-4-8,0.022727272727272728,0.9772727272727273,22
2,19,10,9,1-2-4-9,0.5,0.5,1
2,19,10,9,1-2-5-5,0.00034714186530895625,0.9996528581346911,4321
2,19,10,9,1-2-5-6,0.0012339585389930898,0.9987660414610069,2026
2,19,10,9,1-2-5-7,0.00423728813559322,0.9957627118644068,236
2,19,10,9,1-2-5-8,0.045454545454545456,0.9545454545454546,11
2,19,10,9,1-2-5-9,0.5,0.5,1
2,19,10,9,1-2-6-6,0.0030816640986132513,0.9969183359013868,649
2,19,10,9,1-2-6-7,0.01990049751243781,0.9800995024875622,201
2,19,10,9,1-2-6-8,0.1,0.9,10
2,19,10,9,1-2-7-7,0.01639344262295082,0.9836065573770492,61
2,19,10,9,1-2-7-8,0.5,0.5,13
2,19,10,9,1-2-8-8,0.5,0.5,1
2,19,10,9,1-3-3-3,0.0006912044237083118,0.9993087955762917,17361
2,19,10,9,1-3-3-4,6.215297919946963e-05,0.9999378470208006,24134
2,19,10,9,1-3-3-5,0.00034340659340659343,0.9996565934065934,5824
2,19,10,9,1-3-3-6,0.003048780487804878,0.9969512195121951,984
2,19,10,9,1-3-3-7,0.017094017094017096,0.9829059829059829,117
2,19,10,9,1-3-3-8,0.5,0.5,2
2,19,10,9,1-3-4-4,0.0002097095522701059,0.9997902904477299,19074
2,19,10,9,1-3-4-5,0.0005985463873450193,0.999401453612655,11695
2,19,10,9,1-3-4-6,0.0010070493454179255,0.998992950654582,1986
2,19,10,9,1-3-4-7,0.013392857142857142,0.9866071428571429,224
2,19,10,9,1-3-4-8,0.5,0.5,6
2,19,10,9,1-3-5-5,0.0011410314924691922,0.9988589685075308,4382
2,19,10,9,1-3-5-6,0.00026096033402922753,0.9997390396659708,1916
2,19,10,9,1-3-5-7,0.083710407239819,0.916289592760181,221
2,19,10,9,1-3-5-8,0.25,0.75,12
2,19,10,9,1-3-6-6,0.0022727272727272726,0.9977272727272727,660
2,19,10,9,1-3-6-7,0.005025125628140704,0.9949748743718593,199
2,19,10,9,1-3-6-8,0.5,0.5,9
2,19,10,9,1-3-7-7,0.07627118644067797,0.923728813559322,59
2,19,10,9,1-3-7-8,0.5,0.5,8
2,19,10,9,1-3-8-8,0.5,0.5,5
2,19,10,9,1-4-4-4,0.000541809644211667,0.9994581903557883,5537
2,19,10,9,1-4-4-5,0.0028706518068220195,0.997129348193178,5922
2,19,10,9,1-4-4-6,0.00436046511627907,0.9956395348837209,1032
2,19,10,9,1-4-4-7,0.010101010101010102,0.98989898989899,99
2,19,10,9,1-4-4-8,0.08333333333333333,0.9166666666666666,6
2,19,10,9,1-4-4-9,0.5,0.5,1
2,19,10,9,1-4-5-5,0.0030324236062514577,0.9969675763937486,4287
2,19,10,9,1-4-5-6,0.008291457286432161,0.9917085427135678,1990
2,19,10,9,1-4-5-7,0.01694915254237288,0.9830508474576272,236
2,19,10,9,1-4-5-8,0.5,0.5,7
2,19,10,9,1-4-6-6,0.0125,0.9875,640
2,19,10,9,1-4-6-7,0.38565022421524664,0.6143497757847534,223
2,19,10,9,1-4-6-8,0.08333333333333333,0.9166666666666666,12
2,19,10,9,1-4-7-7,0.5,0.5,61
2,19,10,9,1-4-7-8,0.5,0.5,18
2,19,10,9,1-4-8-8,0.21428571428571427,0.7857142857142857,7
2,19,10,9,1-4-8-9,0.5,0.5,1
2,19,10,9,1-5-5-5,0.0090311986863711,0.9909688013136289,1218
2,19,10,9,1-5-5-6,0.04867724867724868,0.9513227513227513,945
2,19,10,9,1-5-5-7,0.11734693877551021,0.8826530612244898,98
2,19,10,9,1-5-5-8,0.42857142857142855,0.5714285714285714,7
2,19,10,9,1-5-6-6,0.035127055306427506,0.9648729446935725,669
2,19,10,9,1-5-6-7,0.010256410256410256,0.9897435897435898,195
2,19,10,9,1-5-6-8,0.5,0.5,7
2,19,10,9,1-5-7-7,0.5,0.5,73
2,19,10,9,1-5-7-8,0.5,0.5,11
2,19,10,9,1-5-8-8,0.5,0.5,1
2,19,10,9,1-6-6-6,0.15406976744186046,0.8459302325581395,172
2,19,10,9,1-6-6-7,0.13043478260869565,0.8695652173913043,92
2,19,10,9,1-6-7-7,0.16964285714285715,0.8303571428571429,56
2,19,10,9,1-6-7-8,0.5,0.5,7
2,19,10,9,1-6-8-8,0.375,0.625,4
2,19,10,9,1-7-7-7,0.5,0.5,11
2,19,10,9,1-7-7-8,0.5,0.5,2
2,19,10,9,1-7-8-8,0.5,0.5,3
2,19,10,9,2-2-2-2,0.0001543845203787567,0.9998456154796213,9716
2,19,10,9,2-2-2-3,0.0004832919083126208,0.9995167080916874,21726
2,19,10,9,2-2-2-4,0.0005528934758569849,0.999447106524143,8139
2,19,10,9,2-2-2-5,0.00024937655860349125,0.9997506234413965,2005
2,19,10,9,2-2-2-6,0.013201320132013201,0.9867986798679867,303
2,19,10,9,2-2-2-7,0.05434782608695652,0.9456521739130435,46
2,19,10,9,2-2-2-8,0.25,0.75,2
2,19,10,9,2-2-3-3,3.5780735651925e-05,0.9999642192643481,27948
2,19,10,9,2-2-3-4,0.0006298764629388817,0.9993701235370611,24608
2,19,10,9,2-2-3-5,0.0003370407819346141,0.9996629592180654,5934
2,19,10,9,2-2-3-6,0.004835589941972921,0.995164410058027,1034
2,19,10,9,2-2-3-7,0.023148148148148147,0.9768518518518519,108
2,19,10,9,2-2-3-8,0.0625,0.9375,8
2,19,10,9,2-2-4-4,0.00030674846625766873,0.9996932515337423,9780
2,19,10,9,2-2-4-5,0.0001720282126268708,0.9998279717873731,5813
2,19,10,9,2-2-4-6,0.006763787721123829,0.9932362122788762,961
2,19,10,9,2-2-4-7,0.041237113402061855,0.9587628865979382,97
2,19,10,9,2-2-4-8,0.5,0.5,4
2,19,10,9,2-2-5-5,0.0002248201438848921,0.9997751798561151,2224
2,19,10,9,2-2-5-6,0.005005005005005005,0.994994994994995,999
2,19,10,9,2-2-5-7,0.15979381443298968,0.8402061855670103,97
2,19,10,9,2-2-5-8,0.5,0.5,5
2,19,10,9,2-2-6-6,0.03038674033149171,0.9696132596685083,362
2,19,10,9,2-2-6-7,0.020618556701030927,0.979381443298969,97
2,19,10,9,2-2-6-8,0.5,0.5,7
2,19,10,9,2-2-7-7,0.24,0.76,25
2,19,10,9,2-2-7-8,0.5,0.5,2
2,19,10,9,2-2-8-8,0.5,0.5,1
2,19,10,9,2-3-3-3,0.00020802377414561664,0.9997919762258544,16825
2,19,10,9,2-3-3-4,0.0012961074281828998,0.9987038925718171,23532
2,19,10,9,2-3-3-5,0.0009372869802317655,0.9990627130197682,5868
2,19,10,9,2-3-3-6,0.031786074672048435,0.9682139253279516,991
2,19,10,9,2-3-3-7,0.023809523809523808,0.9761904761904762,105
2,19,10,9,2-3-3-8,0.16666666666666666,0.8333333333333334,6
2,19,10,9,2-3-4-4,0.00023405804639550608,0.9997659419536045,19226
2,19,10,9,2-3-4-5,0.001710863986313088,0.998289136013687,11690
2,19,10,9,2-3-4-6,0.0020191822311963654,0.9979808177688037,1981
2,19,10,9,2-3-4-7,0.0703883495145631,0.9296116504854369,206
2,19,10,9,2-3-4-8,0.35,0.65,10
2,19,10,9,2-3-5-5,0.002541002541002541,0.9974589974589975,4329
2,19,10,9,2-3-5-6,0.010121457489878543,0.9898785425101214,1976
2,19,10,9,2-3-5-7,0.004219409282700422,0.9957805907172996,237
2,19,10,9,2-3-5-8,0.5,0.5,14
2,19,10,9,2-3-6-6,0.004746835443037975,0.995253164556962,632
2,19,10,9,2-3-6-7,0.05172413793103448,0.9482758620689655,203
2,19,10,9,2-3-6-8,0.4444444444444444,0.5555555555555556,9
2,19,10,9,2-3-7-7,0.3645833333333333,0.6354166666666666,48
2,19,10,9,2-3-7-8,0.5,0.5,5
2,19,10,9,2-3-8-8,0.5,0.5,5
2,19,10,9,2-4-4-4,0.002868925945849023,0.997131074054151,5577
2,19,10,9,2-4-4-5,0.0017250301880282904,0.9982749698119717,5797
2,19,10,9,2-4-4-6,0.038461538461538464,0.9615384615384616,962
2,19,10,9,2-4-4-7,0.021929824561403508,0.9780701754385965,114
2,19,10,9,2-4-4-8,0.5,0.5,7
2,19,10,9,2-4-5-5,0.0013940520446096654,0.9986059479553904,4304
2,19,10,9,2-4-5-6,0.0034808552958727,0.9965191447041273,2011
2,19,10,9,2-4-5-7,0.0225,0.9775,200
2,19,10,9,2-4-5-8,0.5,0.5,12
2,19,10,9,2-4-6-6,0.002232142857142857,0.9977678571428571,672
2,19,10,9,2-4-6-7,0.22248803827751196,0.777511961722488,209
2,19,10,9,2-4-6-8,0.5,0.5,8
2,19,10,9,2-4-7-7,0.5,0.5,69
2,19,10,9,2-4-7-8,0.3,0.7,10
2,19,10,9,2-4-8-8,0.5,0.5,1
2,19,10,9,2-4-8-9,0.5,0.5,1
2,19,10,9,2-5-5-5,0.0024,0.9976,1250
2,19,10,9,2-5-5-6,0.0025303643724696357,0.9974696356275303,988
2,19,10,9,2-5-5-7,0.009523809523809525,0.9904761904761905,105
2,19,10,9,2-5-5-8,0.5,0.5,1
2,19,10,9,2-5-6-6,0.15855457227138642,0.8414454277286135,678
2,19,10,9,2-5-6-7,0.045662100456621,0.954337899543379,219
2,19,10,9,2-5-6-8,0.5,0.5,7
2,19,10,9,2-5-7-7,0.14912280701754385,0.8508771929824561,57
2,19,10,9,2-5-7-8,0.13636363636363635,0.8636363636363636,11
2,19,10,9,2-5-8-8,0.5,0.5,2
2,19,10,9,2-6-6-6,0.09451219512195122,0.9054878048780488,164
2,19,10,9,2-6-6-7,0.4105263157894737,0.5894736842105263,95
2,19,10,9,2-6-6-8,0.2,0.8,5
2,19,10,9,2-6-7-7,0.5,0.5,70
2,19,10,9,2-6-7-8,0.5,0.5,9
2,19,10,9,2-6-8-8,0.5,0.5,1
2,19,10,9,2-7-7-7,0.5,0.5,13
2,19,10,9,2-7-7-8,0.5,0.5,2
2,19,10,9,2-7-8-8,0.5,0.5,2
2,19,10,9,2-7-8-9,0.5,0.5,1
2,19,10,9,3-3-3-3,0.0009193590753874441,0.9990806409246126,3807
2,19,10,9,3-3-3-4,0.0010898833183741504,0.9989101166816259,7799
2,19,10,9,3-3-3-5,0.0018078512396694215,0.9981921487603306,1936
2,19,10,9,3-3-3-6,0.0033333333333333335,0.9966666666666667,300
2,19,10,9,3-3-3-7,0.2976190476190476,0.7023809523809523,42
2,19,10,9,3-3-3-8,0.5,0.5,3
2,19,10,9,3-3-4-4,0.003644869981503645,0.9963551300184964,9191
2,19,10,9,3-3-4-5,0.0027160074690205397,0.9972839925309794,5891
2,19,10,9,3-3-4-6,0.004712041884816754,0.9952879581151832,955
2,19,10,9,3-3-4-7,0.005376344086021506,0.9946236559139785,93
2,19,10,9,3-3-4-8,0.5,0.5,8
2,19,10,9,3-3-5-5,0.0078125,0.9921875,2112
2,19,10,9,3-3-5-6,0.0056179775280898875,0.9943820224719101,979
2,19,10,9,3-3-5-7,0.13679245283018868,0.8632075471698113,106
2,19,10,9,3-3-5-8,0.5,0.5,4
2,19,10,9,3-3-6-6,0.1656441717791411,0.8343558282208589,326
2,19,10,9,3-3-6-7,0.3493975903614458,0.6506024096385542,83
2,19,10,9,3-3-6-8,0.5,0.5,1
2,19,10,9,3-3-7-7,0.5,0.5,29
2,19,10,9,3-3-7-8,0.5,0.5,7
2,19,10,9,3-4-4-4,0.0005443658138268917,0.9994556341861731,5511
2,19,10,9,3-4-4-5,0.0011992461881103306,0.9988007538118897,5837
2,19,10,9,3-4-4-6,0.01444223107569721,0.9855577689243028,1004
2,19,10,9,3-4-4-7,0.25257731958762886,0.7474226804123711,97
2,19,10,9,3-4-4-8,0.5,0.5,4
2,19,10,9,3-4-5-5,0.0042411737734983955,0.9957588262265016,4362
2,19,10,9,3-4-5-6,0.02227954971857411,0.9777204502814258,2132
2,19,10,9,3-4-5-7,0.0297029702970297,0.9702970297029703,202
2,19,10,9,3-4-5-8,0.3333333333333333,0.6666666666666666,9
2,19,10,9,3-4-6-6,0.06756756756756757,0.9324324324324325,629
2,19,10,9,3-4-6-7,0.08866995073891626,0.9113300492610837,203
2,19,10,9,3-4-6-8,0.5,0.5,8
2,19,10,9,3-4-7-7,0.5,0.5,60
2,19,10,9,3-4-7-8,0.5,0.5,12
2,19,10,9,3-4-7-9,0.5,0.5,1
2,19,10,9,3-4-8-8,0.5,0.5,2
2,19,10,9,3-5-5-5,0.0048115477145148355,0.9951884522854851,1247
2,19,10,9,3-5-5-6,0.02357071213640923,0.9764292878635907,997
2,19,10,9,3-5-5-7,0.3411764705882353,0.6588235294117647,85
2,19,10,9,3-5-5-8,0.5,0.5,4
2,19,10,9,3-5-6-6,0.19631901840490798,0.803680981595092,652
2,19,10,9,3-5-6-7,0.031088082901554404,0.9689119170984456,193
2,19,10,9,3-5-6-8,0.5,0.5,5
2,19,10,9,3-5-7-7,0.3173076923076923,0.6826923076923077,52
2,19,10,9,3-5-7-8,0.5,0.5,9
2,19,10,9,3-5-8-8,0.5,0.5,1
2,19,10,9,3-6-6-6,0.5,0.5,146
2,19,10,9,3-6-6-7,0.09,0.91,100
2,19,10,9,3-6-6-8,0.5,0.5,3
2,19,10,9,3-6-7-7,0.0851063829787234,0.9148936170212766,47
2,19,10,9,3-6-7-8,0.5,0.5,9
2,19,10,9,3-6-8-8,0.5,0.5,2
2,19,10,9,3-7-7-7,0.5,0.5,7
2,19,10,9,3-7-7-8,0.5,0.5,6
2,19,10,9,3-7-8-8,0.5,0.5,5
2,19,10,9,4-4-4-4,0.004497138184791497,0.9955028618152085,1223
2,19,10,9,4-4-4-5,0.016146688560481664,0.9838533114395184,1827
2,19,10,9,4-4-4-6,0.007352941176470588,0.9926470588235294,340
2,19,10,9,4-4-4-7,0.017857142857142856,0.9821428571428571,28
2,19,10,9,4-4-4-8,0.5,0.5,2
2,19,10,9,4-4-5-5,0.007466168922071862,0.9925338310779281,2143
2,19,10,9,4-4-5-6,0.055825242718446605,0.9441747572815534,1030
2,19,10,9,4-4-5-7,0.5,0.5,118
2,19,10,9,4-4-5-8,0.5,0.5,6
2,19,10,9,4-4-5-9,0.5,0.5,1
2,19,10,9,4-4-6-6,0.5,0.5,261
2,19,10,9,4-4-6-7,0.05813953488372093,0.9418604651162791,86
2,19,10,9,4-4-6-8,0.5,0.5,7
2,19,10,9,4-4-7-7,0.5,0.5,28
2,19,10,9,4-4-7-8,0.5,0.5,3
2,19,10,9,4-4-8-8,0.5,0.5,1
2,19,10,9,4-5-5-5,0.05335489086499596,0.946645109135004,1237
2,19,10,9,4-5-5-6,0.036893203883495145,0.9631067961165048,1030
2,19,10,9,4-5-5-7,0.11458333333333333,0.8854166666666666,96
2,19,10,9,4-5-5-8,0.5,0.5,6
2,19,10,9,4-5-6-6,0.15519765739385066,0.8448023426061494,683
2,19,10,9,4-5-6-7,0.5,0.5,190
2,19,10,9,4-5-6-8,0.5,0.5,6
2,19,10,9,4-5-7-7,0.5,0.5,44
2,19,10,9,4-5-7-8,0.5,0.5,12
2,19,10,9,4-5-8-8,0.5,0.5,3
2,19,10,9,4-6-6-6,0.5,0.5,166
2,19,10,9,4-6-6-7,0.5,0.5,90
2,19,10,9,4-6-6-8,0.5,0.5,2
2,19,10,9,4-6-7-7,0.5,0.5,43
2,19,10,9,4-6-7-8,0.5,0.5,13
2,19,10,9,4-6-8-8,0.5,0.5,3
2,19,10,9,4-7-7-7,0.5,0.5,9
2,19,10,9,4-7-7-8,0.5,0.5,5
2,19,10,9,5-5-5-5,0.3557692307692308,0.6442307692307693,260
2,19,10,9,5-5-5-6,0.07072368421052631,0.9292763157894737,304
2,19,10,9,5-5-5-7,0.5,0.5,34
2,19,10,9,5-5-6-6,0.010703363914373088,0.9892966360856269,327
2,19,10,9,5-5-6-7,0.5,0.5,84
2,19,10,9,5-5-6-8,0.5,0.5,2
2,19,10,9,5-5-7-7,0.5,0.5,30
2,19,10,9,5-5-7-8,0.5,0.5,3
2,19,10,9,5-5-8-8,0.5,0.5,5
2,19,10,9,5-6-6-6,0.5,0.5,150
2,19,10,9,5-6-6-7,0.5,0.5,115
2,19,10,9,5-6-6-8,0.5,0.5,2
2,19,10,9,5-6-7-7,0.5,0.5,56
2,19,10,9,5-6-7-8,0.5,0.5,14
2,19,10,9,5-7-7-7,0.5,0.5,16
2,19,10,9,6-6-6-6,0.5,0.5,32
2,19,10,9,6-6-6-7,0.5,0.5,26
2,19,10,9,6-6-6-8,0.5,0.5,2
2,19,10,9,6-6-7-7,0.5,0.5,34
